time_s,scenario_A_heart_rate_bpm,scenario_B_heart_rate_bpm,delta_heart_rate_bpm,scenario_A_map_mmhg,scenario_B_map_mmhg,delta_map_mmhg,scenario_A_cardiac_output_l_min,scenario_B_cardiac_output_l_min,delta_cardiac_output_l_min,scenario_A_blood_volume_l,scenario_B_blood_volume_l,delta_blood_volume_l,scenario_A_systemic_vascular_resistance,scenario_B_systemic_vascular_resistance,delta_systemic_vascular_resistance
1,72.11154143876631,72.11154143876631,0.0,89.59836180713253,89.59836180713253,0.0,4.977856859051906,4.977856859051906,0.0,5.20236471214164,5.20236471214164,0.0,15.399999999999999,15.399999999999999,0.0
2,72.40506606032442,72.40506606032442,0.0,89.39033111647673,89.39033111647673,0.0,4.94318837803609,4.94318837803609,0.0,5.199362019946158,5.199362019946158,0.0,15.517369430437558,15.517369430437558,0.0
3,71.95286881636282,71.95286881636282,0.0,89.44133421923256,89.44133421923256,0.0,4.954346578918781,4.954346578918781,0.0,5.196617436235225,5.196617436235225,0.0,15.605645215038368,15.605645215038368,0.0
4,72.20895661586954,72.20895661586954,0.0,89.52133400154207,89.52133400154207,0.0,4.9762752098157605,4.9762752098157605,0.0,5.19529039626627,5.19529039626627,0.0,15.655898220627058,15.655898220627058,0.0
5,72.53684966523691,72.53684966523691,0.0,89.17551953474499,89.17551953474499,0.0,4.947170813859749,4.947170813859749,0.0,5.199141899053139,5.199141899053139,0.0,15.747773115561904,15.747773115561904,0.0
6,72.68523794932858,72.68523794932858,0.0,89.4085891834585,89.4085891834585,0.0,4.992052807191578,4.992052807191578,0.0,5.197995852788735,5.197995852788735,0.0,15.747286043470563,15.747286043470563,0.0
7,72.8245491136938,72.8245491136938,0.0,89.8227565242657,89.8227565242657,0.0,4.999298925809866,4.999298925809866,0.0,5.2002018139143305,5.2002018139143305,0.0,15.649712332422528,15.649712332422528,0.0
8,72.45740233732555,72.45740233732555,0.0,89.40913114621436,89.40913114621436,0.0,4.97801552518737,4.97801552518737,0.0,5.1961956920587715,5.1961956920587715,0.0,15.591084231880222,15.591084231880222,0.0
9,72.4830369155097,72.4830369155097,0.0,89.31162652391335,89.31162652391335,0.0,4.957702707109036,4.957702707109036,0.0,5.194169645947634,5.194169645947634,0.0,15.620673294302142,15.620673294302142,0.0
10,72.513905485797,72.513905485797,0.0,89.1803512607352,89.1803512607352,0.0,4.9816635554095905,4.9816635554095905,0.0,5.191269840256428,5.191269840256428,0.0,15.628143350053424,15.628143350053424,0.0
11,72.81236890590677,72.81236890590677,0.0,89.3875555426764,89.3875555426764,0.0,4.99887368150377,4.99887368150377,0.0,5.195396384491003,5.195396384491003,0.0,15.574369622913842,15.574369622913842,0.0
12,72.44834986368147,72.44834986368147,0.0,89.09352888234264,89.09352888234264,0.0,4.980442889465595,4.980442889465595,0.0,5.19287429769971,5.19287429769971,0.0,15.519286832884838,15.519286832884838,0.0
13,72.66817192271247,72.66817192271247,0.0,89.23790932299352,89.23790932299352,0.0,4.9746969251796065,4.9746969251796065,0.0,5.197589513295712,5.197589513295712,0.0,15.620887884472932,15.620887884472932,0.0
14,72.35895703466639,72.35895703466639,0.0,89.25831134897423,89.25831134897423,0.0,4.95908465232431,4.95908465232431,0.0,5.198628105073418,5.198628105073418,0.0,15.64072580879504,15.64072580879504,0.0
15,72.21340956742738,72.21340956742738,0.0,89.61250850225709,89.61250850225709,0.0,4.965293492833466,4.965293492833466,0.0,5.1946468898570775,5.1946468898570775,0.0,15.67504790373865,15.67504790373865,0.0
16,71.86244428013438,71.86244428013438,0.0,89.95117826441583,89.95117826441583,0.0,4.963686493303785,4.963686493303785,0.0,5.190710177973628,5.190710177973628,0.0,15.712084520097523,15.712084520097523,0.0
17,72.28427600607631,72.28427600607631,0.0,90.34736436603866,90.34736436603866,0.0,4.99738299976138,4.99738299976138,0.0,5.1865677613511645,5.1865677613511645,0.0,15.643921815956762,15.643921815956762,0.0
18,72.37811380375813,72.37811380375813,0.0,90.13726094991685,90.13726094991685,0.0,5.009008324215884,5.009008324215884,0.0,5.1837572655911295,5.1837572655911295,0.0,15.608066117630838,15.608066117630838,0.0
19,72.27255236436343,72.27255236436343,0.0,90.63359548162649,90.63359548162649,0.0,4.988880241236622,4.988880241236622,0.0,5.185061824059314,5.185061824059314,0.0,15.574482367761496,15.574482367761496,0.0
20,72.55324927400432,72.55324927400432,0.0,90.57081054910971,90.57081054910971,0.0,5.001476486466754,5.001476486466754,0.0,5.187345916775404,5.187345916775404,0.0,15.441842626998493,15.441842626998493,0.0
21,72.66297083480552,72.66297083480552,0.0,90.74501660517886,90.74501660517886,0.0,5.0037082272629245,5.0037082272629245,0.0,5.183363400368235,5.183363400368235,0.0,15.34537117145749,15.34537117145749,0.0
22,72.15837600475773,72.15837600475773,0.0,91.16069836962647,91.16069836962647,0.0,5.029747822610375,5.029747822610375,0.0,5.182768730684397,5.182768730684397,0.0,15.342059703829353,15.342059703829353,0.0
23,72.432074985008,72.432074985008,0.0,90.90141188549039,90.90141188549039,0.0,5.024666967051951,5.024666967051951,0.0,5.17983859209389,5.17983859209389,0.0,15.24283797216265,15.24283797216265,0.0
24,72.56642062130734,72.56642062130734,0.0,90.6023017828104,90.6023017828104,0.0,5.025367536070798,5.025367536070798,0.0,5.17910117555432,5.17910117555432,0.0,15.150864176925158,15.150864176925158,0.0
25,72.40225633400256,72.40225633400256,0.0,90.42847215798123,90.42847215798123,0.0,5.040385041918088,5.040385041918088,0.0,5.17778366393033,5.17778366393033,0.0,15.271962554648416,15.271962554648416,0.0
26,72.72545911659701,72.72545911659701,0.0,90.39854851295885,90.39854851295885,0.0,5.036414967602123,5.036414967602123,0.0,5.175770026044255,5.175770026044255,0.0,15.358221764547057,15.358221764547057,0.0
27,72.46442413857672,72.46442413857672,0.0,90.17702034957318,90.17702034957318,0.0,5.009184721390524,5.009184721390524,0.0,5.173417278655493,5.173417278655493,0.0,15.326096098560306,15.326096098560306,0.0
28,72.16339175177343,72.16339175177343,0.0,90.6331242364653,90.6331242364653,0.0,4.9736306199799,4.9736306199799,0.0,5.172922762045029,5.172922762045029,0.0,15.312959028147834,15.312959028147834,0.0
29,71.90516329787253,71.90516329787253,0.0,90.73555376616808,90.73555376616808,0.0,4.982824414696484,4.982824414696484,0.0,5.174814448719057,5.174814448719057,0.0,15.223007678339869,15.223007678339869,0.0
30,72.16835187366107,72.16835187366107,0.0,90.18219319841303,90.18219319841303,0.0,4.979594959277619,4.979594959277619,0.0,5.176063960444806,5.176063960444806,0.0,15.3346602476465,15.3346602476465,0.0
31,72.62321094740919,72.62321094740919,0.0,90.39836632950794,90.39836632950794,0.0,4.9324351374797795,4.9324351374797795,0.0,5.133539251287191,5.133539251287191,0.0,15.484116811157538,15.484116811157538,0.0
32,73.4038108204544,73.4038108204544,0.0,89.52512201128046,89.52512201128046,0.0,4.901819370974927,4.901819370974927,0.0,5.124746044857929,5.124746044857929,0.0,15.56195359314884,15.56195359314884,0.0
33,73.85553448312542,73.85553448312542,0.0,89.04098750344137,89.04098750344137,0.0,4.890548470795612,4.890548470795612,0.0,5.111277375674601,5.111277375674601,0.0,15.800868841912525,15.800868841912525,0.0
34,75.12707076560841,75.12707076560841,0.0,88.76306740807273,88.76306740807273,0.0,4.868229793412935,4.868229793412935,0.0,5.095206340592078,5.095206340592078,0.0,15.910294943094058,15.910294943094058,0.0
35,76.05931896089878,76.05931896089878,0.0,87.54238731795142,87.54238731795142,0.0,4.76171408522872,4.76171408522872,0.0,5.069060082925161,5.069060082925161,0.0,16.093699074661167,16.093699074661167,0.0
36,76.9483441855983,76.9483441855983,0.0,86.54381202556095,86.54381202556095,0.0,4.68077812534238,4.68077812534238,0.0,5.044124844366526,5.044124844366526,0.0,16.474597070206652,16.474597070206652,0.0
37,77.90866868950863,77.90866868950863,0.0,85.39176077027241,85.39176077027241,0.0,4.6005125575821975,4.6005125575821975,0.0,5.021297234644298,5.021297234644298,0.0,16.669811977994748,16.669811977994748,0.0
38,78.6840573961693,78.6840573961693,0.0,84.31077193034025,84.31077193034025,0.0,4.553929692297147,4.553929692297147,0.0,4.995636229999529,4.995636229999529,0.0,16.858313633424466,16.858313633424466,0.0
39,79.01108199715391,79.01108199715391,0.0,83.47446780792261,83.47446780792261,0.0,4.481679825196236,4.481679825196236,0.0,4.972948813237637,4.972948813237637,0.0,17.017359709972325,17.017359709972325,0.0
40,79.34104402864223,79.34104402864223,0.0,82.9921562876953,82.9921562876953,0.0,4.423879243091202,4.423879243091202,0.0,4.952070222634324,4.952070222634324,0.0,17.10513385842389,17.10513385842389,0.0
41,79.75841090743776,79.75841090743776,0.0,82.48894750129644,82.48894750129644,0.0,4.4288524686674755,4.4288524686674755,0.0,4.928958392423316,4.928958392423316,0.0,17.390378027966214,17.390378027966214,0.0
42,79.95569083624781,79.95569083624781,0.0,82.07631297205518,82.07631297205518,0.0,4.382386913775006,4.382386913775006,0.0,4.908813662094299,4.908813662094299,0.0,17.527504085920434,17.527504085920434,0.0
43,79.98429571043147,79.98429571043147,0.0,82.00274216780197,82.00274216780197,0.0,4.397794900583603,4.397794900583603,0.0,4.887850450719151,4.887850450719151,0.0,17.69494398432095,17.69494398432095,0.0
44,80.16184124081937,80.16184124081937,0.0,82.06539841303518,82.06539841303518,0.0,4.401805647397973,4.401805647397973,0.0,4.8715260288571445,4.8715260288571445,0.0,17.827265560336038,17.827265560336038,0.0
45,80.762038858531,80.762038858531,0.0,81.79814081765639,81.79814081765639,0.0,4.413919500864601,4.413919500864601,0.0,4.859351327990671,4.859351327990671,0.0,17.826673313584852,17.826673313584852,0.0
46,81.24012645045617,81.24012645045617,0.0,81.41504702958706,81.41504702958706,0.0,4.420556487939281,4.420556487939281,0.0,4.842953210425517,4.842953210425517,0.0,17.882914135244274,17.882914135244274,0.0
47,81.06349693870548,81.06349693870548,0.0,80.88259649414837,80.88259649414837,0.0,4.399581931203499,4.399581931203499,0.0,4.833699424676715,4.833699424676715,0.0,18.032414361458592,18.032414361458592,0.0
48,81.34064651047457,81.34064651047457,0.0,80.45067891272649,80.45067891272649,0.0,4.40544008463612,4.40544008463612,0.0,4.8264704460459145,4.8264704460459145,0.0,18.101622996188063,18.101622996188063,0.0
49,81.39902763902722,81.39902763902722,0.0,79.68744900492678,79.68744900492678,0.0,4.399781006935429,4.399781006935429,0.0,4.817729561273237,4.817729561273237,0.0,18.234170290687914,18.234170290687914,0.0
50,81.70095017300005,81.70095017300005,0.0,79.4815473845865,79.4815473845865,0.0,4.333959315670828,4.333959315670828,0.0,4.80406886388694,4.80406886388694,0.0,18.348005617290553,18.348005617290553,0.0
51,82.0783015671804,82.0783015671804,0.0,79.62252426156026,79.62252426156026,0.0,4.322727135539883,4.322727135539883,0.0,4.792228914811673,4.792228914811673,0.0,18.380512630206457,18.380512630206457,0.0
52,81.9107145810089,81.9107145810089,0.0,79.88107363994457,79.88107363994457,0.0,4.335245648059242,4.335245648059242,0.0,4.788843944305069,4.788843944305069,0.0,18.410704834732837,18.410704834732837,0.0
53,81.72652307304888,81.72652307304888,0.0,79.72488347715425,79.72488347715425,0.0,4.347972239456029,4.347972239456029,0.0,4.780804148629838,4.780804148629838,0.0,18.350026702791777,18.350026702791777,0.0
54,81.49973870031363,81.49973870031363,0.0,80.04061182296664,80.04061182296664,0.0,4.36637034679545,4.36637034679545,0.0,4.777451122825164,4.777451122825164,0.0,18.49321577073749,18.49321577073749,0.0
55,81.21024977889056,81.21024977889056,0.0,79.80309054041406,79.80309054041406,0.0,4.378688047694616,4.378688047694616,0.0,4.774280824351433,4.774280824351433,0.0,18.41520710193405,18.41520710193405,0.0
56,81.60200665998708,81.60200665998708,0.0,79.73840922153977,79.73840922153977,0.0,4.323548369608205,4.323548369608205,0.0,4.772063325387659,4.772063325387659,0.0,18.394133043688637,18.394133043688637,0.0
57,81.45209758704775,81.45209758704775,0.0,79.67623555654737,79.67623555654737,0.0,4.291516620550608,4.291516620550608,0.0,4.76925491501406,4.76925491501406,0.0,18.491612235281416,18.491612235281416,0.0
58,81.17034699259152,81.17034699259152,0.0,79.22478794825862,79.22478794825862,0.0,4.308481971177568,4.308481971177568,0.0,4.768386488784798,4.768386488784798,0.0,18.44178693733823,18.44178693733823,0.0
59,81.43392295933714,81.43392295933714,0.0,79.44508636588013,79.44508636588013,0.0,4.296937881933467,4.296937881933467,0.0,4.767310978445812,4.767310978445812,0.0,18.551871905070907,18.551871905070907,0.0
60,81.91285580701572,81.91285580701572,0.0,79.52142180810516,79.52142180810516,0.0,4.265270616498553,4.265270616498553,0.0,4.7580131152344505,4.7580131152344505,0.0,18.597983569171234,18.597983569171234,0.0
61,82.11148841777377,82.11148841777377,0.0,79.36677832853901,79.36677832853901,0.0,4.257495499719224,4.257495499719224,0.0,4.752226596980151,4.752226596980151,0.0,18.69331319954799,18.69331319954799,0.0
62,81.89505700115426,81.89505700115426,0.0,78.93107559591193,78.93107559591193,0.0,4.283887591281615,4.283887591281615,0.0,4.748435308817613,4.748435308817613,0.0,18.744055863295912,18.744055863295912,0.0
63,82.10764000179636,82.10764000179636,0.0,78.81878694171711,78.81878694171711,0.0,4.238318203835413,4.238318203835413,0.0,4.746205012197604,4.746205012197604,0.0,18.691205270252286,18.691205270252286,0.0
64,81.93926069577873,81.93926069577873,0.0,79.08689928021515,79.08689928021515,0.0,4.217242985519943,4.217242985519943,0.0,4.740603510022372,4.740603510022372,0.0,18.653993292689087,18.653993292689087,0.0
65,81.87219117335967,81.87219117335967,0.0,78.59176638139638,78.59176638139638,0.0,4.208583269774783,4.208583269774783,0.0,4.741760669317731,4.741760669317731,0.0,18.577321719473243,18.577321719473243,0.0
66,82.21760341970081,82.21760341970081,0.0,78.44301065849142,78.44301065849142,0.0,4.211275623926209,4.211275623926209,0.0,4.733425729953933,4.733425729953933,0.0,18.646146989567015,18.646146989567015,0.0
67,82.12206913167586,82.12206913167586,0.0,78.5781580635434,78.5781580635434,0.0,4.206973644407286,4.206973644407286,0.0,4.730174754142072,4.730174754142072,0.0,18.627848019463645,18.627848019463645,0.0
68,82.07849070083202,82.07849070083202,0.0,78.96037202652828,78.96037202652828,0.0,4.179620609913237,4.179620609913237,0.0,4.723610069378478,4.723610069378478,0.0,18.62047870051062,18.62047870051062,0.0
69,82.17061543521444,82.17061543521444,0.0,79.05146376231964,79.05146376231964,0.0,4.202424608126655,4.202424608126655,0.0,4.723450269166251,4.723450269166251,0.0,18.53460803529743,18.53460803529743,0.0
70,81.89899204994111,81.89899204994111,0.0,78.52796452905454,78.52796452905454,0.0,4.200112746738057,4.200112746738057,0.0,4.72507266611421,4.72507266611421,0.0,18.598683712502368,18.598683712502368,0.0
71,81.8488544937796,81.8488544937796,0.0,78.30814422806019,78.30814422806019,0.0,4.215806077694731,4.215806077694731,0.0,4.723011738108349,4.723011738108349,0.0,18.73201953425392,18.73201953425392,0.0
72,82.00109893475724,82.00109893475724,0.0,78.26807395599728,78.26807395599728,0.0,4.235305634521219,4.235305634521219,0.0,4.717237694083135,4.717237694083135,0.0,18.700108996677283,18.700108996677283,0.0
73,81.7416090770466,81.7416090770466,0.0,78.49076992200895,78.49076992200895,0.0,4.194623145114353,4.194623145114353,0.0,4.7133514269588765,4.7133514269588765,0.0,18.826192405752767,18.826192405752767,0.0
74,81.75361686543798,81.75361686543798,0.0,78.73393800235304,78.73393800235304,0.0,4.2343703195747855,4.2343703195747855,0.0,4.71323842898554,4.71323842898554,0.0,18.702118165256188,18.702118165256188,0.0
75,82.11141929134267,82.11141929134267,0.0,78.9018000661676,78.9018000661676,0.0,4.230177123632685,4.230177123632685,0.0,4.715485634343827,4.715485634343827,0.0,18.6313062633175,18.6313062633175,0.0
76,82.408988882895,82.408988882895,0.0,78.91539298703537,78.91539298703537,0.0,4.206895205432405,4.206895205432405,0.0,4.711719868760127,4.711719868760127,0.0,18.61545846881084,18.61545846881084,0.0
77,82.54750272353088,82.54750272353088,0.0,78.94528193737051,78.94528193737051,0.0,4.187945096956992,4.187945096956992,0.0,4.706557633331591,4.706557633331591,0.0,18.569102082058613,18.569102082058613,0.0
78,82.26562940281444,82.26562940281444,0.0,78.80830642450114,78.80830642450114,0.0,4.160619795889677,4.160619795889677,0.0,4.703345928717199,4.703345928717199,0.0,18.58313659749883,18.58313659749883,0.0
79,82.38261427436157,82.38261427436157,0.0,78.46215934145354,78.46215934145354,0.0,4.169271062609423,4.169271062609423,0.0,4.702236145369039,4.702236145369039,0.0,18.64533478846317,18.64533478846317,0.0
80,82.24937288720517,82.24937288720517,0.0,78.69015414134775,78.69015414134775,0.0,4.1890036022131385,4.1890036022131385,0.0,4.705624673380123,4.705624673380123,0.0,18.763353563108065,18.763353563108065,0.0
81,82.10847407488089,82.10847407488089,0.0,78.28599590594762,78.28599590594762,0.0,4.210745475786459,4.210745475786459,0.0,4.708709428833187,4.708709428833187,0.0,18.65979085623338,18.65979085623338,0.0
82,82.02402808712053,82.02402808712053,0.0,78.43091546055312,78.43091546055312,0.0,4.2175752225968814,4.2175752225968814,0.0,4.705218448295824,4.705218448295824,0.0,18.790524974305995,18.790524974305995,0.0
83,81.96834131470052,81.96834131470052,0.0,78.0555085762401,78.0555085762401,0.0,4.229566922854694,4.229566922854694,0.0,4.703844370898981,4.703844370898981,0.0,18.72264387220544,18.72264387220544,0.0
84,81.94799218012915,81.94799218012915,0.0,77.99912982020155,77.99912982020155,0.0,4.187788228138764,4.187788228138764,0.0,4.702477194536768,4.702477194536768,0.0,18.840277475523216,18.840277475523216,0.0
85,81.57910123554345,81.57910123554345,0.0,77.80051996063763,77.80051996063763,0.0,4.186349760380825,4.186349760380825,0.0,4.69778197533239,4.69778197533239,0.0,18.9197240559077,18.9197240559077,0.0
86,81.42472546497608,81.42472546497608,0.0,77.97824975782073,77.97824975782073,0.0,4.178497006192974,4.178497006192974,0.0,4.700479417028603,4.700479417028603,0.0,18.862549254456,18.862549254456,0.0
87,81.33082227213919,81.33082227213919,0.0,77.42731348300076,77.42731348300076,0.0,4.184513053724027,4.184513053724027,0.0,4.705440163244536,4.705440163244536,0.0,18.890152234929996,18.890152234929996,0.0
88,81.5722388895254,81.5722388895254,0.0,77.77336353603538,77.77336353603538,0.0,4.206913364863503,4.206913364863503,0.0,4.709501309134968,4.709501309134968,0.0,18.975036135540883,18.975036135540883,0.0
89,81.26608283773992,81.26608283773992,0.0,77.36486102989642,77.36486102989642,0.0,4.219549750782673,4.219549750782673,0.0,4.709381322220594,4.709381322220594,0.0,18.877142864975422,18.877142864975422,0.0
90,81.55869142604286,81.55869142604286,0.0,77.32438738619229,77.32438738619229,0.0,4.225527046410398,4.225527046410398,0.0,4.711110489630449,4.711110489630449,0.0,18.946140820445642,18.946140820445642,0.0
91,81.89412803835317,81.89412803835317,0.0,77.33323445420191,77.33323445420191,0.0,4.184183106418868,4.184183106418868,0.0,4.708341716372239,4.708341716372239,0.0,18.855184992927327,18.855184992927327,0.0
92,82.27985763967577,82.27985763967577,0.0,77.56147710725604,77.56147710725604,0.0,4.1523684027392616,4.1523684027392616,0.0,4.70958089371603,4.70958089371603,0.0,18.72603494552442,18.72603494552442,0.0
93,81.91064910044315,81.91064910044315,0.0,78.04650904244828,78.04650904244828,0.0,4.1667421501902115,4.1667421501902115,0.0,4.705025398401264,4.705025398401264,0.0,18.752429126570192,18.752429126570192,0.0
94,82.15295394780644,82.15295394780644,0.0,77.93855338639351,77.93855338639351,0.0,4.160815175104128,4.160815175104128,0.0,4.704683197627141,4.704683197627141,0.0,18.682855521362026,18.682855521362026,0.0
95,82.40488860247348,82.40488860247348,0.0,77.80673754486749,77.80673754486749,0.0,4.202894546669355,4.202894546669355,0.0,4.705664600880471,4.705664600880471,0.0,18.726542637695136,18.726542637695136,0.0
96,82.49734166538066,82.49734166538066,0.0,78.01248852559961,78.01248852559961,0.0,4.239747117036505,4.239747117036505,0.0,4.702912508365056,4.702912508365056,0.0,18.647692875156146,18.647692875156146,0.0
97,82.43772724139276,82.43772724139276,0.0,77.97789131413376,77.97789131413376,0.0,4.2529379944821395,4.2529379944821395,0.0,4.700363592434323,4.700363592434323,0.0,18.673696964774173,18.673696964774173,0.0
98,82.62296556910073,82.62296556910073,0.0,78.11901525225667,78.11901525225667,0.0,4.22539985260894,4.22539985260894,0.0,4.699981605854433,4.699981605854433,0.0,18.68478217527672,18.68478217527672,0.0
99,82.41323251283411,82.41323251283411,0.0,78.19196465891181,78.19196465891181,0.0,4.196565759456218,4.196565759456218,0.0,4.697104275070906,4.697104275070906,0.0,18.792622326144443,18.792622326144443,0.0
100,82.21059724096041,82.21059724096041,0.0,78.5339496738073,78.5339496738073,0.0,4.179124418830664,4.179124418830664,0.0,4.69243731559707,4.69243731559707,0.0,18.902113507650178,18.902113507650178,0.0
101,81.84091280725407,81.84091280725407,0.0,78.59088452009097,78.59088452009097,0.0,4.202556592318459,4.202556592318459,0.0,4.694948087849945,4.694948087849945,0.0,18.78830457722989,18.78830457722989,0.0
102,81.86240749094094,81.86240749094094,0.0,78.35871024376326,78.35871024376326,0.0,4.179943965417346,4.179943965417346,0.0,4.697269887996097,4.697269887996097,0.0,18.727465027168666,18.727465027168666,0.0
103,81.95259324970607,81.95259324970607,0.0,78.35493158480982,78.35493158480982,0.0,4.176654171880089,4.176654171880089,0.0,4.699947530066633,4.699947530066633,0.0,18.65577111365784,18.65577111365784,0.0
104,82.12347058937948,82.12347058937948,0.0,78.0335550971994,78.0335550971994,0.0,4.149414488331668,4.149414488331668,0.0,4.696877568265385,4.696877568265385,0.0,18.671492224749098,18.671492224749098,0.0
105,82.12978034093265,82.12978034093265,0.0,77.92619909381274,77.92619909381274,0.0,4.133459309077456,4.133459309077456,0.0,4.6969692099946325,4.6969692099946325,0.0,18.735365098770774,18.735365098770774,0.0
106,82.48754077457296,82.48754077457296,0.0,77.79887889651144,77.79887889651144,0.0,4.110359434252403,4.110359434252403,0.0,4.694152714364558,4.694152714364558,0.0,18.67033953492597,18.67033953492597,0.0
107,82.14271786047067,82.14271786047067,0.0,77.64920035801956,77.64920035801956,0.0,4.104237480774967,4.104237480774967,0.0,4.6993631868213965,4.6993631868213965,0.0,18.671653752367032,18.671653752367032,0.0
108,82.27478141570899,82.27478141570899,0.0,77.8368982564744,77.8368982564744,0.0,4.116255884021319,4.116255884021319,0.0,4.70314130094185,4.70314130094185,0.0,18.79895481126127,18.79895481126127,0.0
109,82.20048955135965,82.20048955135965,0.0,77.6018847247337,77.6018847247337,0.0,4.091514213998652,4.091514213998652,0.0,4.7073007723539,4.7073007723539,0.0,18.883590097518795,18.883590097518795,0.0
110,82.4218394776085,82.4218394776085,0.0,77.28770551138693,77.28770551138693,0.0,4.116311726234564,4.116311726234564,0.0,4.702253125569611,4.702253125569611,0.0,18.880644570669975,18.880644570669975,0.0
111,82.39564463084808,82.39564463084808,0.0,77.70110518985776,77.70110518985776,0.0,4.0969286099814175,4.0969286099814175,0.0,4.704717410049041,4.704717410049041,0.0,18.887870148904288,18.887870148904288,0.0
112,82.55651909044025,82.55651909044025,0.0,77.65238341401103,77.65238341401103,0.0,4.106690847087459,4.106690847087459,0.0,4.70376743680733,4.70376743680733,0.0,18.91818366930496,18.91818366930496,0.0
113,82.84766430239185,82.84766430239185,0.0,77.7253405432101,77.7253405432101,0.0,4.127882830475318,4.127882830475318,0.0,4.7058671022468985,4.7058671022468985,0.0,18.964245652796194,18.964245652796194,0.0
114,82.46023915731344,82.46023915731344,0.0,77.77721328043914,77.77721328043914,0.0,4.1100477870169865,4.1100477870169865,0.0,4.702136130135583,4.702136130135583,0.0,18.985203112867516,18.985203112867516,0.0
115,81.97895252994552,81.97895252994552,0.0,77.88145389439345,77.88145389439345,0.0,4.105323157653887,4.105323157653887,0.0,4.699280096945724,4.699280096945724,0.0,19.027013057245945,19.027013057245945,0.0
116,82.14515783546688,82.14515783546688,0.0,78.04995111679467,78.04995111679467,0.0,4.151839621310626,4.151839621310626,0.0,4.702215937482307,4.702215937482307,0.0,19.004735271700117,19.004735271700117,0.0
117,82.24779161822966,82.24779161822966,0.0,78.21268329210218,78.21268329210218,0.0,4.161815822367428,4.161815822367428,0.0,4.703515108137789,4.703515108137789,0.0,18.984203522674754,18.984203522674754,0.0
118,82.46417954591962,82.46417954591962,0.0,77.74653363451328,77.74653363451328,0.0,4.1515079252993266,4.1515079252993266,0.0,4.705723632829686,4.705723632829686,0.0,18.847566398406443,18.847566398406443,0.0
119,82.21092653983885,82.21092653983885,0.0,77.77806928375878,77.77806928375878,0.0,4.173941986927009,4.173941986927009,0.0,4.709692758823783,4.709692758823783,0.0,18.940047917039927,18.940047917039927,0.0
120,82.16772822028247,82.16772822028247,0.0,77.2663534546543,77.2663534546543,0.0,4.171973177488485,4.171973177488485,0.0,4.707140984451754,4.707140984451754,0.0,19.008580198449323,19.008580198449323,0.0
121,81.81038576140908,81.81038576140908,0.0,77.86299640104777,77.86299640104777,0.0,4.181720095702141,4.181720095702141,0.0,4.711077885637854,4.711077885637854,0.0,19.079910293767153,19.079910293767153,0.0
122,81.98258225908674,81.98258225908674,0.0,77.42983036500767,77.42983036500767,0.0,4.2046550613876414,4.2046550613876414,0.0,4.709897155039527,4.709897155039527,0.0,18.92504859467607,18.92504859467607,0.0
123,82.31859779020658,82.31859779020658,0.0,77.44256416485686,77.44256416485686,0.0,4.2148181473952535,4.2148181473952535,0.0,4.709023080236747,4.709023080236747,0.0,18.95947508323241,18.95947508323241,0.0
124,82.13921465374054,82.13921465374054,0.0,77.5924937928495,77.5924937928495,0.0,4.241464172044214,4.241464172044214,0.0,4.706599671210361,4.706599671210361,0.0,19.011606482648574,19.011606482648574,0.0
125,81.94455355458565,81.94455355458565,0.0,78.12509864675121,78.12509864675121,0.0,4.2399521030943115,4.2399521030943115,0.0,4.7056202497215,4.7056202497215,0.0,19.020097877034168,19.020097877034168,0.0
126,81.81322331901121,81.81322331901121,0.0,78.27927055247903,78.27927055247903,0.0,4.235801295407327,4.235801295407327,0.0,4.710052071512906,4.710052071512906,0.0,18.876395217400148,18.876395217400148,0.0
127,81.8811550628024,81.8811550628024,0.0,77.9821487631268,77.9821487631268,0.0,4.219977700503174,4.219977700503174,0.0,4.711812783791459,4.711812783791459,0.0,18.74340276468589,18.74340276468589,0.0
128,82.11069042391752,82.11069042391752,0.0,77.91139436067613,77.91139436067613,0.0,4.251532047921585,4.251532047921585,0.0,4.7102494466992795,4.7102494466992795,0.0,18.76365602532991,18.76365602532991,0.0
129,81.7877665208226,81.7877665208226,0.0,78.25581677821982,78.25581677821982,0.0,4.223815790458302,4.223815790458302,0.0,4.7060137278267655,4.7060137278267655,0.0,18.83334351730507,18.83334351730507,0.0
130,81.86803905100771,81.86803905100771,0.0,78.45583931928137,78.45583931928137,0.0,4.2536797726921165,4.2536797726921165,0.0,4.705147375639904,4.705147375639904,0.0,18.704677843074794,18.704677843074794,0.0
131,82.15767405186978,82.15767405186978,0.0,78.60091314975784,78.60091314975784,0.0,4.2472435698159705,4.2472435698159705,0.0,4.7024700631746255,4.7024700631746255,0.0,18.80856260550144,18.80856260550144,0.0
132,82.51328830131091,82.51328830131091,0.0,78.47783561048207,78.47783561048207,0.0,4.231641287638541,4.231641287638541,0.0,4.706491249326911,4.706491249326911,0.0,18.800124344383345,18.800124344383345,0.0
133,82.72370592159558,82.72370592159558,0.0,78.43867740394501,78.43867740394501,0.0,4.250629627533739,4.250629627533739,0.0,4.705121661922704,4.705121661922704,0.0,18.855600064558182,18.855600064558182,0.0
134,82.59871043484267,82.59871043484267,0.0,78.3891041904205,78.3891041904205,0.0,4.227774173163323,4.227774173163323,0.0,4.705581533669745,4.705581533669745,0.0,18.75128260514304,18.75128260514304,0.0
135,82.48189492251895,82.48189492251895,0.0,78.23637069966283,78.23637069966283,0.0,4.2116867322345595,4.2116867322345595,0.0,4.705654433048623,4.705654433048623,0.0,18.66996601328986,18.66996601328986,0.0
136,82.3588178863116,82.3588178863116,0.0,77.90245953881241,77.90245953881241,0.0,4.2259308441040835,4.2259308441040835,0.0,4.7059203059641295,4.7059203059641295,0.0,18.764243637022624,18.764243637022624,0.0
137,82.51421081835716,82.51421081835716,0.0,77.92283217204849,77.92283217204849,0.0,4.238897106157697,4.238897106157697,0.0,4.708561033460843,4.708561033460843,0.0,18.804650242787204,18.804650242787204,0.0
138,82.55195127414203,82.55195127414203,0.0,78.49234813200488,78.49234813200488,0.0,4.233345333661658,4.233345333661658,0.0,4.7032467271325595,4.7032467271325595,0.0,18.909034641637447,18.909034641637447,0.0
139,82.5240438257883,82.5240438257883,0.0,78.93248661305907,78.93248661305907,0.0,4.224130829592742,4.224130829592742,0.0,4.7032466440322125,4.7032466440322125,0.0,18.809132751841098,18.809132751841098,0.0
140,82.60700585819004,82.60700585819004,0.0,78.93084343084237,78.93084343084237,0.0,4.193267380378309,4.193267380378309,0.0,4.702681962717974,4.702681962717974,0.0,18.70887345858467,18.70887345858467,0.0
141,82.36782335063982,82.36782335063982,0.0,79.05737637867254,79.05737637867254,0.0,4.222304864230587,4.222304864230587,0.0,4.705990938184574,4.705990938184574,0.0,18.733991774617294,18.733991774617294,0.0
142,82.20515580688713,82.20515580688713,0.0,79.04865899048426,79.04865899048426,0.0,4.2400877386051725,4.2400877386051725,0.0,4.709235759389093,4.709235759389093,0.0,18.68629726654428,18.68629726654428,0.0
143,81.82270396601626,81.82270396601626,0.0,79.34950186395189,79.34950186395189,0.0,4.274545248484284,4.274545248484284,0.0,4.710964972508174,4.710964972508174,0.0,18.737127019939848,18.737127019939848,0.0
144,81.5335967856853,81.5335967856853,0.0,79.57752205391203,79.57752205391203,0.0,4.260115912575348,4.260115912575348,0.0,4.712028273340643,4.712028273340643,0.0,18.70427147650102,18.70427147650102,0.0
145,81.2549341200479,81.2549341200479,0.0,79.39116463027644,79.39116463027644,0.0,4.242100443216908,4.242100443216908,0.0,4.707522243661686,4.707522243661686,0.0,18.674637362200052,18.674637362200052,0.0
146,81.44273410054686,81.44273410054686,0.0,79.12630628369544,79.12630628369544,0.0,4.202813411847225,4.202813411847225,0.0,4.7106291942528635,4.7106291942528635,0.0,18.608357527210647,18.608357527210647,0.0
147,81.3364131039611,81.3364131039611,0.0,78.92722132306224,78.92722132306224,0.0,4.199330877621654,4.199330877621654,0.0,4.7073191041984925,4.7073191041984925,0.0,18.550761263231276,18.550761263231276,0.0
148,81.06421894603729,81.06421894603729,0.0,79.30751138650596,79.30751138650596,0.0,4.213628823453909,4.213628823453909,0.0,4.703313657158631,4.703313657158631,0.0,18.470204355147217,18.470204355147217,0.0
149,81.11029977252745,81.11029977252745,0.0,79.33200430572494,79.33200430572494,0.0,4.205759240928662,4.205759240928662,0.0,4.700549694004872,4.700549694004872,0.0,18.425848255984327,18.425848255984327,0.0
150,81.03094866203487,81.03094866203487,0.0,79.13435810515605,79.13435810515605,0.0,4.1839690148346005,4.1839690148346005,0.0,4.701224969822445,4.701224969822445,0.0,18.44033981259398,18.44033981259398,0.0
151,81.6007615031981,81.6007615031981,0.0,79.31397591978795,79.31397591978795,0.0,4.198761478523187,4.198761478523187,0.0,4.698871830445013,4.698871830445013,0.0,18.503259656980852,18.503259656980852,0.0
152,81.82177075904288,81.82177075904288,0.0,78.93910567187388,78.93910567187388,0.0,4.207438872549503,4.207438872549503,0.0,4.698929306767418,4.698929306767418,0.0,18.580892329709943,18.580892329709943,0.0
153,81.68303356049802,81.68303356049802,0.0,79.07998970035558,79.07998970035558,0.0,4.194634270679048,4.194634270679048,0.0,4.700381093451641,4.700381093451641,0.0,18.53834716135234,18.53834716135234,0.0
154,81.88270139518478,81.88270139518478,0.0,79.20964450617912,79.20964450617912,0.0,4.222415537192626,4.222415537192626,0.0,4.701633103938503,4.701633103938503,0.0,18.487410564177257,18.487410564177257,0.0
155,82.02103651205707,82.02103651205707,0.0,78.957113227332,78.957113227332,0.0,4.225797438232788,4.225797438232788,0.0,4.703826125836522,4.703826125836522,0.0,18.461716041008682,18.461716041008682,0.0
156,81.85331160066194,81.85331160066194,0.0,78.72676438462891,78.72676438462891,0.0,4.1929360128939175,4.1929360128939175,0.0,4.703914283295405,4.703914283295405,0.0,18.540844432835733,18.540844432835733,0.0
157,81.90458359530437,81.90458359530437,0.0,79.12481780151484,79.12481780151484,0.0,4.1744339924586775,4.1744339924586775,0.0,4.706848212608638,4.706848212608638,0.0,18.502310167770307,18.502310167770307,0.0
158,82.16707045016257,82.16707045016257,0.0,79.00479325861063,79.00479325861063,0.0,4.147050969673562,4.147050969673562,0.0,4.71092959268946,4.71092959268946,0.0,18.427283832511705,18.427283832511705,0.0
159,82.50998588304888,82.50998588304888,0.0,79.26027771943396,79.26027771943396,0.0,4.192495035219361,4.192495035219361,0.0,4.714728408181112,4.714728408181112,0.0,18.402320995093586,18.402320995093586,0.0
160,82.31016116561221,82.31016116561221,0.0,78.88508949264472,78.88508949264472,0.0,4.196419896554785,4.196419896554785,0.0,4.7130986499607515,4.7130986499607515,0.0,18.352225540967183,18.352225540967183,0.0
161,82.39181112257803,82.39181112257803,0.0,79.10459575228055,79.10459575228055,0.0,4.232119838786888,4.232119838786888,0.0,4.708134800757566,4.708134800757566,0.0,18.32517962468261,18.32517962468261,0.0
162,81.94080753516984,81.94080753516984,0.0,79.22934962965483,79.22934962965483,0.0,4.2610644510873446,4.2610644510873446,0.0,4.704698050001861,4.704698050001861,0.0,18.35224422436037,18.35224422436037,0.0
163,82.21062158980543,82.21062158980543,0.0,79.14380874401265,79.14380874401265,0.0,4.245599091571628,4.245599091571628,0.0,4.700720184788934,4.700720184788934,0.0,18.302079278041155,18.302079278041155,0.0
164,82.01593404032067,82.01593404032067,0.0,78.7098312275866,78.7098312275866,0.0,4.2705095894144085,4.2705095894144085,0.0,4.697019242479622,4.697019242479622,0.0,18.251593634907614,18.251593634907614,0.0
165,82.14943466391146,82.14943466391146,0.0,79.12278031779634,79.12278031779634,0.0,4.254653345056988,4.254653345056988,0.0,4.699680260839665,4.699680260839665,0.0,18.31002199187459,18.31002199187459,0.0
166,82.05425437686964,82.05425437686964,0.0,78.82131634526047,78.82131634526047,0.0,4.24002704783314,4.24002704783314,0.0,4.704221041025207,4.704221041025207,0.0,18.299682672508354,18.299682672508354,0.0
167,81.94084369381982,81.94084369381982,0.0,79.08494383953625,79.08494383953625,0.0,4.263134578623268,4.263134578623268,0.0,4.699877091465224,4.699877091465224,0.0,18.449719374655515,18.449719374655515,0.0
168,81.9871396020775,81.9871396020775,0.0,79.09350363067543,79.09350363067543,0.0,4.246581142338102,4.246581142338102,0.0,4.69678500431068,4.69678500431068,0.0,18.497034883602296,18.497034883602296,0.0
169,82.26789734749498,82.26789734749498,0.0,79.10020846224421,79.10020846224421,0.0,4.251716520216676,4.251716520216676,0.0,4.698013520768179,4.698013520768179,0.0,18.40672620875406,18.40672620875406,0.0
170,82.44877146942585,82.44877146942585,0.0,78.57811361980983,78.57811361980983,0.0,4.249998146500457,4.249998146500457,0.0,4.6938584524062295,4.6938584524062295,0.0,18.456292856483735,18.456292856483735,0.0
171,82.13314889940027,82.13314889940027,0.0,78.69949558389413,78.69949558389413,0.0,4.229627052504296,4.229627052504296,0.0,4.690825045238586,4.690825045238586,0.0,18.552209873737148,18.552209873737148,0.0
172,81.71128153986149,81.71128153986149,0.0,78.52642106215099,78.52642106215099,0.0,4.196082407566187,4.196082407566187,0.0,4.689065176084565,4.689065176084565,0.0,18.643680615846527,18.643680615846527,0.0
173,81.89246343178114,81.89246343178114,0.0,77.88126242124731,77.88126242124731,0.0,4.219802698837679,4.219802698837679,0.0,4.687318792392554,4.687318792392554,0.0,18.565653244851536,18.565653244851536,0.0
174,81.6513534656437,81.6513534656437,0.0,77.90582024118788,77.90582024118788,0.0,4.219253364105621,4.219253364105621,0.0,4.690789378520353,4.690789378520353,0.0,18.702535488331222,18.702535488331222,0.0
175,81.93696599181979,81.93696599181979,0.0,77.63641937554182,77.63641937554182,0.0,4.216997411021872,4.216997411021872,0.0,4.6959799755820875,4.6959799755820875,0.0,18.816756145005463,18.816756145005463,0.0
176,82.17497371579739,82.17497371579739,0.0,77.89367175322658,77.89367175322658,0.0,4.211378081735645,4.211378081735645,0.0,4.700941660818846,4.700941660818846,0.0,18.80368261839462,18.80368261839462,0.0
177,82.12644189090234,82.12644189090234,0.0,78.0352434999465,78.0352434999465,0.0,4.2090849159297195,4.2090849159297195,0.0,4.704963378068007,4.704963378068007,0.0,18.704735695465352,18.704735695465352,0.0
178,81.76815424648771,81.76815424648771,0.0,77.76029866331636,77.76029866331636,0.0,4.189876792805198,4.189876792805198,0.0,4.705897295512174,4.705897295512174,0.0,18.732406297578525,18.732406297578525,0.0
179,81.67032910628389,81.67032910628389,0.0,78.06984786827044,78.06984786827044,0.0,4.187521648814272,4.187521648814272,0.0,4.706480041712747,4.706480041712747,0.0,18.705755027695098,18.705755027695098,0.0
180,81.89151183575677,81.89151183575677,0.0,78.37312226946943,78.37312226946943,0.0,4.21069981154015,4.21069981154015,0.0,4.708170325350954,4.708170325350954,0.0,18.58677347453476,18.58677347453476,0.0
181,81.87242133636131,81.87242133636131,0.0,78.09983334295603,78.09983334295603,0.0,4.2055553423882435,4.2055553423882435,0.0,4.706676958707464,4.706676958707464,0.0,18.516819932483408,18.516819932483408,0.0
182,81.83695862965118,81.83695862965118,0.0,78.09070557020225,78.09070557020225,0.0,4.177026917523412,4.177026917523412,0.0,4.710372948922857,4.710372948922857,0.0,18.609349930018634,18.609349930018634,0.0
183,82.13193052685132,82.13193052685132,0.0,77.59358477769064,77.59358477769064,0.0,4.1991888223910045,4.1991888223910045,0.0,4.712661266572484,4.712661266572484,0.0,18.583120354168152,18.583120354168152,0.0
184,82.17718764579455,82.17718764579455,0.0,77.559908736237,77.559908736237,0.0,4.169075310886354,4.169075310886354,0.0,4.710184908388484,4.710184908388484,0.0,18.70128333357918,18.70128333357918,0.0
185,82.34529637487867,82.34529637487867,0.0,77.98635750143607,77.98635750143607,0.0,4.210663960475653,4.210663960475653,0.0,4.710374668988583,4.710374668988583,0.0,18.689831358337454,18.689831358337454,0.0
186,82.3450395757514,82.3450395757514,0.0,78.00540615507026,78.00540615507026,0.0,4.187183941188759,4.187183941188759,0.0,4.705627340075846,4.705627340075846,0.0,18.603987724395214,18.603987724395214,0.0
187,82.17654335218893,82.17654335218893,0.0,78.21271201289908,78.21271201289908,0.0,4.213467751546824,4.213467751546824,0.0,4.708628954419285,4.708628954419285,0.0,18.69016822606614,18.69016822606614,0.0
188,82.39928295932108,82.39928295932108,0.0,78.38098968726536,78.38098968726536,0.0,4.173775202691555,4.173775202691555,0.0,4.712229864227504,4.712229864227504,0.0,18.630350635970355,18.630350635970355,0.0
189,82.14086341809946,82.14086341809946,0.0,78.37535387022821,78.37535387022821,0.0,4.161985077894274,4.161985077894274,0.0,4.709650264841962,4.709650264841962,0.0,18.614387562769803,18.614387562769803,0.0
190,82.41121937761086,82.41121937761086,0.0,78.30893774669677,78.30893774669677,0.0,4.138395676497923,4.138395676497923,0.0,4.710210392394096,4.710210392394096,0.0,18.70733297068638,18.70733297068638,0.0
191,82.53356736031617,82.53356736031617,0.0,78.10167640967092,78.10167640967092,0.0,4.133868251968535,4.133868251968535,0.0,4.708094545418132,4.708094545418132,0.0,18.694000208834503,18.694000208834503,0.0
192,82.65831650270289,82.65831650270289,0.0,77.81535020776128,77.81535020776128,0.0,4.106880555273717,4.106880555273717,0.0,4.704021440271987,4.704021440271987,0.0,18.769012391079354,18.769012391079354,0.0
193,82.6781589345121,82.6781589345121,0.0,77.8863578776136,77.8863578776136,0.0,4.118129747721056,4.118129747721056,0.0,4.703120345527984,4.703120345527984,0.0,18.748117682064205,18.748117682064205,0.0
194,82.75918409009435,82.75918409009435,0.0,77.68953538891958,77.68953538891958,0.0,4.111688205258847,4.111688205258847,0.0,4.704655719022337,4.704655719022337,0.0,18.80269366500498,18.80269366500498,0.0
195,82.75527340879685,82.75527340879685,0.0,77.45619989453722,77.45619989453722,0.0,4.131390453407176,4.131390453407176,0.0,4.699360339141584,4.699360339141584,0.0,18.88996897001484,18.88996897001484,0.0
196,82.38735275014028,82.38735275014028,0.0,77.18133506973348,77.18133506973348,0.0,4.126773688821828,4.126773688821828,0.0,4.69448878266565,4.69448878266565,0.0,18.983890772990826,18.983890772990826,0.0
197,82.05769345032986,82.05769345032986,0.0,77.41067635291738,77.41067635291738,0.0,4.13654271688391,4.13654271688391,0.0,4.698262977297921,4.698262977297921,0.0,19.04408846275385,19.04408846275385,0.0
198,81.70489579930997,81.70489579930997,0.0,77.30870068444949,77.30870068444949,0.0,4.106489606615322,4.106489606615322,0.0,4.702613486309892,4.702613486309892,0.0,19.037174408779737,19.037174408779737,0.0
199,81.81899644412204,81.81899644412204,0.0,77.61789464836201,77.61789464836201,0.0,4.112353423365356,4.112353423365356,0.0,4.6985562572087645,4.6985562572087645,0.0,18.912080481186635,18.912080481186635,0.0
200,81.71162136594265,81.71162136594265,0.0,77.9240222261324,77.9240222261324,0.0,4.1505831927724035,4.1505831927724035,0.0,4.702869390026176,4.702869390026176,0.0,18.872940140170616,18.872940140170616,0.0
201,82.03948303161837,82.03948303161837,0.0,77.91037303488181,77.91037303488181,0.0,4.159078665378233,4.159078665378233,0.0,4.70159763323557,4.70159763323557,0.0,18.782079464946413,18.782079464946413,0.0
202,81.90393659712949,81.90393659712949,0.0,77.60362113725412,77.60362113725412,0.0,4.16536486215148,4.16536486215148,0.0,4.697610159933398,4.697610159933398,0.0,18.83977791995062,18.83977791995062,0.0
203,82.24608812308863,82.24608812308863,0.0,77.78792042256197,77.78792042256197,0.0,4.195491452566305,4.195491452566305,0.0,4.700951611052366,4.700951611052366,0.0,18.868518949926305,18.868518949926305,0.0
204,81.91863528896205,81.91863528896205,0.0,77.77959825877153,77.77959825877153,0.0,4.216908863513506,4.216908863513506,0.0,4.702430614538816,4.702430614538816,0.0,18.88985346251913,18.88985346251913,0.0
205,82.15166268025598,82.15166268025598,0.0,78.03241921733964,78.03241921733964,0.0,4.235448092058371,4.235448092058371,0.0,4.701725325900505,4.701725325900505,0.0,18.946265737505136,18.946265737505136,0.0
206,82.17576432714203,82.17576432714203,0.0,78.21747829742722,78.21747829742722,0.0,4.259868917580225,4.259868917580225,0.0,4.702859550527173,4.702859550527173,0.0,18.922699198490882,18.922699198490882,0.0
207,81.79853266672185,81.79853266672185,0.0,78.03332250118602,78.03332250118602,0.0,4.233872934931155,4.233872934931155,0.0,4.698192634693006,4.698192634693006,0.0,18.867016025491274,18.867016025491274,0.0
208,81.68337877898962,81.68337877898962,0.0,77.67859064723615,77.67859064723615,0.0,4.255899429224544,4.255899429224544,0.0,4.69410445365584,4.69410445365584,0.0,18.865588232396366,18.865588232396366,0.0
209,82.02500716644658,82.02500716644658,0.0,77.80179387627759,77.80179387627759,0.0,4.245474912517588,4.245474912517588,0.0,4.69511899922825,4.69511899922825,0.0,18.861929914683692,18.861929914683692,0.0
210,82.3371755486626,82.3371755486626,0.0,78.07559063836278,78.07559063836278,0.0,4.251568193026459,4.251568193026459,0.0,4.693724530130955,4.693724530130955,0.0,18.818400945024557,18.818400945024557,0.0
211,81.99674485223252,81.99674485223252,0.0,77.57116286550868,77.57116286550868,0.0,4.276633473581151,4.276633473581151,0.0,4.6926606667561925,4.6926606667561925,0.0,18.820825995394202,18.820825995394202,0.0
212,82.00097411161772,82.00097411161772,0.0,77.29305349407274,77.29305349407274,0.0,4.261452526573327,4.261452526573327,0.0,4.6926417053595575,4.6926417053595575,0.0,18.918805965329387,18.918805965329387,0.0
213,81.72779450152359,81.72779450152359,0.0,77.16921281885733,77.16921281885733,0.0,4.245973388950014,4.245973388950014,0.0,4.691613713583278,4.691613713583278,0.0,18.977922765586236,18.977922765586236,0.0
214,82.00851853249137,82.00851853249137,0.0,77.01441666870303,77.01441666870303,0.0,4.207413790658594,4.207413790658594,0.0,4.694068037471214,4.694068037471214,0.0,18.98060091465174,18.98060091465174,0.0
215,82.18596130852374,82.18596130852374,0.0,77.5544749603729,77.5544749603729,0.0,4.236289224240154,4.236289224240154,0.0,4.6928759513682055,4.6928759513682055,0.0,18.915147182003743,18.915147182003743,0.0
216,81.86539494663847,81.86539494663847,0.0,77.93701090560178,77.93701090560178,0.0,4.247336723517819,4.247336723517819,0.0,4.692365138690123,4.692365138690123,0.0,18.855096641664247,18.855096641664247,0.0
217,82.24019646294583,82.24019646294583,0.0,77.7830057776951,77.7830057776951,0.0,4.264368116093265,4.264368116093265,0.0,4.696107436333526,4.696107436333526,0.0,18.877898228936836,18.877898228936836,0.0
218,82.45982340930988,82.45982340930988,0.0,78.09437480291197,78.09437480291197,0.0,4.25791076446854,4.25791076446854,0.0,4.697878916747406,4.697878916747406,0.0,18.90796355640029,18.90796355640029,0.0
219,82.2659340432646,82.2659340432646,0.0,77.78948652117059,77.78948652117059,0.0,4.227336974772127,4.227336974772127,0.0,4.70252519187583,4.70252519187583,0.0,18.828442949888004,18.828442949888004,0.0
220,81.9989628167382,81.9989628167382,0.0,77.33293020532972,77.33293020532972,0.0,4.251252090370856,4.251252090370856,0.0,4.698334696317905,4.698334696317905,0.0,18.851219272177588,18.851219272177588,0.0
221,82.26724668747462,82.26724668747462,0.0,77.24667444293729,77.24667444293729,0.0,4.231370454215637,4.231370454215637,0.0,4.701130922693099,4.701130922693099,0.0,18.926924596120624,18.926924596120624,0.0
222,82.12017897835172,82.12017897835172,0.0,77.46876240633924,77.46876240633924,0.0,4.248882178563139,4.248882178563139,0.0,4.704130936303557,4.704130936303557,0.0,18.809369492775797,18.809369492775797,0.0
223,82.04853294956072,82.04853294956072,0.0,77.6567872915994,77.6567872915994,0.0,4.221377296403782,4.221377296403782,0.0,4.70324263197133,4.70324263197133,0.0,18.88389342949369,18.88389342949369,0.0
224,82.23856463281929,82.23856463281929,0.0,77.72660294984195,77.72660294984195,0.0,4.203288937533871,4.203288937533871,0.0,4.706069604144828,4.706069604144828,0.0,18.888228911636677,18.888228911636677,0.0
225,82.46341091566647,82.46341091566647,0.0,78.08086966618572,78.08086966618572,0.0,4.241606290744298,4.241606290744298,0.0,4.70520110517687,4.70520110517687,0.0,18.88264805745098,18.88264805745098,0.0
226,82.28490671532074,82.28490671532074,0.0,78.48330811986104,78.48330811986104,0.0,4.261418873103311,4.261418873103311,0.0,4.707797840009394,4.707797840009394,0.0,18.897759499481616,18.897759499481616,0.0
227,82.03326445886273,82.03326445886273,0.0,78.81780682446752,78.81780682446752,0.0,4.2576059233547765,4.2576059233547765,0.0,4.703200256464299,4.703200256464299,0.0,18.871653625749445,18.871653625749445,0.0
228,82.30816747392323,82.30816747392323,0.0,78.85801332639183,78.85801332639183,0.0,4.231760605818267,4.231760605818267,0.0,4.706997440175142,4.706997440175142,0.0,18.820515345550263,18.820515345550263,0.0
229,82.2022842361553,82.2022842361553,0.0,78.7692624972738,78.7692624972738,0.0,4.223622806484189,4.223622806484189,0.0,4.704933806531229,4.704933806531229,0.0,18.863381931892047,18.863381931892047,0.0
230,81.80822183474008,81.80822183474008,0.0,78.49454268315853,78.49454268315853,0.0,4.260040116970282,4.260040116970282,0.0,4.703288447876097,4.703288447876097,0.0,18.737792488620308,18.737792488620308,0.0
231,82.1876460421328,82.1876460421328,0.0,78.74079500049635,78.74079500049635,0.0,4.275357901498528,4.275357901498528,0.0,4.699401513978461,4.699401513978461,0.0,18.736772567762255,18.736772567762255,0.0
232,82.41744085190975,82.41744085190975,0.0,78.48239550760384,78.48239550760384,0.0,4.281768993403751,4.281768993403751,0.0,4.6989353810184715,4.6989353810184715,0.0,18.652558280554853,18.652558280554853,0.0
233,82.00515228006616,82.00515228006616,0.0,78.60589265340329,78.60589265340329,0.0,4.274788072902036,4.274788072902036,0.0,4.701292851105586,4.701292851105586,0.0,18.61360038112168,18.61360038112168,0.0
234,81.69316781839802,81.69316781839802,0.0,78.30284521477343,78.30284521477343,0.0,4.228652083293189,4.228652083293189,0.0,4.700387735876175,4.700387735876175,0.0,18.68798035947105,18.68798035947105,0.0
235,81.71447795019762,81.71447795019762,0.0,78.4358896230907,78.4358896230907,0.0,4.232576981214183,4.232576981214183,0.0,4.6955210877492854,4.6955210877492854,0.0,18.745669390668894,18.745669390668894,0.0
236,81.55978482468171,81.55978482468171,0.0,78.18784334826954,78.18784334826954,0.0,4.237425031677228,4.237425031677228,0.0,4.69328484418818,4.69328484418818,0.0,18.84037654230218,18.84037654230218,0.0
237,81.7710793393889,81.7710793393889,0.0,78.37822641086713,78.37822641086713,0.0,4.1978572786911466,4.1978572786911466,0.0,4.694082352855191,4.694082352855191,0.0,18.915870487348844,18.915870487348844,0.0
238,82.20324080361993,82.20324080361993,0.0,78.29752933266812,78.29752933266812,0.0,4.1957533285047095,4.1957533285047095,0.0,4.6959122097113575,4.6959122097113575,0.0,18.996816238694073,18.996816238694073,0.0
239,81.96931970505929,81.96931970505929,0.0,78.29374290147443,78.29374290147443,0.0,4.1839028537863046,4.1839028537863046,0.0,4.698568461591265,4.698568461591265,0.0,18.952475280720343,18.952475280720343,0.0
240,82.19208219830644,82.19208219830644,0.0,78.26110781307638,78.26110781307638,0.0,4.149592594761916,4.149592594761916,0.0,4.699143058534792,4.699143058534792,0.0,19.046261548270053,19.046261548270053,0.0
241,81.89733490451367,81.89733490451367,0.0,78.35850349912701,78.35850349912701,0.0,4.171934074575039,4.171934074575039,0.0,4.7005289342688545,4.7005289342688545,0.0,18.951377013771296,18.951377013771296,0.0
242,81.56642535868343,81.56642535868343,0.0,78.43752254212379,78.43752254212379,0.0,4.159145675207067,4.159145675207067,0.0,4.695924705776357,4.695924705776357,0.0,18.856780313193255,18.856780313193255,0.0
243,81.27854386094367,81.27854386094367,0.0,78.62677074970794,78.62677074970794,0.0,4.20371410491148,4.20371410491148,0.0,4.696680855288108,4.696680855288108,0.0,18.77402850245981,18.77402850245981,0.0
244,81.61195440701277,81.61195440701277,0.0,78.32066265317765,78.32066265317765,0.0,4.22568700082339,4.22568700082339,0.0,4.700604222217258,4.700604222217258,0.0,18.66216110074425,18.66216110074425,0.0
245,81.38187514602049,81.38187514602049,0.0,78.55909375925282,78.55909375925282,0.0,4.2417321097662315,4.2417321097662315,0.0,4.7045022862257335,4.7045022862257335,0.0,18.746852132890407,18.746852132890407,0.0
246,81.87290104025739,81.87290104025739,0.0,78.51575719659948,78.51575719659948,0.0,4.270121480996452,4.270121480996452,0.0,4.704335061830398,4.704335061830398,0.0,18.777875979632114,18.777875979632114,0.0
247,82.07760523244862,82.07760523244862,0.0,78.36672783646713,78.36672783646713,0.0,4.286574064536767,4.286574064536767,0.0,4.704443193397577,4.704443193397577,0.0,18.77358026015478,18.77358026015478,0.0
248,81.72759291926545,81.72759291926545,0.0,78.27004030075251,78.27004030075251,0.0,4.2832588734569175,4.2832588734569175,0.0,4.70334909599739,4.70334909599739,0.0,18.872897893208865,18.872897893208865,0.0
249,81.65820953266402,81.65820953266402,0.0,78.34688367778791,78.34688367778791,0.0,4.260380022182578,4.260380022182578,0.0,4.7080628230441866,4.7080628230441866,0.0,18.8167356250732,18.8167356250732,0.0
250,82.10418745663856,82.10418745663856,0.0,78.20129054596926,78.20129054596926,0.0,4.263343109847167,4.263343109847167,0.0,4.706051266614458,4.706051266614458,0.0,18.920019239817428,18.920019239817428,0.0
251,82.22882996108672,82.22882996108672,0.0,78.12927537571693,78.12927537571693,0.0,4.263516574293625,4.263516574293625,0.0,4.708380553747499,4.708380553747499,0.0,18.787406284065778,18.787406284065778,0.0
252,81.84113681681703,81.84113681681703,0.0,78.1632335375319,78.1632335375319,0.0,4.245689466658087,4.245689466658087,0.0,4.708382928084129,4.708382928084129,0.0,18.66916867774115,18.66916867774115,0.0
253,82.01318347192695,82.01318347192695,0.0,78.27722657379594,78.27722657379594,0.0,4.260653946641154,4.260653946641154,0.0,4.708451883945381,4.708451883945381,0.0,18.607887316274066,18.607887316274066,0.0
254,81.92922095066089,81.92922095066089,0.0,78.14024772505223,78.14024772505223,0.0,4.2216554548826455,4.2216554548826455,0.0,4.710132857211837,4.710132857211837,0.0,18.511723707009452,18.511723707009452,0.0
255,81.85164091966385,81.85164091966385,0.0,77.98808192200327,77.98808192200327,0.0,4.199595816937994,4.199595816937994,0.0,4.708785409806043,4.708785409806043,0.0,18.500807196190003,18.500807196190003,0.0
256,81.70699536058896,81.70699536058896,0.0,78.20291111316503,78.20291111316503,0.0,4.169460616388411,4.169460616388411,0.0,4.711611230126122,4.711611230126122,0.0,18.512890464192957,18.512890464192957,0.0
257,82.07905131554864,82.07905131554864,0.0,77.84979804445736,77.84979804445736,0.0,4.188080424095172,4.188080424095172,0.0,4.714138059614262,4.714138059614262,0.0,18.435881606774583,18.435881606774583,0.0
258,81.94266197890178,81.94266197890178,0.0,77.7242676977584,77.7242676977584,0.0,4.220973717662021,4.220973717662021,0.0,4.71652126328933,4.71652126328933,0.0,18.484396082646374,18.484396082646374,0.0
259,82.2949151641848,82.2949151641848,0.0,78.0819960143608,78.0819960143608,0.0,4.218882111930751,4.218882111930751,0.0,4.711413920562753,4.711413920562753,0.0,18.62115015709423,18.62115015709423,0.0
260,81.95255761209783,81.95255761209783,0.0,77.85500767794689,77.85500767794689,0.0,4.220690200514145,4.220690200514145,0.0,4.7091904255177965,4.7091904255177965,0.0,18.600306471628624,18.600306471628624,0.0
261,82.00247500516619,82.00247500516619,0.0,77.61937147885969,77.61937147885969,0.0,4.202679134969389,4.202679134969389,0.0,4.713451550105059,4.713451550105059,0.0,18.54418660842646,18.54418660842646,0.0
262,82.02258288670782,82.02258288670782,0.0,78.07448995159888,78.07448995159888,0.0,4.16822253992831,4.16822253992831,0.0,4.717099820857404,4.717099820857404,0.0,18.53874959115563,18.53874959115563,0.0
263,81.97846890037137,81.97846890037137,0.0,78.05151163785062,78.05151163785062,0.0,4.202689634285691,4.202689634285691,0.0,4.7185352239594005,4.7185352239594005,0.0,18.49510345661064,18.49510345661064,0.0
264,81.72794233582817,81.72794233582817,0.0,78.2352554426307,78.2352554426307,0.0,4.235188566196427,4.235188566196427,0.0,4.7126073577779275,4.7126073577779275,0.0,18.478591429637195,18.478591429637195,0.0
265,81.49967039718013,81.49967039718013,0.0,77.93535923706912,77.93535923706912,0.0,4.247250760961919,4.247250760961919,0.0,4.710059559930235,4.710059559930235,0.0,18.393310810640124,18.393310810640124,0.0
266,81.90630550095297,81.90630550095297,0.0,77.93098650308345,77.93098650308345,0.0,4.251765207735286,4.251765207735286,0.0,4.709763656082273,4.709763656082273,0.0,18.516127454971755,18.516127454971755,0.0
267,81.76554911712306,81.76554911712306,0.0,77.98288919851184,77.98288919851184,0.0,4.218364986701513,4.218364986701513,0.0,4.713399067123542,4.713399067123542,0.0,18.45616989968507,18.45616989968507,0.0
268,81.93503415080937,81.93503415080937,0.0,78.19808465500516,78.19808465500516,0.0,4.243322601429818,4.243322601429818,0.0,4.712963917212571,4.712963917212571,0.0,18.480465069507964,18.480465069507964,0.0
269,81.56950925168691,81.56950925168691,0.0,78.101966055846,78.101966055846,0.0,4.243697104257385,4.243697104257385,0.0,4.713438679397999,4.713438679397999,0.0,18.455659708014224,18.455659708014224,0.0
270,81.58081341237111,81.58081341237111,0.0,78.17938953235155,78.17938953235155,0.0,4.248053174787653,4.248053174787653,0.0,4.71026089848814,4.71026089848814,0.0,18.600603213256285,18.600603213256285,0.0
271,81.64315490397075,81.64315490397075,0.0,78.4746029843392,78.4746029843392,0.0,4.225450944950628,4.225450944950628,0.0,4.705170212598145,4.705170212598145,0.0,18.581854810434614,18.581854810434614,0.0
272,81.65952434573212,81.65952434573212,0.0,78.20081640129655,78.20081640129655,0.0,4.230595682731109,4.230595682731109,0.0,4.702882650215838,4.702882650215838,0.0,18.524365827409234,18.524365827409234,0.0
273,81.90860191502017,81.90860191502017,0.0,78.7519937245753,78.7519937245753,0.0,4.196984013311558,4.196984013311558,0.0,4.701357568210915,4.701357568210915,0.0,18.552811688706335,18.552811688706335,0.0
274,81.7804622861771,81.7804622861771,0.0,78.48807513630871,78.48807513630871,0.0,4.177219018395892,4.177219018395892,0.0,4.697217139575537,4.697217139575537,0.0,18.4848757669163,18.4848757669163,0.0
275,81.72757758903404,81.72757758903404,0.0,78.3092956270281,78.3092956270281,0.0,4.20947627065044,4.20947627065044,0.0,4.694036641431081,4.694036641431081,0.0,18.522354900153307,18.522354900153307,0.0
276,81.8391090246294,81.8391090246294,0.0,78.4221616287742,78.4221616287742,0.0,4.20807601296371,4.20807601296371,0.0,4.694660693648549,4.694660693648549,0.0,18.518635853151014,18.518635853151014,0.0
277,81.71510599621492,81.71510599621492,0.0,78.53233664496531,78.53233664496531,0.0,4.207436474198238,4.207436474198238,0.0,4.699754467318877,4.699754467318877,0.0,18.59014145270674,18.59014145270674,0.0
278,81.64906458881872,81.64906458881872,0.0,78.2820647913863,78.2820647913863,0.0,4.237033673243971,4.237033673243971,0.0,4.701316699397021,4.701316699397021,0.0,18.724789665377934,18.724789665377934,0.0
279,81.74203098595295,81.74203098595295,0.0,78.38178909014721,78.38178909014721,0.0,4.262700131355256,4.262700131355256,0.0,4.703486502559569,4.703486502559569,0.0,18.83685464903677,18.83685464903677,0.0
280,81.68154271687251,81.68154271687251,0.0,78.37286956049952,78.37286956049952,0.0,4.229925782334323,4.229925782334323,0.0,4.7037399664727335,4.7037399664727335,0.0,18.738904583398742,18.738904583398742,0.0
281,81.74267365206043,81.74267365206043,0.0,78.30233316059712,78.30233316059712,0.0,4.265069255388017,4.265069255388017,0.0,4.7052449216653285,4.7052449216653285,0.0,18.76281613948363,18.76281613948363,0.0
282,82.16938525769567,82.16938525769567,0.0,78.47932605917931,78.47932605917931,0.0,4.243533923445278,4.243533923445278,0.0,4.709215046552908,4.709215046552908,0.0,18.694017791007738,18.694017791007738,0.0
283,81.89792722483544,81.89792722483544,0.0,78.45343505907441,78.45343505907441,0.0,4.201362864321494,4.201362864321494,0.0,4.704848615847227,4.704848615847227,0.0,18.724853789577526,18.724853789577526,0.0
284,81.89542520023691,81.89542520023691,0.0,78.49120324683713,78.49120324683713,0.0,4.202421895532442,4.202421895532442,0.0,4.702740600405289,4.702740600405289,0.0,18.723595996386003,18.723595996386003,0.0
285,81.64438303213853,81.64438303213853,0.0,78.88000664261965,78.88000664261965,0.0,4.186038235114843,4.186038235114843,0.0,4.700885208617135,4.700885208617135,0.0,18.73536825333629,18.73536825333629,0.0
286,81.73471731599618,81.73471731599618,0.0,78.73995929725116,78.73995929725116,0.0,4.2131567612390555,4.2131567612390555,0.0,4.699498009342634,4.699498009342634,0.0,18.613898420681,18.613898420681,0.0
287,82.16672333329034,82.16672333329034,0.0,78.95558843796202,78.95558843796202,0.0,4.2294312425545755,4.2294312425545755,0.0,4.701418582811522,4.701418582811522,0.0,18.57635296772208,18.57635296772208,0.0
288,82.11617369148851,82.11617369148851,0.0,79.31370515409822,79.31370515409822,0.0,4.247606255746515,4.247606255746515,0.0,4.7020815031510725,4.7020815031510725,0.0,18.57411592025685,18.57411592025685,0.0
289,82.16193359555834,82.16193359555834,0.0,79.13491168389146,79.13491168389146,0.0,4.250847675436596,4.250847675436596,0.0,4.705326746597761,4.705326746597761,0.0,18.477411695511044,18.477411695511044,0.0
290,82.27716153068064,82.27716153068064,0.0,79.16763155468735,79.16763155468735,0.0,4.212870367796351,4.212870367796351,0.0,4.700090217130482,4.700090217130482,0.0,18.588899464436103,18.588899464436103,0.0
291,81.94806567523389,81.94806567523389,0.0,79.07374507901741,79.07374507901741,0.0,4.23315482154888,4.23315482154888,0.0,4.704288213265976,4.704288213265976,0.0,18.721619411298583,18.721619411298583,0.0
292,82.14614958818859,82.14614958818859,0.0,78.47988576125887,78.47988576125887,0.0,4.205328518468585,4.205328518468585,0.0,4.7021958420083605,4.7021958420083605,0.0,18.675923384163944,18.675923384163944,0.0
293,82.14003888351971,82.14003888351971,0.0,78.10123998249456,78.10123998249456,0.0,4.237589107772748,4.237589107772748,0.0,4.700443542352019,4.700443542352019,0.0,18.79082914561657,18.79082914561657,0.0
294,82.33224596788328,82.33224596788328,0.0,78.33320117901378,78.33320117901378,0.0,4.248050231601908,4.248050231601908,0.0,4.701508844464414,4.701508844464414,0.0,18.8300947809088,18.8300947809088,0.0
295,82.06923529991408,82.06923529991408,0.0,78.12716154194722,78.12716154194722,0.0,4.279486534060818,4.279486534060818,0.0,4.6993643495747985,4.6993643495747985,0.0,18.764134743606952,18.764134743606952,0.0
296,81.82250730512196,81.82250730512196,0.0,78.08762525021547,78.08762525021547,0.0,4.256809373641167,4.256809373641167,0.0,4.703752177124345,4.703752177124345,0.0,18.746162321457707,18.746162321457707,0.0
297,81.673447301661,81.673447301661,0.0,78.06827985729696,78.06827985729696,0.0,4.239622325338129,4.239622325338129,0.0,4.708253774979167,4.708253774979167,0.0,18.694002454416047,18.694002454416047,0.0
298,82.09632835408243,82.09632835408243,0.0,78.06088473943989,78.06088473943989,0.0,4.217358145501467,4.217358145501467,0.0,4.709735252444174,4.709735252444174,0.0,18.792058535046714,18.792058535046714,0.0
299,82.03276787537253,82.03276787537253,0.0,77.94944632569681,77.94944632569681,0.0,4.191212833291917,4.191212833291917,0.0,4.709342643873356,4.709342643873356,0.0,18.709887833564476,18.709887833564476,0.0
300,82.18376510779798,82.18376510779798,0.0,77.9047673448775,77.9047673448775,0.0,4.199329039265008,4.199329039265008,0.0,4.706020227697655,4.706020227697655,0.0,18.772825234837903,18.772825234837903,0.0
301,82.17528733688314,82.17528733688314,0.0,77.64843629598407,77.64843629598407,0.0,4.192482468251096,4.192482468251096,0.0,4.707712457430526,4.707712457430526,0.0,18.857814352372408,18.857814352372408,0.0
302,82.36012597981,82.36012597981,0.0,77.5252246471841,77.5252246471841,0.0,4.227811192279803,4.227811192279803,0.0,4.706164877897491,4.706164877897491,0.0,18.809101462612677,18.809101462612677,0.0
303,82.59756591186417,82.59756591186417,0.0,77.35616477708194,77.35616477708194,0.0,4.261222031064339,4.261222031064339,0.0,4.70388363849765,4.70388363849765,0.0,18.922467708185373,18.922467708185373,0.0
304,82.81559515602278,82.81559515602278,0.0,77.32565089487126,77.32565089487126,0.0,4.2558842078589825,4.2558842078589825,0.0,4.705804296690626,4.705804296690626,0.0,18.905816284353218,18.905816284353218,0.0
305,82.99833661683317,82.99833661683317,0.0,77.58516034331183,77.58516034331183,0.0,4.222507881341106,4.222507881341106,0.0,4.709536558869572,4.709536558869572,0.0,18.986992903267645,18.986992903267645,0.0
306,82.7349645495478,82.7349645495478,0.0,78.00714990190144,78.00714990190144,0.0,4.256482095311472,4.256482095311472,0.0,4.713034454701698,4.713034454701698,0.0,19.037478330281335,19.037478330281335,0.0
307,82.20915181392097,82.20915181392097,0.0,77.74997765703638,77.74997765703638,0.0,4.287602591226779,4.287602591226779,0.0,4.709837893769537,4.709837893769537,0.0,19.0028809860449,19.0028809860449,0.0
308,82.20587940896472,82.20587940896472,0.0,78.15347538706885,78.15347538706885,0.0,4.304025529381584,4.304025529381584,0.0,4.708731506904442,4.708731506904442,0.0,18.95441498314496,18.95441498314496,0.0
309,81.85867721236106,81.85867721236106,0.0,77.97118225248133,77.97118225248133,0.0,4.27075862284907,4.27075862284907,0.0,4.70489536485001,4.70489536485001,0.0,18.92994144016431,18.92994144016431,0.0
310,82.11690881918949,82.11690881918949,0.0,78.23813766383677,78.23813766383677,0.0,4.235378679471695,4.235378679471695,0.0,4.708065418130559,4.708065418130559,0.0,18.99023675365039,18.99023675365039,0.0
311,82.35730870579752,82.35730870579752,0.0,77.91278874021025,77.91278874021025,0.0,4.244209463629154,4.244209463629154,0.0,4.704268354913145,4.704268354913145,0.0,18.943301124751358,18.943301124751358,0.0
312,82.151420961847,82.151420961847,0.0,77.64019832682105,77.64019832682105,0.0,4.217165907204046,4.217165907204046,0.0,4.706464642615309,4.706464642615309,0.0,18.914853421325855,18.914853421325855,0.0
313,81.96552966987808,81.96552966987808,0.0,77.42174837124293,77.42174837124293,0.0,4.227175414949966,4.227175414949966,0.0,4.707875444235016,4.707875444235016,0.0,18.95578159585667,18.95578159585667,0.0
314,81.6663579589036,81.6663579589036,0.0,77.34998277810944,77.34998277810944,0.0,4.223759404335737,4.223759404335737,0.0,4.711196942179313,4.711196942179313,0.0,18.874569156528352,18.874569156528352,0.0
315,81.5756193591424,81.5756193591424,0.0,77.60683860455532,77.60683860455532,0.0,4.204199510542378,4.204199510542378,0.0,4.711447938594444,4.711447938594444,0.0,18.905711495175545,18.905711495175545,0.0
316,81.35940154407639,81.35940154407639,0.0,77.71548921897218,77.71548921897218,0.0,4.2120995787260815,4.2120995787260815,0.0,4.7096910681171495,4.7096910681171495,0.0,18.979992764627802,18.979992764627802,0.0
317,81.45218480526452,81.45218480526452,0.0,77.92381572214522,77.92381572214522,0.0,4.187961787206513,4.187961787206513,0.0,4.7063908673860615,4.7063908673860615,0.0,19.03670706362534,19.03670706362534,0.0
318,81.84999489985685,81.84999489985685,0.0,77.72115060187788,77.72115060187788,0.0,4.205865629389305,4.205865629389305,0.0,4.701660909064657,4.701660909064657,0.0,18.991789122550777,18.991789122550777,0.0
319,81.5265926494396,81.5265926494396,0.0,77.80665403023447,77.80665403023447,0.0,4.210900918423943,4.210900918423943,0.0,4.698026633921969,4.698026633921969,0.0,19.064739251409257,19.064739251409257,0.0
320,81.62868007631086,81.62868007631086,0.0,77.44071777876468,77.44071777876468,0.0,4.216101579543977,4.216101579543977,0.0,4.694093832006406,4.694093832006406,0.0,19.01402394150214,19.01402394150214,0.0
321,81.94294262578691,81.94294262578691,0.0,77.52141365282672,77.52141365282672,0.0,4.210501981514693,4.210501981514693,0.0,4.690143430934956,4.690143430934956,0.0,19.075868683319122,19.075868683319122,0.0
322,82.19881765508538,82.19881765508538,0.0,77.62471716897356,77.62471716897356,0.0,4.234420193753324,4.234420193753324,0.0,4.693389563512616,4.693389563512616,0.0,19.047126556960034,19.047126556960034,0.0
323,81.79900997065552,81.79900997065552,0.0,77.27338059753697,77.27338059753697,0.0,4.269367998108029,4.269367998108029,0.0,4.69826393282037,4.69826393282037,0.0,18.955082567156698,18.955082567156698,0.0
324,82.18246373198157,82.18246373198157,0.0,77.09344224919366,77.09344224919366,0.0,4.281651349516442,4.281651349516442,0.0,4.701061017917198,4.701061017917198,0.0,18.967443127569023,18.967443127569023,0.0
325,82.26609332317241,82.26609332317241,0.0,77.58319824266812,77.58319824266812,0.0,4.261380119888691,4.261380119888691,0.0,4.704672386461647,4.704672386461647,0.0,19.05564240886599,19.05564240886599,0.0
326,82.11837521391156,82.11837521391156,0.0,77.8729937353362,77.8729937353362,0.0,4.256353090529032,4.256353090529032,0.0,4.705834144051216,4.705834144051216,0.0,19.03744858999978,19.03744858999978,0.0
327,81.83969633123486,81.83969633123486,0.0,77.95449048953861,77.95449048953861,0.0,4.267079900034729,4.267079900034729,0.0,4.702594573808127,4.702594573808127,0.0,18.956561593349413,18.956561593349413,0.0
328,81.48694271840833,81.48694271840833,0.0,78.03065241168797,78.03065241168797,0.0,4.2617057099795606,4.2617057099795606,0.0,4.702706459225477,4.702706459225477,0.0,18.92112504169133,18.92112504169133,0.0
329,81.37795385627334,81.37795385627334,0.0,77.8018901163607,77.8018901163607,0.0,4.288484145160481,4.288484145160481,0.0,4.704740302152912,4.704740302152912,0.0,18.948883264906822,18.948883264906822,0.0
330,81.73829423912876,81.73829423912876,0.0,78.02643549404984,78.02643549404984,0.0,4.3074054796655386,4.3074054796655386,0.0,4.699517746483077,4.699517746483077,0.0,18.9615692763618,18.9615692763618,0.0
331,81.4070236880231,81.4070236880231,0.0,77.9553750240362,77.9553750240362,0.0,4.312861747229889,4.312861747229889,0.0,4.6963536964961055,4.6963536964961055,0.0,18.941865725057333,18.941865725057333,0.0
332,81.31941833563599,81.31941833563599,0.0,77.72582428070335,77.72582428070335,0.0,4.333804130297614,4.333804130297614,0.0,4.694787967559502,4.694787967559502,0.0,19.007354990793047,19.007354990793047,0.0
333,81.10169712680955,81.10169712680955,0.0,78.24843139411094,78.24843139411094,0.0,4.311638733380829,4.311638733380829,0.0,4.699988265380185,4.699988265380185,0.0,19.003528137371028,19.003528137371028,0.0
334,80.89479151992646,80.89479151992646,0.0,78.04020096287228,78.04020096287228,0.0,4.322887896577777,4.322887896577777,0.0,4.702189926205941,4.702189926205941,0.0,18.844857161976982,18.844857161976982,0.0
335,80.46561651730818,80.46561651730818,0.0,78.7871274253731,78.7871274253731,0.0,4.3558043551071375,4.3558043551071375,0.0,4.709412082526444,4.709412082526444,0.0,18.820607026709176,18.820607026709176,0.0
336,80.41166428690296,80.41166428690296,0.0,79.54528366148566,79.54528366148566,0.0,4.368075508395634,4.368075508395634,0.0,4.718764324291966,4.718764324291966,0.0,18.628524138123538,18.628524138123538,0.0
337,80.25540019634511,80.25540019634511,0.0,79.41529885424194,79.41529885424194,0.0,4.388217509907021,4.388217509907021,0.0,4.725318995735883,4.725318995735883,0.0,18.442624967118043,18.442624967118043,0.0
338,79.98793168566579,79.98793168566579,0.0,79.94053646546669,79.94053646546669,0.0,4.42126898255437,4.42126898255437,0.0,4.733276128469062,4.733276128469062,0.0,18.471781641276305,18.471781641276305,0.0
339,79.92867034079089,79.92867034079089,0.0,79.72084755597777,79.72084755597777,0.0,4.395682387768864,4.395682387768864,0.0,4.742444090095331,4.742444090095331,0.0,18.349707189049294,18.349707189049294,0.0
340,80.06800385839605,80.06800385839605,0.0,79.92653824972724,79.92653824972724,0.0,4.375060024634817,4.375060024634817,0.0,4.748067516403449,4.748067516403449,0.0,18.374171649696592,18.374171649696592,0.0
341,79.94413002370631,79.94413002370631,0.0,80.0759715599152,80.0759715599152,0.0,4.405381841765002,4.405381841765002,0.0,4.758738860843621,4.758738860843621,0.0,18.39684712660688,18.39684712660688,0.0
342,79.70270302145133,79.70270302145133,0.0,80.35319530239742,80.35319530239742,0.0,4.449712710783802,4.449712710783802,0.0,4.7623755747552465,4.7623755747552465,0.0,18.214935954385606,18.214935954385606,0.0
343,79.85135079477541,79.85135079477541,0.0,80.81053638482621,80.81053638482621,0.0,4.452234612285067,4.452234612285067,0.0,4.768872648013383,4.768872648013383,0.0,18.04681715330827,18.04681715330827,0.0
344,79.32847252567285,79.32847252567285,0.0,81.25787144429414,81.25787144429414,0.0,4.480411868846708,4.480411868846708,0.0,4.777080667808227,4.777080667808227,0.0,18.075985140977203,18.075985140977203,0.0
345,78.98690703350893,78.98690703350893,0.0,81.34468745166696,81.34468745166696,0.0,4.484768607349308,4.484768607349308,0.0,4.782633755922558,4.782633755922558,0.0,17.896535314117372,17.896535314117372,0.0
346,78.75939717905099,78.75939717905099,0.0,82.03984451623963,82.03984451623963,0.0,4.480537224692275,4.480537224692275,0.0,4.791690999044307,4.791690999044307,0.0,17.891878423247654,17.891878423247654,0.0
347,78.33969210577152,78.33969210577152,0.0,81.83331249091584,81.83331249091584,0.0,4.524041620925977,4.524041620925977,0.0,4.802445067470216,4.802445067470216,0.0,17.737370588474814,17.737370588474814,0.0
348,77.90725673995621,77.90725673995621,0.0,81.85788484247304,81.85788484247304,0.0,4.555624051092068,4.555624051092068,0.0,4.81228454183026,4.81228454183026,0.0,17.765171385493083,17.765171385493083,0.0
349,77.94654246975541,77.94654246975541,0.0,82.22402012735728,82.22402012735728,0.0,4.59556993200141,4.59556993200141,0.0,4.823480512841555,4.823480512841555,0.0,17.737206327425028,17.737206327425028,0.0
350,77.53387145647338,77.53387145647338,0.0,82.30025868035727,82.30025868035727,0.0,4.6123558623666625,4.6123558623666625,0.0,4.832943228907528,4.832943228907528,0.0,17.723635364885446,17.723635364885446,0.0
351,77.46461666978439,77.46461666978439,0.0,82.23092852539516,82.23092852539516,0.0,4.573780581815992,4.573780581815992,0.0,4.845906057410765,4.845906057410765,0.0,17.572213856230796,17.572213856230796,0.0
352,77.4792679582616,77.4792679582616,0.0,82.5323837013237,82.5323837013237,0.0,4.606771982924174,4.606771982924174,0.0,4.852330634034836,4.852330634034836,0.0,17.470055539787605,17.470055539787605,0.0
353,76.93546098885263,76.93546098885263,0.0,82.66817264946576,82.66817264946576,0.0,4.61907168332017,4.61907168332017,0.0,4.863224244795474,4.863224244795474,0.0,17.343456782464393,17.343456782464393,0.0
354,76.84187224454556,76.84187224454556,0.0,82.50746925161076,82.50746925161076,0.0,4.626060653429029,4.626060653429029,0.0,4.867306676947787,4.867306676947787,0.0,17.289669808155146,17.289669808155146,0.0
355,76.5717751985398,76.5717751985398,0.0,82.62295110963251,82.62295110963251,0.0,4.654609121258697,4.654609121258697,0.0,4.878273418781419,4.878273418781419,0.0,17.240851042553004,17.240851042553004,0.0
356,76.83283762043544,76.83283762043544,0.0,82.40170242173525,82.40170242173525,0.0,4.6277337384817985,4.6277337384817985,0.0,4.8841118959548835,4.8841118959548835,0.0,17.07120218426268,17.07120218426268,0.0
357,76.94595005747853,76.94595005747853,0.0,82.54079920410481,82.54079920410481,0.0,4.623836006142326,4.623836006142326,0.0,4.892175430754924,4.892175430754924,0.0,17.131180631964163,17.131180631964163,0.0
358,77.15441233386649,77.15441233386649,0.0,82.89236261018125,82.89236261018125,0.0,4.659861890672918,4.659861890672918,0.0,4.902604185561664,4.902604185561664,0.0,17.139278743736032,17.139278743736032,0.0
359,77.11719989866904,77.11719989866904,0.0,82.91486917892415,82.91486917892415,0.0,4.668851645080261,4.668851645080261,0.0,4.906738287644108,4.906738287644108,0.0,17.15162239585431,17.15162239585431,0.0
360,76.59356807945711,76.59356807945711,0.0,83.18533794278078,83.18533794278078,0.0,4.696506607366681,4.696506607366681,0.0,4.916137757769491,4.916137757769491,0.0,17.190336924111126,17.190336924111126,0.0
361,76.0821751954242,76.0821751954242,0.0,83.1408373734034,83.1408373734034,0.0,4.6759277602812865,4.6759277602812865,0.0,4.928290443458673,4.928290443458673,0.0,17.119367864540372,17.119367864540372,0.0
362,75.94644757976667,75.94644757976667,0.0,82.91840110531822,82.91840110531822,0.0,4.716464142338617,4.716464142338617,0.0,4.940249747868212,4.940249747868212,0.0,17.045175824323202,17.045175824323202,0.0
363,75.46079232972859,75.46079232972859,0.0,83.34152089574123,83.34152089574123,0.0,4.755676568177257,4.755676568177257,0.0,4.94858114119341,4.94858114119341,0.0,17.094284657527762,17.094284657527762,0.0
364,75.58723756454417,75.58723756454417,0.0,83.2924347306511,83.2924347306511,0.0,4.726909627579003,4.726909627579003,0.0,4.953217024132698,4.953217024132698,0.0,16.915356813505024,16.915356813505024,0.0
365,75.41278527746363,75.41278527746363,0.0,83.7000648338097,83.7000648338097,0.0,4.750549011721702,4.750549011721702,0.0,4.9568989938428345,4.9568989938428345,0.0,16.88439813723392,16.88439813723392,0.0
366,75.51945559609266,75.51945559609266,0.0,84.40332507770333,84.40332507770333,0.0,4.715975680888221,4.715975680888221,0.0,4.963666079860916,4.963666079860916,0.0,16.729966427926563,16.729966427926563,0.0
367,75.28203410058522,75.28203410058522,0.0,85.14720941740575,85.14720941740575,0.0,4.714496946113333,4.714496946113333,0.0,4.973651519737047,4.973651519737047,0.0,16.6875986387243,16.6875986387243,0.0
368,75.01652494210275,75.01652494210275,0.0,85.54983584926003,85.54983584926003,0.0,4.7109608324507555,4.7109608324507555,0.0,4.984896259199409,4.984896259199409,0.0,16.58019329421928,16.58019329421928,0.0
369,75.10749395285265,75.10749395285265,0.0,85.43911577620408,85.43911577620408,0.0,4.729903600971332,4.729903600971332,0.0,4.994180336926493,4.994180336926493,0.0,16.426543815994734,16.426543815994734,0.0
370,74.68765181911321,74.68765181911321,0.0,85.61821320629839,85.61821320629839,0.0,4.74849898772034,4.74849898772034,0.0,5.002495289718058,5.002495289718058,0.0,16.36946478297752,16.36946478297752,0.0
371,74.34785965840729,74.34785965840729,0.0,85.39595255398686,85.39595255398686,0.0,4.743620572246456,4.743620572246456,0.0,5.005792004908154,5.005792004908154,0.0,16.440851530538325,16.440851530538325,0.0
372,74.11918279254103,74.11918279254103,0.0,85.6155896448496,85.6155896448496,0.0,4.744131869532397,4.744131869532397,0.0,5.00672423557823,5.00672423557823,0.0,16.537400440091652,16.537400440091652,0.0
373,73.84184144220109,73.84184144220109,0.0,85.70598590444456,85.70598590444456,0.0,4.743611572154891,4.743611572154891,0.0,5.010560980542663,5.010560980542663,0.0,16.5098129279217,16.5098129279217,0.0
374,73.59390763874036,73.59390763874036,0.0,86.40264659389442,86.40264659389442,0.0,4.791428094522416,4.791428094522416,0.0,5.017204688328807,5.017204688328807,0.0,16.445537145493923,16.445537145493923,0.0
375,73.61403318115059,73.61403318115059,0.0,86.18891497874758,86.18891497874758,0.0,4.794880695571131,4.794880695571131,0.0,5.018532614695002,5.018532614695002,0.0,16.310957873461412,16.310957873461412,0.0
376,73.64954685013522,73.64954685013522,0.0,85.99223567316116,85.99223567316116,0.0,4.779338781467498,4.779338781467498,0.0,5.021880035733737,5.021880035733737,0.0,16.377689612481444,16.377689612481444,0.0
377,73.80396095916544,73.80396095916544,0.0,85.7177804570577,85.7177804570577,0.0,4.770855999025958,4.770855999025958,0.0,5.032264998982133,5.032264998982133,0.0,16.348463069362722,16.348463069362722,0.0
378,73.93908836265123,73.93908836265123,0.0,85.94708052582457,85.94708052582457,0.0,4.766637516788166,4.766637516788166,0.0,5.040759726735415,5.040759726735415,0.0,16.391323711255943,16.391323711255943,0.0
379,74.3209497442018,74.3209497442018,0.0,85.83978508867133,85.83978508867133,0.0,4.812688926997046,4.812688926997046,0.0,5.04269362496275,5.04269362496275,0.0,16.276188802907093,16.276188802907093,0.0
380,74.6142660132854,74.6142660132854,0.0,86.11913044628767,86.11913044628767,0.0,4.833105978300465,4.833105978300465,0.0,5.047630391696756,5.047630391696756,0.0,16.337125460002586,16.337125460002586,0.0
381,74.26546846752878,74.26546846752878,0.0,86.51767902940789,86.51767902940789,0.0,4.827302699845052,4.827302699845052,0.0,5.048648787105854,5.048648787105854,0.0,16.182741653082644,16.182741653082644,0.0
382,74.24888302307058,74.24888302307058,0.0,86.84899428321877,86.84899428321877,0.0,4.835482911131673,4.835482911131673,0.0,5.058216354123123,5.058216354123123,0.0,16.19060086057911,16.19060086057911,0.0
383,74.31771557983987,74.31771557983987,0.0,86.78707594393279,86.78707594393279,0.0,4.854609957919214,4.854609957919214,0.0,5.065910130961293,5.065910130961293,0.0,16.153366171892493,16.153366171892493,0.0
384,74.12453434414853,74.12453434414853,0.0,87.04218681283582,87.04218681283582,0.0,4.835722330954868,4.835722330954868,0.0,5.071609709933444,5.071609709933444,0.0,16.144794811838715,16.144794811838715,0.0
385,74.2604958258003,74.2604958258003,0.0,87.36222160871334,87.36222160871334,0.0,4.8389032731956805,4.8389032731956805,0.0,5.074491642361562,5.074491642361562,0.0,16.120072507334374,16.120072507334374,0.0
386,74.46736281497147,74.46736281497147,0.0,87.58254122269973,87.58254122269973,0.0,4.867137864730556,4.867137864730556,0.0,5.076939935014248,5.076939935014248,0.0,16.20130285307818,16.20130285307818,0.0
387,74.3207525141344,74.3207525141344,0.0,87.39207802878694,87.39207802878694,0.0,4.890412364076997,4.890412364076997,0.0,5.08237586774023,5.08237586774023,0.0,16.118358778157507,16.118358778157507,0.0
388,74.27990480824351,74.27990480824351,0.0,87.67253615192095,87.67253615192095,0.0,4.90379214628386,4.90379214628386,0.0,5.084993357110567,5.084993357110567,0.0,16.056467168964733,16.056467168964733,0.0
389,74.4928380430866,74.4928380430866,0.0,87.32836222095368,87.32836222095368,0.0,4.882397187080991,4.882397187080991,0.0,5.088701750751306,5.088701750751306,0.0,16.14673855420486,16.14673855420486,0.0
390,74.35069905347973,74.35069905347973,0.0,87.44672669702614,87.44672669702614,0.0,4.874930560312366,4.874930560312366,0.0,5.0949136838490965,5.0949136838490965,0.0,16.129186552483073,16.129186552483073,0.0
391,74.16224089318531,74.16224089318531,0.0,87.11289208221574,87.11289208221574,0.0,4.846003632586528,4.846003632586528,0.0,5.097242644363656,5.097242644363656,0.0,16.07618418922263,16.07618418922263,0.0
392,73.69264832695636,73.69264832695636,0.0,87.19591043887851,87.19591043887851,0.0,4.837971817215394,4.837971817215394,0.0,5.099950522729168,5.099950522729168,0.0,16.08462796574205,16.08462796574205,0.0
393,73.59413988375046,73.59413988375046,0.0,87.29533768853162,87.29533768853162,0.0,4.862241084914733,4.862241084914733,0.0,5.10124359429088,5.10124359429088,0.0,15.943254728094066,15.943254728094066,0.0
394,73.7680187085636,73.7680187085636,0.0,87.54894636649962,87.54894636649962,0.0,4.8798036543726395,4.8798036543726395,0.0,5.106176070961779,5.106176070961779,0.0,15.931701771964219,15.931701771964219,0.0
395,74.04231161897697,74.04231161897697,0.0,87.29846716450858,87.29846716450858,0.0,4.856415050110537,4.856415050110537,0.0,5.109696497939294,5.109696497939294,0.0,16.009207326980025,16.009207326980025,0.0
396,73.65843981848327,73.65843981848327,0.0,87.16581256228189,87.16581256228189,0.0,4.874967411012488,4.874967411012488,0.0,5.1118084461379825,5.1118084461379825,0.0,16.04430151560376,16.04430151560376,0.0
397,73.64336856869899,73.64336856869899,0.0,87.28303618443877,87.28303618443877,0.0,4.871305454133885,4.871305454133885,0.0,5.116622765632483,5.116622765632483,0.0,16.03403304568012,16.03403304568012,0.0
398,73.73523527853911,73.73523527853911,0.0,87.25295902084822,87.25295902084822,0.0,4.845538462535145,4.845538462535145,0.0,5.122865051315036,5.122865051315036,0.0,16.07492318063398,16.07492318063398,0.0
399,73.46321686663391,73.46321686663391,0.0,87.22706700066638,87.22706700066638,0.0,4.884434296330869,4.884434296330869,0.0,5.125301444216736,5.125301444216736,0.0,15.958599835644335,15.958599835644335,0.0
400,73.45133766643525,73.45133766643525,0.0,87.54024095206688,87.54024095206688,0.0,4.877325326893119,4.877325326893119,0.0,5.130852463769854,5.130852463769854,0.0,15.94143356721951,15.94143356721951,0.0
401,73.6092629743688,73.6092629743688,0.0,87.63355172594889,87.63355172594889,0.0,4.892826077484886,4.892826077484886,0.0,5.128479084135052,5.128479084135052,0.0,15.887045732456738,15.887045732456738,0.0
402,73.17628615978559,73.17628615978559,0.0,87.44168280017328,87.44168280017328,0.0,4.912906966901624,4.912906966901624,0.0,5.13067912599471,5.13067912599471,0.0,15.814448939978163,15.814448939978163,0.0
403,72.83240813561393,72.83240813561393,0.0,87.31519630991886,87.31519630991886,0.0,4.925996587672641,4.925996587672641,0.0,5.134648240274152,5.134648240274152,0.0,15.848207591459541,15.848207591459541,0.0
404,73.23527605926206,73.23527605926206,0.0,87.53055856871924,87.53055856871924,0.0,4.898033631819955,4.898033631819955,0.0,5.134626472140212,5.134626472140212,0.0,15.85751753899914,15.85751753899914,0.0
405,72.80304236720498,72.80304236720498,0.0,87.24901110572208,87.24901110572208,0.0,4.873788524147275,4.873788524147275,0.0,5.139724033176964,5.139724033176964,0.0,15.82233976647986,15.82233976647986,0.0
406,72.80574268098025,72.80574268098025,0.0,87.60779547680677,87.60779547680677,0.0,4.875385226100895,4.875385226100895,0.0,5.144768357244048,5.144768357244048,0.0,15.838641610589733,15.838641610589733,0.0
407,72.46502144239821,72.46502144239821,0.0,87.7725274050451,87.7725274050451,0.0,4.867163326389017,4.867163326389017,0.0,5.14386302649505,5.14386302649505,0.0,15.818420111851278,15.818420111851278,0.0
408,72.24992969357251,72.24992969357251,0.0,88.10557116078624,88.10557116078624,0.0,4.898210423985837,4.898210423985837,0.0,5.145879459206106,5.145879459206106,0.0,15.914269617104434,15.914269617104434,0.0
409,72.02621173779119,72.02621173779119,0.0,88.61576548128727,88.61576548128727,0.0,4.893459163574599,4.893459163574599,0.0,5.150560859318659,5.150560859318659,0.0,15.892524719361887,15.892524719361887,0.0
410,72.3225966774923,72.3225966774923,0.0,89.09570952437849,89.09570952437849,0.0,4.868435592224612,4.868435592224612,0.0,5.155036706909438,5.155036706909438,0.0,15.793886417823003,15.793886417823003,0.0
411,72.22410989561948,72.22410989561948,0.0,89.30175749543365,89.30175749543365,0.0,4.866678649448155,4.866678649448155,0.0,5.15911233112423,5.15911233112423,0.0,15.762472542750611,15.762472542750611,0.0
412,72.69648090730878,72.69648090730878,0.0,89.21202983170036,89.21202983170036,0.0,4.902360295734087,4.902360295734087,0.0,5.160662120960389,5.160662120960389,0.0,15.621961055978073,15.621961055978073,0.0
413,72.85279970433005,72.85279970433005,0.0,89.01235460355673,89.01235460355673,0.0,4.879801455723587,4.879801455723587,0.0,5.158360147805195,5.158360147805195,0.0,15.55239681563793,15.55239681563793,0.0
414,72.45592955363584,72.45592955363584,0.0,88.79949798027216,88.79949798027216,0.0,4.892427891466052,4.892427891466052,0.0,5.157494970643913,5.157494970643913,0.0,15.525500112385918,15.525500112385918,0.0
415,72.31136631678307,72.31136631678307,0.0,89.03700331900983,89.03700331900983,0.0,4.939323362875877,4.939323362875877,0.0,5.160335125596705,5.160335125596705,0.0,15.570653884877917,15.570653884877917,0.0
416,72.72826365625512,72.72826365625512,0.0,89.53976679421669,89.53976679421669,0.0,4.9807411968829935,4.9807411968829935,0.0,5.164902763553778,5.164902763553778,0.0,15.630372665404202,15.630372665404202,0.0
417,72.9888550643465,72.9888550643465,0.0,89.56999618325455,89.56999618325455,0.0,5.003723668124985,5.003723668124985,0.0,5.1681240126292325,5.1681240126292325,0.0,15.554260482687656,15.554260482687656,0.0
418,72.8976433369499,72.8976433369499,0.0,89.3979769981859,89.3979769981859,0.0,4.990698236038904,4.990698236038904,0.0,5.168065001169404,5.168065001169404,0.0,15.618833727255282,15.618833727255282,0.0
419,73.13233590222653,73.13233590222653,0.0,89.22008122840185,89.22008122840185,0.0,4.968712635218645,4.968712635218645,0.0,5.1729239026803215,5.1729239026803215,0.0,15.594149724427728,15.594149724427728,0.0
420,73.37753013295445,73.37753013295445,0.0,88.76420264499548,88.76420264499548,0.0,4.989506290879508,4.989506290879508,0.0,5.175425651058843,5.175425651058843,0.0,15.691382905557125,15.691382905557125,0.0
421,73.18187562990708,73.18187562990708,0.0,88.80594857089484,88.80594857089484,0.0,4.950841310107582,4.950841310107582,0.0,5.175809627382563,5.175809627382563,0.0,15.71868232908734,15.71868232908734,0.0
422,72.99578064181992,72.99578064181992,0.0,88.56215555135397,88.56215555135397,0.0,4.978692655564171,4.978692655564171,0.0,5.1742593226595615,5.1742593226595615,0.0,15.658919178947905,15.658919178947905,0.0
423,72.94985027343459,72.94985027343459,0.0,88.53691137857997,88.53691137857997,0.0,4.991335652543904,4.991335652543904,0.0,5.170000558521742,5.170000558521742,0.0,15.717341362245312,15.717341362245312,0.0
424,73.08376664436959,73.08376664436959,0.0,88.32905589211511,88.32905589211511,0.0,5.016460846320862,5.016460846320862,0.0,5.170070115984021,5.170070115984021,0.0,15.700742033250723,15.700742033250723,0.0
425,73.33013232410194,73.33013232410194,0.0,88.4790284013777,88.4790284013777,0.0,4.980334369309017,4.980334369309017,0.0,5.1722783315352245,5.1722783315352245,0.0,15.691897998041437,15.691897998041437,0.0
426,73.50909002976648,73.50909002976648,0.0,88.61954821240471,88.61954821240471,0.0,4.958642361489738,4.958642361489738,0.0,5.171583688501201,5.171583688501201,0.0,15.747121609585502,15.747121609585502,0.0
427,73.03942543933715,73.03942543933715,0.0,88.52322658588191,88.52322658588191,0.0,4.975904524283915,4.975904524283915,0.0,5.169621010879325,5.169621010879325,0.0,15.777615543415799,15.777615543415799,0.0
428,73.0830919983863,73.0830919983863,0.0,88.39259733318558,88.39259733318558,0.0,4.945667037165394,4.945667037165394,0.0,5.167787403128933,5.167787403128933,0.0,15.773794402956218,15.773794402956218,0.0
429,72.56104812536752,72.56104812536752,0.0,88.87539444585217,88.87539444585217,0.0,4.988024376281218,4.988024376281218,0.0,5.168111611885874,5.168111611885874,0.0,15.86759983251452,15.86759983251452,0.0
430,72.18067597760312,72.18067597760312,0.0,89.08821227480155,89.08821227480155,0.0,4.954013572563476,4.954013572563476,0.0,5.167368613888181,5.167368613888181,0.0,15.77829621065393,15.77829621065393,0.0
431,71.92017439112787,71.92017439112787,0.0,89.47773969128819,89.47773969128819,0.0,4.927112435836996,4.927112435836996,0.0,5.173527664840731,5.173527664840731,0.0,15.776253157486043,15.776253157486043,0.0
432,72.0195464155009,72.0195464155009,0.0,89.38355849702668,89.38355849702668,0.0,4.9284691592913985,4.9284691592913985,0.0,5.176534406490457,5.176534406490457,0.0,15.677541939695566,15.677541939695566,0.0
433,71.79561475371081,71.79561475371081,0.0,89.51937121559207,89.51937121559207,0.0,4.963350840919205,4.963350840919205,0.0,5.17298704236254,5.17298704236254,0.0,15.779028372946073,15.779028372946073,0.0
434,72.09121397017321,72.09121397017321,0.0,89.48166584240396,89.48166584240396,0.0,5.001964594476331,5.001964594476331,0.0,5.172043772131363,5.172043772131363,0.0,15.768536292467147,15.768536292467147,0.0
435,71.9509923775668,71.9509923775668,0.0,89.34948082596541,89.34948082596541,0.0,5.006487741628988,5.006487741628988,0.0,5.174147734950414,5.174147734950414,0.0,15.714926119485277,15.714926119485277,0.0
436,72.16520083814733,72.16520083814733,0.0,89.67457193312327,89.67457193312327,0.0,4.986645506664756,4.986645506664756,0.0,5.1752246120138645,5.1752246120138645,0.0,15.792092971465934,15.792092971465934,0.0
437,72.38473823354687,72.38473823354687,0.0,89.22195663209894,89.22195663209894,0.0,5.0172477448054975,5.0172477448054975,0.0,5.180622890605303,5.180622890605303,0.0,15.67112181694971,15.67112181694971,0.0
438,72.05472145968405,72.05472145968405,0.0,89.35051414550264,89.35051414550264,0.0,5.01430469581225,5.01430469581225,0.0,5.185856826096791,5.185856826096791,0.0,15.700487618899363,15.700487618899363,0.0
439,72.43984739880231,72.43984739880231,0.0,89.50716632340921,89.50716632340921,0.0,5.015056341006267,5.015056341006267,0.0,5.184585245596332,5.184585245596332,0.0,15.675633764335736,15.675633764335736,0.0
440,72.61663254112244,72.61663254112244,0.0,89.95807225118203,89.95807225118203,0.0,4.971664917422259,4.971664917422259,0.0,5.1804711733255004,5.1804711733255004,0.0,15.744194518693945,15.744194518693945,0.0
441,72.18153366456066,72.18153366456066,0.0,89.95510084303083,89.95510084303083,0.0,4.973332793252303,4.973332793252303,0.0,5.182329927038786,5.182329927038786,0.0,15.60113929490284,15.60113929490284,0.0
442,72.124319691474,72.124319691474,0.0,89.68740338312516,89.68740338312516,0.0,4.97726129484143,4.97726129484143,0.0,5.183947229951455,5.183947229951455,0.0,15.695478737440117,15.695478737440117,0.0
443,71.991635684713,71.991635684713,0.0,89.45995912113344,89.45995912113344,0.0,5.002469937284622,5.002469937284622,0.0,5.184669992671782,5.184669992671782,0.0,15.619950946345107,15.619950946345107,0.0
444,72.14113860540301,72.14113860540301,0.0,89.79341301847641,89.79341301847641,0.0,4.965047905428543,4.965047905428543,0.0,5.186988137118024,5.186988137118024,0.0,15.600074764341205,15.600074764341205,0.0
445,72.43195090775956,72.43195090775956,0.0,89.25040280167919,89.25040280167919,0.0,4.962155158967256,4.962155158967256,0.0,5.186697212333607,5.186697212333607,0.0,15.50237901967267,15.50237901967267,0.0
446,72.23901959526417,72.23901959526417,0.0,89.61483683412537,89.61483683412537,0.0,4.934519799370738,4.934519799370738,0.0,5.189003194801415,5.189003194801415,0.0,15.607787246862493,15.607787246862493,0.0
447,71.96345115841977,71.96345115841977,0.0,89.86189325534934,89.86189325534934,0.0,4.963719912714995,4.963719912714995,0.0,5.191280879039875,5.191280879039875,0.0,15.531577636254632,15.531577636254632,0.0
448,71.70711026717646,71.70711026717646,0.0,89.79722909564737,89.79722909564737,0.0,4.997377731095876,4.997377731095876,0.0,5.193909627040386,5.193909627040386,0.0,15.411845316561047,15.411845316561047,0.0
449,72.04021440529179,72.04021440529179,0.0,89.33953720767757,89.33953720767757,0.0,5.012695984947775,5.012695984947775,0.0,5.1944060656684155,5.1944060656684155,0.0,15.348404935131441,15.348404935131441,0.0
450,72.03028361315523,72.03028361315523,0.0,89.32620864337119,89.32620864337119,0.0,5.014406185972835,5.014406185972835,0.0,5.192797990926596,5.192797990926596,0.0,15.417984726614469,15.417984726614469,0.0
451,71.73923023229217,71.73923023229217,0.0,89.59357983436874,89.59357983436874,0.0,4.988874132429745,4.988874132429745,0.0,5.192753866800655,5.192753866800655,0.0,15.457373358363341,15.457373358363341,0.0
452,72.1079019801826,72.1079019801826,0.0,89.47582506909407,89.47582506909407,0.0,4.979168814521268,4.979168814521268,0.0,5.189149086489257,5.189149086489257,0.0,15.439079297955882,15.439079297955882,0.0
453,72.4043719915875,72.4043719915875,0.0,89.87031027138137,89.87031027138137,0.0,4.999430220446424,4.999430220446424,0.0,5.18854783169299,5.18854783169299,0.0,15.504099610114185,15.504099610114185,0.0
454,72.29313336139417,72.29313336139417,0.0,89.78317317675112,89.78317317675112,0.0,4.964029946801774,4.964029946801774,0.0,5.18755075981106,5.18755075981106,0.0,15.485083070999039,15.485083070999039,0.0
455,72.58965382379596,72.58965382379596,0.0,89.88102593612474,89.88102593612474,0.0,5.005680340502487,5.005680340502487,0.0,5.192467130327386,5.192467130327386,0.0,15.426725095017154,15.426725095017154,0.0
456,72.48202543071937,72.48202543071937,0.0,90.04854007431463,90.04854007431463,0.0,4.989511241238111,4.989511241238111,0.0,5.193000849223496,5.193000849223496,0.0,15.508691968937704,15.508691968937704,0.0
457,72.18147719177242,72.18147719177242,0.0,89.89566798727871,89.89566798727871,0.0,4.999180290295804,4.999180290295804,0.0,5.19261990088734,5.19261990088734,0.0,15.55539297811573,15.55539297811573,0.0
458,72.1686987948023,72.1686987948023,0.0,89.77207043255778,89.77207043255778,0.0,5.029830876373971,5.029830876373971,0.0,5.195253976095376,5.195253976095376,0.0,15.526861859244462,15.526861859244462,0.0
459,71.76781682225287,71.76781682225287,0.0,89.52449003429807,89.52449003429807,0.0,5.012128603219474,5.012128603219474,0.0,5.198486746244587,5.198486746244587,0.0,15.449907189366634,15.449907189366634,0.0
460,72.19448598599536,72.19448598599536,0.0,89.4553936993684,89.4553936993684,0.0,5.037036850442058,5.037036850442058,0.0,5.200355232018121,5.200355232018121,0.0,15.471413201922878,15.471413201922878,0.0
461,72.20609262777019,72.20609262777019,0.0,89.37325444075626,89.37325444075626,0.0,4.995546206818633,4.995546206818633,0.0,5.20478896455408,5.20478896455408,0.0,15.591181971649355,15.591181971649355,0.0
462,71.86541072460892,71.86541072460892,0.0,89.94433276202834,89.94433276202834,0.0,4.9964123343816755,4.9964123343816755,0.0,5.205923708237454,5.205923708237454,0.0,15.638224809678865,15.638224809678865,0.0
463,72.29097688787472,72.29097688787472,0.0,89.41718934054784,89.41718934054784,0.0,4.966306396983216,4.966306396983216,0.0,5.208174973672018,5.208174973672018,0.0,15.510787218974947,15.510787218974947,0.0
464,72.31330805602366,72.31330805602366,0.0,89.81080956826418,89.81080956826418,0.0,4.948510315889564,4.948510315889564,0.0,5.20467208182938,5.20467208182938,0.0,15.604838250888125,15.604838250888125,0.0
465,72.5173055926187,72.5173055926187,0.0,90.09962025249749,90.09962025249749,0.0,4.939626265960162,4.939626265960162,0.0,5.20157396834959,5.20157396834959,0.0,15.601185934631921,15.601185934631921,0.0
466,72.20518111704835,72.20518111704835,0.0,90.2714482496499,90.2714482496499,0.0,4.918951892033786,4.918951892033786,0.0,5.197662317196523,5.197662317196523,0.0,15.532155331977997,15.532155331977997,0.0
467,72.11203661799358,72.11203661799358,0.0,90.61364230180392,90.61364230180392,0.0,4.905245302624075,4.905245302624075,0.0,5.195516834211773,5.195516834211773,0.0,15.451525005856501,15.451525005856501,0.0
468,71.80587955666265,71.80587955666265,0.0,90.51669082379685,90.51669082379685,0.0,4.942899684793913,4.942899684793913,0.0,5.197442217983549,5.197442217983549,0.0,15.440530805932731,15.440530805932731,0.0
469,72.12743095925799,72.12743095925799,0.0,90.03513048145761,90.03513048145761,0.0,4.929323099719684,4.929323099719684,0.0,5.19581547850822,5.19581547850822,0.0,15.52417925426379,15.52417925426379,0.0
470,72.26312411385094,72.26312411385094,0.0,90.29860784522297,90.29860784522297,0.0,4.900216866995499,4.900216866995499,0.0,5.194818042963876,5.194818042963876,0.0,15.555823003880615,15.555823003880615,0.0
471,72.43037750196083,72.43037750196083,0.0,90.10383247271024,90.10383247271024,0.0,4.936843321593968,4.936843321593968,0.0,5.191266690662408,5.191266690662408,0.0,15.600338306563998,15.600338306563998,0.0
472,72.63260759591724,72.63260759591724,0.0,90.0092275420237,90.0092275420237,0.0,4.970207873905717,4.970207873905717,0.0,5.190335676382767,5.190335676382767,0.0,15.64205475468558,15.64205475468558,0.0
473,72.64910695379463,72.64910695379463,0.0,89.84184217389345,89.84184217389345,0.0,4.9982874753247275,4.9982874753247275,0.0,5.185986236007076,5.185986236007076,0.0,15.497703285562654,15.497703285562654,0.0
474,72.8683586911544,72.8683586911544,0.0,89.52567137626967,89.52567137626967,0.0,5.030045238867289,5.030045238867289,0.0,5.190071269361172,5.190071269361172,0.0,15.469104109513463,15.469104109513463,0.0
475,72.35953795069295,72.35953795069295,0.0,89.28657948776909,89.28657948776909,0.0,5.031108573996897,5.031108573996897,0.0,5.193763759861739,5.193763759861739,0.0,15.478079960279207,15.478079960279207,0.0
476,71.93190650520103,71.93190650520103,0.0,89.18349891649446,89.18349891649446,0.0,5.003324699635402,5.003324699635402,0.0,5.190826104769443,5.190826104769443,0.0,15.481558959659672,15.481558959659672,0.0
477,72.26448716589252,72.26448716589252,0.0,89.14731245377243,89.14731245377243,0.0,4.9817518471543885,4.9817518471543885,0.0,5.189212962608505,5.189212962608505,0.0,15.429620431697881,15.429620431697881,0.0
478,72.27015054468433,72.27015054468433,0.0,88.85648257678221,88.85648257678221,0.0,4.954392916203962,4.954392916203962,0.0,5.186782086309818,5.186782086309818,0.0,15.54394869401359,15.54394869401359,0.0
479,72.25445962029066,72.25445962029066,0.0,89.28396171548007,89.28396171548007,0.0,4.983310028493954,4.983310028493954,0.0,5.192454469978306,5.192454469978306,0.0,15.638244519274739,15.638244519274739,0.0
480,72.10783743020181,72.10783743020181,0.0,89.36729218049003,89.36729218049003,0.0,5.017828418157105,5.017828418157105,0.0,5.192812341555305,5.192812341555305,0.0,15.580579853048013,15.580579853048013,0.0
481,71.84395592834345,71.84395592834345,0.0,89.12331054562004,89.12331054562004,0.0,5.046422193422788,5.046422193422788,0.0,5.19591188050031,5.19591188050031,0.0,15.550913428580827,15.550913428580827,0.0
482,72.27689309777793,72.27689309777793,0.0,89.44480964601878,89.44480964601878,0.0,5.079539536178293,5.079539536178293,0.0,5.20072655122752,5.20072655122752,0.0,15.580404724680454,15.580404724680454,0.0
483,72.36324395815285,72.36324395815285,0.0,89.64568285314058,89.64568285314058,0.0,5.101682535308984,5.101682535308984,0.0,5.195983811487095,5.195983811487095,0.0,15.554321872275414,15.554321872275414,0.0
484,72.08361748269358,72.08361748269358,0.0,90.0787703108328,90.0787703108328,0.0,5.075902710286478,5.075902710286478,0.0,5.199461406809793,5.199461406809793,0.0,15.596189218698878,15.596189218698878,0.0
485,71.81967927895671,71.81967927895671,0.0,90.34976522040954,90.34976522040954,0.0,5.081001092429261,5.081001092429261,0.0,5.2034162550854655,5.2034162550854655,0.0,15.48974921939573,15.48974921939573,0.0
486,72.02281435772727,72.02281435772727,0.0,90.56077814264778,90.56077814264778,0.0,5.074679266838186,5.074679266838186,0.0,5.199804902990636,5.199804902990636,0.0,15.458502629002473,15.458502629002473,0.0
487,72.33365190540405,72.33365190540405,0.0,90.33111567846323,90.33111567846323,0.0,5.063404478872313,5.063404478872313,0.0,5.1955097659494385,5.1955097659494385,0.0,15.343126888420178,15.343126888420178,0.0
488,72.05757314441786,72.05757314441786,0.0,89.89795585701985,89.89795585701985,0.0,5.087846024770758,5.087846024770758,0.0,5.192677112300131,5.192677112300131,0.0,15.353751785539663,15.353751785539663,0.0
489,72.2297352347234,72.2297352347234,0.0,90.37389666967762,90.37389666967762,0.0,5.061507289187479,5.061507289187479,0.0,5.188282194128834,5.188282194128834,0.0,15.35460578156443,15.35460578156443,0.0
490,72.53062220831413,72.53062220831413,0.0,90.72850353991036,90.72850353991036,0.0,5.081658701523028,5.081658701523028,0.0,5.1936316748753315,5.1936316748753315,0.0,15.258350370418547,15.258350370418547,0.0
491,72.7964399683818,72.7964399683818,0.0,90.26854330661799,90.26854330661799,0.0,5.054432026845433,5.054432026845433,0.0,5.190318691589279,5.190318691589279,0.0,15.20902791941014,15.20902791941014,0.0
492,73.01921189297698,73.01921189297698,0.0,90.7354608839783,90.7354608839783,0.0,5.058639336969676,5.058639336969676,0.0,5.187654230043397,5.187654230043397,0.0,15.259035017229127,15.259035017229127,0.0
493,72.99722720414566,72.99722720414566,0.0,91.07271745880381,91.07271745880381,0.0,5.02822688623311,5.02822688623311,0.0,5.189356201485558,5.189356201485558,0.0,15.205195849290426,15.205195849290426,0.0
494,72.6695783201165,72.6695783201165,0.0,90.73066697479655,90.73066697479655,0.0,5.042325756424302,5.042325756424302,0.0,5.194526195780161,5.194526195780161,0.0,15.123773611233073,15.123773611233073,0.0
495,72.46889356390568,72.46889356390568,0.0,91.2419681685578,91.2419681685578,0.0,4.9988466505909,4.9988466505909,0.0,5.195824363573953,5.195824363573953,0.0,15.111253960897884,15.111253960897884,0.0
496,72.76508812390416,72.76508812390416,0.0,91.01275400769649,91.01275400769649,0.0,5.033514247284787,5.033514247284787,0.0,5.192406638845684,5.192406638845684,0.0,15.024593799319586,15.024593799319586,0.0
497,72.42372820767231,72.42372820767231,0.0,90.84788168597368,90.84788168597368,0.0,5.059471218294957,5.059471218294957,0.0,5.18874818738141,5.18874818738141,0.0,15.139169192981928,15.139169192981928,0.0
498,72.46490455460291,72.46490455460291,0.0,90.88087764859945,90.88087764859945,0.0,5.032377466148646,5.032377466148646,0.0,5.186995408848127,5.186995408848127,0.0,15.052070394463618,15.052070394463618,0.0
499,72.19244134562513,72.19244134562513,0.0,90.19052974274628,90.19052974274628,0.0,5.018561374538516,5.018561374538516,0.0,5.190218057585632,5.190218057585632,0.0,14.998812337501395,14.998812337501395,0.0
500,72.47147003314278,72.47147003314278,0.0,90.0630960445389,90.0630960445389,0.0,5.019403947129432,5.019403947129432,0.0,5.186876165843828,5.186876165843828,0.0,15.144162399094593,15.144162399094593,0.0
501,72.68331279805058,72.68331279805058,0.0,90.27123228354863,90.27123228354863,0.0,4.989477036315056,4.989477036315056,0.0,5.183528819268315,5.183528819268315,0.0,15.177244080732754,15.177244080732754,0.0
502,72.40124245749895,72.40124245749895,0.0,90.51161382051701,90.51161382051701,0.0,4.956469252058468,4.956469252058468,0.0,5.1814174551993935,5.1814174551993935,0.0,15.167381716249182,15.167381716249182,0.0
503,72.51977165055276,72.51977165055276,0.0,90.78761994381861,90.78761994381861,0.0,4.929379175204637,4.929379175204637,0.0,5.1837184014375985,5.1837184014375985,0.0,15.240735997083945,15.240735997083945,0.0
504,72.41723048976353,72.41723048976353,0.0,90.82596621938652,90.82596621938652,0.0,4.911657715746664,4.911657715746664,0.0,5.188796703929512,5.188796703929512,0.0,15.249010744566302,15.249010744566302,0.0
505,72.02791378867427,72.02791378867427,0.0,90.33943771054984,90.33943771054984,0.0,4.938881905347495,4.938881905347495,0.0,5.1917957841125455,5.1917957841125455,0.0,15.38379056989077,15.38379056989077,0.0
506,71.84019977906684,71.84019977906684,0.0,89.98371576717643,89.98371576717643,0.0,4.910687276682188,4.910687276682188,0.0,5.193056226028183,5.193056226028183,0.0,15.459562796168845,15.459562796168845,0.0
507,71.59700436337957,71.59700436337957,0.0,89.85897629031834,89.85897629031834,0.0,4.905848985388349,4.905848985388349,0.0,5.1951221048438425,5.1951221048438425,0.0,15.507622419704774,15.507622419704774,0.0
508,71.43459789320694,71.43459789320694,0.0,89.38722252569332,89.38722252569332,0.0,4.901445303482529,4.901445303482529,0.0,5.191225554189438,5.191225554189438,0.0,15.530403306021064,15.530403306021064,0.0
509,71.38841614085747,71.38841614085747,0.0,89.3991079738596,89.3991079738596,0.0,4.927175387017446,4.927175387017446,0.0,5.187736035037743,5.187736035037743,0.0,15.63327459060859,15.63327459060859,0.0
510,71.25167567827124,71.25167567827124,0.0,89.54170216201652,89.54170216201652,0.0,4.9322679927545146,4.9322679927545146,0.0,5.186250472161457,5.186250472161457,0.0,15.632170703118216,15.632170703118216,0.0
511,71.17266359903196,71.17266359903196,0.0,89.13354272423692,89.13354272423692,0.0,4.961208104164057,4.961208104164057,0.0,5.188928661980921,5.188928661980921,0.0,15.510574057607013,15.510574057607013,0.0
512,71.19766735462345,71.19766735462345,0.0,89.63126143712553,89.63126143712553,0.0,4.973550278194699,4.973550278194699,0.0,5.190349896354653,5.190349896354653,0.0,15.554769394085952,15.554769394085952,0.0
513,71.5978297609241,71.5978297609241,0.0,89.66502919161901,89.66502919161901,0.0,5.006422841808889,5.006422841808889,0.0,5.190869719921724,5.190869719921724,0.0,15.526341497459399,15.526341497459399,0.0
514,71.651740682161,71.651740682161,0.0,89.83012341678007,89.83012341678007,0.0,5.0227122755481455,5.0227122755481455,0.0,5.191620751513137,5.191620751513137,0.0,15.531601923891042,15.531601923891042,0.0
515,71.95522965581581,71.95522965581581,0.0,90.02915254623501,90.02915254623501,0.0,4.989311319706158,4.989311319706158,0.0,5.194862606787263,5.194862606787263,0.0,15.62017813224653,15.62017813224653,0.0
516,72.35083953458982,72.35083953458982,0.0,90.49283921870129,90.49283921870129,0.0,4.960829099166856,4.960829099166856,0.0,5.194507119062022,5.194507119062022,0.0,15.550437803470388,15.550437803470388,0.0
517,72.23555771279025,72.23555771279025,0.0,90.76876902625878,90.76876902625878,0.0,4.992772261248522,4.992772261248522,0.0,5.192525169172668,5.192525169172668,0.0,15.416089363654404,15.416089363654404,0.0
518,72.52419749310496,72.52419749310496,0.0,90.38685451831083,90.38685451831083,0.0,4.985522832559738,4.985522832559738,0.0,5.191384091700711,5.191384091700711,0.0,15.291324018922356,15.291324018922356,0.0
519,72.3957023531895,72.3957023531895,0.0,90.74492267679634,90.74492267679634,0.0,4.997294697782158,4.997294697782158,0.0,5.192298601796779,5.192298601796779,0.0,15.411084754195048,15.411084754195048,0.0
520,72.25552760463675,72.25552760463675,0.0,90.56356580749984,90.56356580749984,0.0,5.018325024323822,5.018325024323822,0.0,5.197310871448161,5.197310871448161,0.0,15.31749907393307,15.31749907393307,0.0
521,72.25935531575831,72.25935531575831,0.0,90.14001490274549,90.14001490274549,0.0,5.018736237090379,5.018736237090379,0.0,5.195964574081435,5.195964574081435,0.0,15.414122727103933,15.414122727103933,0.0
522,72.11877695128723,72.11877695128723,0.0,90.20400534261748,90.20400534261748,0.0,4.979239283497947,4.979239283497947,0.0,5.194041370343322,5.194041370343322,0.0,15.511058178451563,15.511058178451563,0.0
523,72.1841705540442,72.1841705540442,0.0,89.90143536043405,89.90143536043405,0.0,5.0131689307945315,5.0131689307945315,0.0,5.192832736822871,5.192832736822871,0.0,15.50157048381427,15.50157048381427,0.0
524,72.34738595227871,72.34738595227871,0.0,90.42703175928777,90.42703175928777,0.0,4.973034486156581,4.973034486156581,0.0,5.196579658798758,5.196579658798758,0.0,15.441782109660343,15.441782109660343,0.0
525,72.10869288486558,72.10869288486558,0.0,90.52988944685104,90.52988944685104,0.0,4.944481583215551,4.944481583215551,0.0,5.200542134432662,5.200542134432662,0.0,15.332884623062801,15.332884623062801,0.0
526,72.46836574716286,72.46836574716286,0.0,90.70173608053678,90.70173608053678,0.0,4.933425909941143,4.933425909941143,0.0,5.199666515033803,5.199666515033803,0.0,15.342841772847581,15.342841772847581,0.0
527,72.13381399360468,72.13381399360468,0.0,90.74377103255908,90.74377103255908,0.0,4.961563976545599,4.961563976545599,0.0,5.2022881119717495,5.2022881119717495,0.0,15.36361535968775,15.36361535968775,0.0
528,72.3663715456751,72.3663715456751,0.0,90.39067944779453,90.39067944779453,0.0,4.951570508176213,4.951570508176213,0.0,5.20217311739202,5.20217311739202,0.0,15.439205824248237,15.439205824248237,0.0
529,72.58099592428667,72.58099592428667,0.0,90.14495380600621,90.14495380600621,0.0,4.933438619588352,4.933438619588352,0.0,5.2053286638496274,5.2053286638496274,0.0,15.430825888190574,15.430825888190574,0.0
530,72.2752714396859,72.2752714396859,0.0,90.442022184951,90.442022184951,0.0,4.958670125961881,4.958670125961881,0.0,5.2026423823970305,5.2026423823970305,0.0,15.333470996508751,15.333470996508751,0.0
531,72.22947429306463,72.22947429306463,0.0,90.15237274044088,90.15237274044088,0.0,4.926617100987455,4.926617100987455,0.0,5.201155776781056,5.201155776781056,0.0,15.352049857068547,15.352049857068547,0.0
532,71.92994461610392,71.92994461610392,0.0,90.37686369711062,90.37686369711062,0.0,4.924366778757998,4.924366778757998,0.0,5.197698502117147,5.197698502117147,0.0,15.324224500999582,15.324224500999582,0.0
533,72.14181241037355,72.14181241037355,0.0,90.24876679743195,90.24876679743195,0.0,4.925360485677672,4.925360485677672,0.0,5.194511593783585,5.194511593783585,0.0,15.241582879408476,15.241582879408476,0.0
534,72.48804026890275,72.48804026890275,0.0,90.50409172907999,90.50409172907999,0.0,4.9495122742731645,4.9495122742731645,0.0,5.19264125830806,5.19264125830806,0.0,15.213532577702306,15.213532577702306,0.0
535,72.01561546289075,72.01561546289075,0.0,90.78972594891606,90.78972594891606,0.0,4.9169451452443615,4.9169451452443615,0.0,5.197344785188155,5.197344785188155,0.0,15.14720121268742,15.14720121268742,0.0
536,72.09369842008783,72.09369842008783,0.0,90.26945946288457,90.26945946288457,0.0,4.952408427481014,4.952408427481014,0.0,5.195611681426566,5.195611681426566,0.0,15.10764306088143,15.10764306088143,0.0
537,72.19090602707286,72.19090602707286,0.0,90.1034206768257,90.1034206768257,0.0,4.946640653510699,4.946640653510699,0.0,5.193482539099677,5.193482539099677,0.0,15.263454093510894,15.263454093510894,0.0
538,72.29805756042234,72.29805756042234,0.0,90.16033550895922,90.16033550895922,0.0,4.921928930020801,4.921928930020801,0.0,5.194118783675776,5.194118783675776,0.0,15.29832593393921,15.29832593393921,0.0
539,72.51865605097379,72.51865605097379,0.0,90.20067650889101,90.20067650889101,0.0,4.941045923196224,4.941045923196224,0.0,5.1925737790322035,5.1925737790322035,0.0,15.230136028909865,15.230136028909865,0.0
540,72.07570930231992,72.07570930231992,0.0,90.51747397805968,90.51747397805968,0.0,4.977813341738778,4.977813341738778,0.0,5.190779015956041,5.190779015956041,0.0,15.281173288097587,15.281173288097587,0.0
541,72.37588457224814,72.37588457224814,0.0,90.08271513878465,90.08271513878465,0.0,5.002004827348326,5.002004827348326,0.0,5.195513155580425,5.195513155580425,0.0,15.174462223691151,15.174462223691151,0.0
542,72.54963925446935,72.54963925446935,0.0,90.24810231992049,90.24810231992049,0.0,5.01619840055207,5.01619840055207,0.0,5.1980847358283855,5.1980847358283855,0.0,15.25068215273274,15.25068215273274,0.0
543,72.84798184039555,72.84798184039555,0.0,90.04153433831787,90.04153433831787,0.0,5.005104029130328,5.005104029130328,0.0,5.19359106194463,5.19359106194463,0.0,15.243509320329485,15.243509320329485,0.0
544,72.75190275801297,72.75190275801297,0.0,90.07318756770646,90.07318756770646,0.0,4.982213625570864,4.982213625570864,0.0,5.194449843353894,5.194449843353894,0.0,15.321343019276384,15.321343019276384,0.0
545,72.94082711571342,72.94082711571342,0.0,90.15064497507655,90.15064497507655,0.0,5.012214924630268,5.012214924630268,0.0,5.198299996323397,5.198299996323397,0.0,15.40720715307787,15.40720715307787,0.0
546,72.51519277920744,72.51519277920744,0.0,89.64751379876444,89.64751379876444,0.0,4.99128099625391,4.99128099625391,0.0,5.201519359803917,5.201519359803917,0.0,15.363891738914822,15.363891738914822,0.0
547,72.16825885771092,72.16825885771092,0.0,89.6413037621052,89.6413037621052,0.0,4.959585674106231,4.959585674106231,0.0,5.199950712462604,5.199950712462604,0.0,15.467566505377164,15.467566505377164,0.0
548,71.98342691835147,71.98342691835147,0.0,89.68294759450926,89.68294759450926,0.0,4.945810452881846,4.945810452881846,0.0,5.197895164493011,5.197895164493011,0.0,15.415220461122551,15.415220461122551,0.0
549,71.96286036251762,71.96286036251762,0.0,89.95804550251466,89.95804550251466,0.0,4.988568357925807,4.988568357925807,0.0,5.193775615222123,5.193775615222123,0.0,15.342245112715414,15.342245112715414,0.0
550,71.96997453622916,71.96997453622916,0.0,90.03980961395668,90.03980961395668,0.0,4.9739586224334245,4.9739586224334245,0.0,5.189813909257036,5.189813909257036,0.0,15.258496006975497,15.258496006975497,0.0
551,71.68530943677388,71.68530943677388,0.0,89.82262374744927,89.82262374744927,0.0,4.982977592346361,4.982977592346361,0.0,5.1946945534500895,5.1946945534500895,0.0,15.184314787988688,15.184314787988688,0.0
552,71.59545992430232,71.59545992430232,0.0,90.16726422799698,90.16726422799698,0.0,4.98425011866437,4.98425011866437,0.0,5.196429081257268,5.196429081257268,0.0,15.283714920955566,15.283714920955566,0.0
553,71.77638977449595,71.77638977449595,0.0,89.73529875354626,89.73529875354626,0.0,5.007242238443655,5.007242238443655,0.0,5.193400653721483,5.193400653721483,0.0,15.244087289465838,15.244087289465838,0.0
554,71.80858510418115,71.80858510418115,0.0,89.55983398955077,89.55983398955077,0.0,5.01543651554953,5.01543651554953,0.0,5.195263183723271,5.195263183723271,0.0,15.384792380127916,15.384792380127916,0.0
555,72.2155450102999,72.2155450102999,0.0,89.1872827766271,89.1872827766271,0.0,4.989334714277287,4.989334714277287,0.0,5.194372932695744,5.194372932695744,0.0,15.321451609962727,15.321451609962727,0.0
556,72.0342438356835,72.0342438356835,0.0,89.19074764671298,89.19074764671298,0.0,5.0048943508466275,5.0048943508466275,0.0,5.1960897174426925,5.1960897174426925,0.0,15.359513700496983,15.359513700496983,0.0
557,72.18285627911375,72.18285627911375,0.0,88.91634517305377,88.91634517305377,0.0,4.99492684268718,4.99492684268718,0.0,5.197289073255208,5.197289073255208,0.0,15.281930451584207,15.281930451584207,0.0
558,72.40878512284337,72.40878512284337,0.0,88.78216792349396,88.78216792349396,0.0,5.013828744959305,5.013828744959305,0.0,5.198469526176139,5.198469526176139,0.0,15.3342650250707,15.3342650250707,0.0
559,72.64506418654226,72.64506418654226,0.0,89.030673693941,89.030673693941,0.0,5.044098535478065,5.044098535478065,0.0,5.197184404970287,5.197184404970287,0.0,15.39185313638061,15.39185313638061,0.0
560,72.88660137019693,72.88660137019693,0.0,89.26244837703607,89.26244837703607,0.0,5.016501508604151,5.016501508604151,0.0,5.1996812158004175,5.1996812158004175,0.0,15.270379615333113,15.270379615333113,0.0
561,72.91314910295051,72.91314910295051,0.0,89.12615742698985,89.12615742698985,0.0,5.003632109233463,5.003632109233463,0.0,5.201212108178914,5.201212108178914,0.0,15.182272218194575,15.182272218194575,0.0
562,73.04885856281074,73.04885856281074,0.0,89.14265833115886,89.14265833115886,0.0,4.967035552150507,4.967035552150507,0.0,5.206061995696507,5.206061995696507,0.0,15.185692885259677,15.185692885259677,0.0
563,72.98158685572294,72.98158685572294,0.0,89.17107792253287,89.17107792253287,0.0,4.96476589389617,4.96476589389617,0.0,5.2043798429113535,5.2043798429113535,0.0,15.271218918364617,15.271218918364617,0.0
564,72.78317241625967,72.78317241625967,0.0,89.26275843665273,89.26275843665273,0.0,4.979881239314172,4.979881239314172,0.0,5.2020408145551125,5.2020408145551125,0.0,15.405022487323045,15.405022487323045,0.0
565,72.7711937148653,72.7711937148653,0.0,89.32655007654597,89.32655007654597,0.0,4.953532572829477,4.953532572829477,0.0,5.205184167237434,5.205184167237434,0.0,15.49014432272466,15.49014432272466,0.0
566,72.80641299055361,72.80641299055361,0.0,88.91850203592409,88.91850203592409,0.0,4.928219510992134,4.928219510992134,0.0,5.201756130728368,5.201756130728368,0.0,15.536390532446088,15.536390532446088,0.0
567,72.47063024753881,72.47063024753881,0.0,88.81772146541377,88.81772146541377,0.0,4.9540500204655205,4.9540500204655205,0.0,5.199569230278,5.199569230278,0.0,15.61482167903494,15.61482167903494,0.0
568,72.3824032276832,72.3824032276832,0.0,89.16673285695032,89.16673285695032,0.0,4.946615267543322,4.946615267543322,0.0,5.194631052713856,5.194631052713856,0.0,15.583860083244303,15.583860083244303,0.0
569,72.63858931799635,72.63858931799635,0.0,89.5563035487573,89.5563035487573,0.0,4.925653514662571,4.925653514662571,0.0,5.190961156772703,5.190961156772703,0.0,15.634484516948444,15.634484516948444,0.0
570,72.70168360674948,72.70168360674948,0.0,89.22708849496779,89.22708849496779,0.0,4.9140434978562215,4.9140434978562215,0.0,5.196570522081592,5.196570522081592,0.0,15.524096282613417,15.524096282613417,0.0
571,72.5459118335654,72.5459118335654,0.0,88.87091359835362,88.87091359835362,0.0,4.888641769549224,4.888641769549224,0.0,5.19475039976845,5.19475039976845,0.0,15.608035361976956,15.608035361976956,0.0
572,72.2971204921794,72.2971204921794,0.0,88.79090228209749,88.79090228209749,0.0,4.9241223314542335,4.9241223314542335,0.0,5.19062902549886,5.19062902549886,0.0,15.682477432585742,15.682477432585742,0.0
573,72.37394570630963,72.37394570630963,0.0,88.66523599471877,88.66523599471877,0.0,4.929240487395661,4.929240487395661,0.0,5.192596357583917,5.192596357583917,0.0,15.59034238380698,15.59034238380698,0.0
574,71.98052190208709,71.98052190208709,0.0,88.71535377101786,88.71535377101786,0.0,4.930722343468664,4.930722343468664,0.0,5.1978114194486675,5.1978114194486675,0.0,15.649392694895672,15.649392694895672,0.0
575,71.8926250740347,71.8926250740347,0.0,89.2698696959825,89.2698696959825,0.0,4.951852449316282,4.951852449316282,0.0,5.2009555042581335,5.2009555042581335,0.0,15.542260877989255,15.542260877989255,0.0
576,72.06902474482177,72.06902474482177,0.0,89.50367084326508,89.50367084326508,0.0,4.931013584183756,4.931013584183756,0.0,5.200039383522159,5.200039383522159,0.0,15.438894141380796,15.438894141380796,0.0
577,72.29832450854502,72.29832450854502,0.0,89.39024963519849,89.39024963519849,0.0,4.930577263075192,4.930577263075192,0.0,5.198622223737862,5.198622223737862,0.0,15.543382052152847,15.543382052152847,0.0
578,72.39181875624786,72.39181875624786,0.0,89.99863654494845,89.99863654494845,0.0,4.910271389983587,4.910271389983587,0.0,5.2029363645017925,5.2029363645017925,0.0,15.482453427660072,15.482453427660072,0.0
579,72.24982147636102,72.24982147636102,0.0,89.5962074674335,89.5962074674335,0.0,4.907355286591378,4.907355286591378,0.0,5.204747267523996,5.204747267523996,0.0,15.389112824767373,15.389112824767373,0.0
580,72.41855950010805,72.41855950010805,0.0,89.73143365839744,89.73143365839744,0.0,4.95791999002144,4.95791999002144,0.0,5.2060661405523465,5.2060661405523465,0.0,15.502581946210547,15.502581946210547,0.0
581,72.36117007491114,72.36117007491114,0.0,89.53278883216414,89.53278883216414,0.0,4.9764588303559965,4.9764588303559965,0.0,5.2030668886820495,5.2030668886820495,0.0,15.471588346360491,15.471588346360491,0.0
582,72.43673750210719,72.43673750210719,0.0,89.80518976330555,89.80518976330555,0.0,4.984260219237519,4.984260219237519,0.0,5.207699590049825,5.207699590049825,0.0,15.413613304342803,15.413613304342803,0.0
583,72.47228939724306,72.47228939724306,0.0,89.9470564702203,89.9470564702203,0.0,5.014505224025777,5.014505224025777,0.0,5.210778121166404,5.210778121166404,0.0,15.440460586911485,15.440460586911485,0.0
584,72.37999622279108,72.37999622279108,0.0,90.2084763857763,90.2084763857763,0.0,4.976602315300996,4.976602315300996,0.0,5.2071434154110365,5.2071434154110365,0.0,15.520479291144516,15.520479291144516,0.0
585,72.23373618842191,72.23373618842191,0.0,90.02758877383746,90.02758877383746,0.0,5.003817967247247,5.003817967247247,0.0,5.206053245306954,5.206053245306954,0.0,15.57034800863635,15.57034800863635,0.0
586,72.14902150149929,72.14902150149929,0.0,89.84430888353589,89.84430888353589,0.0,5.015579551679679,5.015579551679679,0.0,5.201595687749846,5.201595687749846,0.0,15.615812860156964,15.615812860156964,0.0
587,72.16771329527118,72.16771329527118,0.0,89.30206537671293,89.30206537671293,0.0,5.021841831124073,5.021841831124073,0.0,5.202658765139202,5.202658765139202,0.0,15.684671386797476,15.684671386797476,0.0
588,72.14398222479413,72.14398222479413,0.0,89.38445160282923,89.38445160282923,0.0,5.054962611091003,5.054962611091003,0.0,5.201079606791832,5.201079606791832,0.0,15.77472924691757,15.77472924691757,0.0
589,71.8962171668526,71.8962171668526,0.0,89.4836491140724,89.4836491140724,0.0,5.057226510441521,5.057226510441521,0.0,5.200724623009757,5.200724623009757,0.0,15.803134201880834,15.803134201880834,0.0
590,72.08776060308718,72.08776060308718,0.0,89.57165547061805,89.57165547061805,0.0,5.027348165807193,5.027348165807193,0.0,5.199080256498607,5.199080256498607,0.0,15.767017583288625,15.767017583288625,0.0
591,72.44339925141962,72.44339925141962,0.0,89.54250101197522,89.54250101197522,0.0,5.039875204797758,5.039875204797758,0.0,5.194611576227202,5.194611576227202,0.0,15.819266373848198,15.819266373848198,0.0
592,72.07538395288681,72.07538395288681,0.0,89.87470535572928,89.87470535572928,0.0,5.00312385422875,5.00312385422875,0.0,5.196150928465569,5.196150928465569,0.0,15.821401957254153,15.821401957254153,0.0
593,72.40589216783953,72.40589216783953,0.0,89.80508303311545,89.80508303311545,0.0,5.025221632484845,5.025221632484845,0.0,5.198626562377931,5.198626562377931,0.0,15.718300964658756,15.718300964658756,0.0
594,72.26389267634637,72.26389267634637,0.0,90.29705175136979,90.29705175136979,0.0,5.028968964428565,5.028968964428565,0.0,5.2014578281233455,5.2014578281233455,0.0,15.707364799854664,15.707364799854664,0.0
595,72.342822405637,72.342822405637,0.0,90.18274487879435,90.18274487879435,0.0,5.025018846409981,5.025018846409981,0.0,5.201644910097564,5.201644910097564,0.0,15.565829438142591,15.565829438142591,0.0
596,72.6289258710045,72.6289258710045,0.0,90.30573154531145,90.30573154531145,0.0,5.022354916955808,5.022354916955808,0.0,5.205725013488269,5.205725013488269,0.0,15.433619732687518,15.433619732687518,0.0
597,72.57776446056108,72.57776446056108,0.0,90.08007674288098,90.08007674288098,0.0,5.010371429797394,5.010371429797394,0.0,5.206272726901614,5.206272726901614,0.0,15.345948142860884,15.345948142860884,0.0
598,72.4763216273794,72.4763216273794,0.0,90.40044398380596,90.40044398380596,0.0,5.04226358261594,5.04226358261594,0.0,5.208394933912943,5.208394933912943,0.0,15.295344372481704,15.295344372481704,0.0
599,72.76085399483547,72.76085399483547,0.0,90.53522991019148,90.53522991019148,0.0,5.007307112215312,5.007307112215312,0.0,5.206851166785861,5.206851166785861,0.0,15.336141494814129,15.336141494814129,0.0
600,72.82167605687637,72.82167605687637,0.0,90.53969364921971,90.53969364921971,0.0,5.035190977780781,5.035190977780781,0.0,5.208422121298977,5.208422121298977,0.0,15.22738698832277,15.22738698832277,0.0
601,72.77879808443835,72.77879808443835,0.0,90.43602695023044,90.43602695023044,0.0,5.013752640547098,5.013752640547098,0.0,5.20620166146944,5.20620166146944,0.0,15.297357941803687,15.297357941803687,0.0
602,73.02269433915579,73.02269433915579,0.0,90.82149390957585,90.82149390957585,0.0,5.012233335276948,5.012233335276948,0.0,5.207648923733654,5.207648923733654,0.0,15.38332874991244,15.38332874991244,0.0
603,72.52963550829251,72.52963550829251,0.0,90.6403060764213,90.6403060764213,0.0,5.016255863532068,5.016255863532068,0.0,5.208708921939596,5.208708921939596,0.0,15.348201457174781,15.348201457174781,0.0
604,72.63192385726244,72.63192385726244,0.0,90.55312552112274,90.55312552112274,0.0,5.041875936150949,5.041875936150949,0.0,5.211095642781236,5.211095642781236,0.0,15.390799857259116,15.390799857259116,0.0
605,72.137593208548,72.137593208548,0.0,90.45882070090683,90.45882070090683,0.0,5.012293516961785,5.012293516961785,0.0,5.212710334354298,5.212710334354298,0.0,15.30752390197947,15.30752390197947,0.0
606,71.9419442297802,71.9419442297802,0.0,90.56000843577792,90.56000843577792,0.0,5.025904566193496,5.025904566193496,0.0,5.209645477790359,5.209645477790359,0.0,15.406029591889569,15.406029591889569,0.0
607,71.57831306212128,71.57831306212128,0.0,90.32273528325773,90.32273528325773,0.0,5.05189892582811,5.05189892582811,0.0,5.21126919276918,5.21126919276918,0.0,15.466957254890946,15.466957254890946,0.0
608,71.84868212448569,71.84868212448569,0.0,90.10348219051839,90.10348219051839,0.0,5.067734605650833,5.067734605650833,0.0,5.213356375389561,5.213356375389561,0.0,15.381493964036615,15.381493964036615,0.0
609,72.00770625669931,72.00770625669931,0.0,90.20039267673084,90.20039267673084,0.0,5.095253790287948,5.095253790287948,0.0,5.21704668579742,5.21704668579742,0.0,15.368528580127084,15.368528580127084,0.0
610,72.04800902737729,72.04800902737729,0.0,89.75063593012828,89.75063593012828,0.0,5.092218341317008,5.092218341317008,0.0,5.2184929569846155,5.2184929569846155,0.0,15.266842542482584,15.266842542482584,0.0
611,72.30329325270327,72.30329325270327,0.0,90.1356672118043,90.1356672118043,0.0,5.091752632883334,5.091752632883334,0.0,5.219565418835761,5.219565418835761,0.0,15.402834823561724,15.402834823561724,0.0
612,72.33102509502012,72.33102509502012,0.0,90.6200262337575,90.6200262337575,0.0,5.063072547434813,5.063072547434813,0.0,5.2147753133046075,5.2147753133046075,0.0,15.300823796110063,15.300823796110063,0.0
613,72.02060169055939,72.02060169055939,0.0,90.40601977456431,90.40601977456431,0.0,5.044852055616396,5.044852055616396,0.0,5.21287902262431,5.21287902262431,0.0,15.244241686032836,15.244241686032836,0.0
614,71.72092046171866,71.72092046171866,0.0,90.20151760553289,90.20151760553289,0.0,5.025326278871601,5.025326278871601,0.0,5.213946165794543,5.213946165794543,0.0,15.343148710380978,15.343148710380978,0.0
615,71.49447170630998,71.49447170630998,0.0,89.73575036293886,89.73575036293886,0.0,5.056545340682397,5.056545340682397,0.0,5.213987178705757,5.213987178705757,0.0,15.329076030988691,15.329076030988691,0.0
616,71.57854919232788,71.57854919232788,0.0,89.68718491324107,89.68718491324107,0.0,5.071740422057054,5.071740422057054,0.0,5.211047415698376,5.211047415698376,0.0,15.38123778281305,15.38123778281305,0.0
617,71.40204054087756,71.40204054087756,0.0,89.5265362874673,89.5265362874673,0.0,5.0554646859016446,5.0554646859016446,0.0,5.210534472634719,5.210534472634719,0.0,15.365483980111808,15.365483980111808,0.0
618,71.28739066660374,71.28739066660374,0.0,89.31390833021376,89.31390833021376,0.0,5.036944936397739,5.036944936397739,0.0,5.206876635566484,5.206876635566484,0.0,15.476242939333098,15.476242939333098,0.0
619,71.44096394030353,71.44096394030353,0.0,89.88523811914673,89.88523811914673,0.0,5.070517404680099,5.070517404680099,0.0,5.201414847107335,5.201414847107335,0.0,15.538114182706945,15.538114182706945,0.0
620,71.49883378287473,71.49883378287473,0.0,90.17844888722178,90.17844888722178,0.0,5.070820515474808,5.070820515474808,0.0,5.205890690339397,5.205890690339397,0.0,15.399168228646726,15.399168228646726,0.0
621,71.44642941404145,71.44642941404145,0.0,90.7075725273944,90.7075725273944,0.0,5.05226281449675,5.05226281449675,0.0,5.205822069874499,5.205822069874499,0.0,15.299315240274968,15.299315240274968,0.0
622,71.87584347857923,71.87584347857923,0.0,90.67471456082107,90.67471456082107,0.0,5.06953081786664,5.06953081786664,0.0,5.2048121318453315,5.2048121318453315,0.0,15.208369468606726,15.208369468606726,0.0
623,72.21697452484231,72.21697452484231,0.0,90.46305505119098,90.46305505119098,0.0,5.0961316749320185,5.0961316749320185,0.0,5.201101323118892,5.201101323118892,0.0,15.151293779188666,15.151293779188666,0.0
624,72.20802358089429,72.20802358089429,0.0,89.83110971298636,89.83110971298636,0.0,5.09696123455598,5.09696123455598,0.0,5.203749088847932,5.203749088847932,0.0,15.256497452745341,15.256497452745341,0.0
625,72.10968286459648,72.10968286459648,0.0,89.69632406033422,89.69632406033422,0.0,5.100272980670477,5.100272980670477,0.0,5.208211567467878,5.208211567467878,0.0,15.395097631400068,15.395097631400068,0.0
626,72.2070496617855,72.2070496617855,0.0,90.13473676976544,90.13473676976544,0.0,5.0592247970627255,5.0592247970627255,0.0,5.207147259136774,5.207147259136774,0.0,15.493543016843523,15.493543016843523,0.0
627,71.83953464386555,71.83953464386555,0.0,90.14626837797897,90.14626837797897,0.0,5.055987404116291,5.055987404116291,0.0,5.207325418791325,5.207325418791325,0.0,15.373889304354844,15.373889304354844,0.0
628,71.67554044532204,71.67554044532204,0.0,90.18100375058071,90.18100375058071,0.0,5.043176246063936,5.043176246063936,0.0,5.2019086203268206,5.2019086203268206,0.0,15.487097365078801,15.487097365078801,0.0
629,71.76222248050397,71.76222248050397,0.0,90.32041201806359,90.32041201806359,0.0,5.057905381242617,5.057905381242617,0.0,5.202612095604473,5.202612095604473,0.0,15.504530201438026,15.504530201438026,0.0
630,71.46339578823718,71.46339578823718,0.0,90.16742666373227,90.16742666373227,0.0,5.073148247088839,5.073148247088839,0.0,5.200416751069822,5.200416751069822,0.0,15.457302140992587,15.457302140992587,0.0
631,71.77288502241497,71.77288502241497,0.0,90.0347596551552,90.0347596551552,0.0,5.0762684519993595,5.0762684519993595,0.0,5.20012330626776,5.20012330626776,0.0,15.344798734106998,15.344798734106998,0.0
632,71.52315915163015,71.52315915163015,0.0,90.217792842143,90.217792842143,0.0,5.069773392977668,5.069773392977668,0.0,5.204714789893746,5.204714789893746,0.0,15.366685223245078,15.366685223245078,0.0
633,71.75142696951985,71.75142696951985,0.0,90.62149403402842,90.62149403402842,0.0,5.078830978492192,5.078830978492192,0.0,5.203069121256895,5.203069121256895,0.0,15.397535455246416,15.397535455246416,0.0
634,71.83930496577153,71.83930496577153,0.0,90.2727539017838,90.2727539017838,0.0,5.028739220196483,5.028739220196483,0.0,5.20379027674476,5.20379027674476,0.0,15.295484266848934,15.295484266848934,0.0
635,72.22601754499333,72.22601754499333,0.0,90.34819761397475,90.34819761397475,0.0,5.057197104922349,5.057197104922349,0.0,5.201925739447403,5.201925739447403,0.0,15.294157502835802,15.294157502835802,0.0
636,72.30179271766929,72.30179271766929,0.0,90.04190472599379,90.04190472599379,0.0,5.027245943735469,5.027245943735469,0.0,5.205119249491295,5.205119249491295,0.0,15.354854970958476,15.354854970958476,0.0
637,71.99217336682975,71.99217336682975,0.0,90.4586230514564,90.4586230514564,0.0,5.051729924276153,5.051729924276153,0.0,5.209033635555592,5.209033635555592,0.0,15.35705789176771,15.35705789176771,0.0
638,71.96260425768213,71.96260425768213,0.0,90.26043237423052,90.26043237423052,0.0,5.010232548703131,5.010232548703131,0.0,5.204293369950523,5.204293369950523,0.0,15.288057983136689,15.288057983136689,0.0
639,71.95913528383718,71.95913528383718,0.0,89.85346664898654,89.85346664898654,0.0,5.021308208784618,5.021308208784618,0.0,5.199950541615671,5.199950541615671,0.0,15.288939434870272,15.288939434870272,0.0
640,72.28663767283604,72.28663767283604,0.0,89.7461683248863,89.7461683248863,0.0,5.027779009699405,5.027779009699405,0.0,5.198011250983809,5.198011250983809,0.0,15.34378598335594,15.34378598335594,0.0
641,72.28712068406567,72.28712068406567,0.0,89.56582446384806,89.56582446384806,0.0,5.018345601022127,5.018345601022127,0.0,5.193218581402201,5.193218581402201,0.0,15.395416241309384,15.395416241309384,0.0
642,72.01229509725457,72.01229509725457,0.0,89.67765492114434,89.67765492114434,0.0,5.043112200786169,5.043112200786169,0.0,5.190103852019661,5.190103852019661,0.0,15.429438401675515,15.429438401675515,0.0
643,72.31237503784077,72.31237503784077,0.0,89.58518732353932,89.58518732353932,0.0,5.021810757786749,5.021810757786749,0.0,5.191411822585946,5.191411822585946,0.0,15.366720919324173,15.366720919324173,0.0
644,72.34105318283082,72.34105318283082,0.0,90.08040341999178,90.08040341999178,0.0,4.990107397399433,4.990107397399433,0.0,5.192484675709133,5.192484675709133,0.0,15.379811448433713,15.379811448433713,0.0
645,72.58829939488184,72.58829939488184,0.0,89.53362484452803,89.53362484452803,0.0,4.952914745024256,4.952914745024256,0.0,5.193157350974916,5.193157350974916,0.0,15.297726913055968,15.297726913055968,0.0
646,72.54717119900208,72.54717119900208,0.0,89.61618383751667,89.61618383751667,0.0,4.99168711924928,4.99168711924928,0.0,5.194220398968464,5.194220398968464,0.0,15.414400096488492,15.414400096488492,0.0
647,72.84696842783104,72.84696842783104,0.0,89.8684230602152,89.8684230602152,0.0,4.982059237802183,4.982059237802183,0.0,5.191915576828393,5.191915576828393,0.0,15.436149231341506,15.436149231341506,0.0
648,72.8800205605217,72.8800205605217,0.0,89.75811094669143,89.75811094669143,0.0,4.985280509213542,4.985280509213542,0.0,5.19152982319196,5.19152982319196,0.0,15.438794674257647,15.438794674257647,0.0
649,72.850642687743,72.850642687743,0.0,90.19415723061019,90.19415723061019,0.0,4.996362876866453,4.996362876866453,0.0,5.1888654966571615,5.1888654966571615,0.0,15.485880106118703,15.485880106118703,0.0
650,72.65342368340731,72.65342368340731,0.0,90.38058037240897,90.38058037240897,0.0,5.0096001228930955,5.0096001228930955,0.0,5.194433117988124,5.194433117988124,0.0,15.389802916750133,15.389802916750133,0.0
651,72.52178079697701,72.52178079697701,0.0,90.04502087843734,90.04502087843734,0.0,5.007333506240802,5.007333506240802,0.0,5.190506832912208,5.190506832912208,0.0,15.470284052402993,15.470284052402993,0.0
652,72.06144473752154,72.06144473752154,0.0,90.22907289469913,90.22907289469913,0.0,4.995257363652602,4.995257363652602,0.0,5.190962606933836,5.190962606933836,0.0,15.496916958434653,15.496916958434653,0.0
653,71.68745666222463,71.68745666222463,0.0,90.2856882397187,90.2856882397187,0.0,5.012187613591698,5.012187613591698,0.0,5.191898926028002,5.191898926028002,0.0,15.557984787455908,15.557984787455908,0.0
654,72.01200897066758,72.01200897066758,0.0,90.17714653537323,90.17714653537323,0.0,4.984473158189054,4.984473158189054,0.0,5.194083405270903,5.194083405270903,0.0,15.420667767241664,15.420667767241664,0.0
655,72.13250135084384,72.13250135084384,0.0,90.32621381839604,90.32621381839604,0.0,4.976646426464658,4.976646426464658,0.0,5.198628894330337,5.198628894330337,0.0,15.476723634558915,15.476723634558915,0.0
656,71.99080133696802,71.99080133696802,0.0,90.44897433132739,90.44897433132739,0.0,4.978324110399072,4.978324110399072,0.0,5.199780631689617,5.199780631689617,0.0,15.384814254174753,15.384814254174753,0.0
657,71.70364341735022,71.70364341735022,0.0,89.90183842112961,89.90183842112961,0.0,4.9926878105385954,4.9926878105385954,0.0,5.1969133424526435,5.1969133424526435,0.0,15.295735476115743,15.295735476115743,0.0
658,71.6471421072796,71.6471421072796,0.0,89.70944481956481,89.70944481956481,0.0,4.972088931165069,4.972088931165069,0.0,5.200271864257411,5.200271864257411,0.0,15.390615391888332,15.390615391888332,0.0
659,71.69631771127511,71.69631771127511,0.0,89.50226261401349,89.50226261401349,0.0,4.948704212057602,4.948704212057602,0.0,5.203583777155521,5.203583777155521,0.0,15.338022801611967,15.338022801611967,0.0
660,71.38588143612397,71.38588143612397,0.0,89.3239453161581,89.3239453161581,0.0,4.965896049073516,4.965896049073516,0.0,5.198689142807608,5.198689142807608,0.0,15.350540197801998,15.350540197801998,0.0
661,71.14193184904697,71.14193184904697,0.0,89.03460170200056,89.03460170200056,0.0,5.00709510556643,5.00709510556643,0.0,5.199787528389712,5.199787528389712,0.0,15.338193424535781,15.338193424535781,0.0
662,70.91236924508779,70.91236924508779,0.0,89.37989044879362,89.37989044879362,0.0,4.988826960324384,4.988826960324384,0.0,5.195662001709045,5.195662001709045,0.0,15.405189720407055,15.405189720407055,0.0
663,71.50374391192634,71.50374391192634,0.0,89.36061645518531,89.36061645518531,0.0,5.016743424808519,5.016743424808519,0.0,5.1970172360458475,5.1970172360458475,0.0,15.35032996488522,15.35032996488522,0.0
664,71.85006242339631,71.85006242339631,0.0,89.41501093972315,89.41501093972315,0.0,4.995676160816257,4.995676160816257,0.0,5.199497592664602,5.199497592664602,0.0,15.26540624362166,15.26540624362166,0.0
665,71.84001761110464,71.84001761110464,0.0,89.30987812510456,89.30987812510456,0.0,4.987088709988886,4.987088709988886,0.0,5.195623464076213,5.195623464076213,0.0,15.359827577067449,15.359827577067449,0.0
666,72.15669085186897,72.15669085186897,0.0,89.32884003863586,89.32884003863586,0.0,4.960772383522217,4.960772383522217,0.0,5.191936378335128,5.191936378335128,0.0,15.34216177040509,15.34216177040509,0.0
667,72.2200861547354,72.2200861547354,0.0,89.41968173051683,89.41968173051683,0.0,4.966260782866611,4.966260782866611,0.0,5.188756273991298,5.188756273991298,0.0,15.347880706420355,15.347880706420355,0.0
668,71.88445437583027,71.88445437583027,0.0,89.79817651797437,89.79817651797437,0.0,5.002509734539995,5.002509734539995,0.0,5.192403976916749,5.192403976916749,0.0,15.467908550198356,15.467908550198356,0.0
669,71.9230346278379,71.9230346278379,0.0,89.3961515056955,89.3961515056955,0.0,5.0045609549221375,5.0045609549221375,0.0,5.19030618395265,5.19030618395265,0.0,15.434360588731387,15.434360588731387,0.0
670,72.16863055100956,72.16863055100956,0.0,89.48292107461843,89.48292107461843,0.0,5.023265314406338,5.023265314406338,0.0,5.193696650959667,5.193696650959667,0.0,15.462352732751391,15.462352732751391,0.0
671,71.81623654469743,71.81623654469743,0.0,89.35453788885411,89.35453788885411,0.0,4.998769218139406,4.998769218139406,0.0,5.1977911713949965,5.1977911713949965,0.0,15.484372452309227,15.484372452309227,0.0
672,72.1509602584065,72.1509602584065,0.0,89.1389669593397,89.1389669593397,0.0,5.015664969382127,5.015664969382127,0.0,5.200862004402144,5.200862004402144,0.0,15.564925594902013,15.564925594902013,0.0
673,71.81785868923492,71.81785868923492,0.0,89.13380179638045,89.13380179638045,0.0,5.028600954699851,5.028600954699851,0.0,5.198952099481871,5.198952099481871,0.0,15.568119646701188,15.568119646701188,0.0
674,71.57469817192015,71.57469817192015,0.0,89.10922438549669,89.10922438549669,0.0,5.053191689642491,5.053191689642491,0.0,5.198271500455542,5.198271500455542,0.0,15.670136989717951,15.670136989717951,0.0
675,71.47224074831473,71.47224074831473,0.0,89.50215346215374,89.50215346215374,0.0,5.039168952865121,5.039168952865121,0.0,5.2012475878180675,5.2012475878180675,0.0,15.60094077467421,15.60094077467421,0.0
676,71.46407764552717,71.46407764552717,0.0,89.38929938834826,89.38929938834826,0.0,5.018486946529097,5.018486946529097,0.0,5.1995913992459215,5.1995913992459215,0.0,15.532702098166812,15.532702098166812,0.0
677,71.74984983161482,71.74984983161482,0.0,89.75415104509614,89.75415104509614,0.0,5.035851060986329,5.035851060986329,0.0,5.199090017932549,5.199090017932549,0.0,15.503540642080686,15.503540642080686,0.0
678,71.52463045842194,71.52463045842194,0.0,89.57023491665203,89.57023491665203,0.0,5.0181535201563925,5.0181535201563925,0.0,5.199668538227397,5.199668538227397,0.0,15.403654369980273,15.403654369980273,0.0
679,71.77623228405976,71.77623228405976,0.0,89.83406758380153,89.83406758380153,0.0,4.976160136104053,4.976160136104053,0.0,5.195605926289841,5.195605926289841,0.0,15.473782115770739,15.473782115770739,0.0
680,72.157483919652,72.157483919652,0.0,89.47467232455321,89.47467232455321,0.0,4.957075368425112,4.957075368425112,0.0,5.191757654392457,5.191757654392457,0.0,15.548943832343106,15.548943832343106,0.0
681,72.03639773647517,72.03639773647517,0.0,89.8536482064442,89.8536482064442,0.0,4.964470028990456,4.964470028990456,0.0,5.194532734277425,5.194532734277425,0.0,15.547410650578263,15.547410650578263,0.0
682,72.38637263247114,72.38637263247114,0.0,90.13251812318993,90.13251812318993,0.0,4.964317617236361,4.964317617236361,0.0,5.191986945136711,5.191986945136711,0.0,15.410382737027671,15.410382737027671,0.0
683,72.55946308364412,72.55946308364412,0.0,89.64397068649916,89.64397068649916,0.0,4.977028924003173,4.977028924003173,0.0,5.192785769944441,5.192785769944441,0.0,15.330034490716855,15.330034490716855,0.0
684,72.19363594524177,72.19363594524177,0.0,89.26070572930345,89.26070572930345,0.0,4.940109863633239,4.940109863633239,0.0,5.189937035540036,5.189937035540036,0.0,15.391133260135168,15.391133260135168,0.0
685,72.3822740064519,72.3822740064519,0.0,89.19514916588578,89.19514916588578,0.0,4.954968977587407,4.954968977587407,0.0,5.19091905276389,5.19091905276389,0.0,15.506814021170104,15.506814021170104,0.0
686,71.96787322273414,71.96787322273414,0.0,88.92606072835842,88.92606072835842,0.0,4.9873447860633116,4.9873447860633116,0.0,5.195795214955355,5.195795214955355,0.0,15.530555069840922,15.530555069840922,0.0
687,72.34432695150755,72.34432695150755,0.0,89.03304630833148,89.03304630833148,0.0,4.964591490168551,4.964591490168551,0.0,5.200428549413079,5.200428549413079,0.0,15.616484105900124,15.616484105900124,0.0
688,72.09079706885038,72.09079706885038,0.0,88.78850115279054,88.78850115279054,0.0,4.935096023006166,4.935096023006166,0.0,5.198336802738577,5.198336802738577,0.0,15.646271269673147,15.646271269673147,0.0
689,72.31669214661504,72.31669214661504,0.0,89.44487748665377,89.44487748665377,0.0,4.968787964706661,4.968787964706661,0.0,5.19921872343694,5.19921872343694,0.0,15.6402805860311,15.6402805860311,0.0
690,72.63212996419851,72.63212996419851,0.0,89.75555853737967,89.75555853737967,0.0,4.9935408392017155,4.9935408392017155,0.0,5.203893578114892,5.203893578114892,0.0,15.499194388734335,15.499194388734335,0.0
691,72.48612059480301,72.48612059480301,0.0,89.44668076573663,89.44668076573663,0.0,4.9637021603683085,4.9637021603683085,0.0,5.199257807404142,5.199257807404142,0.0,15.471929833596256,15.471929833596256,0.0
692,72.79336030736216,72.79336030736216,0.0,89.3782009893238,89.3782009893238,0.0,4.953792660536925,4.953792660536925,0.0,5.2038716067188355,5.2038716067188355,0.0,15.442023098266947,15.442023098266947,0.0
693,72.25732703528035,72.25732703528035,0.0,89.40488634083526,89.40488634083526,0.0,4.927384633026173,4.927384633026173,0.0,5.205299029305124,5.205299029305124,0.0,15.393370211104333,15.393370211104333,0.0
694,71.87150461380936,71.87150461380936,0.0,89.6573766476294,89.6573766476294,0.0,4.925334377285433,4.925334377285433,0.0,5.208818504843839,5.208818504843839,0.0,15.31206857212354,15.31206857212354,0.0
695,72.25249136294788,72.25249136294788,0.0,90.1110279972812,90.1110279972812,0.0,4.935193969026751,4.935193969026751,0.0,5.205110081517899,5.205110081517899,0.0,15.215803150535528,15.215803150535528,0.0
696,72.50491644245864,72.50491644245864,0.0,89.72335847248172,89.72335847248172,0.0,4.923796718694522,4.923796718694522,0.0,5.205887470950661,5.205887470950661,0.0,15.19220119375017,15.19220119375017,0.0
697,72.09874205125993,72.09874205125993,0.0,90.09260220252212,90.09260220252212,0.0,4.947014985813471,4.947014985813471,0.0,5.206555004517205,5.206555004517205,0.0,15.289072942773036,15.289072942773036,0.0
698,72.11402231767093,72.11402231767093,0.0,89.85394428100025,89.85394428100025,0.0,4.96372186017029,4.96372186017029,0.0,5.205954299070966,5.205954299070966,0.0,15.198279093195989,15.198279093195989,0.0
699,72.41095339656906,72.41095339656906,0.0,90.03584268495466,90.03584268495466,0.0,5.007302856951783,5.007302856951783,0.0,5.209638287900001,5.209638287900001,0.0,15.335088308959328,15.335088308959328,0.0
700,72.11413441031678,72.11413441031678,0.0,89.71072668244595,89.71072668244595,0.0,5.030272278718935,5.030272278718935,0.0,5.208650853715105,5.208650853715105,0.0,15.25159317425673,15.25159317425673,0.0
701,72.0954255214081,72.0954255214081,0.0,89.84418934114694,89.84418934114694,0.0,5.000226398366047,5.000226398366047,0.0,5.212724241594728,5.212724241594728,0.0,15.250087534902608,15.250087534902608,0.0
702,72.04618428104246,72.04618428104246,0.0,89.56025181528871,89.56025181528871,0.0,4.977056450596182,4.977056450596182,0.0,5.212516949599418,5.212516949599418,0.0,15.293965170079108,15.293965170079108,0.0
703,72.12803496828766,72.12803496828766,0.0,89.53863466828724,89.53863466828724,0.0,4.9590818762806075,4.9590818762806075,0.0,5.211229603214526,5.211229603214526,0.0,15.259670828453917,15.259670828453917,0.0
704,71.99756548690402,71.99756548690402,0.0,89.36069851724353,89.36069851724353,0.0,4.980585992993719,4.980585992993719,0.0,5.209054829994716,5.209054829994716,0.0,15.335537672320276,15.335537672320276,0.0
705,71.8217104147641,71.8217104147641,0.0,88.9913447282546,88.9913447282546,0.0,4.989241844717297,4.989241844717297,0.0,5.205616513257053,5.205616513257053,0.0,15.343416123318136,15.343416123318136,0.0
706,71.66998811913588,71.66998811913588,0.0,88.93234892897362,88.93234892897362,0.0,4.981144663521861,4.981144663521861,0.0,5.201625879005219,5.201625879005219,0.0,15.429163998049097,15.429163998049097,0.0
707,71.44944757006783,71.44944757006783,0.0,88.94173229349933,88.94173229349933,0.0,4.9836225516036965,4.9836225516036965,0.0,5.206451498600611,5.206451498600611,0.0,15.491019450595388,15.491019450595388,0.0
708,71.56285137436912,71.56285137436912,0.0,89.39727653004113,89.39727653004113,0.0,4.969805486503222,4.969805486503222,0.0,5.206557049774198,5.206557049774198,0.0,15.404793996183432,15.404793996183432,0.0
709,71.56081449802089,71.56081449802089,0.0,89.2050476556071,89.2050476556071,0.0,4.998930489092483,4.998930489092483,0.0,5.2057981712647186,5.2057981712647186,0.0,15.349730420644093,15.349730420644093,0.0
710,71.60030917847475,71.60030917847475,0.0,89.11006635318847,89.11006635318847,0.0,5.003900867415872,5.003900867415872,0.0,5.2096530208449465,5.2096530208449465,0.0,15.30855419839789,15.30855419839789,0.0
711,71.28862909958528,71.28862909958528,0.0,89.33177534199679,89.33177534199679,0.0,5.040430900626108,5.040430900626108,0.0,5.205870789019062,5.205870789019062,0.0,15.360155589266352,15.360155589266352,0.0
712,71.53688352850536,71.53688352850536,0.0,89.48265921090132,89.48265921090132,0.0,5.02345737729104,5.02345737729104,0.0,5.207133315047928,5.207133315047928,0.0,15.458429318865047,15.458429318865047,0.0
713,71.8100532343401,71.8100532343401,0.0,89.63013363103452,89.63013363103452,0.0,5.003256568084167,5.003256568084167,0.0,5.207880088572472,5.207880088572472,0.0,15.531984864345024,15.531984864345024,0.0
714,71.57854516989097,71.57854516989097,0.0,89.68710605686354,89.68710605686354,0.0,5.013324919567263,5.013324919567263,0.0,5.207966407216625,5.207966407216625,0.0,15.42019839370947,15.42019839370947,0.0
715,71.31201723209773,71.31201723209773,0.0,89.34871284403016,89.34871284403016,0.0,4.996901337624454,4.996901337624454,0.0,5.205243011992263,5.205243011992263,0.0,15.341788380489788,15.341788380489788,0.0
716,71.55244278485485,71.55244278485485,0.0,89.27440892624581,89.27440892624581,0.0,5.026338356759612,5.026338356759612,0.0,5.203455452301821,5.203455452301821,0.0,15.432148059229169,15.432148059229169,0.0
717,72.00599197045672,72.00599197045672,0.0,89.06663864589265,89.06663864589265,0.0,4.984680226775964,4.984680226775964,0.0,5.205456893754633,5.205456893754633,0.0,15.484894958458828,15.484894958458828,0.0
718,72.35725568035484,72.35725568035484,0.0,88.93402185290672,88.93402185290672,0.0,4.96007246436607,4.96007246436607,0.0,5.201050677760745,5.201050677760745,0.0,15.49617276634783,15.49617276634783,0.0
719,72.5954489933781,72.5954489933781,0.0,88.70297193144218,88.70297193144218,0.0,4.957148703428271,4.957148703428271,0.0,5.203616633926684,5.203616633926684,0.0,15.435280131460905,15.435280131460905,0.0
720,72.29747421417997,72.29747421417997,0.0,88.81837092296719,88.81837092296719,0.0,4.99369086339404,4.99369086339404,0.0,5.201421170379505,5.201421170379505,0.0,15.419166670644966,15.419166670644966,0.0
721,72.07089151144332,72.07089151144332,0.0,88.72126200750837,88.72126200750837,0.0,5.021612171221219,5.021612171221219,0.0,5.1965932528001,5.1965932528001,0.0,15.502095933654422,15.502095933654422,0.0
722,72.34633611448153,72.34633611448153,0.0,88.77086875603955,88.77086875603955,0.0,5.056733637232498,5.056733637232498,0.0,5.197271482880601,5.197271482880601,0.0,15.458846077739079,15.458846077739079,0.0
723,72.23943197372417,72.23943197372417,0.0,89.29251350931938,89.29251350931938,0.0,5.023344067487674,5.023344067487674,0.0,5.198465485052442,5.198465485052442,0.0,15.495124084389417,15.495124084389417,0.0
724,72.3047112292988,72.3047112292988,0.0,89.4242726339741,89.4242726339741,0.0,5.031398716092206,5.031398716092206,0.0,5.196684791374475,5.196684791374475,0.0,15.367923223486311,15.367923223486311,0.0
725,72.28121095194398,72.28121095194398,0.0,89.58760758479187,89.58760758479187,0.0,5.016481518816734,5.016481518816734,0.0,5.194547931260131,5.194547931260131,0.0,15.355881832905173,15.355881832905173,0.0
726,71.83030993157482,71.83030993157482,0.0,90.06159939657732,90.06159939657732,0.0,5.001798257796543,5.001798257796543,0.0,5.194675834160149,5.194675834160149,0.0,15.285772829417432,15.285772829417432,0.0
727,72.19874023908363,72.19874023908363,0.0,90.24459510524686,90.24459510524686,0.0,4.962289477907984,4.962289477907984,0.0,5.194405884089178,5.194405884089178,0.0,15.22126480338965,15.22126480338965,0.0
728,71.94768706042716,71.94768706042716,0.0,89.88480458365868,89.88480458365868,0.0,4.960248451335681,4.960248451335681,0.0,5.195458708487855,5.195458708487855,0.0,15.131823929061564,15.131823929061564,0.0
729,71.68778538385203,71.68778538385203,0.0,89.92077401635098,89.92077401635098,0.0,4.955808905804055,4.955808905804055,0.0,5.193451612863511,5.193451612863511,0.0,15.285101456576431,15.285101456576431,0.0
730,71.53602974415007,71.53602974415007,0.0,90.38149804147936,90.38149804147936,0.0,4.986297712309963,4.986297712309963,0.0,5.195821595894028,5.195821595894028,0.0,15.240010775214973,15.240010775214973,0.0
731,71.81447479672713,71.81447479672713,0.0,90.4111046440711,90.4111046440711,0.0,5.0164003514968165,5.0164003514968165,0.0,5.1929797544302625,5.1929797544302625,0.0,15.193442821641767,15.193442821641767,0.0
732,71.95761897824814,71.95761897824814,0.0,90.2354462725467,90.2354462725467,0.0,5.024037404682769,5.024037404682769,0.0,5.190418956699677,5.190418956699677,0.0,15.141407580522301,15.141407580522301,0.0
733,71.60500701192336,71.60500701192336,0.0,89.97285036952199,89.97285036952199,0.0,4.989019373979367,4.989019373979367,0.0,5.188876965954108,5.188876965954108,0.0,15.142702154707695,15.142702154707695,0.0
734,71.85829274976952,71.85829274976952,0.0,89.5718990558676,89.5718990558676,0.0,4.989967502232951,4.989967502232951,0.0,5.188185443191032,5.188185443191032,0.0,15.164294205736088,15.164294205736088,0.0
735,72.12354979785104,72.12354979785104,0.0,89.82553275811631,89.82553275811631,0.0,5.014617026547676,5.014617026547676,0.0,5.187432569466947,5.187432569466947,0.0,15.258012660868811,15.258012660868811,0.0
736,72.46246925242329,72.46246925242329,0.0,89.8593734220594,89.8593734220594,0.0,4.978381952854167,4.978381952854167,0.0,5.1881388734978096,5.1881388734978096,0.0,15.15165027733488,15.15165027733488,0.0
737,72.65186922966414,72.65186922966414,0.0,90.28654945632827,90.28654945632827,0.0,4.951016717188381,4.951016717188381,0.0,5.191768693518959,5.191768693518959,0.0,15.290534679051154,15.290534679051154,0.0
738,72.75068565173316,72.75068565173316,0.0,90.41635599068984,90.41635599068984,0.0,4.920218297999016,4.920218297999016,0.0,5.192035178800139,5.192035178800139,0.0,15.22500481456596,15.22500481456596,0.0
739,72.63152072501417,72.63152072501417,0.0,90.57068070547216,90.57068070547216,0.0,4.9453543913355205,4.9453543913355205,0.0,5.190793104397387,5.190793104397387,0.0,15.259661592615103,15.259661592615103,0.0
740,72.62037684207976,72.62037684207976,0.0,90.6399141211273,90.6399141211273,0.0,4.954303029763766,4.954303029763766,0.0,5.189062374528091,5.189062374528091,0.0,15.157021381414502,15.157021381414502,0.0
741,72.26690050455002,72.26690050455002,0.0,91.03649083123499,91.03649083123499,0.0,4.937809366341075,4.937809366341075,0.0,5.186066183368425,5.186066183368425,0.0,15.298697584909245,15.298697584909245,0.0
742,72.0781304411912,72.0781304411912,0.0,90.58034814951682,90.58034814951682,0.0,4.915660281470478,4.915660281470478,0.0,5.190071707635599,5.190071707635599,0.0,15.214845181304261,15.214845181304261,0.0
743,71.69756249017166,71.69756249017166,0.0,90.62466043282912,90.62466043282912,0.0,4.934584744650135,4.934584744650135,0.0,5.189579516696358,5.189579516696358,0.0,15.318796413443428,15.318796413443428,0.0
744,71.47854387477712,71.47854387477712,0.0,90.45549750829784,90.45549750829784,0.0,4.977760863592177,4.977760863592177,0.0,5.1953824235685815,5.1953824235685815,0.0,15.25829160037039,15.25829160037039,0.0
745,71.22088793918668,71.22088793918668,0.0,90.63050593732859,90.63050593732859,0.0,5.004038683687746,5.004038683687746,0.0,5.192009899171802,5.192009899171802,0.0,15.375907098314524,15.375907098314524,0.0
746,71.74745756448924,71.74745756448924,0.0,90.896439740682,90.896439740682,0.0,5.027943075759916,5.027943075759916,0.0,5.192035941341657,5.192035941341657,0.0,15.343013757312978,15.343013757312978,0.0
747,71.94463572581736,71.94463572581736,0.0,90.43270253223123,90.43270253223123,0.0,5.056116278368919,5.056116278368919,0.0,5.192525733645236,5.192525733645236,0.0,15.278406440449665,15.278406440449665,0.0
748,71.79044324325756,71.79044324325756,0.0,90.22563027507493,90.22563027507493,0.0,5.023576099850174,5.023576099850174,0.0,5.19159998977703,5.19159998977703,0.0,15.327740748744041,15.327740748744041,0.0
749,71.64868900902631,71.64868900902631,0.0,90.68532703071457,90.68532703071457,0.0,5.0247992247357045,5.0247992247357045,0.0,5.187960383345139,5.187960383345139,0.0,15.287543571268307,15.287543571268307,0.0
750,71.54890901676413,71.54890901676413,0.0,90.38805213961794,90.38805213961794,0.0,4.98155548615226,4.98155548615226,0.0,5.190303278566852,5.190303278566852,0.0,15.218881352813263,15.218881352813263,0.0
751,71.37910537166633,71.37910537166633,0.0,90.40332084166263,90.40332084166263,0.0,5.006092183997594,5.006092183997594,0.0,5.188466451187376,5.188466451187376,0.0,15.298639545271758,15.298639545271758,0.0
752,71.61828600726616,71.61828600726616,0.0,90.28410177573659,90.28410177573659,0.0,5.0072067611735624,5.0072067611735624,0.0,5.189364114429787,5.189364114429787,0.0,15.42947361869198,15.42947361869198,0.0
753,71.77791040914904,71.77791040914904,0.0,90.28065543289368,90.28065543289368,0.0,4.975084512713291,4.975084512713291,0.0,5.190446518278422,5.190446518278422,0.0,15.41638425450397,15.41638425450397,0.0
754,72.08632310835046,72.08632310835046,0.0,90.37369976323706,90.37369976323706,0.0,4.9545676370047484,4.9545676370047484,0.0,5.1910640753741655,5.1910640753741655,0.0,15.458294430133677,15.458294430133677,0.0
755,72.12748512859156,72.12748512859156,0.0,90.6130656692643,90.6130656692643,0.0,4.962681397595142,4.962681397595142,0.0,5.1937916926742,5.1937916926742,0.0,15.542927111734667,15.542927111734667,0.0
756,71.99745921141344,71.99745921141344,0.0,90.2471727476086,90.2471727476086,0.0,5.002066211270388,5.002066211270388,0.0,5.19137546245553,5.19137546245553,0.0,15.443033412041355,15.443033412041355,0.0
757,72.30973363837788,72.30973363837788,0.0,90.26292498488529,90.26292498488529,0.0,4.966647167949398,4.966647167949398,0.0,5.192645241298149,5.192645241298149,0.0,15.411795804177377,15.411795804177377,0.0
758,72.18635101717051,72.18635101717051,0.0,90.33767621649041,90.33767621649041,0.0,4.996978604303446,4.996978604303446,0.0,5.190891451680383,5.190891451680383,0.0,15.514202070277669,15.514202070277669,0.0
759,71.80888181231305,71.80888181231305,0.0,90.56216979020682,90.56216979020682,0.0,5.034227758479227,5.034227758479227,0.0,5.1875909234947315,5.1875909234947315,0.0,15.533135996108006,15.533135996108006,0.0
760,71.86885450339014,71.86885450339014,0.0,90.37214824213557,90.37214824213557,0.0,5.00957232970795,5.00957232970795,0.0,5.189836349006011,5.189836349006011,0.0,15.565947120093593,15.565947120093593,0.0
761,72.09198263517973,72.09198263517973,0.0,89.97325049662281,89.97325049662281,0.0,5.019387985063988,5.019387985063988,0.0,5.189228623329453,5.189228623329453,0.0,15.623181882073144,15.623181882073144,0.0
762,72.20750289598963,72.20750289598963,0.0,89.88849231028763,89.88849231028763,0.0,4.991238738860663,4.991238738860663,0.0,5.189105426792544,5.189105426792544,0.0,15.617915131362452,15.617915131362452,0.0
763,71.89643016701892,71.89643016701892,0.0,90.08860687883796,90.08860687883796,0.0,4.980590982365995,4.980590982365995,0.0,5.188128058732134,5.188128058732134,0.0,15.497713945280758,15.497713945280758,0.0
764,71.77492747954331,71.77492747954331,0.0,90.22967856291552,90.22967856291552,0.0,4.97762179737588,4.97762179737588,0.0,5.191335963581844,5.191335963581844,0.0,15.363069750674857,15.363069750674857,0.0
765,71.86624196807276,71.86624196807276,0.0,90.28175699289086,90.28175699289086,0.0,5.014692584516432,5.014692584516432,0.0,5.189569592957161,5.189569592957161,0.0,15.399107166581476,15.399107166581476,0.0
766,71.84848801698858,71.84848801698858,0.0,90.38167589163261,90.38167589163261,0.0,5.051373194501791,5.051373194501791,0.0,5.191361190524163,5.191361190524163,0.0,15.469900186753875,15.469900186753875,0.0
767,72.27068208769235,72.27068208769235,0.0,90.08462106670798,90.08462106670798,0.0,5.022285223231766,5.022285223231766,0.0,5.195609115847792,5.195609115847792,0.0,15.487115531256013,15.487115531256013,0.0
768,72.47916768745877,72.47916768745877,0.0,89.98397915781581,89.98397915781581,0.0,5.023611619773443,5.023611619773443,0.0,5.196523422415544,5.196523422415544,0.0,15.525843941955706,15.525843941955706,0.0
769,72.11608115057875,72.11608115057875,0.0,89.65466319906315,89.65466319906315,0.0,4.991541046837015,4.991541046837015,0.0,5.195472223141657,5.195472223141657,0.0,15.464177443179882,15.464177443179882,0.0
770,71.8814345266749,71.8814345266749,0.0,89.5139334170183,89.5139334170183,0.0,4.984650980326208,4.984650980326208,0.0,5.200013062224238,5.200013062224238,0.0,15.570861354160987,15.570861354160987,0.0
771,72.0817912221311,72.0817912221311,0.0,89.44605836276716,89.44605836276716,0.0,5.01275069361275,5.01275069361275,0.0,5.201907968836952,5.201907968836952,0.0,15.473918441696803,15.473918441696803,0.0
772,72.39308950260823,72.39308950260823,0.0,89.39590405186514,89.39590405186514,0.0,5.029516443455881,5.029516443455881,0.0,5.202518253033288,5.202518253033288,0.0,15.39285642345512,15.39285642345512,0.0
773,71.96657263155615,71.96657263155615,0.0,89.47165206418215,89.47165206418215,0.0,5.050958488514852,5.050958488514852,0.0,5.201482121764079,5.201482121764079,0.0,15.370164268265063,15.370164268265063,0.0
774,72.26846119675753,72.26846119675753,0.0,89.52842617631774,89.52842617631774,0.0,5.052358918243522,5.052358918243522,0.0,5.1964779616604675,5.1964779616604675,0.0,15.306730532547139,15.306730532547139,0.0
775,72.12578700754172,72.12578700754172,0.0,89.12568227966825,89.12568227966825,0.0,5.048583167435229,5.048583167435229,0.0,5.193255368489276,5.193255368489276,0.0,15.385217810262255,15.385217810262255,0.0
776,71.87962343126829,71.87962343126829,0.0,89.20392275871909,89.20392275871909,0.0,5.033546290510985,5.033546290510985,0.0,5.1932508018096035,5.1932508018096035,0.0,15.435192617655822,15.435192617655822,0.0
777,71.90522747811896,71.90522747811896,0.0,88.99959735014751,88.99959735014751,0.0,5.020626330172818,5.020626330172818,0.0,5.190112328355409,5.190112328355409,0.0,15.542123540176156,15.542123540176156,0.0
778,71.97955929419774,71.97955929419774,0.0,88.82617931223801,88.82617931223801,0.0,4.984686828777225,4.984686828777225,0.0,5.190921134085762,5.190921134085762,0.0,15.59409598424505,15.59409598424505,0.0
779,71.68756470546121,71.68756470546121,0.0,88.8411501771166,88.8411501771166,0.0,4.985754238276232,4.985754238276232,0.0,5.193169524514229,5.193169524514229,0.0,15.682653941695438,15.682653941695438,0.0
780,71.83699708608948,71.83699708608948,0.0,88.88429357841821,88.88429357841821,0.0,4.953382182423845,4.953382182423845,0.0,5.1964833781679705,5.1964833781679705,0.0,15.739664345664927,15.739664345664927,0.0
781,72.2058549662562,72.2058549662562,0.0,88.96126808397926,88.96126808397926,0.0,4.9534712923978965,4.9534712923978965,0.0,5.195247630293543,5.195247630293543,0.0,15.641519435307472,15.641519435307472,0.0
782,72.24364151078063,72.24364151078063,0.0,88.70514056702284,88.70514056702284,0.0,4.998677445032897,4.998677445032897,0.0,5.196789818739866,5.196789818739866,0.0,15.71455096008587,15.71455096008587,0.0
783,72.15324488178989,72.15324488178989,0.0,88.32790789028243,88.32790789028243,0.0,5.024307259938358,5.024307259938358,0.0,5.194043342797724,5.194043342797724,0.0,15.795158327560799,15.795158327560799,0.0
784,72.33165332354763,72.33165332354763,0.0,88.37890455271649,88.37890455271649,0.0,4.985434467512986,4.985434467512986,0.0,5.1990090199614425,5.1990090199614425,0.0,15.836243947710148,15.836243947710148,0.0
785,72.56653665666494,72.56653665666494,0.0,88.32977076946706,88.32977076946706,0.0,5.002877079793404,5.002877079793404,0.0,5.195201034273681,5.195201034273681,0.0,15.69781621829569,15.69781621829569,0.0
786,72.08203947567853,72.08203947567853,0.0,88.42063669629864,88.42063669629864,0.0,4.9787981851188485,4.9787981851188485,0.0,5.195817397202168,5.195817397202168,0.0,15.583717067196151,15.583717067196151,0.0
787,72.05358930598017,72.05358930598017,0.0,88.4265923854715,88.4265923854715,0.0,4.9975210338055955,4.9975210338055955,0.0,5.191335704782805,5.191335704782805,0.0,15.634033232771605,15.634033232771605,0.0
788,72.17469788644178,72.17469788644178,0.0,88.1346866414778,88.1346866414778,0.0,4.9805721222756825,4.9805721222756825,0.0,5.1949203485237945,5.1949203485237945,0.0,15.54971968494481,15.54971968494481,0.0
789,71.78549873105263,71.78549873105263,0.0,88.03275441913374,88.03275441913374,0.0,4.974250013940698,4.974250013940698,0.0,5.193039598821857,5.193039598821857,0.0,15.644932358239378,15.644932358239378,0.0
790,71.95246151320202,71.95246151320202,0.0,88.04917292173762,88.04917292173762,0.0,5.007070741594674,5.007070741594674,0.0,5.195090233219992,5.195090233219992,0.0,15.577911511581249,15.577911511581249,0.0
791,71.865639741274,71.865639741274,0.0,88.18050302071126,88.18050302071126,0.0,4.99136594716797,4.99136594716797,0.0,5.199150523952202,5.199150523952202,0.0,15.46699252404132,15.46699252404132,0.0
792,71.63912903412353,71.63912903412353,0.0,88.3609922785727,88.3609922785727,0.0,5.026623328256752,5.026623328256752,0.0,5.194433328889005,5.194433328889005,0.0,15.341350297970251,15.341350297970251,0.0
793,71.72807613342808,71.72807613342808,0.0,88.39063311295102,88.39063311295102,0.0,4.99563959493084,4.99563959493084,0.0,5.193346214365326,5.193346214365326,0.0,15.34808100185478,15.34808100185478,0.0
794,71.8775523441425,71.8775523441425,0.0,88.83922967818273,88.83922967818273,0.0,4.996320178105759,4.996320178105759,0.0,5.196997150291676,5.196997150291676,0.0,15.395306443893169,15.395306443893169,0.0
795,72.20269015786008,72.20269015786008,0.0,89.4096983366969,89.4096983366969,0.0,4.959167315601283,4.959167315601283,0.0,5.197786638413852,5.197786638413852,0.0,15.461041524884006,15.461041524884006,0.0
796,71.88731521020122,71.88731521020122,0.0,89.78995449802312,89.78995449802312,0.0,4.931626649678262,4.931626649678262,0.0,5.1967856802536545,5.1967856802536545,0.0,15.357400939755596,15.357400939755596,0.0
797,71.9977002118677,71.9977002118677,0.0,89.6551560239633,89.6551560239633,0.0,4.9199575183278546,4.9199575183278546,0.0,5.193570174612231,5.193570174612231,0.0,15.264264785413161,15.264264785413161,0.0
798,72.32590540758186,72.32590540758186,0.0,89.64979613814363,89.64979613814363,0.0,4.9071535235701385,4.9071535235701385,0.0,5.190470040332926,5.190470040332926,0.0,15.2491970736377,15.2491970736377,0.0
799,72.50691282711296,72.50691282711296,0.0,89.70735246897237,89.70735246897237,0.0,4.935924352536085,4.935924352536085,0.0,5.191470068671684,5.191470068671684,0.0,15.309100477675912,15.309100477675912,0.0
800,72.81157376087269,72.81157376087269,0.0,89.6798906004651,89.6798906004651,0.0,4.97909663301518,4.97909663301518,0.0,5.196323205530946,5.196323205530946,0.0,15.23018635638983,15.23018635638983,0.0
801,72.71033263489248,72.71033263489248,0.0,89.6215616756062,89.6215616756062,0.0,4.96728714026579,4.96728714026579,0.0,5.20041356700117,5.20041356700117,0.0,15.132575923896615,15.132575923896615,0.0
802,72.79391918315675,72.79391918315675,0.0,89.77465636195625,89.77465636195625,0.0,4.964542085921134,4.964542085921134,0.0,5.199810544879998,5.199810544879998,0.0,15.053150023718615,15.053150023718615,0.0
803,72.96531012521602,72.96531012521602,0.0,89.82235521664182,89.82235521664182,0.0,4.991590948711614,4.991590948711614,0.0,5.195893407203453,5.195893407203453,0.0,14.9999757074327,14.9999757074327,0.0
804,73.00028707275828,73.00028707275828,0.0,89.7089771982419,89.7089771982419,0.0,4.99807382671535,4.99807382671535,0.0,5.19353086572171,5.19353086572171,0.0,14.939924094082507,14.939924094082507,0.0
805,72.96886809651625,72.96886809651625,0.0,89.82800826276929,89.82800826276929,0.0,4.996458420551983,4.996458420551983,0.0,5.194071355014277,5.194071355014277,0.0,14.966313882408983,14.966313882408983,0.0
806,72.9628574086753,72.9628574086753,0.0,90.07110242445712,90.07110242445712,0.0,4.996245530811611,4.996245530811611,0.0,5.190920510517982,5.190920510517982,0.0,15.05204974670919,15.05204974670919,0.0
807,72.41410461389309,72.41410461389309,0.0,89.7982105429709,89.7982105429709,0.0,4.978334029846987,4.978334029846987,0.0,5.190776906636301,5.190776906636301,0.0,15.124079501885962,15.124079501885962,0.0
808,72.72963491635612,72.72963491635612,0.0,89.59512623045747,89.59512623045747,0.0,5.01538650579193,5.01538650579193,0.0,5.196370620860987,5.196370620860987,0.0,15.091133693627958,15.091133693627958,0.0
809,72.58932886334892,72.58932886334892,0.0,89.52702072183624,89.52702072183624,0.0,4.9930809290943285,4.9930809290943285,0.0,5.1957094776770045,5.1957094776770045,0.0,15.063730069556254,15.063730069556254,0.0
810,72.67076708801999,72.67076708801999,0.0,89.37708985724869,89.37708985724869,0.0,5.002922400318673,5.002922400318673,0.0,5.198477207447965,5.198477207447965,0.0,15.146510966703904,15.146510966703904,0.0
811,72.56936206847685,72.56936206847685,0.0,89.85518500515647,89.85518500515647,0.0,5.004185291548381,5.004185291548381,0.0,5.198115059143499,5.198115059143499,0.0,15.20585615242899,15.20585615242899,0.0
812,72.10008696790537,72.10008696790537,0.0,90.11855364438401,90.11855364438401,0.0,4.995277032478174,4.995277032478174,0.0,5.200617471508572,5.200617471508572,0.0,15.135813009423838,15.135813009423838,0.0
813,72.0948456250823,72.0948456250823,0.0,89.80502890808063,89.80502890808063,0.0,4.979200112812821,4.979200112812821,0.0,5.1995485001272,5.1995485001272,0.0,15.044335061736938,15.044335061736938,0.0
814,72.33974983613439,72.33974983613439,0.0,89.74787037109782,89.74787037109782,0.0,4.9910197798196485,4.9910197798196485,0.0,5.195130066731981,5.195130066731981,0.0,15.05384364946409,15.05384364946409,0.0
815,71.9919553342165,71.9919553342165,0.0,89.89280515577352,89.89280515577352,0.0,5.010026988910189,5.010026988910189,0.0,5.1916511609595775,5.1916511609595775,0.0,15.104069175103891,15.104069175103891,0.0
816,72.34368755088421,72.34368755088421,0.0,89.70516615420796,89.70516615420796,0.0,5.001776919495093,5.001776919495093,0.0,5.191827555820691,5.191827555820691,0.0,15.057325564814878,15.057325564814878,0.0
817,72.35363994759068,72.35363994759068,0.0,89.60058503068834,89.60058503068834,0.0,4.99791502885172,4.99791502885172,0.0,5.189981811319728,5.189981811319728,0.0,15.049131237990741,15.049131237990741,0.0
818,72.6152658710137,72.6152658710137,0.0,89.96057753966674,89.96057753966674,0.0,4.968076121936774,4.968076121936774,0.0,5.186924470848254,5.186924470848254,0.0,15.03781763063412,15.03781763063412,0.0
819,72.39409180124403,72.39409180124403,0.0,89.88359444310375,89.88359444310375,0.0,4.995611223171632,4.995611223171632,0.0,5.188086596950458,5.188086596950458,0.0,15.007113692425587,15.007113692425587,0.0
820,72.22559798234444,72.22559798234444,0.0,90.05616398661147,90.05616398661147,0.0,5.029175688666323,5.029175688666323,0.0,5.189694055850183,5.189694055850183,0.0,15.047393814824922,15.047393814824922,0.0
821,71.90477579358614,71.90477579358614,0.0,89.96477327344986,89.96477327344986,0.0,5.042255558745197,5.042255558745197,0.0,5.189713890559837,5.189713890559837,0.0,15.118328038215683,15.118328038215683,0.0
822,72.13694135166028,72.13694135166028,0.0,90.04499531193011,90.04499531193011,0.0,5.006034728290006,5.006034728290006,0.0,5.1868520327794325,5.1868520327794325,0.0,15.06029062543713,15.06029062543713,0.0
823,72.2101663583622,72.2101663583622,0.0,89.89140747139373,89.89140747139373,0.0,5.033664257099126,5.033664257099126,0.0,5.18833829779103,5.18833829779103,0.0,15.113487072902123,15.113487072902123,0.0
824,72.47823199728329,72.47823199728329,0.0,89.85293385681767,89.85293385681767,0.0,5.027239759674993,5.027239759674993,0.0,5.18837222967468,5.18837222967468,0.0,15.208159293213006,15.208159293213006,0.0
825,72.4716249267182,72.4716249267182,0.0,89.78895401850441,89.78895401850441,0.0,5.033194828766324,5.033194828766324,0.0,5.189877421340286,5.189877421340286,0.0,15.295471201860728,15.295471201860728,0.0
826,72.02526887137677,72.02526887137677,0.0,89.77222695608349,89.77222695608349,0.0,4.991713547589311,4.991713547589311,0.0,5.194225070914826,5.194225070914826,0.0,15.370834813344498,15.370834813344498,0.0
827,72.29109995072582,72.29109995072582,0.0,90.04123814130004,90.04123814130004,0.0,4.956739166557745,4.956739166557745,0.0,5.193856377988859,5.193856377988859,0.0,15.461177408896921,15.461177408896921,0.0
828,72.37600487808784,72.37600487808784,0.0,90.24144531258621,90.24144531258621,0.0,4.970095658468513,4.970095658468513,0.0,5.197220670678392,5.197220670678392,0.0,15.503793792877545,15.503793792877545,0.0
829,72.27211701941405,72.27211701941405,0.0,90.59510953248277,90.59510953248277,0.0,4.941526690245514,4.941526690245514,0.0,5.195435838397204,5.195435838397204,0.0,15.464147518347833,15.464147518347833,0.0
830,72.12594205350258,72.12594205350258,0.0,90.26528584027729,90.26528584027729,0.0,4.953348466673668,4.953348466673668,0.0,5.193729095743449,5.193729095743449,0.0,15.43709748387355,15.43709748387355,0.0
831,72.2588081831042,72.2588081831042,0.0,90.1504847723521,90.1504847723521,0.0,4.96153051351024,4.96153051351024,0.0,5.196188784537537,5.196188784537537,0.0,15.539567603570074,15.539567603570074,0.0
832,71.8993360062047,71.8993360062047,0.0,90.34319186730565,90.34319186730565,0.0,5.005626793447975,5.005626793447975,0.0,5.196330142332907,5.196330142332907,0.0,15.578908960296337,15.578908960296337,0.0
833,72.26469663238268,72.26469663238268,0.0,90.35954554269345,90.35954554269345,0.0,5.013585311441267,5.013585311441267,0.0,5.1947884535358915,5.1947884535358915,0.0,15.501120885310893,15.501120885310893,0.0
834,72.61273474161392,72.61273474161392,0.0,89.95286656518313,89.95286656518313,0.0,5.016787553262987,5.016787553262987,0.0,5.195402203785961,5.195402203785961,0.0,15.369079886708022,15.369079886708022,0.0
835,72.49566833941341,72.49566833941341,0.0,89.89655287072333,89.89655287072333,0.0,5.031239724314834,5.031239724314834,0.0,5.200562399869331,5.200562399869331,0.0,15.408825807647869,15.408825807647869,0.0
836,72.0250083508194,72.0250083508194,0.0,89.66159715441758,89.66159715441758,0.0,5.054926609688433,5.054926609688433,0.0,5.203513076371121,5.203513076371121,0.0,15.486883393360932,15.486883393360932,0.0
837,71.95170801751911,71.95170801751911,0.0,89.67212932745109,89.67212932745109,0.0,5.058614947534151,5.058614947534151,0.0,5.198345158973196,5.198345158973196,0.0,15.445673084891709,15.445673084891709,0.0
838,71.78576323141623,71.78576323141623,0.0,89.69229775441727,89.69229775441727,0.0,5.051347172780053,5.051347172780053,0.0,5.19671671115002,5.19671671115002,0.0,15.48137614511203,15.48137614511203,0.0
839,71.97326640003799,71.97326640003799,0.0,89.83393977537773,89.83393977537773,0.0,5.0537911967374,5.0537911967374,0.0,5.192270402250076,5.192270402250076,0.0,15.400107138932029,15.400107138932029,0.0
840,71.84252424524503,71.84252424524503,0.0,89.91580126448216,89.91580126448216,0.0,5.079923443906653,5.079923443906653,0.0,5.19586097060114,5.19586097060114,0.0,15.439293964481987,15.439293964481987,0.0
841,71.85626617521423,71.85626617521423,0.0,90.29870176573282,90.29870176573282,0.0,5.07224127079239,5.07224127079239,0.0,5.1945430056649355,5.1945430056649355,0.0,15.474722464454004,15.474722464454004,0.0
842,71.81348314965771,71.81348314965771,0.0,90.64489414003884,90.64489414003884,0.0,5.04657186083094,5.04657186083094,0.0,5.197228964384852,5.197228964384852,0.0,15.434511213239546,15.434511213239546,0.0
843,71.87600129922984,71.87600129922984,0.0,90.58136754078126,90.58136754078126,0.0,5.0643349435834475,5.0643349435834475,0.0,5.201330818854727,5.201330818854727,0.0,15.37051358310875,15.37051358310875,0.0
844,72.27416908428624,72.27416908428624,0.0,90.03554159912584,90.03554159912584,0.0,5.09446004228338,5.09446004228338,0.0,5.202489520930327,5.202489520930327,0.0,15.446066419022632,15.446066419022632,0.0
845,72.2812559737733,72.2812559737733,0.0,90.05598310591564,90.05598310591564,0.0,5.111052818305108,5.111052818305108,0.0,5.204805871913747,5.204805871913747,0.0,15.494901608618441,15.494901608618441,0.0
846,72.08187243393047,72.08187243393047,0.0,89.7619270725853,89.7619270725853,0.0,5.096033588645406,5.096033588645406,0.0,5.201798038074397,5.201798038074397,0.0,15.511038453600491,15.511038453600491,0.0
847,72.42761287930229,72.42761287930229,0.0,89.49928796152854,89.49928796152854,0.0,5.052227897411756,5.052227897411756,0.0,5.204503714720015,5.204503714720015,0.0,15.613725353027,15.613725353027,0.0
848,72.68078289163066,72.68078289163066,0.0,89.15183224006009,89.15183224006009,0.0,5.043888265308416,5.043888265308416,0.0,5.204144160657533,5.204144160657533,0.0,15.658753551698666,15.658753551698666,0.0
849,72.89628730385944,72.89628730385944,0.0,89.37886944600368,89.37886944600368,0.0,5.0600884239902175,5.0600884239902175,0.0,5.200245762345788,5.200245762345788,0.0,15.642242580766315,15.642242580766315,0.0
850,72.99152879363342,72.99152879363342,0.0,89.79763916945573,89.79763916945573,0.0,5.022706699303848,5.022706699303848,0.0,5.202471818596101,5.202471818596101,0.0,15.55634234119561,15.55634234119561,0.0
851,72.9827370282321,72.9827370282321,0.0,89.4351326967295,89.4351326967295,0.0,5.054270923324445,5.054270923324445,0.0,5.204144706200653,5.204144706200653,0.0,15.42973631921194,15.42973631921194,0.0
852,72.47425774047709,72.47425774047709,0.0,89.12296025833719,89.12296025833719,0.0,5.048692480997404,5.048692480997404,0.0,5.205403156656965,5.205403156656965,0.0,15.42072081080569,15.42072081080569,0.0
853,72.45033726454143,72.45033726454143,0.0,89.4520569646827,89.4520569646827,0.0,5.02788086524835,5.02788086524835,0.0,5.201896600499842,5.201896600499842,0.0,15.426470987123826,15.426470987123826,0.0
854,72.22402480013828,72.22402480013828,0.0,89.18308326348085,89.18308326348085,0.0,4.996114963733685,4.996114963733685,0.0,5.199481325555064,5.199481325555064,0.0,15.469779891018621,15.469779891018621,0.0
855,72.28177196346739,72.28177196346739,0.0,89.05089705625876,89.05089705625876,0.0,4.984657598954933,4.984657598954933,0.0,5.197707645592446,5.197707645592446,0.0,15.476130816235493,15.476130816235493,0.0
856,72.39417832875607,72.39417832875607,0.0,88.85713790914194,88.85713790914194,0.0,4.952399441302547,4.952399441302547,0.0,5.199023560966139,5.199023560966139,0.0,15.463710832143354,15.463710832143354,0.0
857,72.27764403062247,72.27764403062247,0.0,88.79538407557344,88.79538407557344,0.0,4.972775802676821,4.972775802676821,0.0,5.195160901909283,5.195160901909283,0.0,15.509778976377053,15.509778976377053,0.0
858,72.16848830244716,72.16848830244716,0.0,88.86401933143163,88.86401933143163,0.0,4.983820442913951,4.983820442913951,0.0,5.198909558867817,5.198909558867817,0.0,15.588287999883411,15.588287999883411,0.0
859,72.23099882489534,72.23099882489534,0.0,89.16392646569238,89.16392646569238,0.0,5.003006194312611,5.003006194312611,0.0,5.200705448381192,5.200705448381192,0.0,15.645486600648393,15.645486600648393,0.0
860,72.56807135298595,72.56807135298595,0.0,89.35407068934173,89.35407068934173,0.0,4.973149625841875,4.973149625841875,0.0,5.203777554020236,5.203777554020236,0.0,15.66298691713303,15.66298691713303,0.0
861,72.43971821093632,72.43971821093632,0.0,89.55682437691492,89.55682437691492,0.0,4.993541276208606,4.993541276208606,0.0,5.203129483119622,5.203129483119622,0.0,15.568891282210293,15.568891282210293,0.0
862,72.13904638511549,72.13904638511549,0.0,89.87096415108452,89.87096415108452,0.0,5.027430003938787,5.027430003938787,0.0,5.201800032648472,5.201800032648472,0.0,15.560021146311808,15.560021146311808,0.0
863,72.2459860464319,72.2459860464319,0.0,90.3268127714878,90.3268127714878,0.0,5.020041109620561,5.020041109620561,0.0,5.196958751306496,5.196958751306496,0.0,15.451991589077942,15.451991589077942,0.0
864,72.082548997589,72.082548997589,0.0,90.00696528013387,90.00696528013387,0.0,5.038808516197722,5.038808516197722,0.0,5.198246318440368,5.198246318440368,0.0,15.374525448434106,15.374525448434106,0.0
865,71.74993117120904,71.74993117120904,0.0,90.39174440653836,90.39174440653836,0.0,5.019711823277751,5.019711823277751,0.0,5.1998810492039125,5.1998810492039125,0.0,15.387095933490718,15.387095933490718,0.0
866,71.82145741222531,71.82145741222531,0.0,90.23018110480771,90.23018110480771,0.0,5.026757731071787,5.026757731071787,0.0,5.200370050157233,5.200370050157233,0.0,15.310145157012109,15.310145157012109,0.0
867,71.76087485967636,71.76087485967636,0.0,90.3799332830898,90.3799332830898,0.0,5.030473301636965,5.030473301636965,0.0,5.203183602346468,5.203183602346468,0.0,15.345211542442206,15.345211542442206,0.0
868,72.03408231025516,72.03408231025516,0.0,90.14499261158757,90.14499261158757,0.0,5.039425612275613,5.039425612275613,0.0,5.198707999583155,5.198707999583155,0.0,15.391008749276953,15.391008749276953,0.0
869,72.08725486819,72.08725486819,0.0,90.19544684838918,90.19544684838918,0.0,5.031209866710799,5.031209866710799,0.0,5.19936217924492,5.19936217924492,0.0,15.381062695608517,15.381062695608517,0.0
870,71.81237744570343,71.81237744570343,0.0,90.0409129544971,90.0409129544971,0.0,4.995754714412531,4.995754714412531,0.0,5.202553843776575,5.202553843776575,0.0,15.38659152719994,15.38659152719994,0.0
871,71.74951645551465,71.74951645551465,0.0,90.1615750982879,90.1615750982879,0.0,4.963562496132684,4.963562496132684,0.0,5.205519985601686,5.205519985601686,0.0,15.275518660062229,15.275518660062229,0.0
872,72.11752622276059,72.11752622276059,0.0,89.80626564548253,89.80626564548253,0.0,4.940151161499538,4.940151161499538,0.0,5.201570796239405,5.201570796239405,0.0,15.29155526720597,15.29155526720597,0.0
873,72.00820846105181,72.00820846105181,0.0,89.6219313219742,89.6219313219742,0.0,4.962639707617163,4.962639707617163,0.0,5.1996111794791195,5.1996111794791195,0.0,15.270659557444523,15.270659557444523,0.0
874,72.3372839316854,72.3372839316854,0.0,89.92981226275943,89.92981226275943,0.0,4.962391350873933,4.962391350873933,0.0,5.2044680708866045,5.2044680708866045,0.0,15.266600675033152,15.266600675033152,0.0
875,71.94757465105975,71.94757465105975,0.0,90.09765250920279,90.09765250920279,0.0,4.959733686518307,4.959733686518307,0.0,5.2003863806339625,5.2003863806339625,0.0,15.330571001527069,15.330571001527069,0.0
876,71.8524560694409,71.8524560694409,0.0,89.75149294959051,89.75149294959051,0.0,4.981362352692473,4.981362352692473,0.0,5.203563020180598,5.203563020180598,0.0,15.460272430031125,15.460272430031125,0.0
877,72.16819951833816,72.16819951833816,0.0,89.73953673130158,89.73953673130158,0.0,5.000021186027367,5.000021186027367,0.0,5.20222082005306,5.20222082005306,0.0,15.441110757955894,15.441110757955894,0.0
878,72.04394181018962,72.04394181018962,0.0,89.75096735688304,89.75096735688304,0.0,5.013017370523911,5.013017370523911,0.0,5.201791967215272,5.201791967215272,0.0,15.345920995443581,15.345920995443581,0.0
879,71.94365255750103,71.94365255750103,0.0,90.25029123315761,90.25029123315761,0.0,4.983625854091536,4.983625854091536,0.0,5.206623249857715,5.206623249857715,0.0,15.381540620628385,15.381540620628385,0.0
880,71.66128857448446,71.66128857448446,0.0,89.6335956092233,89.6335956092233,0.0,5.003512753373625,5.003512753373625,0.0,5.205960697407632,5.205960697407632,0.0,15.278820510250332,15.278820510250332,0.0
881,72.11486065311762,72.11486065311762,0.0,89.59661985371311,89.59661985371311,0.0,4.996313565569072,4.996313565569072,0.0,5.205044392900972,5.205044392900972,0.0,15.39888066848011,15.39888066848011,0.0
882,72.17758355918345,72.17758355918345,0.0,89.35318478511955,89.35318478511955,0.0,4.99755750461736,4.99755750461736,0.0,5.205161565817545,5.205161565817545,0.0,15.501641496105186,15.501641496105186,0.0
883,72.02963890558065,72.02963890558065,0.0,89.36621533123747,89.36621533123747,0.0,5.004117734794792,5.004117734794792,0.0,5.208216908667911,5.208216908667911,0.0,15.50805674041342,15.50805674041342,0.0
884,72.02564932742682,72.02564932742682,0.0,89.43601098091311,89.43601098091311,0.0,4.992927175310819,4.992927175310819,0.0,5.212342255419863,5.212342255419863,0.0,15.573000501787199,15.573000501787199,0.0
885,72.18490592720401,72.18490592720401,0.0,89.3069844703372,89.3069844703372,0.0,5.009108505777144,5.009108505777144,0.0,5.20777629796203,5.20777629796203,0.0,15.574704305887982,15.574704305887982,0.0
886,72.53825144753264,72.53825144753264,0.0,89.83722370499105,89.83722370499105,0.0,5.005090868543192,5.005090868543192,0.0,5.202936885525858,5.202936885525858,0.0,15.649762757589107,15.649762757589107,0.0
887,72.11144009356985,72.11144009356985,0.0,90.03684337947513,90.03684337947513,0.0,5.041246045187215,5.041246045187215,0.0,5.198482884308363,5.198482884308363,0.0,15.500900823315794,15.500900823315794,0.0
888,72.3297180242443,72.3297180242443,0.0,89.58723345598803,89.58723345598803,0.0,5.0232389787050815,5.0232389787050815,0.0,5.2013894575140345,5.2013894575140345,0.0,15.495851856624974,15.495851856624974,0.0
889,72.2800807746055,72.2800807746055,0.0,89.80842822436347,89.80842822436347,0.0,5.013826645624103,5.013826645624103,0.0,5.205884175649923,5.205884175649923,0.0,15.530920122794807,15.530920122794807,0.0
890,72.06067749809203,72.06067749809203,0.0,89.95238235964251,89.95238235964251,0.0,5.0319400358695665,5.0319400358695665,0.0,5.20768342008228,5.20768342008228,0.0,15.523139252076254,15.523139252076254,0.0
891,71.69881274423055,71.69881274423055,0.0,89.68071588755151,89.68071588755151,0.0,4.991817701995865,4.991817701995865,0.0,5.211972736025847,5.211972736025847,0.0,15.623490491596126,15.623490491596126,0.0
892,71.85286233565044,71.85286233565044,0.0,89.28475486521248,89.28475486521248,0.0,4.993354635435627,4.993354635435627,0.0,5.2145299014689375,5.2145299014689375,0.0,15.603861675867613,15.603861675867613,0.0
893,71.58556487950602,71.58556487950602,0.0,89.55287199258326,89.55287199258326,0.0,4.95537552112841,4.95537552112841,0.0,5.209483648734531,5.209483648734531,0.0,15.632584964423604,15.632584964423604,0.0
894,71.73410532207265,71.73410532207265,0.0,89.39993007215544,89.39993007215544,0.0,4.985943280784235,4.985943280784235,0.0,5.206337903927546,5.206337903927546,0.0,15.659377156464647,15.659377156464647,0.0
895,71.770238661102,71.770238661102,0.0,89.89975862609062,89.89975862609062,0.0,4.975242380396168,4.975242380396168,0.0,5.201675167766086,5.201675167766086,0.0,15.715103624532237,15.715103624532237,0.0
896,72.15904080973455,72.15904080973455,0.0,89.74689939111332,89.74689939111332,0.0,5.0180250126928865,5.0180250126928865,0.0,5.204244906638185,5.204244906638185,0.0,15.60410340949678,15.60410340949678,0.0
897,72.08235960863749,72.08235960863749,0.0,89.60952640561534,89.60952640561534,0.0,5.0343743740213265,5.0343743740213265,0.0,5.2023562598377175,5.2023562598377175,0.0,15.665579787976801,15.665579787976801,0.0
898,72.27181748956181,72.27181748956181,0.0,89.21028594987655,89.21028594987655,0.0,5.0216979693764285,5.0216979693764285,0.0,5.200181535002645,5.200181535002645,0.0,15.600378759502998,15.600378759502998,0.0
899,72.42448762038164,72.42448762038164,0.0,89.22209682059946,89.22209682059946,0.0,5.035258114488446,5.035258114488446,0.0,5.199912916072884,5.199912916072884,0.0,15.671721094119317,15.671721094119317,0.0
900,72.64376325778711,72.64376325778711,0.0,89.42748362655563,89.42748362655563,0.0,5.026470130126605,5.026470130126605,0.0,5.201704812971756,5.201704812971756,0.0,15.631757154452577,15.631757154452577,0.0
901,72.67336982558301,72.67336982558301,0.0,89.61473400695313,89.61473400695313,0.0,5.033940302910697,5.033940302910697,0.0,5.206130340211549,5.206130340211549,0.0,15.725143190398995,15.725143190398995,0.0
902,72.88574219753339,72.88574219753339,0.0,89.69521052725194,89.69521052725194,0.0,5.010789123761648,5.010789123761648,0.0,5.2016229531555,5.2016229531555,0.0,15.800352007685014,15.800352007685014,0.0
903,72.63810738737139,72.63810738737139,0.0,90.05776743757653,90.05776743757653,0.0,5.028097929407415,5.028097929407415,0.0,5.202380431896971,5.202380431896971,0.0,15.66476003067163,15.66476003067163,0.0
904,72.39236342427193,72.39236342427193,0.0,89.88370946013308,89.88370946013308,0.0,5.028166478464336,5.028166478464336,0.0,5.203918121668614,5.203918121668614,0.0,15.56615452801116,15.56615452801116,0.0
905,71.93080913065322,71.93080913065322,0.0,89.39275920767835,89.39275920767835,0.0,5.020092273961668,5.020092273961668,0.0,5.200799009214321,5.200799009214321,0.0,15.49961324627181,15.49961324627181,0.0
906,71.69781493259072,71.69781493259072,0.0,88.91539179504797,88.91539179504797,0.0,5.0524979856714,5.0524979856714,0.0,5.202301179150516,5.202301179150516,0.0,15.587316668918453,15.587316668918453,0.0
907,72.11298295958969,72.11298295958969,0.0,89.27373538301669,89.27373538301669,0.0,5.015107512342165,5.015107512342165,0.0,5.205681595267546,5.205681595267546,0.0,15.682999580196727,15.682999580196727,0.0
908,72.21761832671876,72.21761832671876,0.0,89.59854746887848,89.59854746887848,0.0,5.050469609269852,5.050469609269852,0.0,5.2091873362956616,5.2091873362956616,0.0,15.615626091789458,15.615626091789458,0.0
909,71.98083940762734,71.98083940762734,0.0,89.97924430208082,89.97924430208082,0.0,5.054853429512544,5.054853429512544,0.0,5.2126797113525924,5.2126797113525924,0.0,15.49147510308406,15.49147510308406,0.0
910,71.92589935288628,71.92589935288628,0.0,90.38583693153792,90.38583693153792,0.0,5.033423555992856,5.033423555992856,0.0,5.208285557925526,5.208285557925526,0.0,15.488891743328864,15.488891743328864,0.0
911,72.16101628161215,72.16101628161215,0.0,90.1519298876499,90.1519298876499,0.0,4.993778833847517,4.993778833847517,0.0,5.212179138283642,5.212179138283642,0.0,15.378769000116705,15.378769000116705,0.0
912,72.08428884772425,72.08428884772425,0.0,90.47308352750271,90.47308352750271,0.0,5.003431159348054,5.003431159348054,0.0,5.207989769853511,5.207989769853511,0.0,15.41022397321486,15.41022397321486,0.0
913,71.78410795205455,71.78410795205455,0.0,90.31760069711976,90.31760069711976,0.0,5.014441449566861,5.014441449566861,0.0,5.211477035356308,5.211477035356308,0.0,15.411068164093972,15.411068164093972,0.0
914,71.50587223376434,71.50587223376434,0.0,90.13805304758634,90.13805304758634,0.0,4.992566681490816,4.992566681490816,0.0,5.210018202799303,5.210018202799303,0.0,15.343370273984515,15.343370273984515,0.0
915,71.31452582218647,71.31452582218647,0.0,90.53363615804247,90.53363615804247,0.0,5.006724687382533,5.006724687382533,0.0,5.206881556341276,5.206881556341276,0.0,15.455555662515383,15.455555662515383,0.0
916,71.76247524494639,71.76247524494639,0.0,90.51807077642165,90.51807077642165,0.0,5.041022368733058,5.041022368733058,0.0,5.206238132014704,5.206238132014704,0.0,15.414350976761526,15.414350976761526,0.0
917,72.08077050136737,72.08077050136737,0.0,90.81660517016753,90.81660517016753,0.0,5.038771682211612,5.038771682211612,0.0,5.200772432120795,5.200772432120795,0.0,15.394221151073904,15.394221151073904,0.0
918,72.32051062091986,72.32051062091986,0.0,90.76607760115247,90.76607760115247,0.0,5.0684136894461,5.0684136894461,0.0,5.19929985512439,5.19929985512439,0.0,15.325480885538603,15.325480885538603,0.0
919,72.1829037408194,72.1829037408194,0.0,91.10484739872786,91.10484739872786,0.0,5.026559673407023,5.026559673407023,0.0,5.199702098583363,5.199702098583363,0.0,15.338668503729927,15.338668503729927,0.0
920,71.81411434520136,71.81411434520136,0.0,91.16939591069949,91.16939591069949,0.0,5.034847399645637,5.034847399645637,0.0,5.196492100510608,5.196492100510608,0.0,15.313190717904856,15.313190717904856,0.0
921,71.75514063799206,71.75514063799206,0.0,91.04449556706687,91.04449556706687,0.0,5.061925296444592,5.061925296444592,0.0,5.198078747242193,5.198078747242193,0.0,15.333364158118624,15.333364158118624,0.0
922,71.46741609788326,71.46741609788326,0.0,91.17199270803951,91.17199270803951,0.0,5.024877107064607,5.024877107064607,0.0,5.195163289320183,5.195163289320183,0.0,15.417546926890758,15.417546926890758,0.0
923,71.63831352352624,71.63831352352624,0.0,90.67964922959543,90.67964922959543,0.0,5.024809578101501,5.024809578101501,0.0,5.1936273201501795,5.1936273201501795,0.0,15.382672501200977,15.382672501200977,0.0
924,71.97127639255429,71.97127639255429,0.0,90.97279863855334,90.97279863855334,0.0,4.984470289352747,4.984470289352747,0.0,5.189697396028829,5.189697396028829,0.0,15.38736916341892,15.38736916341892,0.0
925,71.61073472600765,71.61073472600765,0.0,90.92599540074512,90.92599540074512,0.0,4.999922950515452,4.999922950515452,0.0,5.190104850407748,5.190104850407748,0.0,15.40137945359304,15.40137945359304,0.0
926,71.9807008634554,71.9807008634554,0.0,90.71684300329008,90.71684300329008,0.0,5.03391847244494,5.03391847244494,0.0,5.186264799559957,5.186264799559957,0.0,15.495562997820407,15.495562997820407,0.0
927,72.10726442482637,72.10726442482637,0.0,90.95359615408302,90.95359615408302,0.0,4.99306730963733,4.99306730963733,0.0,5.189375973663017,5.189375973663017,0.0,15.571077303252082,15.571077303252082,0.0
928,71.82561989048337,71.82561989048337,0.0,90.47739591900054,90.47739591900054,0.0,5.017485972305421,5.017485972305421,0.0,5.189787269837051,5.189787269837051,0.0,15.558086793253727,15.558086793253727,0.0
929,71.93006363304556,71.93006363304556,0.0,90.2546721296543,90.2546721296543,0.0,5.014929682670057,5.014929682670057,0.0,5.193595586878807,5.193595586878807,0.0,15.650716093920941,15.650716093920941,0.0
930,72.1863037703577,72.1863037703577,0.0,90.43952953922422,90.43952953922422,0.0,5.051517632180388,5.051517632180388,0.0,5.195891633851829,5.195891633851829,0.0,15.54272802800844,15.54272802800844,0.0
931,72.53321524174916,72.53321524174916,0.0,90.1331982500897,90.1331982500897,0.0,5.071573664167767,5.071573664167767,0.0,5.199151137371588,5.199151137371588,0.0,15.54419012589527,15.54419012589527,0.0
932,72.51102791886264,72.51102791886264,0.0,89.73737850768735,89.73737850768735,0.0,5.033344571880725,5.033344571880725,0.0,5.198370551922282,5.198370551922282,0.0,15.508475957087438,15.508475957087438,0.0
933,72.46112045677542,72.46112045677542,0.0,90.0801530032519,90.0801530032519,0.0,4.992161583988986,4.992161583988986,0.0,5.1945005139039475,5.1945005139039475,0.0,15.53637658236391,15.53637658236391,0.0
934,72.46748670308652,72.46748670308652,0.0,89.81281446901924,89.81281446901924,0.0,4.992162448376893,4.992162448376893,0.0,5.190003724319531,5.190003724319531,0.0,15.53550867282495,15.53550867282495,0.0
935,72.0540587324889,72.0540587324889,0.0,90.21516083180789,90.21516083180789,0.0,4.986503579087181,4.986503579087181,0.0,5.1938771004255635,5.1938771004255635,0.0,15.45097603418813,15.45097603418813,0.0
936,72.19814621143115,72.19814621143115,0.0,90.164614099289,90.164614099289,0.0,4.990147200115497,4.990147200115497,0.0,5.193486973690206,5.193486973690206,0.0,15.407487467723701,15.407487467723701,0.0
937,72.25065878780897,72.25065878780897,0.0,89.67349503858584,89.67349503858584,0.0,4.991449836321748,4.991449836321748,0.0,5.198510707162468,5.198510707162468,0.0,15.47921522222058,15.47921522222058,0.0
938,72.43128848236621,72.43128848236621,0.0,89.24451474709382,89.24451474709382,0.0,4.971439172654414,4.971439172654414,0.0,5.1948048626702,5.1948048626702,0.0,15.584160585757317,15.584160585757317,0.0
939,72.029656227929,72.029656227929,0.0,89.47774313789355,89.47774313789355,0.0,4.978419076086573,4.978419076086573,0.0,5.1924130042530665,5.1924130042530665,0.0,15.600116398188316,15.600116398188316,0.0
940,72.15174219253959,72.15174219253959,0.0,89.18975087041255,89.18975087041255,0.0,5.005021011734679,5.005021011734679,0.0,5.194872064483368,5.194872064483368,0.0,15.610726169422875,15.610726169422875,0.0
941,72.1037662714446,72.1037662714446,0.0,89.2700228756917,89.2700228756917,0.0,4.967801852214867,4.967801852214867,0.0,5.196730679935311,5.196730679935311,0.0,15.641209989021675,15.641209989021675,0.0
942,72.03269395137919,72.03269395137919,0.0,89.52259121545744,89.52259121545744,0.0,4.9927607789387976,4.9927607789387976,0.0,5.192425255161382,5.192425255161382,0.0,15.692847172195147,15.692847172195147,0.0
943,72.36665662000858,72.36665662000858,0.0,89.65582939134049,89.65582939134049,0.0,4.99252939093259,4.99252939093259,0.0,5.189191549173609,5.189191549173609,0.0,15.6993823757997,15.6993823757997,0.0
944,72.4773155150678,72.4773155150678,0.0,89.60031146441145,89.60031146441145,0.0,4.969424005745513,4.969424005745513,0.0,5.191824270645134,5.191824270645134,0.0,15.744291910246591,15.744291910246591,0.0
945,72.613973114275,72.613973114275,0.0,89.24458911724903,89.24458911724903,0.0,4.992514175598628,4.992514175598628,0.0,5.196176828901011,5.196176828901011,0.0,15.680928808533995,15.680928808533995,0.0
946,72.27920887686174,72.27920887686174,0.0,89.307340529773,89.307340529773,0.0,5.024749811776003,5.024749811776003,0.0,5.192931925503823,5.192931925503823,0.0,15.690881379861485,15.690881379861485,0.0
947,72.1925895920809,72.1925895920809,0.0,89.04527466312474,89.04527466312474,0.0,5.039040762141392,5.039040762141392,0.0,5.194817268706627,5.194817268706627,0.0,15.663870198382773,15.663870198382773,0.0
948,71.9194477343747,71.9194477343747,0.0,89.13725842785468,89.13725842785468,0.0,4.998615711460517,4.998615711460517,0.0,5.19159667201449,5.19159667201449,0.0,15.660705216950536,15.660705216950536,0.0
949,71.90091252287887,71.90091252287887,0.0,88.96005465590211,88.96005465590211,0.0,5.02971270861497,5.02971270861497,0.0,5.1933049248511045,5.1933049248511045,0.0,15.722187196080204,15.722187196080204,0.0
950,72.02927340634002,72.02927340634002,0.0,88.87024628443062,88.87024628443062,0.0,5.06336815779297,5.06336815779297,0.0,5.197390273721202,5.197390273721202,0.0,15.765575072073162,15.765575072073162,0.0
951,72.3095460489919,72.3095460489919,0.0,89.39449356790897,89.39449356790897,0.0,5.062258925242217,5.062258925242217,0.0,5.200968826175872,5.200968826175872,0.0,15.695060374347335,15.695060374347335,0.0
952,72.43744907351945,72.43744907351945,0.0,89.37318259176158,89.37318259176158,0.0,5.0401545621410815,5.0401545621410815,0.0,5.201686033412224,5.201686033412224,0.0,15.663055226297251,15.663055226297251,0.0
953,72.43157031502183,72.43157031502183,0.0,89.34198206747723,89.34198206747723,0.0,4.995215308993451,4.995215308993451,0.0,5.206353066036726,5.206353066036726,0.0,15.573785831160013,15.573785831160013,0.0
954,72.32986199336756,72.32986199336756,0.0,89.17154730528027,89.17154730528027,0.0,4.998341995212631,4.998341995212631,0.0,5.2056377963150275,5.2056377963150275,0.0,15.64010473996169,15.64010473996169,0.0
955,72.52710121484648,72.52710121484648,0.0,89.03910822881757,89.03910822881757,0.0,5.003241669607284,5.003241669607284,0.0,5.200311252925389,5.200311252925389,0.0,15.545519283092588,15.545519283092588,0.0
956,72.79150109106189,72.79150109106189,0.0,88.81724726495192,88.81724726495192,0.0,5.014621347617755,5.014621347617755,0.0,5.1961936615649655,5.1961936615649655,0.0,15.540172013262668,15.540172013262668,0.0
957,72.49189556612669,72.49189556612669,0.0,89.33743749147199,89.33743749147199,0.0,5.032457858843221,5.032457858843221,0.0,5.191742134319942,5.191742134319942,0.0,15.614457913351192,15.614457913351192,0.0
958,72.62019803353566,72.62019803353566,0.0,89.51420515400096,89.51420515400096,0.0,5.051325697527524,5.051325697527524,0.0,5.191106601410331,5.191106601410331,0.0,15.539022081626158,15.539022081626158,0.0
959,72.61449704535124,72.61449704535124,0.0,89.39602499714239,89.39602499714239,0.0,5.075967868097926,5.075967868097926,0.0,5.190146739684325,5.190146739684325,0.0,15.430222298664606,15.430222298664606,0.0
960,72.44382943113528,72.44382943113528,0.0,89.71643870316015,89.71643870316015,0.0,5.069249674461272,5.069249674461272,0.0,5.193879350413297,5.193879350413297,0.0,15.337620844450717,15.337620844450717,0.0
961,72.0281440376468,72.0281440376468,0.0,90.11609537766628,90.11609537766628,0.0,5.024415946372277,5.024415946372277,0.0,5.198821952831729,5.198821952831729,0.0,15.401835432847914,15.401835432847914,0.0
962,72.33342471390172,72.33342471390172,0.0,89.81337755209093,89.81337755209093,0.0,5.030696320343247,5.030696320343247,0.0,5.197571855722393,5.197571855722393,0.0,15.30751273913308,15.30751273913308,0.0
963,72.32001743353162,72.32001743353162,0.0,89.80071206980293,89.80071206980293,0.0,5.002986969156935,5.002986969156935,0.0,5.20257851564199,5.20257851564199,0.0,15.41451010840214,15.41451010840214,0.0
964,71.95285425741457,71.95285425741457,0.0,90.16541098186389,90.16541098186389,0.0,5.008998888377799,5.008998888377799,0.0,5.20696338622532,5.20696338622532,0.0,15.519797588807268,15.519797588807268,0.0
965,72.1574137023799,72.1574137023799,0.0,89.90001472022671,89.90001472022671,0.0,4.9891895656439536,4.9891895656439536,0.0,5.20820889199273,5.20820889199273,0.0,15.511035247201796,15.511035247201796,0.0
966,71.77957478314192,71.77957478314192,0.0,89.82851722924757,89.82851722924757,0.0,4.992763281298772,4.992763281298772,0.0,5.203779639570779,5.203779639570779,0.0,15.565832484993045,15.565832484993045,0.0
967,71.9621777297423,71.9621777297423,0.0,89.69781101891948,89.69781101891948,0.0,5.0034027499183615,5.0034027499183615,0.0,5.206476474948356,5.206476474948356,0.0,15.58459103176384,15.58459103176384,0.0
968,72.21607044549897,72.21607044549897,0.0,89.59156331378139,89.59156331378139,0.0,5.034302025765981,5.034302025765981,0.0,5.205537385802044,5.205537385802044,0.0,15.55478245680574,15.55478245680574,0.0
969,72.49526020645759,72.49526020645759,0.0,89.90609802102905,89.90609802102905,0.0,4.998484861700555,4.998484861700555,0.0,5.202854068240905,5.202854068240905,0.0,15.427654989389003,15.427654989389003,0.0
970,72.40254774978878,72.40254774978878,0.0,90.10867870434738,90.10867870434738,0.0,5.008868655872738,5.008868655872738,0.0,5.200557563963439,5.200557563963439,0.0,15.47669836781063,15.47669836781063,0.0
971,72.36272618878917,72.36272618878917,0.0,89.80154825616161,89.80154825616161,0.0,5.003196845941518,5.003196845941518,0.0,5.201959828025838,5.201959828025838,0.0,15.375025592469225,15.375025592469225,0.0
972,71.94733469258267,71.94733469258267,0.0,89.78423312858384,89.78423312858384,0.0,5.0385671720546865,5.0385671720546865,0.0,5.203249849141035,5.203249849141035,0.0,15.468885880746235,15.468885880746235,0.0
973,71.8311152760925,71.8311152760925,0.0,89.7387887743134,89.7387887743134,0.0,5.0409016095145045,5.0409016095145045,0.0,5.204958641357796,5.204958641357796,0.0,15.3689216753781,15.3689216753781,0.0
974,71.81793392575823,71.81793392575823,0.0,89.38361706183925,89.38361706183925,0.0,5.058604562300479,5.058604562300479,0.0,5.20127954153975,5.20127954153975,0.0,15.33648434339262,15.33648434339262,0.0
975,71.83833139600061,71.83833139600061,0.0,89.89151497854316,89.89151497854316,0.0,5.014588514802777,5.014588514802777,0.0,5.199708444000521,5.199708444000521,0.0,15.392358714077602,15.392358714077602,0.0
976,71.60072740012582,71.60072740012582,0.0,90.27164014136594,90.27164014136594,0.0,4.995466187648486,4.995466187648486,0.0,5.204463816423662,5.204463816423662,0.0,15.276941084735537,15.276941084735537,0.0
977,71.82739065879652,71.82739065879652,0.0,90.0401422076373,90.0401422076373,0.0,4.975102164220979,4.975102164220979,0.0,5.199518423933405,5.199518423933405,0.0,15.186598327915526,15.186598327915526,0.0
978,71.55985823373626,71.55985823373626,0.0,89.67121266575225,89.67121266575225,0.0,4.983415595805478,4.983415595805478,0.0,5.194903819516252,5.194903819516252,0.0,15.170567270459477,15.170567270459477,0.0
979,71.5147200123356,71.5147200123356,0.0,89.68243310974368,89.68243310974368,0.0,4.958631155168995,4.958631155168995,0.0,5.193326885305209,5.193326885305209,0.0,15.256729500595451,15.256729500595451,0.0
980,71.52633621522385,71.52633621522385,0.0,89.43578320632618,89.43578320632618,0.0,4.960781521564033,4.960781521564033,0.0,5.192062617406307,5.192062617406307,0.0,15.304966837137982,15.304966837137982,0.0
981,71.80299287792374,71.80299287792374,0.0,89.58905209426722,89.58905209426722,0.0,4.982438476308951,4.982438476308951,0.0,5.192436362214675,5.192436362214675,0.0,15.316277607722233,15.316277607722233,0.0
982,72.19391183116672,72.19391183116672,0.0,89.92064370919249,89.92064370919249,0.0,4.956542981201692,4.956542981201692,0.0,5.19369343245068,5.19369343245068,0.0,15.208594644581073,15.208594644581073,0.0
983,72.11244600693458,72.11244600693458,0.0,90.20354932754341,90.20354932754341,0.0,4.994342028339067,4.994342028339067,0.0,5.190591910685331,5.190591910685331,0.0,15.11230733923436,15.11230733923436,0.0
984,71.93852876455539,71.93852876455539,0.0,90.40642714760712,90.40642714760712,0.0,4.990773044702436,4.990773044702436,0.0,5.187268951286736,5.187268951286736,0.0,15.099374062896967,15.099374062896967,0.0
985,72.06272173134394,72.06272173134394,0.0,90.17532045723866,90.17532045723866,0.0,5.02685456250863,5.02685456250863,0.0,5.1860661414307065,5.1860661414307065,0.0,15.159005702648404,15.159005702648404,0.0
986,72.08208204566576,72.08208204566576,0.0,90.26651308642896,90.26651308642896,0.0,4.990269781713404,4.990269781713404,0.0,5.187298106467062,5.187298106467062,0.0,15.166707442201773,15.166707442201773,0.0
987,71.92140934479491,71.92140934479491,0.0,90.63895502141554,90.63895502141554,0.0,5.024240844825031,5.024240844825031,0.0,5.1869243424912765,5.1869243424912765,0.0,15.207597300997037,15.207597300997037,0.0
988,72.21869866964977,72.21869866964977,0.0,90.4013013993919,90.4013013993919,0.0,5.003785881897925,5.003785881897925,0.0,5.186483364675774,5.186483364675774,0.0,15.204240575433964,15.204240575433964,0.0
989,72.4784967151127,72.4784967151127,0.0,90.34397595528567,90.34397595528567,0.0,4.9988195263218165,4.9988195263218165,0.0,5.192490066823566,5.192490066823566,0.0,15.259457236229203,15.259457236229203,0.0
990,72.22266719057373,72.22266719057373,0.0,90.82249355337967,90.82249355337967,0.0,4.992883249332789,4.992883249332789,0.0,5.197054816192352,5.197054816192352,0.0,15.377875466929552,15.377875466929552,0.0
991,72.25204853069093,72.25204853069093,0.0,90.29891143382935,90.29891143382935,0.0,4.991799696529047,4.991799696529047,0.0,5.200965558286493,5.200965558286493,0.0,15.304943687997934,15.304943687997934,0.0
992,71.85925250827823,71.85925250827823,0.0,90.68339079650778,90.68339079650778,0.0,4.959967200442207,4.959967200442207,0.0,5.199982962896013,5.199982962896013,0.0,15.418392872648617,15.418392872648617,0.0
993,71.81637691125904,71.81637691125904,0.0,90.79733432757516,90.79733432757516,0.0,4.985715950621596,4.985715950621596,0.0,5.196353595506793,5.196353595506793,0.0,15.302542503981433,15.302542503981433,0.0
994,71.75507775637806,71.75507775637806,0.0,90.36256930499877,90.36256930499877,0.0,5.013717337699384,5.013717337699384,0.0,5.199990997928847,5.199990997928847,0.0,15.300202508945187,15.300202508945187,0.0
995,71.84689947237086,71.84689947237086,0.0,89.92438248968189,89.92438248968189,0.0,4.97208699089165,4.97208699089165,0.0,5.197618487930326,5.197618487930326,0.0,15.298618552435173,15.298618552435173,0.0
996,72.14204634679888,72.14204634679888,0.0,90.04350403811165,90.04350403811165,0.0,5.00721775133969,5.00721775133969,0.0,5.196980470843542,5.196980470843542,0.0,15.319562206614911,15.319562206614911,0.0
997,72.26657226128415,72.26657226128415,0.0,89.61475936507996,89.61475936507996,0.0,4.988434271858167,4.988434271858167,0.0,5.202165228605478,5.202165228605478,0.0,15.335798949749051,15.335798949749051,0.0
998,72.41470336709985,72.41470336709985,0.0,89.75031669735586,89.75031669735586,0.0,5.01944159933475,5.01944159933475,0.0,5.203272066959678,5.203272066959678,0.0,15.40641476101754,15.40641476101754,0.0
999,72.49492647898359,72.49492647898359,0.0,89.61214834018425,89.61214834018425,0.0,5.022874587727802,5.022874587727802,0.0,5.206463247611207,5.206463247611207,0.0,15.385629725245181,15.385629725245181,0.0
1000,72.05201984405095,72.05201984405095,0.0,89.87622710841961,89.87622710841961,0.0,4.99066926607806,4.99066926607806,0.0,5.202579563383207,5.202579563383207,0.0,15.48131881879555,15.48131881879555,0.0
1001,71.9782014502198,71.9782014502198,0.0,89.96787375491934,89.96787375491934,0.0,4.975099888784452,4.975099888784452,0.0,5.202669436181826,5.202669436181826,0.0,15.516320246687533,15.516320246687533,0.0
1002,71.99324605137029,71.99324605137029,0.0,89.84258649040653,89.84258649040653,0.0,4.945975336076307,4.945975336076307,0.0,5.20498228491405,5.20498228491405,0.0,15.4008215629208,15.4008215629208,0.0
1003,72.2924248421189,72.2924248421189,0.0,90.1615737181353,90.1615737181353,0.0,4.937252997519403,4.937252997519403,0.0,5.206438360601877,5.206438360601877,0.0,15.334887331461665,15.334887331461665,0.0
1004,71.91608393907396,71.91608393907396,0.0,90.43859525860874,90.43859525860874,0.0,4.906637823381104,4.906637823381104,0.0,5.2061052851739005,5.2061052851739005,0.0,15.261780839779327,15.261780839779327,0.0
1005,71.91921456004646,71.91921456004646,0.0,90.64116878260441,90.64116878260441,0.0,4.887259821062758,4.887259821062758,0.0,5.202162682671049,5.202162682671049,0.0,15.25824256354366,15.25824256354366,0.0
1006,71.68459190388134,71.68459190388134,0.0,90.84186529416004,90.84186529416004,0.0,4.928781325014707,4.928781325014707,0.0,5.20224629235897,5.20224629235897,0.0,15.31435799805979,15.31435799805979,0.0
1007,71.78265595467434,71.78265595467434,0.0,90.55372671725024,90.55372671725024,0.0,4.935101413294417,4.935101413294417,0.0,5.197830691994202,5.197830691994202,0.0,15.226308824248596,15.226308824248596,0.0
1008,72.16078154823528,72.16078154823528,0.0,90.32836272613682,90.32836272613682,0.0,4.932746334719807,4.932746334719807,0.0,5.201174527318428,5.201174527318428,0.0,15.183384901328173,15.183384901328173,0.0
1009,72.20975570959106,72.20975570959106,0.0,90.28642364717827,90.28642364717827,0.0,4.9584908745252045,4.9584908745252045,0.0,5.196368212671383,5.196368212671383,0.0,15.213898874003949,15.213898874003949,0.0
1010,71.94961972828031,71.94961972828031,0.0,90.13316921485489,90.13316921485489,0.0,4.942142610941547,4.942142610941547,0.0,5.192912036164525,5.192912036164525,0.0,15.170633584563518,15.170633584563518,0.0
1011,71.62163609188788,71.62163609188788,0.0,90.4337936618383,90.4337936618383,0.0,4.916063531889739,4.916063531889739,0.0,5.19622568154248,5.19622568154248,0.0,15.109416120085214,15.109416120085214,0.0
1012,71.3242353852178,71.3242353852178,0.0,90.43424715312392,90.43424715312392,0.0,4.928315666212457,4.928315666212457,0.0,5.192120111754839,5.192120111754839,0.0,15.096409629958792,15.096409629958792,0.0
1013,71.24914070501471,71.24914070501471,0.0,90.3148730082919,90.3148730082919,0.0,4.958222456997682,4.958222456997682,0.0,5.195573860973269,5.195573860973269,0.0,15.228990423594652,15.228990423594652,0.0
1014,71.14956935320322,71.14956935320322,0.0,90.21291485219267,90.21291485219267,0.0,4.951906664583115,4.951906664583115,0.0,5.191835548640478,5.191835548640478,0.0,15.356264479382563,15.356264479382563,0.0
1015,71.65720225971153,71.65720225971153,0.0,90.2756020133652,90.2756020133652,0.0,4.931153537283907,4.931153537283907,0.0,5.192494686281206,5.192494686281206,0.0,15.262273576778053,15.262273576778053,0.0
1016,71.51279896567631,71.51279896567631,0.0,89.95527897085056,89.95527897085056,0.0,4.946569217248439,4.946569217248439,0.0,5.188234621148851,5.188234621148851,0.0,15.167560841712827,15.167560841712827,0.0
1017,71.35435154642175,71.35435154642175,0.0,90.18006189951849,90.18006189951849,0.0,4.956652154387589,4.956652154387589,0.0,5.193911127940811,5.193911127940811,0.0,15.177518066922122,15.177518066922122,0.0
1018,71.24260006450318,71.24260006450318,0.0,90.32706673468873,90.32706673468873,0.0,4.951739752688451,4.951739752688451,0.0,5.1952917729819035,5.1952917729819035,0.0,15.257563380816354,15.257563380816354,0.0
1019,71.74609156913567,71.74609156913567,0.0,90.02355590715288,90.02355590715288,0.0,4.948533462704679,4.948533462704679,0.0,5.19281096203402,5.19281096203402,0.0,15.273263476728886,15.273263476728886,0.0
1020,71.48239374211713,71.48239374211713,0.0,89.945832953918,89.945832953918,0.0,4.92421008913908,4.92421008913908,0.0,5.189744889471897,5.189744889471897,0.0,15.36701746032449,15.36701746032449,0.0
1021,71.74000457083832,71.74000457083832,0.0,89.61134625744491,89.61134625744491,0.0,4.920548633837083,4.920548633837083,0.0,5.186722068906841,5.186722068906841,0.0,15.251145620574112,15.251145620574112,0.0
1022,71.86744535322761,71.86744535322761,0.0,89.95022740550904,89.95022740550904,0.0,4.926641836181647,4.926641836181647,0.0,5.188322872570962,5.188322872570962,0.0,15.254519173218403,15.254519173218403,0.0
1023,72.1757659677884,72.1757659677884,0.0,89.4665294917384,89.4665294917384,0.0,4.963692091029354,4.963692091029354,0.0,5.189013292098763,5.189013292098763,0.0,15.318066550280687,15.318066550280687,0.0
1024,71.88734282988254,71.88734282988254,0.0,89.7552701796616,89.7552701796616,0.0,4.93693922689275,4.93693922689275,0.0,5.189272324264344,5.189272324264344,0.0,15.404594944536843,15.404594944536843,0.0
1025,71.57576883834427,71.57576883834427,0.0,89.53809765062483,89.53809765062483,0.0,4.952578588038725,4.952578588038725,0.0,5.186147283423106,5.186147283423106,0.0,15.280820923075265,15.280820923075265,0.0
1026,72.0349515649358,72.0349515649358,0.0,89.76940346127472,89.76940346127472,0.0,4.945981957702789,4.945981957702789,0.0,5.188204493785422,5.188204493785422,0.0,15.382948399976149,15.382948399976149,0.0
1027,71.72682565524008,71.72682565524008,0.0,90.13444393038701,90.13444393038701,0.0,4.935454419527085,4.935454419527085,0.0,5.191282548463156,5.191282548463156,0.0,15.492511695681095,15.492511695681095,0.0
1028,71.59472199545019,71.59472199545019,0.0,90.36880790303995,90.36880790303995,0.0,4.936065705074831,4.936065705074831,0.0,5.1917378202366855,5.1917378202366855,0.0,15.398094811770981,15.398094811770981,0.0
1029,71.59174131348158,71.59174131348158,0.0,90.14136633962293,90.14136633962293,0.0,4.9660167371394675,4.9660167371394675,0.0,5.188478794336288,5.188478794336288,0.0,15.326785274209447,15.326785274209447,0.0
1030,71.66356508383637,71.66356508383637,0.0,89.89234854193079,89.89234854193079,0.0,4.938508931683222,4.938508931683222,0.0,5.1849285032866534,5.1849285032866534,0.0,15.339210148328469,15.339210148328469,0.0
1031,71.86703634026439,71.86703634026439,0.0,90.03140483147325,90.03140483147325,0.0,4.961031100811087,4.961031100811087,0.0,5.18266092014051,5.18266092014051,0.0,15.314632774094697,15.314632774094697,0.0
1032,71.56820546560958,71.56820546560958,0.0,90.03137718459877,90.03137718459877,0.0,4.987624491203375,4.987624491203375,0.0,5.186974590572736,5.186974590572736,0.0,15.208014969745454,15.208014969745454,0.0
1033,71.77615112232476,71.77615112232476,0.0,89.83247265535906,89.83247265535906,0.0,4.976761196902938,4.976761196902938,0.0,5.19161276792814,5.19161276792814,0.0,15.335216023472519,15.335216023472519,0.0
1034,72.17879243573347,72.17879243573347,0.0,89.57789540591439,89.57789540591439,0.0,5.013049927862703,5.013049927862703,0.0,5.191119672745572,5.191119672745572,0.0,15.3452374689024,15.3452374689024,0.0
1035,72.04745211591317,72.04745211591317,0.0,89.23495475149456,89.23495475149456,0.0,5.015846018096142,5.015846018096142,0.0,5.19543331153667,5.19543331153667,0.0,15.46741383461493,15.46741383461493,0.0
1036,72.20369786961658,72.20369786961658,0.0,89.02846434899453,89.02846434899453,0.0,5.030994418057004,5.030994418057004,0.0,5.1956729930529555,5.1956729930529555,0.0,15.469461408636427,15.469461408636427,0.0
1037,72.30679337430362,72.30679337430362,0.0,89.36562547258627,89.36562547258627,0.0,5.032645194703929,5.032645194703929,0.0,5.19577807197855,5.19577807197855,0.0,15.46340485928506,15.46340485928506,0.0
1038,72.25652920938856,72.25652920938856,0.0,89.3852322646643,89.3852322646643,0.0,5.065969058496091,5.065969058496091,0.0,5.197285035468676,5.197285035468676,0.0,15.416399311350673,15.416399311350673,0.0
1039,72.59225470836832,72.59225470836832,0.0,88.99621226598714,88.99621226598714,0.0,5.020796595043477,5.020796595043477,0.0,5.200871453566991,5.200871453566991,0.0,15.441311058343452,15.441311058343452,0.0
1040,72.67854285066966,72.67854285066966,0.0,89.20645467281525,89.20645467281525,0.0,5.005328630591461,5.005328630591461,0.0,5.1967752764792055,5.1967752764792055,0.0,15.480815429542346,15.480815429542346,0.0
1041,72.44143676366126,72.44143676366126,0.0,89.35928303290956,89.35928303290956,0.0,4.984428386572484,4.984428386572484,0.0,5.198513939384835,5.198513939384835,0.0,15.588222004822665,15.588222004822665,0.0
1042,72.68972906892019,72.68972906892019,0.0,89.07573266959545,89.07573266959545,0.0,4.973508853021831,4.973508853021831,0.0,5.193829878133172,5.193829878133172,0.0,15.602856573001617,15.602856573001617,0.0
1043,72.53342990914446,72.53342990914446,0.0,89.40834844450109,89.40834844450109,0.0,5.009148197762543,5.009148197762543,0.0,5.191989402691362,5.191989402691362,0.0,15.686384812178307,15.686384812178307,0.0
1044,72.50712685810807,72.50712685810807,0.0,89.60674964097754,89.60674964097754,0.0,4.999154433693897,4.999154433693897,0.0,5.193355281136379,5.193355281136379,0.0,15.562945663099203,15.562945663099203,0.0
1045,72.09524570100814,72.09524570100814,0.0,89.60345035069668,89.60345035069668,0.0,4.999488479063373,4.999488479063373,0.0,5.196535602528036,5.196535602528036,0.0,15.423766986756126,15.423766986756126,0.0
1046,72.16984288335723,72.16984288335723,0.0,89.53506174441989,89.53506174441989,0.0,4.999312710720131,4.999312710720131,0.0,5.20028594139739,5.20028594139739,0.0,15.377704442990662,15.377704442990662,0.0
1047,72.41135998276489,72.41135998276489,0.0,89.43630042108714,89.43630042108714,0.0,4.963206713001578,4.963206713001578,0.0,5.205225355719185,5.205225355719185,0.0,15.414094214617313,15.414094214617313,0.0
1048,72.1175018501025,72.1175018501025,0.0,89.28945088110531,89.28945088110531,0.0,4.995639663362089,4.995639663362089,0.0,5.200754895495477,5.200754895495477,0.0,15.403583544624842,15.403583544624842,0.0
1049,71.7500181994316,71.7500181994316,0.0,89.49371061050246,89.49371061050246,0.0,4.972999253225531,4.972999253225531,0.0,5.203651054877718,5.203651054877718,0.0,15.343145046550521,15.343145046550521,0.0
1050,71.63680982385345,71.63680982385345,0.0,89.64145536849823,89.64145536849823,0.0,4.979789455676903,4.979789455676903,0.0,5.200359902502408,5.200359902502408,0.0,15.275402961474825,15.275402961474825,0.0
1051,71.8026161343526,71.8026161343526,0.0,89.87251259436003,89.87251259436003,0.0,4.956927993855332,4.956927993855332,0.0,5.199197337166842,5.199197337166842,0.0,15.21489405267329,15.21489405267329,0.0
1052,72.12856360444042,72.12856360444042,0.0,89.6937152078645,89.6937152078645,0.0,4.999631195743932,4.999631195743932,0.0,5.201683594653394,5.201683594653394,0.0,15.248201745894239,15.248201745894239,0.0
1053,72.45498931715036,72.45498931715036,0.0,89.83651148094077,89.83651148094077,0.0,5.021209824952572,5.021209824952572,0.0,5.200886226705863,5.200886226705863,0.0,15.247050599324375,15.247050599324375,0.0
1054,72.47392052353494,72.47392052353494,0.0,89.75753409699166,89.75753409699166,0.0,4.990205823614921,4.990205823614921,0.0,5.1973200944708555,5.1973200944708555,0.0,15.256937708343235,15.256937708343235,0.0
1055,72.22823384696572,72.22823384696572,0.0,89.61079523502288,89.61079523502288,0.0,5.01792679538999,5.01792679538999,0.0,5.193178643181459,5.193178643181459,0.0,15.268245175415393,15.268245175415393,0.0
1056,72.11681277318559,72.11681277318559,0.0,89.92442711876876,89.92442711876876,0.0,4.996056073527336,4.996056073527336,0.0,5.1947363714556625,5.1947363714556625,0.0,15.299692150795124,15.299692150795124,0.0
1057,71.78648507106199,71.78648507106199,0.0,89.58600392627287,89.58600392627287,0.0,5.022759403232829,5.022759403232829,0.0,5.194798824966205,5.194798824966205,0.0,15.231489999436864,15.231489999436864,0.0
1058,71.77409509024656,71.77409509024656,0.0,89.33281635892679,89.33281635892679,0.0,4.9924783027592445,4.9924783027592445,0.0,5.191578994248796,5.191578994248796,0.0,15.327417732817784,15.327417732817784,0.0
1059,72.05787524947937,72.05787524947937,0.0,89.22604701337903,89.22604701337903,0.0,5.021681288294053,5.021681288294053,0.0,5.196890169598295,5.196890169598295,0.0,15.299642062598714,15.299642062598714,0.0
1060,71.66331123981382,71.66331123981382,0.0,89.15193838744074,89.15193838744074,0.0,5.026923008877981,5.026923008877981,0.0,5.200810535705954,5.200810535705954,0.0,15.27222703561155,15.27222703561155,0.0
1061,71.64994803906762,71.64994803906762,0.0,89.31380205075354,89.31380205075354,0.0,4.990563464787191,4.990563464787191,0.0,5.205177350269491,5.205177350269491,0.0,15.198387859431332,15.198387859431332,0.0
1062,71.42584981593352,71.42584981593352,0.0,89.40091853071806,89.40091853071806,0.0,5.026454511965772,5.026454511965772,0.0,5.204982967786744,5.204982967786744,0.0,15.255823189989034,15.255823189989034,0.0
1063,71.88966518769107,71.88966518769107,0.0,89.47415153082984,89.47415153082984,0.0,5.0536980207580156,5.0536980207580156,0.0,5.201965320232881,5.201965320232881,0.0,15.368655588061728,15.368655588061728,0.0
1064,72.1550152925219,72.1550152925219,0.0,89.52373475631116,89.52373475631116,0.0,5.037745680963876,5.037745680963876,0.0,5.204291924195741,5.204291924195741,0.0,15.265701632832437,15.265701632832437,0.0
1065,72.06521098597136,72.06521098597136,0.0,89.15381715937954,89.15381715937954,0.0,5.0703147747138155,5.0703147747138155,0.0,5.203343515011595,5.203343515011595,0.0,15.323665410296348,15.323665410296348,0.0
1066,72.1249749951689,72.1249749951689,0.0,89.14851092252852,89.14851092252852,0.0,5.096851195382585,5.096851195382585,0.0,5.201241081776027,5.201241081776027,0.0,15.420533581276409,15.420533581276409,0.0
1067,72.24851162993826,72.24851162993826,0.0,89.76832418457026,89.76832418457026,0.0,5.118915944150122,5.118915944150122,0.0,5.199771830478819,5.199771830478819,0.0,15.420503208357765,15.420503208357765,0.0
1068,72.46055640688155,72.46055640688155,0.0,89.94549223615904,89.94549223615904,0.0,5.11155078254131,5.11155078254131,0.0,5.203204803571628,5.203204803571628,0.0,15.30360919918569,15.30360919918569,0.0
1069,72.72975031498217,72.72975031498217,0.0,90.27192438160914,90.27192438160914,0.0,5.075874974421641,5.075874974421641,0.0,5.203475840659177,5.203475840659177,0.0,15.433277564081632,15.433277564081632,0.0
1070,72.96425591438178,72.96425591438178,0.0,90.42577170955408,90.42577170955408,0.0,5.035538639969902,5.035538639969902,0.0,5.20686745713594,5.20686745713594,0.0,15.38224987790171,15.38224987790171,0.0
1071,72.70024278282672,72.70024278282672,0.0,90.48135758280651,90.48135758280651,0.0,5.06904708992916,5.06904708992916,0.0,5.203873702480749,5.203873702480749,0.0,15.418223958465637,15.418223958465637,0.0
1072,72.83147648151193,72.83147648151193,0.0,90.06965398118463,90.06965398118463,0.0,5.091075134522956,5.091075134522956,0.0,5.207722886343772,5.207722886343772,0.0,15.314824055689902,15.314824055689902,0.0
1073,72.9843291638891,72.9843291638891,0.0,90.11097956236321,90.11097956236321,0.0,5.041661555832247,5.041661555832247,0.0,5.210769844328448,5.210769844328448,0.0,15.390199985124248,15.390199985124248,0.0
1074,73.15829689377587,73.15829689377587,0.0,90.01481744044983,90.01481744044983,0.0,5.063408559329745,5.063408559329745,0.0,5.21208259529988,5.21208259529988,0.0,15.325440072024417,15.325440072024417,0.0
1075,73.20452633648932,73.20452633648932,0.0,90.32324916601534,90.32324916601534,0.0,5.055474239851579,5.055474239851579,0.0,5.2096350877857205,5.2096350877857205,0.0,15.3413444133076,15.3413444133076,0.0
1076,73.2369251932962,73.2369251932962,0.0,90.35884236656226,90.35884236656226,0.0,5.010277463999444,5.010277463999444,0.0,5.204385696930735,5.204385696930735,0.0,15.26807745384645,15.26807745384645,0.0
1077,73.11683376822333,73.11683376822333,0.0,90.16136007058712,90.16136007058712,0.0,5.000962254404688,5.000962254404688,0.0,5.20531799869781,5.20531799869781,0.0,15.224822165722918,15.224822165722918,0.0
1078,72.58017179325913,72.58017179325913,0.0,89.99580961374203,89.99580961374203,0.0,5.038407324024492,5.038407324024492,0.0,5.20819900881363,5.20819900881363,0.0,15.17349548281133,15.17349548281133,0.0
1079,72.75257283305177,72.75257283305177,0.0,90.31710074293024,90.31710074293024,0.0,5.018846390724409,5.018846390724409,0.0,5.20732710706405,5.20732710706405,0.0,15.284662243610448,15.284662243610448,0.0
1080,72.4246984260201,72.4246984260201,0.0,90.62873985103701,90.62873985103701,0.0,5.040299813044261,5.040299813044261,0.0,5.2037279011259425,5.2037279011259425,0.0,15.25231528854465,15.25231528854465,0.0
1081,72.0932250652115,72.0932250652115,0.0,91.08631536764607,91.08631536764607,0.0,5.0656823317276105,5.0656823317276105,0.0,5.2006747059439995,5.2006747059439995,0.0,15.223345798173415,15.223345798173415,0.0
1082,72.4148161093531,72.4148161093531,0.0,91.12862162153401,91.12862162153401,0.0,5.089486144219684,5.089486144219684,0.0,5.205362035152793,5.205362035152793,0.0,15.151097568298688,15.151097568298688,0.0
1083,72.50063162896221,72.50063162896221,0.0,90.76225246038628,90.76225246038628,0.0,5.0718858302073695,5.0718858302073695,0.0,5.202534888293084,5.202534888293084,0.0,15.143994439632916,15.143994439632916,0.0
1084,72.3042186338833,72.3042186338833,0.0,90.57527948760311,90.57527948760311,0.0,5.079802911418907,5.079802911418907,0.0,5.201683797168913,5.201683797168913,0.0,15.2559260018337,15.2559260018337,0.0
1085,72.21203944328654,72.21203944328654,0.0,90.28351026508464,90.28351026508464,0.0,5.086264477201947,5.086264477201947,0.0,5.198454609833317,5.198454609833317,0.0,15.162341659820353,15.162341659820353,0.0
1086,72.39930076782872,72.39930076782872,0.0,90.14658037764546,90.14658037764546,0.0,5.045196715322144,5.045196715322144,0.0,5.202141549685276,5.202141549685276,0.0,15.147368359925618,15.147368359925618,0.0
1087,72.72308577832766,72.72308577832766,0.0,90.1698256978813,90.1698256978813,0.0,5.03264651294382,5.03264651294382,0.0,5.201055561845754,5.201055561845754,0.0,15.229447772752483,15.229447772752483,0.0
1088,72.42416693304214,72.42416693304214,0.0,90.13285459422254,90.13285459422254,0.0,5.06088679937274,5.06088679937274,0.0,5.199667541175791,5.199667541175791,0.0,15.303116793250215,15.303116793250215,0.0
1089,72.31380980165522,72.31380980165522,0.0,89.59529049643673,89.59529049643673,0.0,5.038641099135135,5.038641099135135,0.0,5.2016243586951205,5.2016243586951205,0.0,15.373360016016935,15.373360016016935,0.0
1090,72.42759449448006,72.42759449448006,0.0,89.92900654541309,89.92900654541309,0.0,5.0139951623768955,5.0139951623768955,0.0,5.19744727636562,5.19744727636562,0.0,15.497489740099322,15.497489740099322,0.0
1091,72.21637479493039,72.21637479493039,0.0,90.1401890646208,90.1401890646208,0.0,5.051871251906628,5.051871251906628,0.0,5.202044600279842,5.202044600279842,0.0,15.43452579697664,15.43452579697664,0.0
1092,72.25573835156648,72.25573835156648,0.0,89.87597210477271,89.87597210477271,0.0,5.025258592536354,5.025258592536354,0.0,5.203077701837073,5.203077701837073,0.0,15.495989359186314,15.495989359186314,0.0
1093,72.12513830465113,72.12513830465113,0.0,90.20474591443164,90.20474591443164,0.0,5.026660946739204,5.026660946739204,0.0,5.203636491484008,5.203636491484008,0.0,15.423369968700271,15.423369968700271,0.0
1094,72.10545195587808,72.10545195587808,0.0,90.68382427608556,90.68382427608556,0.0,4.993665348209211,4.993665348209211,0.0,5.201518907546639,5.201518907546639,0.0,15.452524123274738,15.452524123274738,0.0
1095,71.7997733464665,71.7997733464665,0.0,90.05999549429173,90.05999549429173,0.0,4.964738349938701,4.964738349938701,0.0,5.205114257996139,5.205114257996139,0.0,15.34001896215359,15.34001896215359,0.0
1096,72.03432697534167,72.03432697534167,0.0,90.07819686425563,90.07819686425563,0.0,4.999587365693656,4.999587365693656,0.0,5.205834660210632,5.205834660210632,0.0,15.441744915504636,15.441744915504636,0.0
1097,71.83911090277896,71.83911090277896,0.0,90.29588408576417,90.29588408576417,0.0,4.984885729996226,4.984885729996226,0.0,5.210313797196903,5.210313797196903,0.0,15.331516955101854,15.331516955101854,0.0
1098,71.58928694519568,71.58928694519568,0.0,90.5518014132768,90.5518014132768,0.0,5.010755388023128,5.010755388023128,0.0,5.205021373387341,5.205021373387341,0.0,15.385768913776207,15.385768913776207,0.0
1099,71.44762502779648,71.44762502779648,0.0,90.07854459140569,90.07854459140569,0.0,5.025800637186451,5.025800637186451,0.0,5.203984185204019,5.203984185204019,0.0,15.300206798965608,15.300206798965608,0.0
1100,71.88951869593782,71.88951869593782,0.0,89.74023424894581,89.74023424894581,0.0,5.0390883335577605,5.0390883335577605,0.0,5.203517622488425,5.203517622488425,0.0,15.42662084512985,15.42662084512985,0.0
1101,72.18621623948407,72.18621623948407,0.0,89.64089125670439,89.64089125670439,0.0,5.001371042755685,5.001371042755685,0.0,5.206918100019466,5.206918100019466,0.0,15.536962783930491,15.536962783930491,0.0
1102,71.88709696327665,71.88709696327665,0.0,89.50539851252616,89.50539851252616,0.0,5.032460088443978,5.032460088443978,0.0,5.207221733300895,5.207221733300895,0.0,15.43021367564834,15.43021367564834,0.0
1103,72.2848646954408,72.2848646954408,0.0,89.63228649127821,89.63228649127821,0.0,5.0214524526072175,5.0214524526072175,0.0,5.202412670015381,5.202412670015381,0.0,15.424504381286148,15.424504381286148,0.0
1104,72.37475429950067,72.37475429950067,0.0,89.4770352948082,89.4770352948082,0.0,5.033101644646975,5.033101644646975,0.0,5.204026157666371,5.204026157666371,0.0,15.415196656176466,15.415196656176466,0.0
1105,72.37909366811026,72.37909366811026,0.0,90.01863629774215,90.01863629774215,0.0,5.000997121684551,5.000997121684551,0.0,5.199514876240811,5.199514876240811,0.0,15.317692779779787,15.317692779779787,0.0
1106,72.43800710289904,72.43800710289904,0.0,90.35916694021154,90.35916694021154,0.0,5.008400723499774,5.008400723499774,0.0,5.194611718202405,5.194611718202405,0.0,15.215868099473145,15.215868099473145,0.0
1107,72.48354809082392,72.48354809082392,0.0,90.38731420551005,90.38731420551005,0.0,5.025806018930577,5.025806018930577,0.0,5.197385737023034,5.197385737023034,0.0,15.248857010479647,15.248857010479647,0.0
1108,72.45122244121478,72.45122244121478,0.0,89.84605392072481,89.84605392072481,0.0,5.03386218985306,5.03386218985306,0.0,5.195826470416539,5.195826470416539,0.0,15.155200777142081,15.155200777142081,0.0
1109,72.02600896034144,72.02600896034144,0.0,89.98014256050351,89.98014256050351,0.0,5.021263063777383,5.021263063777383,0.0,5.192940275425241,5.192940275425241,0.0,15.255286442385106,15.255286442385106,0.0
1110,72.31370674427099,72.31370674427099,0.0,90.07264041466169,90.07264041466169,0.0,4.991467734779612,4.991467734779612,0.0,5.196299665287629,5.196299665287629,0.0,15.160626588951768,15.160626588951768,0.0
1111,72.45888821201493,72.45888821201493,0.0,89.83248320100826,89.83248320100826,0.0,4.991871175654408,4.991871175654408,0.0,5.1959191119098,5.1959191119098,0.0,15.290264919074701,15.290264919074701,0.0
1112,72.22378693717066,72.22378693717066,0.0,89.64351185140683,89.64351185140683,0.0,5.006194925521202,5.006194925521202,0.0,5.19956593044911,5.19956593044911,0.0,15.265089976355345,15.265089976355345,0.0
1113,72.17491967626202,72.17491967626202,0.0,89.8464114803951,89.8464114803951,0.0,5.010414810179611,5.010414810179611,0.0,5.198831342538537,5.198831342538537,0.0,15.235238386584385,15.235238386584385,0.0
1114,72.39200760596555,72.39200760596555,0.0,89.86488164412533,89.86488164412533,0.0,5.003109736680503,5.003109736680503,0.0,5.194329164126158,5.194329164126158,0.0,15.15936315890707,15.15936315890707,0.0
1115,72.29176858293594,72.29176858293594,0.0,89.90105513056547,89.90105513056547,0.0,4.975101338070932,4.975101338070932,0.0,5.1947358016655745,5.1947358016655745,0.0,15.159502102553368,15.159502102553368,0.0
1116,72.25862213873279,72.25862213873279,0.0,89.76489395243213,89.76489395243213,0.0,5.010992517124538,5.010992517124538,0.0,5.194932817376634,5.194932817376634,0.0,15.255903825790408,15.255903825790408,0.0
1117,71.91397369708189,71.91397369708189,0.0,90.25377169337409,90.25377169337409,0.0,5.011376534719285,5.011376534719285,0.0,5.193292783268521,5.193292783268521,0.0,15.324552673718824,15.324552673718824,0.0
1118,71.59079363601745,71.59079363601745,0.0,89.69776942556048,89.69776942556048,0.0,5.00385514822053,5.00385514822053,0.0,5.189773906333373,5.189773906333373,0.0,15.233860833504824,15.233860833504824,0.0
1119,71.71975273374503,71.71975273374503,0.0,89.42208143883508,89.42208143883508,0.0,4.969883507715357,4.969883507715357,0.0,5.190625985312983,5.190625985312983,0.0,15.365789354947605,15.365789354947605,0.0
1120,71.89981560338342,71.89981560338342,0.0,89.08621285887159,89.08621285887159,0.0,4.965329265423474,4.965329265423474,0.0,5.187208395795906,5.187208395795906,0.0,15.430748718012232,15.430748718012232,0.0
1121,71.75609396614206,71.75609396614206,0.0,89.19828144507801,89.19828144507801,0.0,4.983565495746751,4.983565495746751,0.0,5.189469259939541,5.189469259939541,0.0,15.506318022889644,15.506318022889644,0.0
1122,72.17368233063543,72.17368233063543,0.0,89.21553349409345,89.21553349409345,0.0,4.960560282735652,4.960560282735652,0.0,5.19278154461819,5.19278154461819,0.0,15.472276208803457,15.472276208803457,0.0
1123,72.43949170123587,72.43949170123587,0.0,89.15149918149012,89.15149918149012,0.0,4.926278346297808,4.926278346297808,0.0,5.189525483047373,5.189525483047373,0.0,15.372024547868751,15.372024547868751,0.0
1124,72.34152127065425,72.34152127065425,0.0,89.63573464660915,89.63573464660915,0.0,4.973356632277212,4.973356632277212,0.0,5.19138185358309,5.19138185358309,0.0,15.472587102949227,15.472587102949227,0.0
1125,72.37441346670491,72.37441346670491,0.0,89.78828353006651,89.78828353006651,0.0,4.990807704780489,4.990807704780489,0.0,5.1939738560682205,5.1939738560682205,0.0,15.416662740439511,15.416662740439511,0.0
1126,72.14866914647523,72.14866914647523,0.0,89.24930336744244,89.24930336744244,0.0,4.960984402623619,4.960984402623619,0.0,5.189614532398969,5.189614532398969,0.0,15.297599128292049,15.297599128292049,0.0
1127,72.40892962646501,72.40892962646501,0.0,89.32071821517324,89.32071821517324,0.0,4.978157426971811,4.978157426971811,0.0,5.189802793278363,5.189802793278363,0.0,15.402271609783005,15.402271609783005,0.0
1128,72.56681249032555,72.56681249032555,0.0,89.09703030250759,89.09703030250759,0.0,4.978139200603306,4.978139200603306,0.0,5.190358007786,5.190358007786,0.0,15.473853831828343,15.473853831828343,0.0
1129,72.19695121159911,72.19695121159911,0.0,89.20300756869797,89.20300756869797,0.0,5.018158705791247,5.018158705791247,0.0,5.190843830904131,5.190843830904131,0.0,15.541550548503471,15.541550548503471,0.0
1130,72.22943102929933,72.22943102929933,0.0,89.21282561340041,89.21282561340041,0.0,5.042448463362774,5.042448463362774,0.0,5.187085139566138,5.187085139566138,0.0,15.610804083683185,15.610804083683185,0.0
1131,72.29217014366756,72.29217014366756,0.0,89.78835390587277,89.78835390587277,0.0,5.064686935647799,5.064686935647799,0.0,5.190488537925813,5.190488537925813,0.0,15.659832968292367,15.659832968292367,0.0
1132,72.28265230195098,72.28265230195098,0.0,89.70558163622717,89.70558163622717,0.0,5.054963751765431,5.054963751765431,0.0,5.1921594251993,5.1921594251993,0.0,15.576646740024449,15.576646740024449,0.0
1133,72.37435046574785,72.37435046574785,0.0,89.87828621299843,89.87828621299843,0.0,5.064790087994897,5.064790087994897,0.0,5.193069411036586,5.193069411036586,0.0,15.607589632625007,15.607589632625007,0.0
1134,72.15917235892636,72.15917235892636,0.0,90.00319464905213,90.00319464905213,0.0,5.049536092053207,5.049536092053207,0.0,5.193356930049572,5.193356930049572,0.0,15.504943572003011,15.504943572003011,0.0
1135,72.48149088612128,72.48149088612128,0.0,90.08932073977694,90.08932073977694,0.0,5.004606297417769,5.004606297417769,0.0,5.191768188410653,5.191768188410653,0.0,15.600468537095448,15.600468537095448,0.0
1136,72.26928930763678,72.26928930763678,0.0,89.72956860502198,89.72956860502198,0.0,5.036718709764543,5.036718709764543,0.0,5.190817897711332,5.190817897711332,0.0,15.614777317741055,15.614777317741055,0.0
1137,72.49444914528462,72.49444914528462,0.0,89.53951911559983,89.53951911559983,0.0,5.015302161360446,5.015302161360446,0.0,5.193665909934205,5.193665909934205,0.0,15.655737406053916,15.655737406053916,0.0
1138,72.67128531771392,72.67128531771392,0.0,89.86207815529163,89.86207815529163,0.0,5.036942918598022,5.036942918598022,0.0,5.197169906402867,5.197169906402867,0.0,15.586903249321292,15.586903249321292,0.0
1139,72.6470758364474,72.6470758364474,0.0,89.97616787450465,89.97616787450465,0.0,5.045389515873333,5.045389515873333,0.0,5.193687153733287,5.193687153733287,0.0,15.522166876482611,15.522166876482611,0.0
1140,72.61438009267812,72.61438009267812,0.0,89.72551078455521,89.72551078455521,0.0,5.07884854702146,5.07884854702146,0.0,5.192228419985873,5.192228419985873,0.0,15.56156652353151,15.56156652353151,0.0
1141,72.14065134485838,72.14065134485838,0.0,89.83761661447984,89.83761661447984,0.0,5.056915572827271,5.056915572827271,0.0,5.189435855866202,5.189435855866202,0.0,15.641198299861463,15.641198299861463,0.0
1142,72.43072155801858,72.43072155801858,0.0,89.28921563786935,89.28921563786935,0.0,5.043788489239702,5.043788489239702,0.0,5.191456147409801,5.191456147409801,0.0,15.731926264431198,15.731926264431198,0.0
1143,72.13192149655532,72.13192149655532,0.0,89.13197803900661,89.13197803900661,0.0,5.026378551711928,5.026378551711928,0.0,5.18760603972855,5.18760603972855,0.0,15.808573705416112,15.808573705416112,0.0
1144,71.92200117466717,71.92200117466717,0.0,89.22329834835766,89.22329834835766,0.0,5.024097978925686,5.024097978925686,0.0,5.190291864978626,5.190291864978626,0.0,15.82040696843,15.82040696843,0.0
1145,72.27744564175865,72.27744564175865,0.0,89.25125750638715,89.25125750638715,0.0,5.048217763287553,5.048217763287553,0.0,5.187177393046643,5.187177393046643,0.0,15.857201368775144,15.857201368775144,0.0
1146,72.31561131426503,72.31561131426503,0.0,89.82881678399939,89.82881678399939,0.0,5.067687731611006,5.067687731611006,0.0,5.1836223264636425,5.1836223264636425,0.0,15.818841758713438,15.818841758713438,0.0
1147,72.36234158193137,72.36234158193137,0.0,90.35079237980506,90.35079237980506,0.0,5.031239602406387,5.031239602406387,0.0,5.182853042815438,5.182853042815438,0.0,15.699905988151059,15.699905988151059,0.0
1148,72.30137748961823,72.30137748961823,0.0,90.09753279703655,90.09753279703655,0.0,5.038848358597922,5.038848358597922,0.0,5.182570113067582,5.182570113067582,0.0,15.573024580192955,15.573024580192955,0.0
1149,72.5256230924076,72.5256230924076,0.0,89.99025621068746,89.99025621068746,0.0,5.05519943661691,5.05519943661691,0.0,5.181416890526379,5.181416890526379,0.0,15.495230284741698,15.495230284741698,0.0
1150,72.30339984610656,72.30339984610656,0.0,89.66193216531231,89.66193216531231,0.0,5.037646080274085,5.037646080274085,0.0,5.185451166047468,5.185451166047468,0.0,15.499086677814821,15.499086677814821,0.0
1151,72.38039898841845,72.38039898841845,0.0,89.74188048664183,89.74188048664183,0.0,5.026372331750492,5.026372331750492,0.0,5.183896246621905,5.183896246621905,0.0,15.486202574469678,15.486202574469678,0.0
1152,72.24217188525553,72.24217188525553,0.0,89.69689046248065,89.69689046248065,0.0,5.051052829912726,5.051052829912726,0.0,5.188129905113638,5.188129905113638,0.0,15.562160071705213,15.562160071705213,0.0
1153,71.82208391160155,71.82208391160155,0.0,89.1750717521856,89.1750717521856,0.0,5.068756319224647,5.068756319224647,0.0,5.193515413901761,5.193515413901761,0.0,15.565515349527022,15.565515349527022,0.0
1154,71.70617828446429,71.70617828446429,0.0,89.22837075320169,89.22837075320169,0.0,5.024520799882847,5.024520799882847,0.0,5.196625816629691,5.196625816629691,0.0,15.633642593923948,15.633642593923948,0.0
1155,71.87261172912203,71.87261172912203,0.0,89.15312597146144,89.15312597146144,0.0,5.031785144475027,5.031785144475027,0.0,5.199029296606427,5.199029296606427,0.0,15.487100692613074,15.487100692613074,0.0
1156,71.91152599561315,71.91152599561315,0.0,89.07890994563027,89.07890994563027,0.0,5.042023491879374,5.042023491879374,0.0,5.199643014046737,5.199643014046737,0.0,15.37740593992047,15.37740593992047,0.0
1157,72.12172161338425,72.12172161338425,0.0,88.9844370649808,88.9844370649808,0.0,5.018811695961583,5.018811695961583,0.0,5.199949474423674,5.199949474423674,0.0,15.430537129415828,15.430537129415828,0.0
1158,72.25989327929804,72.25989327929804,0.0,88.84276393623395,88.84276393623395,0.0,5.019861466766274,5.019861466766274,0.0,5.202836930015472,5.202836930015472,0.0,15.325828333213519,15.325828333213519,0.0
1159,72.37075939273845,72.37075939273845,0.0,89.3849081843758,89.3849081843758,0.0,5.009577923048318,5.009577923048318,0.0,5.199583059158041,5.199583059158041,0.0,15.347840372703635,15.347840372703635,0.0
1160,71.93312825471254,71.93312825471254,0.0,89.5600256886513,89.5600256886513,0.0,5.027507067600941,5.027507067600941,0.0,5.195876452367063,5.195876452367063,0.0,15.258175159765319,15.258175159765319,0.0
1161,71.77239233319578,71.77239233319578,0.0,89.46313517910679,89.46313517910679,0.0,5.025552138199425,5.025552138199425,0.0,5.198776616274664,5.198776616274664,0.0,15.315736672540975,15.315736672540975,0.0
1162,71.43596358378758,71.43596358378758,0.0,89.73863406616768,89.73863406616768,0.0,5.001457766227666,5.001457766227666,0.0,5.201616010507993,5.201616010507993,0.0,15.426251806160598,15.426251806160598,0.0
1163,71.92776980038384,71.92776980038384,0.0,89.23550818676578,89.23550818676578,0.0,4.991102014768617,4.991102014768617,0.0,5.202756696765041,5.202756696765041,0.0,15.349877856274464,15.349877856274464,0.0
1164,71.57904921262315,71.57904921262315,0.0,89.09558731612633,89.09558731612633,0.0,4.97612342226273,4.97612342226273,0.0,5.2049048704193455,5.2049048704193455,0.0,15.452026830524048,15.452026830524048,0.0
1165,72.04171509484829,72.04171509484829,0.0,89.73557286659313,89.73557286659313,0.0,4.984549700564281,4.984549700564281,0.0,5.208456087612753,5.208456087612753,0.0,15.408610833888352,15.408610833888352,0.0
1166,72.06078435622518,72.06078435622518,0.0,89.69150307533342,89.69150307533342,0.0,4.9693693164702815,4.9693693164702815,0.0,5.210627868805973,5.210627868805973,0.0,15.332138032493352,15.332138032493352,0.0
1167,72.18771306337817,72.18771306337817,0.0,89.84351619428435,89.84351619428435,0.0,4.953257603898483,4.953257603898483,0.0,5.2080565809651596,5.2080565809651596,0.0,15.316501969935551,15.316501969935551,0.0
1168,72.41196063611928,72.41196063611928,0.0,89.47555197351525,89.47555197351525,0.0,4.976411283498026,4.976411283498026,0.0,5.210696788612323,5.210696788612323,0.0,15.27334730612051,15.27334730612051,0.0
1169,71.98703977988394,71.98703977988394,0.0,89.69948303682054,89.69948303682054,0.0,4.975244589944387,4.975244589944387,0.0,5.20853446278035,5.20853446278035,0.0,15.322510062269913,15.322510062269913,0.0
1170,72.05998063554242,72.05998063554242,0.0,89.65946169068718,89.65946169068718,0.0,4.959635578887899,4.959635578887899,0.0,5.20784035787,5.20784035787,0.0,15.23561505966504,15.23561505966504,0.0
1171,72.00117195485157,72.00117195485157,0.0,89.89225880040287,89.89225880040287,0.0,5.002870774055862,5.002870774055862,0.0,5.210451595770023,5.210451595770023,0.0,15.250249506397243,15.250249506397243,0.0
1172,71.70265869777856,71.70265869777856,0.0,89.70696380703812,89.70696380703812,0.0,5.0188505853678524,5.0188505853678524,0.0,5.2132486488881185,5.2132486488881185,0.0,15.16133712840814,15.16133712840814,0.0
1173,71.52667156287947,71.52667156287947,0.0,89.92615944100747,89.92615944100747,0.0,5.051866720737305,5.051866720737305,0.0,5.210882666007243,5.210882666007243,0.0,15.137205632914462,15.137205632914462,0.0
1174,71.69375162321403,71.69375162321403,0.0,89.58888501214362,89.58888501214362,0.0,5.050703294293797,5.050703294293797,0.0,5.20541535749211,5.20541535749211,0.0,15.174668602616839,15.174668602616839,0.0
1175,71.64643891919337,71.64643891919337,0.0,89.7089430766313,89.7089430766313,0.0,5.04282760851074,5.04282760851074,0.0,5.207894406424542,5.207894406424542,0.0,15.223725693307347,15.223725693307347,0.0
1176,71.78222806536155,71.78222806536155,0.0,89.84791599776332,89.84791599776332,0.0,5.068250883816267,5.068250883816267,0.0,5.20441901909472,5.20441901909472,0.0,15.123107829202201,15.123107829202201,0.0
1177,71.81273834495063,71.81273834495063,0.0,89.56845851646958,89.56845851646958,0.0,5.0887993056938825,5.0887993056938825,0.0,5.20324144537937,5.20324144537937,0.0,15.267171451866787,15.267171451866787,0.0
1178,71.89929430499488,71.89929430499488,0.0,90.03104619091314,90.03104619091314,0.0,5.074996359494288,5.074996359494288,0.0,5.205182608670406,5.205182608670406,0.0,15.376101664701913,15.376101664701913,0.0
1179,72.12711013568797,72.12711013568797,0.0,89.99837023423461,89.99837023423461,0.0,5.061007037915199,5.061007037915199,0.0,5.204258977548793,5.204258977548793,0.0,15.279999151426267,15.279999151426267,0.0
1180,71.96424200635552,71.96424200635552,0.0,90.27007567658602,90.27007567658602,0.0,5.0456559190655685,5.0456559190655685,0.0,5.201246671339391,5.201246671339391,0.0,15.292922476837383,15.292922476837383,0.0
1181,72.00351939156796,72.00351939156796,0.0,90.7641459097768,90.7641459097768,0.0,5.058451130786823,5.058451130786823,0.0,5.202606158299279,5.202606158299279,0.0,15.231421225894831,15.231421225894831,0.0
1182,72.16864833503448,72.16864833503448,0.0,90.94488099401461,90.94488099401461,0.0,5.067261901418232,5.067261901418232,0.0,5.203008224937625,5.203008224937625,0.0,15.138038708799073,15.138038708799073,0.0
1183,72.18555983693712,72.18555983693712,0.0,90.78528360327334,90.78528360327334,0.0,5.064456302488493,5.064456302488493,0.0,5.198296444411734,5.198296444411734,0.0,15.151030120849203,15.151030120849203,0.0
1184,71.90344024334073,71.90344024334073,0.0,90.99922509474081,90.99922509474081,0.0,5.025498398242,5.025498398242,0.0,5.202794471295911,5.202794471295911,0.0,15.256285940253584,15.256285940253584,0.0
1185,71.53612242454655,71.53612242454655,0.0,90.81186236141862,90.81186236141862,0.0,5.038553414098799,5.038553414098799,0.0,5.206447595995053,5.206447595995053,0.0,15.279143766926769,15.279143766926769,0.0
1186,71.86574598261332,71.86574598261332,0.0,90.68776989467842,90.68776989467842,0.0,4.997019794160158,4.997019794160158,0.0,5.209551818040175,5.209551818040175,0.0,15.222487331279027,15.222487331279027,0.0
1187,71.8396960430725,71.8396960430725,0.0,90.85497719438675,90.85497719438675,0.0,4.982807120250063,4.982807120250063,0.0,5.206359874769096,5.206359874769096,0.0,15.216941886051014,15.216941886051014,0.0
1188,71.5482211270623,71.5482211270623,0.0,90.31488159141674,90.31488159141674,0.0,4.965540234537159,4.965540234537159,0.0,5.201747652893852,5.201747652893852,0.0,15.259470917431278,15.259470917431278,0.0
1189,71.55593589056856,71.55593589056856,0.0,90.21508486118208,90.21508486118208,0.0,4.95615084658447,4.95615084658447,0.0,5.196879630207872,5.196879630207872,0.0,15.357981886321582,15.357981886321582,0.0
1190,71.54838282625715,71.54838282625715,0.0,90.03608932317704,90.03608932317704,0.0,4.947925561245071,4.947925561245071,0.0,5.195884252784207,5.195884252784207,0.0,15.444661749965697,15.444661749965697,0.0
1191,71.32702014204011,71.32702014204011,0.0,90.09475012083806,90.09475012083806,0.0,4.961740146049308,4.961740146049308,0.0,5.196143124171107,5.196143124171107,0.0,15.483881454219983,15.483881454219983,0.0
1192,71.3570496377903,71.3570496377903,0.0,89.55249357736062,89.55249357736062,0.0,4.964019260822101,4.964019260822101,0.0,5.195522267571619,5.195522267571619,0.0,15.547522423494897,15.547522423494897,0.0
1193,71.39959179755144,71.39959179755144,0.0,89.78974723097723,89.78974723097723,0.0,4.950341871460188,4.950341871460188,0.0,5.200515034167372,5.200515034167372,0.0,15.62530114097287,15.62530114097287,0.0
1194,71.30548021698374,71.30548021698374,0.0,90.06815407525853,90.06815407525853,0.0,4.941321493183132,4.941321493183132,0.0,5.199541313523214,5.199541313523214,0.0,15.664620061518544,15.664620061518544,0.0
1195,71.54001449058752,71.54001449058752,0.0,90.2960881936856,90.2960881936856,0.0,4.938997316886773,4.938997316886773,0.0,5.204431075223607,5.204431075223607,0.0,15.620008221188833,15.620008221188833,0.0
1196,71.65342422132454,71.65342422132454,0.0,90.55490891237312,90.55490891237312,0.0,4.94325748227882,4.94325748227882,0.0,5.199086796596413,5.199086796596413,0.0,15.667432114875655,15.667432114875655,0.0
1197,71.97974517955197,71.97974517955197,0.0,90.76902058520108,90.76902058520108,0.0,4.9108545999478865,4.9108545999478865,0.0,5.20349488046954,5.20349488046954,0.0,15.654848714872031,15.654848714872031,0.0
1198,72.06171095680166,72.06171095680166,0.0,90.74120869943867,90.74120869943867,0.0,4.910835256455202,4.910835256455202,0.0,5.204537514663257,5.204537514663257,0.0,15.676979478433793,15.676979478433793,0.0
1199,72.05878739541737,72.05878739541737,0.0,90.63335361204574,90.63335361204574,0.0,4.927751580619425,4.927751580619425,0.0,5.202181098507554,5.202181098507554,0.0,15.56054641021419,15.56054641021419,0.0
1200,71.74651262047306,71.74651262047306,0.0,90.43595265794406,90.43595265794406,0.0,4.919726105816883,4.919726105816883,0.0,5.201326331820113,5.201326331820113,0.0,15.653992038684219,15.653992038684219,0.0
1201,72.1583958258233,72.1583958258233,0.0,90.44561617326443,90.44561617326443,0.0,4.917823155710895,4.917823155710895,0.0,5.1988338895168775,5.1988338895168775,0.0,15.713189293601621,15.713189293601621,0.0
1202,72.0918579986601,72.0918579986601,0.0,90.66110565003552,90.66110565003552,0.0,4.916093094194561,4.916093094194561,0.0,5.198525119978682,5.198525119978682,0.0,15.72128551992277,15.72128551992277,0.0
1203,71.68790666134812,71.68790666134812,0.0,90.79010601682224,90.79010601682224,0.0,4.88742675880011,4.88742675880011,0.0,5.198408334374812,5.198408334374812,0.0,15.746314376605746,15.746314376605746,0.0
1204,71.88264470911987,71.88264470911987,0.0,90.9729567363036,90.9729567363036,0.0,4.918676719104943,4.918676719104943,0.0,5.201160249346565,5.201160249346565,0.0,15.658216616635105,15.658216616635105,0.0
1205,72.1337618022754,72.1337618022754,0.0,90.59022852803908,90.59022852803908,0.0,4.891978446699181,4.891978446699181,0.0,5.204388319577181,5.204388319577181,0.0,15.649332703660225,15.649332703660225,0.0
1206,72.2473116316487,72.2473116316487,0.0,90.70249738743155,90.70249738743155,0.0,4.932555849554141,4.932555849554141,0.0,5.202617106321222,5.202617106321222,0.0,15.583193531073483,15.583193531073483,0.0
1207,72.41685431391429,72.41685431391429,0.0,90.31864426529035,90.31864426529035,0.0,4.938549559048929,4.938549559048929,0.0,5.206770332547453,5.206770332547453,0.0,15.597992597887915,15.597992597887915,0.0
1208,72.11850805811656,72.11850805811656,0.0,89.8820082767099,89.8820082767099,0.0,4.980441865982923,4.980441865982923,0.0,5.204807216834774,5.204807216834774,0.0,15.526041879045444,15.526041879045444,0.0
1209,72.18778035865951,72.18778035865951,0.0,89.97827027529993,89.97827027529993,0.0,4.961786121362652,4.961786121362652,0.0,5.20436093971463,5.20436093971463,0.0,15.629893100797453,15.629893100797453,0.0
1210,71.97834664086167,71.97834664086167,0.0,90.33516819920796,90.33516819920796,0.0,4.943600138853346,4.943600138853346,0.0,5.200973126167188,5.200973126167188,0.0,15.651514363303857,15.651514363303857,0.0
1211,71.89914067260331,71.89914067260331,0.0,90.52369425794805,90.52369425794805,0.0,4.950629112538499,4.950629112538499,0.0,5.201413171168619,5.201413171168619,0.0,15.522007171873518,15.522007171873518,0.0
1212,71.9699890051827,71.9699890051827,0.0,90.59938309485693,90.59938309485693,0.0,4.922430318768574,4.922430318768574,0.0,5.1975826441894775,5.1975826441894775,0.0,15.416264971038707,15.416264971038707,0.0
1213,71.78312866017755,71.78312866017755,0.0,90.343947400501,90.343947400501,0.0,4.934602954411287,4.934602954411287,0.0,5.2005984523746696,5.2005984523746696,0.0,15.36928695683589,15.36928695683589,0.0
1214,71.96482373819647,71.96482373819647,0.0,90.68749846626275,90.68749846626275,0.0,4.945944067857514,4.945944067857514,0.0,5.198079813487234,5.198079813487234,0.0,15.355622792035906,15.355622792035906,0.0
1215,71.93434101163774,71.93434101163774,0.0,90.92383713487733,90.92383713487733,0.0,4.988586044977036,4.988586044977036,0.0,5.1937519710993065,5.1937519710993065,0.0,15.239276498603832,15.239276498603832,0.0
1216,71.89228150430158,71.89228150430158,0.0,90.8655615761117,90.8655615761117,0.0,5.004519372676379,5.004519372676379,0.0,5.193917403183635,5.193917403183635,0.0,15.149959677461581,15.149959677461581,0.0
1217,72.11902492661925,72.11902492661925,0.0,90.72260178089203,90.72260178089203,0.0,4.986152386750891,4.986152386750891,0.0,5.193604361463574,5.193604361463574,0.0,15.056999808865703,15.056999808865703,0.0
1218,71.70157679509705,71.70157679509705,0.0,90.16062475301906,90.16062475301906,0.0,4.993741379462969,4.993741379462969,0.0,5.189369447875286,5.189369447875286,0.0,15.002466143265234,15.002466143265234,0.0
1219,72.13814823359944,72.13814823359944,0.0,89.76575259374596,89.76575259374596,0.0,4.974573273096125,4.974573273096125,0.0,5.186864235645829,5.186864235645829,0.0,15.124639666628177,15.124639666628177,0.0
1220,72.21390195690792,72.21390195690792,0.0,89.58905603778891,89.58905603778891,0.0,5.002602858317136,5.002602858317136,0.0,5.188839821079849,5.188839821079849,0.0,15.175819307162675,15.175819307162675,0.0
1221,72.042570139028,72.042570139028,0.0,89.20714016859245,89.20714016859245,0.0,4.9813250973567795,4.9813250973567795,0.0,5.188140159397479,5.188140159397479,0.0,15.301809864540722,15.301809864540722,0.0
1222,71.9017242460002,71.9017242460002,0.0,89.79239357212579,89.79239357212579,0.0,5.0058710973612754,5.0058710973612754,0.0,5.1902840854513395,5.1902840854513395,0.0,15.375021112881864,15.375021112881864,0.0
1223,72.01981762396125,72.01981762396125,0.0,89.52205181535567,89.52205181535567,0.0,4.969944480173347,4.969944480173347,0.0,5.186394363842131,5.186394363842131,0.0,15.305281606939225,15.305281606939225,0.0
1224,72.29437901388016,72.29437901388016,0.0,89.07725400876033,89.07725400876033,0.0,5.007474797117755,5.007474797117755,0.0,5.186901394478658,5.186901394478658,0.0,15.296906672610177,15.296906672610177,0.0
1225,72.34196532114565,72.34196532114565,0.0,89.12509987442141,89.12509987442141,0.0,5.011220380554942,5.011220380554942,0.0,5.185897868852999,5.185897868852999,0.0,15.4165016077962,15.4165016077962,0.0
1226,71.95664172603246,71.95664172603246,0.0,89.13197583658584,89.13197583658584,0.0,5.017692768190223,5.017692768190223,0.0,5.1886226533195074,5.1886226533195074,0.0,15.521855468162732,15.521855468162732,0.0
1227,71.87163726755341,71.87163726755341,0.0,89.67566541467049,89.67566541467049,0.0,5.024875914070498,5.024875914070498,0.0,5.187928500482197,5.187928500482197,0.0,15.44527714604828,15.44527714604828,0.0
1228,72.12124879343096,72.12124879343096,0.0,89.5548998244296,89.5548998244296,0.0,4.996962885538262,4.996962885538262,0.0,5.1849205808297105,5.1849205808297105,0.0,15.367022005272638,15.367022005272638,0.0
1229,71.75330569368718,71.75330569368718,0.0,89.49715310488381,89.49715310488381,0.0,5.003224163217828,5.003224163217828,0.0,5.187499901973047,5.187499901973047,0.0,15.38224461374261,15.38224461374261,0.0
1230,71.73482938760972,71.73482938760972,0.0,89.6167627071901,89.6167627071901,0.0,4.982247154068555,4.982247154068555,0.0,5.191469610468111,5.191469610468111,0.0,15.312816379320573,15.312816379320573,0.0
1231,71.63223015128831,71.63223015128831,0.0,89.99964981705784,89.99964981705784,0.0,5.0049603410073065,5.0049603410073065,0.0,5.1902635451588495,5.1902635451588495,0.0,15.267556567275516,15.267556567275516,0.0
1232,71.9192920463011,71.9192920463011,0.0,89.68208805877201,89.68208805877201,0.0,4.991732035242904,4.991732035242904,0.0,5.1897303290568315,5.1897303290568315,0.0,15.298970952750114,15.298970952750114,0.0
1233,72.00307384624942,72.00307384624942,0.0,89.4485046548284,89.4485046548284,0.0,4.993401313471636,4.993401313471636,0.0,5.193903195906592,5.193903195906592,0.0,15.397967093567308,15.397967093567308,0.0
1234,71.94016556478797,71.94016556478797,0.0,89.13146124938575,89.13146124938575,0.0,5.026959761953248,5.026959761953248,0.0,5.197243307517683,5.197243307517683,0.0,15.354148098507775,15.354148098507775,0.0
1235,72.08529981898326,72.08529981898326,0.0,89.70995391663406,89.70995391663406,0.0,5.031351806085847,5.031351806085847,0.0,5.195775174823484,5.195775174823484,0.0,15.43480047305301,15.43480047305301,0.0
1236,72.44028949633794,72.44028949633794,0.0,89.73317292457938,89.73317292457938,0.0,5.000160586743175,5.000160586743175,0.0,5.195655994133097,5.195655994133097,0.0,15.382580950984554,15.382580950984554,0.0
1237,71.99423227081071,71.99423227081071,0.0,89.23653966823888,89.23653966823888,0.0,4.977981216195192,4.977981216195192,0.0,5.193306061767042,5.193306061767042,0.0,15.355938758669076,15.355938758669076,0.0
1238,71.7864930146372,71.7864930146372,0.0,89.79779275468125,89.79779275468125,0.0,4.967433611707691,4.967433611707691,0.0,5.196242093392681,5.196242093392681,0.0,15.430450654339005,15.430450654339005,0.0
1239,71.57259087485922,71.57259087485922,0.0,89.94041620276406,89.94041620276406,0.0,4.9376674102643054,4.9376674102643054,0.0,5.191842734902188,5.191842734902188,0.0,15.368906567119094,15.368906567119094,0.0
1240,71.48252797741263,71.48252797741263,0.0,89.87335487152367,89.87335487152367,0.0,4.967207874299245,4.967207874299245,0.0,5.187934002066719,5.187934002066719,0.0,15.251511702082272,15.251511702082272,0.0
1241,71.33458973673521,71.33458973673521,0.0,90.0444769343033,90.0444769343033,0.0,4.989080164856393,4.989080164856393,0.0,5.187296920924736,5.187296920924736,0.0,15.344472180853833,15.344472180853833,0.0
1242,71.19804129869226,71.19804129869226,0.0,90.09025217309166,90.09025217309166,0.0,5.02338575226095,5.02338575226095,0.0,5.183522540652834,5.183522540652834,0.0,15.43151496187047,15.43151496187047,0.0
1243,71.24654995487302,71.24654995487302,0.0,89.90254904175173,89.90254904175173,0.0,5.055161720137522,5.055161720137522,0.0,5.182890729340767,5.182890729340767,0.0,15.546050761103961,15.546050761103961,0.0
1244,71.63071749337998,71.63071749337998,0.0,90.34201996949675,90.34201996949675,0.0,5.0859866237819835,5.0859866237819835,0.0,5.18923566023375,5.18923566023375,0.0,15.457869574260869,15.457869574260869,0.0
1245,72.0003673244152,72.0003673244152,0.0,89.81455353608011,89.81455353608011,0.0,5.108472341209377,5.108472341209377,0.0,5.193045310486005,5.193045310486005,0.0,15.411309316062159,15.411309316062159,0.0
1246,71.90285716330631,71.90285716330631,0.0,89.85730254098577,89.85730254098577,0.0,5.132190798552055,5.132190798552055,0.0,5.191046873146513,5.191046873146513,0.0,15.517375274409357,15.517375274409357,0.0
1247,72.01328857837406,72.01328857837406,0.0,89.75735895145043,89.75735895145043,0.0,5.137760304966363,5.137760304966363,0.0,5.190039531690095,5.190039531690095,0.0,15.534654721942218,15.534654721942218,0.0
1248,72.24736930382694,72.24736930382694,0.0,90.241069499807,90.241069499807,0.0,5.15689210843853,5.15689210843853,0.0,5.19469426964208,5.19469426964208,0.0,15.595654960595475,15.595654960595475,0.0
1249,71.86765501789452,71.86765501789452,0.0,90.32985624942253,90.32985624942253,0.0,5.1011961447281635,5.1011961447281635,0.0,5.19520463047251,5.19520463047251,0.0,15.480533616413489,15.480533616413489,0.0
1250,72.00770234453525,72.00770234453525,0.0,90.2942413140132,90.2942413140132,0.0,5.084866083609655,5.084866083609655,0.0,5.193806278378911,5.193806278378911,0.0,15.478318753350543,15.478318753350543,0.0
1251,72.16191388533318,72.16191388533318,0.0,90.35613727575638,90.35613727575638,0.0,5.05503536899925,5.05503536899925,0.0,5.193310961722126,5.193310961722126,0.0,15.466852995581927,15.466852995581927,0.0
1252,72.19974997447574,72.19974997447574,0.0,89.87365982992091,89.87365982992091,0.0,5.023948984827318,5.023948984827318,0.0,5.197477470330116,5.197477470330116,0.0,15.40571066501623,15.40571066501623,0.0
1253,72.00834067608561,72.00834067608561,0.0,90.12699900109519,90.12699900109519,0.0,5.055600758227306,5.055600758227306,0.0,5.196420234219343,5.196420234219343,0.0,15.51954427332422,15.51954427332422,0.0
1254,71.71429302043474,71.71429302043474,0.0,89.87356028046355,89.87356028046355,0.0,5.036325064647415,5.036325064647415,0.0,5.19754607873513,5.19754607873513,0.0,15.409447811557385,15.409447811557385,0.0
1255,71.86298356530494,71.86298356530494,0.0,89.82797255714073,89.82797255714073,0.0,5.024205617778282,5.024205617778282,0.0,5.200787328099252,5.200787328099252,0.0,15.511123947966382,15.511123947966382,0.0
1256,71.7937171725372,71.7937171725372,0.0,89.48568264201634,89.48568264201634,0.0,5.032611703313454,5.032611703313454,0.0,5.199315306172054,5.199315306172054,0.0,15.516326586694323,15.516326586694323,0.0
1257,72.10519261667385,72.10519261667385,0.0,89.66700917241913,89.66700917241913,0.0,5.051140228550537,5.051140228550537,0.0,5.2036361104599695,5.2036361104599695,0.0,15.581836882410439,15.581836882410439,0.0
1258,71.74320337209107,71.74320337209107,0.0,89.25091321665018,89.25091321665018,0.0,5.020064039748199,5.020064039748199,0.0,5.201637796045183,5.201637796045183,0.0,15.557309843096082,15.557309843096082,0.0
1259,72.0422045272062,72.0422045272062,0.0,89.24415656637446,89.24415656637446,0.0,5.033844483648662,5.033844483648662,0.0,5.206486802158069,5.206486802158069,0.0,15.65291571855821,15.65291571855821,0.0
1260,72.23646082967242,72.23646082967242,0.0,89.77479300452755,89.77479300452755,0.0,4.9900217451756,4.9900217451756,0.0,5.20396288761476,5.20396288761476,0.0,15.577844929026377,15.577844929026377,0.0
1261,72.4201003564248,72.4201003564248,0.0,89.68097417715941,89.68097417715941,0.0,4.997746373851126,4.997746373851126,0.0,5.205199117690478,5.205199117690478,0.0,15.497688036430961,15.497688036430961,0.0
1262,72.35406665962655,72.35406665962655,0.0,89.55976053138875,89.55976053138875,0.0,4.989846804101346,4.989846804101346,0.0,5.202052682215512,5.202052682215512,0.0,15.509977573096553,15.509977573096553,0.0
1263,72.26943586432084,72.26943586432084,0.0,89.84765491470857,89.84765491470857,0.0,5.011808122803024,5.011808122803024,0.0,5.20411366232087,5.20411366232087,0.0,15.43252232535805,15.43252232535805,0.0
1264,72.45412733879452,72.45412733879452,0.0,89.52860143137781,89.52860143137781,0.0,5.031846685976189,5.031846685976189,0.0,5.20576416473311,5.20576416473311,0.0,15.424790421013245,15.424790421013245,0.0
1265,72.33178556652251,72.33178556652251,0.0,89.51102753858237,89.51102753858237,0.0,5.033807864142147,5.033807864142147,0.0,5.201586743975604,5.201586743975604,0.0,15.46806651628534,15.46806651628534,0.0
1266,71.87938796997219,71.87938796997219,0.0,89.98077640224335,89.98077640224335,0.0,5.016493069610892,5.016493069610892,0.0,5.200651348090331,5.200651348090331,0.0,15.445626331920234,15.445626331920234,0.0
1267,71.8239461955492,71.8239461955492,0.0,90.14315202844843,90.14315202844843,0.0,5.000383838706764,5.000383838706764,0.0,5.195831667575745,5.195831667575745,0.0,15.363565183573362,15.363565183573362,0.0
1268,72.19357468851064,72.19357468851064,0.0,90.32683050337498,90.32683050337498,0.0,4.986752783549385,4.986752783549385,0.0,5.1974633421053795,5.1974633421053795,0.0,15.298993843736039,15.298993843736039,0.0
1269,72.24475536769775,72.24475536769775,0.0,90.84380548516013,90.84380548516013,0.0,4.964852650309638,4.964852650309638,0.0,5.196572523537662,5.196572523537662,0.0,15.396434974332834,15.396434974332834,0.0
1270,71.95105968902887,71.95105968902887,0.0,90.61763230275263,90.61763230275263,0.0,4.965654365441277,4.965654365441277,0.0,5.200794007374378,5.200794007374378,0.0,15.306182145038193,15.306182145038193,0.0
1271,71.64338160428537,71.64338160428537,0.0,90.19539574588178,90.19539574588178,0.0,4.985348492427965,4.985348492427965,0.0,5.200616655275742,5.200616655275742,0.0,15.413911156379104,15.413911156379104,0.0
1272,71.3636183807757,71.3636183807757,0.0,90.21555436315882,90.21555436315882,0.0,4.9659420859671615,4.9659420859671615,0.0,5.202163049174339,5.202163049174339,0.0,15.399203334122134,15.399203334122134,0.0
1273,71.1249373421403,71.1249373421403,0.0,89.93633474872318,89.93633474872318,0.0,4.99925253480348,4.99925253480348,0.0,5.201098713654425,5.201098713654425,0.0,15.284891391581098,15.284891391581098,0.0
1274,70.97215444977154,70.97215444977154,0.0,89.94342793581613,89.94342793581613,0.0,4.9648530782003295,4.9648530782003295,0.0,5.2055618330173745,5.2055618330173745,0.0,15.293837847506776,15.293837847506776,0.0
1275,70.86241706532554,70.86241706532554,0.0,89.75848513864273,89.75848513864273,0.0,4.986305639372159,4.986305639372159,0.0,5.204864933645546,5.204864933645546,0.0,15.29730471981866,15.29730471981866,0.0
1276,71.41994927098288,71.41994927098288,0.0,89.82967347810268,89.82967347810268,0.0,5.002915535749938,5.002915535749938,0.0,5.202230364803392,5.202230364803392,0.0,15.382098690140914,15.382098690140914,0.0
1277,71.23924822028329,71.23924822028329,0.0,89.56559625701478,89.56559625701478,0.0,5.027132680106517,5.027132680106517,0.0,5.202310599727992,5.202310599727992,0.0,15.362582963692919,15.362582963692919,0.0
1278,71.68054063566166,71.68054063566166,0.0,89.65897503885984,89.65897503885984,0.0,5.042503977616496,5.042503977616496,0.0,5.200004972224122,5.200004972224122,0.0,15.47472220558413,15.47472220558413,0.0
1279,71.70349409327028,71.70349409327028,0.0,89.9618459268928,89.9618459268928,0.0,5.020641657040987,5.020641657040987,0.0,5.2011348497841485,5.2011348497841485,0.0,15.475775533684804,15.475775533684804,0.0
1280,71.49734252565372,71.49734252565372,0.0,90.16923042643742,90.16923042643742,0.0,5.036553312537498,5.036553312537498,0.0,5.200622393726004,5.200622393726004,0.0,15.41737363053241,15.41737363053241,0.0
1281,71.33521432261568,71.33521432261568,0.0,90.09620683864905,90.09620683864905,0.0,5.067342247712371,5.067342247712371,0.0,5.197969582447168,5.197969582447168,0.0,15.477320744141188,15.477320744141188,0.0
1282,71.27474054333946,71.27474054333946,0.0,89.97818607105808,89.97818607105808,0.0,5.091681212947105,5.091681212947105,0.0,5.2001123655968335,5.2001123655968335,0.0,15.451280544514052,15.451280544514052,0.0
1283,71.18001167403932,71.18001167403932,0.0,90.37162192215435,90.37162192215435,0.0,5.083702328896464,5.083702328896464,0.0,5.205056545154958,5.205056545154958,0.0,15.413605673252242,15.413605673252242,0.0
1284,71.01282998915423,71.01282998915423,0.0,90.3131506081565,90.3131506081565,0.0,5.068634577749635,5.068634577749635,0.0,5.202179912309015,5.202179912309015,0.0,15.413616178522474,15.413616178522474,0.0
1285,71.16150754300223,71.16150754300223,0.0,90.23276757596757,90.23276757596757,0.0,5.079476689900213,5.079476689900213,0.0,5.200817171823706,5.200817171823706,0.0,15.346154659794905,15.346154659794905,0.0
1286,71.59811895516698,71.59811895516698,0.0,89.76578790691532,89.76578790691532,0.0,5.038071203375319,5.038071203375319,0.0,5.204923204128689,5.204923204128689,0.0,15.457944677814623,15.457944677814623,0.0
1287,71.8699084517851,71.8699084517851,0.0,89.4407859343456,89.4407859343456,0.0,5.0368773680514884,5.0368773680514884,0.0,5.201952502551029,5.201952502551029,0.0,15.476667682673039,15.476667682673039,0.0
1288,71.605694656908,71.605694656908,0.0,89.92927780083392,89.92927780083392,0.0,5.00561530301606,5.00561530301606,0.0,5.1969770503431265,5.1969770503431265,0.0,15.471424971725263,15.471424971725263,0.0
1289,71.51248581247471,71.51248581247471,0.0,89.8664392687787,89.8664392687787,0.0,4.971074606072621,4.971074606072621,0.0,5.199854642522278,5.199854642522278,0.0,15.383855159193782,15.383855159193782,0.0
1290,71.32365432395986,71.32365432395986,0.0,89.5892449435163,89.5892449435163,0.0,4.937680802895853,4.937680802895853,0.0,5.201616705972243,5.201616705972243,0.0,15.377189295898091,15.377189295898091,0.0
1291,71.60364888621855,71.60364888621855,0.0,90.04375326155544,90.04375326155544,0.0,4.957257840440894,4.957257840440894,0.0,5.203651545631892,5.203651545631892,0.0,15.414936206062588,15.414936206062588,0.0
1292,71.58798986535275,71.58798986535275,0.0,89.59109563984147,89.59109563984147,0.0,4.92332102511032,4.92332102511032,0.0,5.2060836811155715,5.2060836811155715,0.0,15.330032015447479,15.330032015447479,0.0
1293,72.00573107402623,72.00573107402623,0.0,89.3714762887951,89.3714762887951,0.0,4.900839605699437,4.900839605699437,0.0,5.204814084136021,5.204814084136021,0.0,15.385616381717455,15.385616381717455,0.0
1294,71.87438552051285,71.87438552051285,0.0,89.43682685194594,89.43682685194594,0.0,4.891685473806433,4.891685473806433,0.0,5.208252031796861,5.208252031796861,0.0,15.418281686469303,15.418281686469303,0.0
1295,72.16151609575472,72.16151609575472,0.0,89.08165125942347,89.08165125942347,0.0,4.899358931818074,4.899358931818074,0.0,5.203669074049941,5.203669074049941,0.0,15.492202550029749,15.492202550029749,0.0
1296,72.18188148849029,72.18188148849029,0.0,88.81037771669587,88.81037771669587,0.0,4.916092694460307,4.916092694460307,0.0,5.207764943366457,5.207764943366457,0.0,15.563434315284729,15.563434315284729,0.0
1297,71.91993595739748,71.91993595739748,0.0,88.62212821804552,88.62212821804552,0.0,4.9194337703804525,4.9194337703804525,0.0,5.205306494987734,5.205306494987734,0.0,15.620942811630794,15.620942811630794,0.0
1298,71.90146985150277,71.90146985150277,0.0,88.83357459944725,88.83357459944725,0.0,4.942154515718362,4.942154515718362,0.0,5.2035720106847965,5.2035720106847965,0.0,15.630421212390093,15.630421212390093,0.0
1299,71.69417902145861,71.69417902145861,0.0,88.95711112347233,88.95711112347233,0.0,4.988503227509272,4.988503227509272,0.0,5.1993045443782915,5.1993045443782915,0.0,15.710583006048235,15.710583006048235,0.0
1300,72.14203998993807,72.14203998993807,0.0,88.9803714341678,88.9803714341678,0.0,5.02675647835956,5.02675647835956,0.0,5.20035882139116,5.20035882139116,0.0,15.72312925586774,15.72312925586774,0.0
1301,72.27334480068482,72.27334480068482,0.0,89.5610946749223,89.5610946749223,0.0,5.038692259289089,5.038692259289089,0.0,5.1986505970902686,5.1986505970902686,0.0,15.59856096155581,15.59856096155581,0.0
1302,72.53096942026772,72.53096942026772,0.0,89.80896203511634,89.80896203511634,0.0,5.032111894788135,5.032111894788135,0.0,5.197109541571065,5.197109541571065,0.0,15.53127036875475,15.53127036875475,0.0
1303,72.50275052484918,72.50275052484918,0.0,89.88898980467766,89.88898980467766,0.0,5.006431130101434,5.006431130101434,0.0,5.198215335340825,5.198215335340825,0.0,15.560825896405099,15.560825896405099,0.0
1304,72.19770203941916,72.19770203941916,0.0,90.27375343570675,90.27375343570675,0.0,4.9902828948491855,4.9902828948491855,0.0,5.20073716208752,5.20073716208752,0.0,15.570994280566886,15.570994280566886,0.0
1305,72.25767772241268,72.25767772241268,0.0,89.9358362029392,89.9358362029392,0.0,4.975305634725059,4.975305634725059,0.0,5.197194927715219,5.197194927715219,0.0,15.522152266375846,15.522152266375846,0.0
1306,71.84129404816832,71.84129404816832,0.0,90.21942673051629,90.21942673051629,0.0,5.014263120283279,5.014263120283279,0.0,5.199811765271921,5.199811765271921,0.0,15.616541637660113,15.616541637660113,0.0
1307,71.6925637111854,71.6925637111854,0.0,90.46905281594384,90.46905281594384,0.0,5.014034212522699,5.014034212522699,0.0,5.2046024907343655,5.2046024907343655,0.0,15.486473293344691,15.486473293344691,0.0
1308,71.57905653930288,71.57905653930288,0.0,90.46920908872349,90.46920908872349,0.0,4.998667570484573,4.998667570484573,0.0,5.201656985730782,5.201656985730782,0.0,15.440828466181959,15.440828466181959,0.0
1309,71.98066628958746,71.98066628958746,0.0,90.28974881609977,90.28974881609977,0.0,5.013832933398961,5.013832933398961,0.0,5.2037195226639765,5.2037195226639765,0.0,15.553725959443959,15.553725959443959,0.0
1310,71.88935963316167,71.88935963316167,0.0,90.1263550740132,90.1263550740132,0.0,4.972474877033404,4.972474877033404,0.0,5.2071207934510415,5.2071207934510415,0.0,15.494889838845197,15.494889838845197,0.0
1311,71.66338768695974,71.66338768695974,0.0,89.88743815113318,89.88743815113318,0.0,4.952476680233619,4.952476680233619,0.0,5.20246904016659,5.20246904016659,0.0,15.5278133336817,15.5278133336817,0.0
1312,71.98938185034935,71.98938185034935,0.0,89.8912252083426,89.8912252083426,0.0,4.9250562454601345,4.9250562454601345,0.0,5.2045215176624735,5.2045215176624735,0.0,15.479592911979811,15.479592911979811,0.0
1313,72.16864560694837,72.16864560694837,0.0,89.52611996770787,89.52611996770787,0.0,4.914950469905051,4.914950469905051,0.0,5.202013525971185,5.202013525971185,0.0,15.363539957034709,15.363539957034709,0.0
1314,72.24655836247152,72.24655836247152,0.0,89.70036851252668,89.70036851252668,0.0,4.892673719727885,4.892673719727885,0.0,5.206578085328045,5.206578085328045,0.0,15.430852946616053,15.430852946616053,0.0
1315,71.93607774427214,71.93607774427214,0.0,89.71245235019916,89.71245235019916,0.0,4.92575546793215,4.92575546793215,0.0,5.208655375309119,5.208655375309119,0.0,15.483600632051001,15.483600632051001,0.0
1316,72.18251176435419,72.18251176435419,0.0,89.42728737503472,89.42728737503472,0.0,4.963962432797485,4.963962432797485,0.0,5.210551912933679,5.210551912933679,0.0,15.4882632208896,15.4882632208896,0.0
1317,72.22557468355437,72.22557468355437,0.0,89.51387420133933,89.51387420133933,0.0,4.949343167203539,4.949343167203539,0.0,5.209344740905287,5.209344740905287,0.0,15.596546285431344,15.596546285431344,0.0
1318,72.08480243848913,72.08480243848913,0.0,89.27802570793301,89.27802570793301,0.0,4.927019219118453,4.927019219118453,0.0,5.20829016148839,5.20829016148839,0.0,15.659244626013574,15.659244626013574,0.0
1319,71.82113101599764,71.82113101599764,0.0,89.13607576416075,89.13607576416075,0.0,4.9547622040226456,4.9547622040226456,0.0,5.207541853950597,5.207541853950597,0.0,15.602583805792104,15.602583805792104,0.0
1320,72.20578245023667,72.20578245023667,0.0,89.35566868643629,89.35566868643629,0.0,4.959948443581756,4.959948443581756,0.0,5.208349327821958,5.208349327821958,0.0,15.699157809945564,15.699157809945564,0.0
1321,72.09551048840298,72.09551048840298,0.0,89.55344809588836,89.55344809588836,0.0,4.956066271806432,4.956066271806432,0.0,5.208337838349012,5.208337838349012,0.0,15.547747518172889,15.547747518172889,0.0
1322,72.02723573038388,72.02723573038388,0.0,89.82217538520842,89.82217538520842,0.0,4.979694445453168,4.979694445453168,0.0,5.207767265237372,5.207767265237372,0.0,15.644342200769842,15.644342200769842,0.0
1323,72.17309024616218,72.17309024616218,0.0,90.05547458829635,90.05547458829635,0.0,5.016519064027605,5.016519064027605,0.0,5.209502871054607,5.209502871054607,0.0,15.6761066682717,15.6761066682717,0.0
1324,71.76932036524346,71.76932036524346,0.0,90.29984398141328,90.29984398141328,0.0,5.028434059431873,5.028434059431873,0.0,5.210717777661197,5.210717777661197,0.0,15.595119317598048,15.595119317598048,0.0
1325,71.62020004769285,71.62020004769285,0.0,90.38868426509327,90.38868426509327,0.0,5.00499190048122,5.00499190048122,0.0,5.210882324743802,5.210882324743802,0.0,15.494818929007451,15.494818929007451,0.0
1326,71.9622588189544,71.9622588189544,0.0,90.33221452260419,90.33221452260419,0.0,5.015879159462547,5.015879159462547,0.0,5.2141810506296515,5.2141810506296515,0.0,15.494680545224295,15.494680545224295,0.0
1327,72.03802847732402,72.03802847732402,0.0,90.49513922560666,90.49513922560666,0.0,4.988871152564092,4.988871152564092,0.0,5.212276645024444,5.212276645024444,0.0,15.604056296511455,15.604056296511455,0.0
1328,71.83343207219728,71.83343207219728,0.0,90.71880804186867,90.71880804186867,0.0,5.003031532904412,5.003031532904412,0.0,5.210122944788673,5.210122944788673,0.0,15.480993372284257,15.480993372284257,0.0
1329,71.79291290876169,71.79291290876169,0.0,90.99212108675522,90.99212108675522,0.0,4.969737844025302,4.969737844025302,0.0,5.210675361298945,5.210675361298945,0.0,15.520347773891094,15.520347773891094,0.0
1330,71.70596567972417,71.70596567972417,0.0,90.90779413547139,90.90779413547139,0.0,5.0081677550620265,5.0081677550620265,0.0,5.208801508734186,5.208801508734186,0.0,15.4131983079561,15.4131983079561,0.0
1331,72.14888545404817,72.14888545404817,0.0,90.5500367512516,90.5500367512516,0.0,4.972667765950697,4.972667765950697,0.0,5.21006094602387,5.21006094602387,0.0,15.4999326546959,15.4999326546959,0.0
1332,72.24551405333789,72.24551405333789,0.0,90.33066617761065,90.33066617761065,0.0,4.966278401449673,4.966278401449673,0.0,5.2112969891612915,5.2112969891612915,0.0,15.410010717305045,15.410010717305045,0.0
1333,71.94659737096318,71.94659737096318,0.0,90.46163271698401,90.46163271698401,0.0,4.995917127867793,4.995917127867793,0.0,5.207250112197987,5.207250112197987,0.0,15.351249892634716,15.351249892634716,0.0
1334,71.70246114473045,71.70246114473045,0.0,90.33581449570096,90.33581449570096,0.0,5.028642511493304,5.028642511493304,0.0,5.205758349254731,5.205758349254731,0.0,15.246158343946362,15.246158343946362,0.0
1335,71.85593295357891,71.85593295357891,0.0,90.20115842127777,90.20115842127777,0.0,5.008279607035696,5.008279607035696,0.0,5.20407522244584,5.20407522244584,0.0,15.200195846160318,15.200195846160318,0.0
1336,71.75576941278052,71.75576941278052,0.0,90.19980769869336,90.19980769869336,0.0,5.021001775738321,5.021001775738321,0.0,5.19975747707031,5.19975747707031,0.0,15.13265152438229,15.13265152438229,0.0
1337,72.00147986458695,72.00147986458695,0.0,90.01232514128665,90.01232514128665,0.0,5.057215481970433,5.057215481970433,0.0,5.195745286642712,5.195745286642712,0.0,15.1429026471674,15.1429026471674,0.0
1338,71.60702117628523,71.60702117628523,0.0,90.448453979828,90.448453979828,0.0,5.070507954462424,5.070507954462424,0.0,5.200406758548571,5.200406758548571,0.0,15.294876247812581,15.294876247812581,0.0
1339,71.54788012630407,71.54788012630407,0.0,90.25946570255522,90.25946570255522,0.0,5.09233396317303,5.09233396317303,0.0,5.205368687283313,5.205368687283313,0.0,15.281781141785064,15.281781141785064,0.0
1340,71.98262839271598,71.98262839271598,0.0,90.20876277056934,90.20876277056934,0.0,5.044621595586525,5.044621595586525,0.0,5.203499723087713,5.203499723087713,0.0,15.313104172783898,15.313104172783898,0.0
1341,71.66591922095354,71.66591922095354,0.0,90.32277476852414,90.32277476852414,0.0,5.056699090047332,5.056699090047332,0.0,5.207099606192499,5.207099606192499,0.0,15.282524000498915,15.282524000498915,0.0
1342,71.80800513332706,71.80800513332706,0.0,90.28062422239849,90.28062422239849,0.0,5.065092357807804,5.065092357807804,0.0,5.2096824706099865,5.2096824706099865,0.0,15.306973007961872,15.306973007961872,0.0
1343,71.93748925468867,71.93748925468867,0.0,90.30195173152453,90.30195173152453,0.0,5.049477253849162,5.049477253849162,0.0,5.205787652355693,5.205787652355693,0.0,15.226723082589483,15.226723082589483,0.0
1344,72.31485824455106,72.31485824455106,0.0,90.02566460005225,90.02566460005225,0.0,5.031707186872864,5.031707186872864,0.0,5.200782440058072,5.200782440058072,0.0,15.207825509296967,15.207825509296967,0.0
1345,72.11820428724008,72.11820428724008,0.0,90.08206888409846,90.08206888409846,0.0,5.0194994748305195,5.0194994748305195,0.0,5.2018458030595225,5.2018458030595225,0.0,15.153158711620142,15.153158711620142,0.0
1346,72.03911050948625,72.03911050948625,0.0,90.61846009180024,90.61846009180024,0.0,5.055853380866916,5.055853380866916,0.0,5.205269220797707,5.205269220797707,0.0,15.195925227317339,15.195925227317339,0.0
1347,72.21944317127559,72.21944317127559,0.0,90.2056534003749,90.2056534003749,0.0,5.019870977090776,5.019870977090776,0.0,5.205048461452853,5.205048461452853,0.0,15.113285454121884,15.113285454121884,0.0
1348,72.46510696122196,72.46510696122196,0.0,89.88594132644178,89.88594132644178,0.0,5.040971371720206,5.040971371720206,0.0,5.202658291812066,5.202658291812066,0.0,15.197911581879392,15.197911581879392,0.0
1349,72.41979470082829,72.41979470082829,0.0,89.80868588421343,89.80868588421343,0.0,5.03122011269318,5.03122011269318,0.0,5.198602532952268,5.198602532952268,0.0,15.220511893229428,15.220511893229428,0.0
1350,72.13642012239409,72.13642012239409,0.0,89.89920028520686,89.89920028520686,0.0,5.039843633911433,5.039843633911433,0.0,5.194608586404458,5.194608586404458,0.0,15.148993061286621,15.148993061286621,0.0
1351,72.28430347439834,72.28430347439834,0.0,90.0956615808356,90.0956615808356,0.0,5.066751447192082,5.066751447192082,0.0,5.1977027482727305,5.1977027482727305,0.0,15.249740457058273,15.249740457058273,0.0
1352,72.0388708318377,72.0388708318377,0.0,90.39137083746729,90.39137083746729,0.0,5.027713203159186,5.027713203159186,0.0,5.194243990703672,5.194243990703672,0.0,15.351351986960957,15.351351986960957,0.0
1353,72.21215627058189,72.21215627058189,0.0,90.30768400916651,90.30768400916651,0.0,5.053779211910776,5.053779211910776,0.0,5.199022015347844,5.199022015347844,0.0,15.362923955867249,15.362923955867249,0.0
1354,72.25424239951698,72.25424239951698,0.0,90.24033216196584,90.24033216196584,0.0,5.0640154290006,5.0640154290006,0.0,5.201460235561948,5.201460235561948,0.0,15.46848199317365,15.46848199317365,0.0
1355,72.32183783335046,72.32183783335046,0.0,90.52589183882807,90.52589183882807,0.0,5.080169359198883,5.080169359198883,0.0,5.198578989929734,5.198578989929734,0.0,15.424856197550003,15.424856197550003,0.0
1356,71.93364280418248,71.93364280418248,0.0,90.46482795977217,90.46482795977217,0.0,5.10447389777895,5.10447389777895,0.0,5.201138785144707,5.201138785144707,0.0,15.406640094650335,15.406640094650335,0.0
1357,71.83986094387365,71.83986094387365,0.0,90.93835160737956,90.93835160737956,0.0,5.09671946042074,5.09671946042074,0.0,5.196064517826493,5.196064517826493,0.0,15.507383154270016,15.507383154270016,0.0
1358,71.89737166228544,71.89737166228544,0.0,91.37396066400213,91.37396066400213,0.0,5.069415401844379,5.069415401844379,0.0,5.195029420031746,5.195029420031746,0.0,15.407457688103383,15.407457688103383,0.0
1359,72.15322726590173,72.15322726590173,0.0,91.30302745297625,91.30302745297625,0.0,5.0379460023400435,5.0379460023400435,0.0,5.194379969501133,5.194379969501133,0.0,15.32080868246861,15.32080868246861,0.0
1360,72.09393409089928,72.09393409089928,0.0,91.3384233185857,91.3384233185857,0.0,5.059871883177312,5.059871883177312,0.0,5.194827648979731,5.194827648979731,0.0,15.325233358118421,15.325233358118421,0.0
1361,72.15807905985821,72.15807905985821,0.0,91.14817465575163,91.14817465575163,0.0,5.076004952746723,5.076004952746723,0.0,5.197270875428585,5.197270875428585,0.0,15.42181279761346,15.42181279761346,0.0
1362,71.97653732915525,71.97653732915525,0.0,90.94085483973896,90.94085483973896,0.0,5.105634902162749,5.105634902162749,0.0,5.199554306859872,5.199554306859872,0.0,15.506754769580049,15.506754769580049,0.0
1363,72.24374023333034,72.24374023333034,0.0,90.99129244157436,90.99129244157436,0.0,5.081709252301986,5.081709252301986,0.0,5.204401370467407,5.204401370467407,0.0,15.373049372576265,15.373049372576265,0.0
1364,72.46186538024097,72.46186538024097,0.0,90.92589176466173,90.92589176466173,0.0,5.09566543720049,5.09566543720049,0.0,5.206053530451846,5.206053530451846,0.0,15.377445343189933,15.377445343189933,0.0
1365,72.67048890712418,72.67048890712418,0.0,90.6573097775036,90.6573097775036,0.0,5.074274882387415,5.074274882387415,0.0,5.21041341230256,5.21041341230256,0.0,15.451602840774417,15.451602840774417,0.0
1366,72.82776448474681,72.82776448474681,0.0,90.84759100398449,90.84759100398449,0.0,5.051380065860617,5.051380065860617,0.0,5.211359788688014,5.211359788688014,0.0,15.524853169347445,15.524853169347445,0.0
1367,72.88388758801142,72.88388758801142,0.0,90.7194347607342,90.7194347607342,0.0,5.027183433180817,5.027183433180817,0.0,5.212415273290539,5.212415273290539,0.0,15.388841240688187,15.388841240688187,0.0
1368,73.0086677264774,73.0086677264774,0.0,90.29004663980663,90.29004663980663,0.0,5.043746035860877,5.043746035860877,0.0,5.21222643964467,5.21222643964467,0.0,15.41707064429824,15.41707064429824,0.0
1369,73.10567506380413,73.10567506380413,0.0,90.31979877607588,90.31979877607588,0.0,5.011018029127106,5.011018029127106,0.0,5.207624477100605,5.207624477100605,0.0,15.441313525256994,15.441313525256994,0.0
1370,72.73811543310636,72.73811543310636,0.0,89.89098128611802,89.89098128611802,0.0,5.029421887362137,5.029421887362137,0.0,5.209368046536443,5.209368046536443,0.0,15.384670160794201,15.384670160794201,0.0
1371,72.78508381383261,72.78508381383261,0.0,90.0817638793954,90.0817638793954,0.0,5.0645839189519375,5.0645839189519375,0.0,5.205095073484015,5.205095073484015,0.0,15.474235422158255,15.474235422158255,0.0
1372,72.58446111372014,72.58446111372014,0.0,90.57238601550908,90.57238601550908,0.0,5.023670190570937,5.023670190570937,0.0,5.20942928150075,5.20942928150075,0.0,15.446811549599428,15.446811549599428,0.0
1373,72.12049398013072,72.12049398013072,0.0,90.84933628419896,90.84933628419896,0.0,5.027990556309999,5.027990556309999,0.0,5.213372627512621,5.213372627512621,0.0,15.356887135343367,15.356887135343367,0.0
1374,72.02184732375217,72.02184732375217,0.0,90.32475096325676,90.32475096325676,0.0,5.023354466167802,5.023354466167802,0.0,5.214183252311066,5.214183252311066,0.0,15.243277059657913,15.243277059657913,0.0
1375,72.1401246493638,72.1401246493638,0.0,90.38186769809087,90.38186769809087,0.0,5.043871487359523,5.043871487359523,0.0,5.214634410584784,5.214634410584784,0.0,15.37684245867192,15.37684245867192,0.0
1376,72.40664099126705,72.40664099126705,0.0,90.22731499663772,90.22731499663772,0.0,5.0502868607321725,5.0502868607321725,0.0,5.21213753827942,5.21213753827942,0.0,15.410359100992242,15.410359100992242,0.0
1377,71.99903907746243,71.99903907746243,0.0,90.33060715409528,90.33060715409528,0.0,5.044372448039824,5.044372448039824,0.0,5.206397341914476,5.206397341914476,0.0,15.372000172506793,15.372000172506793,0.0
1378,72.05731771553577,72.05731771553577,0.0,90.3824521352548,90.3824521352548,0.0,5.0620129917125745,5.0620129917125745,0.0,5.20269680463605,5.20269680463605,0.0,15.377954352852433,15.377954352852433,0.0
1379,72.16260509559066,72.16260509559066,0.0,90.36369099429345,90.36369099429345,0.0,5.02171299241878,5.02171299241878,0.0,5.19811616305436,5.19811616305436,0.0,15.436457188622242,15.436457188622242,0.0
1380,72.36930965401719,72.36930965401719,0.0,90.42419912175525,90.42419912175525,0.0,4.980402224341184,4.980402224341184,0.0,5.19882738797816,5.19882738797816,0.0,15.448566782620766,15.448566782620766,0.0
1381,72.55212217809621,72.55212217809621,0.0,90.38413815956207,90.38413815956207,0.0,4.989788844553909,4.989788844553909,0.0,5.20105863610128,5.20105863610128,0.0,15.520723480362108,15.520723480362108,0.0
1382,72.1513108695424,72.1513108695424,0.0,90.82960672674318,90.82960672674318,0.0,5.0229563588720545,5.0229563588720545,0.0,5.197780633964413,5.197780633964413,0.0,15.509364105430326,15.509364105430326,0.0
1383,71.86783290730986,71.86783290730986,0.0,90.99807256950706,90.99807256950706,0.0,4.989743984422449,4.989743984422449,0.0,5.194246244579948,5.194246244579948,0.0,15.434000321709632,15.434000321709632,0.0
1384,71.62075894622137,71.62075894622137,0.0,91.19112093386433,91.19112093386433,0.0,4.953909709117589,4.953909709117589,0.0,5.199505573810881,5.199505573810881,0.0,15.416483477045247,15.416483477045247,0.0
1385,71.58035139899593,71.58035139899593,0.0,91.01033426670499,91.01033426670499,0.0,4.995663624217483,4.995663624217483,0.0,5.194545961589433,5.194545961589433,0.0,15.39910385825361,15.39910385825361,0.0
1386,72.01339247758766,72.01339247758766,0.0,91.12693175359838,91.12693175359838,0.0,5.008973497921617,5.008973497921617,0.0,5.194431245298966,5.194431245298966,0.0,15.38823124738187,15.38823124738187,0.0
1387,72.1670460288117,72.1670460288117,0.0,91.3939069874869,91.3939069874869,0.0,4.995948297090582,4.995948297090582,0.0,5.195258593209189,5.195258593209189,0.0,15.38480974612057,15.38480974612057,0.0
1388,71.81597302605702,71.81597302605702,0.0,91.1690217547489,91.1690217547489,0.0,4.971533560376111,4.971533560376111,0.0,5.193634787460521,5.193634787460521,0.0,15.380993834829809,15.380993834829809,0.0
1389,72.21526979945453,72.21526979945453,0.0,90.85215743220387,90.85215743220387,0.0,4.964048285583242,4.964048285583242,0.0,5.190428642904221,5.190428642904221,0.0,15.304213885066474,15.304213885066474,0.0
1390,71.83573573260391,71.83573573260391,0.0,90.54310358472195,90.54310358472195,0.0,5.001127047996556,5.001127047996556,0.0,5.190194520119452,5.190194520119452,0.0,15.290229260818457,15.290229260818457,0.0
1391,71.66885530731115,71.66885530731115,0.0,90.6000597645676,90.6000597645676,0.0,5.003849358569164,5.003849358569164,0.0,5.1866841034633895,5.1866841034633895,0.0,15.363675012772665,15.363675012772665,0.0
1392,72.12516907160212,72.12516907160212,0.0,90.37549418903548,90.37549418903548,0.0,4.993108304632279,4.993108304632279,0.0,5.189321964295764,5.189321964295764,0.0,15.38639090128531,15.38639090128531,0.0
1393,72.18643552208222,72.18643552208222,0.0,90.01668594062332,90.01668594062332,0.0,5.033421660909599,5.033421660909599,0.0,5.1895120042053495,5.1895120042053495,0.0,15.339360178264604,15.339360178264604,0.0
1394,72.23552629270175,72.23552629270175,0.0,89.51726708195278,89.51726708195278,0.0,4.997771709813932,4.997771709813932,0.0,5.190834265896834,5.190834265896834,0.0,15.366330948117529,15.366330948117529,0.0
1395,72.30497461018531,72.30497461018531,0.0,89.37678600011881,89.37678600011881,0.0,4.979928584672501,4.979928584672501,0.0,5.195255671238074,5.195255671238074,0.0,15.47468047168528,15.47468047168528,0.0
1396,71.85758275838165,71.85758275838165,0.0,89.76770715567511,89.76770715567511,0.0,4.972891121747631,4.972891121747631,0.0,5.191685034116086,5.191685034116086,0.0,15.499802471305465,15.499802471305465,0.0
1397,71.62398372234688,71.62398372234688,0.0,89.74679472082879,89.74679472082879,0.0,5.00220737248666,5.00220737248666,0.0,5.1922460480819375,5.1922460480819375,0.0,15.518430022153623,15.518430022153623,0.0
1398,71.85250833842015,71.85250833842015,0.0,89.98830014074606,89.98830014074606,0.0,5.010510877969212,5.010510877969212,0.0,5.1968317222794695,5.1968317222794695,0.0,15.448094621510922,15.448094621510922,0.0
1399,72.23645228535572,72.23645228535572,0.0,89.81427610865293,89.81427610865293,0.0,5.028415418883843,5.028415418883843,0.0,5.201765046616766,5.201765046616766,0.0,15.352153739259483,15.352153739259483,0.0
1400,72.26928434044154,72.26928434044154,0.0,89.98074941032726,89.98074941032726,0.0,4.994838474892351,4.994838474892351,0.0,5.196718895969508,5.196718895969508,0.0,15.38506462826065,15.38506462826065,0.0
1401,71.94486439682159,71.94486439682159,0.0,89.7116905138252,89.7116905138252,0.0,5.014359377939978,5.014359377939978,0.0,5.192509884817352,5.192509884817352,0.0,15.300426306946559,15.300426306946559,0.0
1402,72.33445866350631,72.33445866350631,0.0,89.64169153418247,89.64169153418247,0.0,5.021144066634218,5.021144066634218,0.0,5.195176628987359,5.195176628987359,0.0,15.4044505785544,15.4044505785544,0.0
1403,72.66282861389324,72.66282861389324,0.0,89.82486277135187,89.82486277135187,0.0,5.0003951620271225,5.0003951620271225,0.0,5.194839935267348,5.194839935267348,0.0,15.352653954853956,15.352653954853956,0.0
1404,72.84778833821736,72.84778833821736,0.0,89.83613606677811,89.83613606677811,0.0,5.028976275174508,5.028976275174508,0.0,5.199727057748668,5.199727057748668,0.0,15.284465855783274,15.284465855783274,0.0
1405,72.54429991452648,72.54429991452648,0.0,89.32770275693379,89.32770275693379,0.0,5.0435151349698675,5.0435151349698675,0.0,5.204197550491419,5.204197550491419,0.0,15.220446602718587,15.220446602718587,0.0
1406,72.09156429676328,72.09156429676328,0.0,89.56361866517035,89.56361866517035,0.0,5.037150351465222,5.037150351465222,0.0,5.207605462503338,5.207605462503338,0.0,15.342820586982288,15.342820586982288,0.0
1407,72.01415340457314,72.01415340457314,0.0,89.80358448576808,89.80358448576808,0.0,5.030577294454742,5.030577294454742,0.0,5.207147478167322,5.207147478167322,0.0,15.289393079410608,15.289393079410608,0.0
1408,72.32205225465306,72.32205225465306,0.0,89.84338598975138,89.84338598975138,0.0,5.035809709358052,5.035809709358052,0.0,5.210684861422953,5.210684861422953,0.0,15.300244330997945,15.300244330997945,0.0
1409,72.43500214337423,72.43500214337423,0.0,90.15606578285163,90.15606578285163,0.0,5.010580745401306,5.010580745401306,0.0,5.212220378591001,5.212220378591001,0.0,15.263069472157758,15.263069472157758,0.0
1410,72.61484034726648,72.61484034726648,0.0,90.33770492259686,90.33770492259686,0.0,5.017907703029705,5.017907703029705,0.0,5.2123170265315695,5.2123170265315695,0.0,15.229098996539474,15.229098996539474,0.0
1411,72.64300643527156,72.64300643527156,0.0,90.49507094477535,90.49507094477535,0.0,4.993529278226652,4.993529278226652,0.0,5.207083435205719,5.207083435205719,0.0,15.15520071218944,15.15520071218944,0.0
1412,72.53739673019555,72.53739673019555,0.0,90.58623540475892,90.58623540475892,0.0,4.984718255568089,4.984718255568089,0.0,5.205249911986704,5.205249911986704,0.0,15.089590675240817,15.089590675240817,0.0
1413,72.77121936962182,72.77121936962182,0.0,90.43187039784405,90.43187039784405,0.0,5.008065706371759,5.008065706371759,0.0,5.201008806207536,5.201008806207536,0.0,15.014256426679614,15.014256426679614,0.0
1414,72.46625704686325,72.46625704686325,0.0,90.43764230695398,90.43764230695398,0.0,5.012499338166544,5.012499338166544,0.0,5.198102778464194,5.198102778464194,0.0,15.121415287603035,15.121415287603035,0.0
1415,72.7282281381552,72.7282281381552,0.0,90.71352092018377,90.71352092018377,0.0,4.973669730180734,4.973669730180734,0.0,5.197885041730293,5.197885041730293,0.0,15.225051010433404,15.225051010433404,0.0
1416,72.58683594078511,72.58683594078511,0.0,90.65478476389272,90.65478476389272,0.0,4.963459015101763,4.963459015101763,0.0,5.196593071900642,5.196593071900642,0.0,15.21027939727231,15.21027939727231,0.0
1417,72.79261765303082,72.79261765303082,0.0,90.31501164805435,90.31501164805435,0.0,4.936430450060435,4.936430450060435,0.0,5.196785936023686,5.196785936023686,0.0,15.268217672437352,15.268217672437352,0.0
1418,72.66039532760148,72.66039532760148,0.0,89.81546923347432,89.81546923347432,0.0,4.9438859344384065,4.9438859344384065,0.0,5.193599222395823,5.193599222395823,0.0,15.36125266267231,15.36125266267231,0.0
1419,72.32156215021175,72.32156215021175,0.0,89.62774758434776,89.62774758434776,0.0,4.945623274287966,4.945623274287966,0.0,5.190932820719362,5.190932820719362,0.0,15.451373388834192,15.451373388834192,0.0
1420,71.95022881570848,71.95022881570848,0.0,89.91430799743821,89.91430799743821,0.0,4.925808762267981,4.925808762267981,0.0,5.19019517011718,5.19019517011718,0.0,15.471193599856965,15.471193599856965,0.0
1421,71.84664019773065,71.84664019773065,0.0,89.85605533367436,89.85605533367436,0.0,4.91085062116314,4.91085062116314,0.0,5.1863816841051715,5.1863816841051715,0.0,15.478006919849594,15.478006919849594,0.0
1422,72.0695788031447,72.0695788031447,0.0,89.78835159016941,89.78835159016941,0.0,4.898637727641044,4.898637727641044,0.0,5.18726349437663,5.18726349437663,0.0,15.377287159711576,15.377287159711576,0.0
1423,71.86960600201094,71.86960600201094,0.0,89.8164976894839,89.8164976894839,0.0,4.93611689306187,4.93611689306187,0.0,5.190425058725425,5.190425058725425,0.0,15.280869777647034,15.280869777647034,0.0
1424,72.104756591498,72.104756591498,0.0,90.01770435979168,90.01770435979168,0.0,4.978506046486402,4.978506046486402,0.0,5.194621257896012,5.194621257896012,0.0,15.314365225089041,15.314365225089041,0.0
1425,71.77355367025947,71.77355367025947,0.0,89.44955628102994,89.44955628102994,0.0,4.953810725824078,4.953810725824078,0.0,5.1950513276837365,5.1950513276837365,0.0,15.23009339770653,15.23009339770653,0.0
1426,71.60380537401248,71.60380537401248,0.0,89.47115940346856,89.47115940346856,0.0,4.998074621154393,4.998074621154393,0.0,5.197821317236053,5.197821317236053,0.0,15.346950564223665,15.346950564223665,0.0
1427,71.5071965787357,71.5071965787357,0.0,89.73545337645335,89.73545337645335,0.0,4.978150715566605,4.978150715566605,0.0,5.194520472341039,5.194520472341039,0.0,15.309123712183156,15.309123712183156,0.0
1428,71.39610011290334,71.39610011290334,0.0,90.18234475088154,90.18234475088154,0.0,5.0205999030349755,5.0205999030349755,0.0,5.192432134891064,5.192432134891064,0.0,15.323278829116745,15.323278829116745,0.0
1429,71.26429855797296,71.26429855797296,0.0,90.50522907214054,90.50522907214054,0.0,5.033949197001541,5.033949197001541,0.0,5.19306056741214,5.19306056741214,0.0,15.266385644506169,15.266385644506169,0.0
1430,71.79169993904635,71.79169993904635,0.0,90.59600307087406,90.59600307087406,0.0,5.007780543973441,5.007780543973441,0.0,5.189938371933603,5.189938371933603,0.0,15.231069436055105,15.231069436055105,0.0
1431,72.22177737090479,72.22177737090479,0.0,90.66725913365373,90.66725913365373,0.0,5.016062170272153,5.016062170272153,0.0,5.1866522095995355,5.1866522095995355,0.0,15.228384798891886,15.228384798891886,0.0
1432,72.10741370626837,72.10741370626837,0.0,90.60517687382001,90.60517687382001,0.0,4.992438152337014,4.992438152337014,0.0,5.18608121850895,5.18608121850895,0.0,15.142520291012037,15.142520291012037,0.0
1433,72.095833858803,72.095833858803,0.0,90.4446395145576,90.4446395145576,0.0,4.9749844885146475,4.9749844885146475,0.0,5.184999662238112,5.184999662238112,0.0,15.220601993083477,15.220601993083477,0.0
1434,72.01292148731395,72.01292148731395,0.0,89.94636385602064,89.94636385602064,0.0,4.941585736266131,4.941585736266131,0.0,5.181720329394852,5.181720329394852,0.0,15.20613088261958,15.20613088261958,0.0
1435,71.78016125985786,71.78016125985786,0.0,90.26641232564789,90.26641232564789,0.0,4.917422901731474,4.917422901731474,0.0,5.180030291188924,5.180030291188924,0.0,15.273428265494179,15.273428265494179,0.0
1436,71.71087625686192,71.71087625686192,0.0,89.82131761998389,89.82131761998389,0.0,4.889508665156401,4.889508665156401,0.0,5.18214466321361,5.18214466321361,0.0,15.295205239741554,15.295205239741554,0.0
1437,71.62825488686725,71.62825488686725,0.0,89.84402430520511,89.84402430520511,0.0,4.926522168315394,4.926522168315394,0.0,5.183860917754575,5.183860917754575,0.0,15.355862239640564,15.355862239640564,0.0
1438,71.81583951822641,71.81583951822641,0.0,89.63427362532171,89.63427362532171,0.0,4.967279195575959,4.967279195575959,0.0,5.181456181575334,5.181456181575334,0.0,15.30142549388314,15.30142549388314,0.0
1439,71.5455056278597,71.5455056278597,0.0,90.04738441868093,90.04738441868093,0.0,4.9839834705452795,4.9839834705452795,0.0,5.179843199437408,5.179843199437408,0.0,15.384658823299223,15.384658823299223,0.0
1440,71.96829199204217,71.96829199204217,0.0,89.8806903015378,89.8806903015378,0.0,4.973547462085026,4.973547462085026,0.0,5.183708354817074,5.183708354817074,0.0,15.365072198353232,15.365072198353232,0.0
1441,71.73563897231726,71.73563897231726,0.0,89.63278419642758,89.63278419642758,0.0,4.952405417695671,4.952405417695671,0.0,5.185515919664308,5.185515919664308,0.0,15.474223205088087,15.474223205088087,0.0
1442,72.08521977074578,72.08521977074578,0.0,90.16632293950283,90.16632293950283,0.0,4.99675140103723,4.99675140103723,0.0,5.190623133065378,5.190623133065378,0.0,15.410949804981353,15.410949804981353,0.0
1443,72.24363274671812,72.24363274671812,0.0,89.9926758927862,89.9926758927862,0.0,4.990704194241054,4.990704194241054,0.0,5.1956861892207895,5.1956861892207895,0.0,15.322328872992703,15.322328872992703,0.0
1444,71.81696954093559,71.81696954093559,0.0,90.19717318930655,90.19717318930655,0.0,4.962256410350307,4.962256410350307,0.0,5.1914855547448555,5.1914855547448555,0.0,15.229934995037237,15.229934995037237,0.0
1445,72.08565963855595,72.08565963855595,0.0,90.45701844224811,90.45701844224811,0.0,4.95908042251952,4.95908042251952,0.0,5.194013274991608,5.194013274991608,0.0,15.225417375926474,15.225417375926474,0.0
1446,72.44736291446328,72.44736291446328,0.0,90.44780809552473,90.44780809552473,0.0,4.9552597562030485,4.9552597562030485,0.0,5.197285668828858,5.197285668828858,0.0,15.198042739219371,15.198042739219371,0.0
1447,72.18346512702277,72.18346512702277,0.0,89.97575599375632,89.97575599375632,0.0,4.938640289185621,4.938640289185621,0.0,5.199469912242373,5.199469912242373,0.0,15.304423500644091,15.304423500644091,0.0
1448,72.382726043399,72.382726043399,0.0,90.12401375051738,90.12401375051738,0.0,4.94881447895137,4.94881447895137,0.0,5.197546397432966,5.197546397432966,0.0,15.393720968655256,15.393720968655256,0.0
1449,72.47995334524649,72.47995334524649,0.0,89.87066612464658,89.87066612464658,0.0,4.9192774002829704,4.9192774002829704,0.0,5.19512474441098,5.19512474441098,0.0,15.405469267771661,15.405469267771661,0.0
1450,72.11146414487142,72.11146414487142,0.0,90.40667610855022,90.40667610855022,0.0,4.911658150732641,4.911658150732641,0.0,5.1984207615085,5.1984207615085,0.0,15.391940164537615,15.391940164537615,0.0
