scenario_name,patient_file,simulation_time_seconds,heart_rate_bpm,systolic_bp_mmhg,diastolic_bp_mmhg,map_mmhg,cardiac_output_l_min,stroke_volume_ml,blood_volume_l,systemic_vascular_resistance,spo2,cvp_mmhg,clinical_state
Dehydrate,StandardMale.xml,1,72.11154143876631,117.33501505731174,75.73003518204294,89.59836180713253,4.977856859051906,69.44444444444444,5.20236471214164,15.399999999999999,0.9855300984622687,5.4,NORMAL
Dehydrate,StandardMale.xml,2,72.40506606032442,116.8348672134934,75.6680630679684,89.39033111647673,4.94318837803609,69.09020994814504,5.199362019946158,15.517369430437558,0.9855037799937241,5.404351280396245,NORMAL
Dehydrate,StandardMale.xml,3,71.95286881636282,116.55014663576947,75.88692801096411,89.44133421923256,4.954346578918781,68.44516808537139,5.196617436235225,15.605645215038368,0.9857312970210556,5.398826060029636,NORMAL
Dehydrate,StandardMale.xml,4,72.20895661586954,116.02960716041399,76.26719742210612,89.52133400154207,4.9762752098157605,68.93172191990098,5.19529039626627,15.655898220627058,0.9846392642390925,5.393775782202182,NORMAL
Dehydrate,StandardMale.xml,5,72.53684966523691,116.03236678534816,75.74709590944342,89.17551953474499,4.947170813859749,68.99485996875016,5.199141899053139,15.747773115561904,0.9849792851721206,5.391333910779329,NORMAL
Dehydrate,StandardMale.xml,6,72.68523794932858,116.58519428401853,75.82028663317848,89.4085891834585,4.992052807191578,68.39087969650473,5.197995852788735,15.747286043470563,0.9851370633321292,5.398421018033304,NORMAL
Dehydrate,StandardMale.xml,7,72.8245491136938,116.91736599119731,76.27545179079989,89.8227565242657,4.999298925809866,68.81257159587906,5.2002018139143305,15.649712332422528,0.983763577504143,5.3963121911043626,NORMAL
Dehydrate,StandardMale.xml,8,72.45740233732555,116.74972198964184,75.73883572450063,89.40913114621436,4.97801552518737,68.79100784747362,5.1961956920587715,15.591084231880222,0.983196357197895,5.400371355529348,NORMAL
Dehydrate,StandardMale.xml,9,72.4830369155097,116.7073985790474,75.61374049634631,89.31162652391335,4.957702707109036,68.82179326840863,5.194169645947634,15.620673294302142,0.9846505322770744,5.392999735454286,NORMAL
Dehydrate,StandardMale.xml,10,72.513905485797,117.01206665766667,75.26449356226946,89.1803512607352,4.9816635554095905,68.55861174031041,5.191269840256428,15.628143350053424,0.984316840498702,5.389271630637618,NORMAL
Dehydrate,StandardMale.xml,11,72.81236890590677,117.32415154922651,75.41925753940134,89.3875555426764,4.99887368150377,68.82149834008054,5.195396384491003,15.574369622913842,0.9851994626511686,5.3839357305782105,NORMAL
Dehydrate,StandardMale.xml,12,72.44834986368147,116.74850617704146,75.26604023499323,89.09352888234264,4.980442889465595,68.79537542368904,5.19287429769971,15.519286832884838,0.9865122436411401,5.391528938527694,NORMAL
Dehydrate,StandardMale.xml,13,72.66817192271247,116.63610961075321,75.53880917911367,89.23790932299352,4.9746969251796065,68.85791886448044,5.197589513295712,15.620887884472932,0.9862678868733519,5.386888074796614,NORMAL
Dehydrate,StandardMale.xml,14,72.35895703466639,116.44164946679638,75.66664229006315,89.25831134897423,4.95908465232431,68.6184362361844,5.198628105073418,15.64072580879504,0.9873599808870166,5.395564490342364,NORMAL
Dehydrate,StandardMale.xml,15,72.21340956742738,116.23180954412695,76.30285798132216,89.61250850225709,4.965293492833466,68.67152185054336,5.1946468898570775,15.67504790373865,0.9858126363600058,5.397475591470679,NORMAL
Dehydrate,StandardMale.xml,16,71.86244428013438,116.61800185789672,76.6177664676754,89.95117826441583,4.963686493303785,68.85947535820193,5.190710177973628,15.712084520097523,0.9853925194036677,5.390149801824217,NORMAL
Dehydrate,StandardMale.xml,17,72.28427600607631,116.82115100335498,77.1104710473805,90.34736436603866,4.99738299976138,69.11533984795753,5.1865677613511645,15.643921815956762,0.9860233007430587,5.382905902263472,NORMAL
Dehydrate,StandardMale.xml,18,72.37811380375813,117.01142787441812,76.70017748766621,90.13726094991685,5.009008324215884,69.18927620906835,5.1837572655911295,15.608066117630838,0.9857457778851445,5.375283487710341,NORMAL
Dehydrate,StandardMale.xml,19,72.27255236436343,117.76293045972203,77.06892799257872,90.63359548162649,4.988880241236622,69.25513292026984,5.185061824059314,15.574482367761496,0.9847221044193717,5.370111925857623,NORMAL
Dehydrate,StandardMale.xml,20,72.55324927400432,118.309512862779,76.70145939227505,90.57081054910971,5.001476486466754,69.09641484748326,5.187345916775404,15.441842626998493,0.9837028415288417,5.372512429322043,NORMAL
Dehydrate,StandardMale.xml,21,72.66297083480552,118.32827478488002,76.95338751532829,90.74501660517886,5.0037082272629245,69.02795664923171,5.183363400368235,15.34537117145749,0.9832790247647356,5.376715362813911,NORMAL
Dehydrate,StandardMale.xml,22,72.15837600475773,118.8904395436237,77.29582778262785,91.16069836962647,5.029747822610375,68.96914582765785,5.182768730684397,15.342059703829353,0.9820904018465622,5.369387178860741,NORMAL
Dehydrate,StandardMale.xml,23,72.432074985008,119.41153936260395,76.6463481469336,90.90141188549039,5.024666967051951,69.67712340457878,5.17983859209389,15.24283797216265,0.9831048469658854,5.368292933818411,NORMAL
Dehydrate,StandardMale.xml,24,72.56642062130734,118.72542716567388,76.54073909137867,90.6023017828104,5.025367536070798,69.40045312076018,5.17910117555432,15.150864176925158,0.9843736741593508,5.362901218529839,NORMAL
Dehydrate,StandardMale.xml,25,72.40225633400256,118.23670471437683,76.52435587978343,90.42847215798123,5.040385041918088,69.30349084698594,5.17778366393033,15.271962554648416,0.9838589012824754,5.361544306592867,NORMAL
Dehydrate,StandardMale.xml,26,72.72545911659701,118.41872045795995,76.3884625404583,90.39854851295885,5.036414967602123,69.61226144172646,5.175770026044255,15.358221764547057,0.9831242305094955,5.359119968171145,NORMAL
Dehydrate,StandardMale.xml,27,72.46442413857672,118.49315171303859,76.01895466784049,90.17702034957318,5.009184721390524,69.31110562702965,5.173417278655493,15.326096098560306,0.9836675176289396,5.355414695590806,NORMAL
Dehydrate,StandardMale.xml,28,72.16339175177343,119.00279287746942,76.44828991596324,90.6331242364653,4.9736306199799,69.18963169921103,5.172922762045029,15.312959028147834,0.9842809903718026,5.351085431402677,NORMAL
Dehydrate,StandardMale.xml,29,71.90516329787253,118.37019819651569,76.91823155099428,90.73555376616808,4.982824414696484,68.99876024016048,5.174814448719057,15.223007678339869,0.9851923374803845,5.350175476911879,NORMAL
Dehydrate,StandardMale.xml,30,72.16835187366107,117.89327264187413,76.32665347668248,90.18219319841303,4.979594959277619,69.31239827874883,5.176063960444806,15.3346602476465,0.9850780330286616,5.353656348429215,NORMAL
Dehydrate,StandardMale.xml,31,72.32109553587249,118.1485238032435,76.86926893502995,90.6290205577678,4.950184750846422,69.06654921205786,5.177003993319921,15.418837312593421,0.9845897016683616,5.355955560997796,NORMAL
Dehydrate,StandardMale.xml,32,72.55222881897708,117.77919066381088,76.39537783280592,90.18998210980757,4.952705345264865,68.59421491800282,5.178061468893559,15.373785640735505,0.9839581427456452,5.357685304990429,NORMAL
Dehydrate,StandardMale.xml,33,72.25197187513815,118.39770828373776,76.28067660686598,90.31968716582324,4.987909237414742,68.44521387778246,5.180318830114846,15.438972711049733,0.9826932100408645,5.359631153980695,NORMAL
Dehydrate,StandardMale.xml,34,72.60572309781651,118.82141494764274,76.81049174492888,90.81413281250016,5.023628143764364,69.10088155633214,5.185379406917936,15.329804734293837,0.9818765841141862,5.363784899147586,NORMAL
Dehydrate,StandardMale.xml,35,72.48443702839262,118.32414236591026,76.59650480552946,90.50571732565639,4.9851735476392225,69.2519307261327,5.185338136186048,15.25502077059372,0.9835822451910318,5.373096809992557,NORMAL
Dehydrate,StandardMale.xml,36,72.20878593961248,118.68375347664023,76.47242368406354,90.54286694825578,4.980987874995956,68.88646231676535,5.191083610498515,15.342789073217551,0.985181870675173,5.373020868179836,NORMAL
Dehydrate,StandardMale.xml,37,72.21555412829552,118.90918191068131,76.00266862822257,90.30483972237548,4.9672554350462725,69.05159951683706,5.19648361929019,15.27931793494671,0.9854048699713266,5.383593051280998,NORMAL
Dehydrate,StandardMale.xml,38,72.21023695488788,119.1495160045929,75.47095338362953,90.03047425728398,4.978348667861397,68.88136420101739,5.196793277397425,15.239529955987557,0.986430658031915,5.39352954713646,NORMAL
Dehydrate,StandardMale.xml,39,71.89807364275177,119.65953477810888,75.02925175801892,89.90601276471557,4.956096935547351,69.01876269896609,5.1980000238447355,15.197111137295071,0.9868419065923202,5.39409934556047,NORMAL
Dehydrate,StandardMale.xml,40,71.7047128727724,118.93237556093847,75.61166246021757,90.05190016045788,4.941638631517781,68.99582113541918,5.199105124644291,15.107093139717499,0.9870527804035295,5.3963198662179135,NORMAL
Dehydrate,StandardMale.xml,41,71.69361928021942,118.93995974958149,75.68463258262304,90.10307497160919,4.984184320082502,68.97337315460393,5.1962192669214256,15.235436291085243,0.9875372245470961,5.39835334985438,NORMAL
Dehydrate,StandardMale.xml,42,71.54010544465815,118.68361175306762,75.9277174985407,90.17968225004968,4.970289502993899,69.49614416613248,5.194683329610571,15.234097686488028,0.9880899527504594,5.393043115295706,NORMAL
Dehydrate,StandardMale.xml,43,71.28150467596302,118.54488498631862,76.53435624537643,90.53786582569049,5.013932342583225,69.4499249191702,5.1908410343147775,15.279342949069479,0.9869823567063298,5.390216854207562,NORMAL
Dehydrate,StandardMale.xml,44,71.22390611406853,119.08742244188223,76.92860473984516,90.98154397385751,5.04241925927591,70.18561981608444,5.190268615664918,15.303828137461792,0.9857970967125335,5.383146689555058,NORMAL
Dehydrate,StandardMale.xml,45,71.63158403202395,119.24460283188436,76.95350412550987,91.0505370276347,5.07575096348058,70.57803393426337,5.192586457373004,15.208070612647592,0.9842568336997424,5.382093388391793,NORMAL
Dehydrate,StandardMale.xml,46,71.95204982518538,118.81748839716593,77.03753089532339,90.96418339593757,5.100781236440266,70.65247204646472,5.189522122657349,15.180328371182807,0.9831625400075645,5.386358423026831,NORMAL
Dehydrate,StandardMale.xml,47,71.64637049943136,118.79594407563651,76.64243565623649,90.69360512936983,5.095751412741983,70.69639507841642,5.192536009345111,15.255713804320443,0.9824202471338372,5.380719774947446,NORMAL
Dehydrate,StandardMale.xml,48,71.81786301979692,118.37199564366236,76.55318569931785,90.49278901409936,5.115431702862229,70.88232158493926,5.196593834220073,15.259516363724043,0.9814034081875012,5.386265594174247,NORMAL
Dehydrate,StandardMale.xml,49,71.78973947108597,118.01563731686814,75.89243949310745,89.93350543436101,5.1217547299833655,70.98124996596849,5.19823730997189,15.334342999338602,0.980976841578512,5.393732352397752,NORMAL
Dehydrate,StandardMale.xml,50,72.02083796549799,118.08615247327782,75.8183024886037,89.90758581682842,5.0663200605812975,71.08031570479011,5.194130685485652,15.397240023259826,0.9824478347450415,5.3967564937698285,NORMAL
Dehydrate,StandardMale.xml,51,72.3402035404327,118.1398556957054,76.24116653284865,90.20739625380091,5.0640921601472035,70.22629564231703,5.191080907819046,15.384794141836466,0.9815342311698109,5.389199939926742,NORMAL
Dehydrate,StandardMale.xml,52,72.12514178080237,118.68199630250845,76.56817548411165,90.60611575691058,5.084416283738933,69.94552490755764,5.195783285420614,15.375315556346234,0.9809415683604074,5.383588078110698,NORMAL
Dehydrate,StandardMale.xml,53,71.90208121581618,118.04577069487836,76.83755259509876,90.5736252950253,5.103909386868402,70.36068938522556,5.195184209201471,15.279628075092429,0.98162804716829,5.392240870606299,NORMAL
Dehydrate,StandardMale.xml,54,71.64347355075047,118.64222591843044,77.1766644063903,90.99851824373701,5.128173233687286,70.7743147997627,5.198676975773194,15.391921500708142,0.9830419022447817,5.39113851714758,NORMAL
Dehydrate,StandardMale.xml,55,71.32792992123225,118.89795264423154,76.8370252555567,90.85733438511498,5.14557581450689,71.2766128839181,5.201805110339079,15.286647523245115,0.984290655182139,5.397565517899416,NORMAL
Dehydrate,StandardMale.xml,56,71.69835501154883,118.46596842063424,77.08352160637644,90.87767054446238,5.094844106446392,71.74547227319988,5.205382449514321,15.241511914559602,0.985423151016294,5.40332156337052,NORMAL
Dehydrate,StandardMale.xml,57,71.53098094547971,118.85443693574764,76.90856834312542,90.89052454066616,5.066633529187019,70.82931520111876,5.207905547604204,15.31775686241761,0.9845721041913094,5.409904185225351,NORMAL
Dehydrate,StandardMale.xml,58,71.23493122404585,118.32441965290997,76.59572309003185,90.50528861099123,5.086911369197009,70.62336847487225,5.211942345958318,15.249192410149766,0.9839436918293365,5.414546909835668,NORMAL
Dehydrate,StandardMale.xml,59,71.48680005579271,118.1458490769347,77.10310340638915,90.78401862990434,5.078238803792213,71.10949289905291,5.215379860099768,15.342740132233876,0.9828741748230081,5.421974977393042,NORMAL
Dehydrate,StandardMale.xml,60,71.95614791201737,117.67870630128114,77.52852651828282,90.91191977928226,5.049060798912198,70.79960475383653,5.2102341798547185,15.374257728272061,0.9828478376951241,5.428300308765143,NORMAL
Dehydrate,StandardMale.xml,61,72.1469329955041,117.45560754593365,77.47637054187038,90.80278287655814,5.04344356709463,70.07007572173178,5.208267854347093,15.456708138787867,0.9832496792225129,5.4188318000272915,NORMAL
Dehydrate,StandardMale.xml,62,71.92407656697195,117.81187474286386,76.70492196413011,90.40723955704136,5.071706281440576,69.85079608157241,5.20799131318394,15.496084930900796,0.9840479171422979,5.415213586426024,NORMAL
Dehydrate,StandardMale.xml,63,72.13139921277227,118.07285994948562,76.45915721604618,90.33039146052599,5.027758495544206,70.36853831630371,5.20899473990955,15.433203991344115,0.9836146415926346,5.414704726120876,NORMAL
Dehydrate,StandardMale.xml,64,71.95871309247359,118.5515200710524,76.66890993657687,90.62977998140204,5.008089007774487,69.67454997318313,5.206368406836912,15.387140264051293,0.9834505874609013,5.41655112042965,NORMAL
Dehydrate,StandardMale.xml,65,71.88811744875483,118.20063203795331,76.14305630600812,90.16224821665652,5.000647888772442,69.57449998910177,5.2102628538476905,15.302657049116604,0.9841064254832638,5.411718434280777,NORMAL
Dehydrate,StandardMale.xml,66,72.23064275114882,118.33877803438497,75.88738659642604,90.03785040907901,5.004396617509182,69.54071788087126,5.2044463407576975,15.364588569589392,0.9835386129074285,5.41888456272145,NORMAL
Dehydrate,StandardMale.xml,67,72.13274483333193,118.4109492596824,76.08626576860016,90.1944935989609,5.001010385772126,69.3155856878505,5.203512428972706,15.340205886798312,0.9827965631708355,5.408181661959317,NORMAL
Dehydrate,StandardMale.xml,68,72.08723122608852,118.9243146049487,76.43135898574086,90.5956775254768,4.974451192791923,69.35192438908474,5.199079546025372,15.327467710242168,0.9830190962820844,5.406463181316241,NORMAL
Dehydrate,StandardMale.xml,69,72.17777157204,118.58496833345465,76.76278112626234,90.70351019532644,4.997943354669598,69.06832667526002,5.200881098167291,15.236859044823813,0.9823514025964051,5.398306282923439,NORMAL
Dehydrate,StandardMale.xml,70,71.90485099923343,117.85042828520136,76.36696303417052,90.19478478451414,4.996228047152955,69.27963462443518,5.204308026393803,15.296753451523237,0.9812816574397745,5.401621298895112,NORMAL
Dehydrate,StandardMale.xml,71,71.85365139574594,118.04967495800874,75.95716602510619,89.9880023360737,5.0124385174772375,69.47419882913135,5.203907347311799,15.426399315004812,0.9808109130145213,5.407927151243388,NORMAL
Dehydrate,StandardMale.xml,72,72.00502630591659,117.35160074197198,76.26335652177299,89.95943792850599,5.032386370992596,69.71021334511033,5.199660806035873,15.391232400684252,0.9809212924984421,5.407189866140476,NORMAL
Dehydrate,StandardMale.xml,73,71.74482453659353,118.06894212234349,76.2539606152726,90.19228778429623,4.992092500077843,69.83038422058304,5.197179909284429,15.514442067369576,0.9822924169863398,5.399375852975659,NORMAL
Dehydrate,StandardMale.xml,74,71.75624946105432,118.4828244518369,76.42521273546016,90.44441664091907,5.032176559320522,69.55105234561226,5.198359914473085,15.387831758114853,0.9838590221964661,5.394810782576782,NORMAL
Dehydrate,StandardMale.xml,75,72.11357467833419,118.58380433510465,76.63837767551428,90.6201865620444,5.028275401350913,70.02594375026436,5.201796740168661,15.314781783352364,0.9840938655964752,5.396982096942894,NORMAL
Dehydrate,StandardMale.xml,76,72.41075356450975,118.85632313646873,76.53297564550816,90.64075814249502,5.005246644414875,69.69486941674438,5.199125478131814,15.296958896510937,0.984579300413462,5.403306161513434,NORMAL
Dehydrate,StandardMale.xml,77,72.54894752263827,118.78552225350435,76.62244748069212,90.6768057382962,4.986515995844505,69.18446806145782,5.194970234578351,15.248859496890963,0.9839701221477583,5.398390802079408,NORMAL
Dehydrate,StandardMale.xml,78,72.26681230427567,118.44081435141513,76.59749064075453,90.54526521097473,4.959380939718755,68.85230582521639,5.192685007214198,15.261355808874228,0.9846343160711918,5.390744784833833,NORMAL
Dehydrate,StandardMale.xml,79,72.38358275216574,117.77893769073812,76.41640288338907,90.20391448583875,4.968197125573881,68.74681484312134,5.192427624085401,15.322196540052264,0.9837840577123236,5.386539763488738,NORMAL
Dehydrate,StandardMale.xml,80,72.25016580976713,118.37168706647445,76.46836955186322,90.43614205673363,4.988072629931304,68.76161302756455,5.196600398157338,15.43901736064036,0.9846780628180659,5.386066155668598,NORMAL
Dehydrate,StandardMale.xml,81,72.10912326496717,117.63626720191205,76.23544524199042,90.03571922863097,5.0099384364900565,69.10425833291785,5.200406694818387,15.334397463021109,0.9860640945093104,5.393744430625391,NORMAL
Dehydrate,StandardMale.xml,82,72.02455959900875,118.02552886888823,76.26313846846543,90.18393526860636,5.016875618066599,69.47788996530272,5.197579564239354,15.464198613536208,0.9851372791137931,5.400748354592231,NORMAL
Dehydrate,StandardMale.xml,83,71.96877647982905,117.36316389564576,76.03557433580966,89.81143752242168,5.028960451148827,69.62818108111165,5.196816258288825,15.39549417045593,0.9841214370755011,5.395546183194897,NORMAL
Dehydrate,StandardMale.xml,84,71.94834846320254,116.91667302664696,76.1781025943324,89.75762607177059,4.987262491220124,69.81791633717211,5.196011018784408,15.512401177909332,0.9843848590374887,5.394141632442022,NORMAL
Dehydrate,StandardMale.xml,85,71.57939293545243,117.24381680874268,75.7200143725173,89.5612818512591,4.985894010664973,69.33180676708317,5.19183280644742,15.591206539694078,0.9840713545857962,5.392659920225068,NORMAL
Dehydrate,StandardMale.xml,86,71.42496428866224,117.09025480276271,76.06638920045114,89.74101106788834,4.978101926836485,69.60752989932146,5.1950059174243,15.533465864814223,0.9851413778289565,5.384971638377504,NORMAL
Dehydrate,StandardMale.xml,87,71.3310178044356,116.61182140716319,75.48184820822321,89.19183927453653,4.984170568161238,69.63613466958164,5.200404300505122,15.560569463740624,0.9846799549130445,5.39081044444006,NORMAL
Dehydrate,StandardMale.xml,88,71.57239897782969,117.16866296104253,75.724838234981,89.5394464770015,5.006616471698138,69.7847228520141,5.204868091748729,15.645012661682546,0.9838036263524046,5.400743948843138,NORMAL
Dehydrate,StandardMale.xml,89,71.26621390695786,116.77968292221489,75.30863576451007,89.13231815041168,5.019292380659031,69.86380974599645,5.2051185564426214,15.546730472376762,0.9830531767304397,5.408957721246642,NORMAL
Dehydrate,StandardMale.xml,90,71.55879873644237,117.29673129638229,74.99122017566374,89.09305721590326,5.025303937938156,70.26300376233719,5.207188555785552,15.615385208263287,0.9820524347387074,5.409418598531998,NORMAL
Dehydrate,StandardMale.xml,91,71.89421589667738,118.0299766296204,74.63947342922255,89.10297449602183,4.9839896986150345,70.10079984719941,5.204733363043696,15.524126490525465,0.9828201509051435,5.4132275811994965,NORMAL
Dehydrate,StandardMale.xml,92,72.27992957198771,117.8817705009132,75.05735716146421,89.33216160794721,4.952200741788479,69.33508395761571,5.206261048390095,15.394709143442014,0.9833761692023457,5.408709808461531,NORMAL
Dehydrate,StandardMale.xml,93,71.91070799363908,118.2771360721935,75.58847250165518,89.81802702516795,4.966596808617328,68.65041804933747,5.201970993251704,15.420867433347643,0.9849575365988591,5.411520885202062,NORMAL
Dehydrate,StandardMale.xml,94,72.15300216547709,118.03065699673705,75.550881873264,89.71080691442168,4.96068918170668,69.11244519084885,5.201873009229273,15.351085654938956,0.984484625309538,5.403626802665006,NORMAL
Dehydrate,StandardMale.xml,95,72.40492807976328,118.47831798998907,75.13030128903368,89.57964018935215,5.002785325777593,68.85135386178992,5.203079102740957,15.394589059067403,0.9855119543276065,5.403446503359884,NORMAL
Dehydrate,StandardMale.xml,96,72.49737398665187,118.33179614762658,75.51304794620648,89.78596401334651,5.039652435859246,69.159531671471,5.200533735242761,15.315577171076832,0.9863956183760799,5.405665822557774,NORMAL
Dehydrate,StandardMale.xml,97,72.43775370381148,118.26970557800642,75.49295571242469,89.75187233428527,5.052855917462051,69.52862078717472,5.198175015509485,15.341438185486009,0.9873391703719243,5.400982120257986,NORMAL
Dehydrate,StandardMale.xml,98,72.62298723469674,117.6593423944784,76.0104924075449,89.8934424031894,5.025328701854149,69.73370690883564,5.197968017878749,15.352397132559908,0.9874831357482469,5.396641866425433,NORMAL
Dehydrate,StandardMale.xml,99,72.41325025112384,117.03955071516343,76.43040292073398,89.96678551887713,4.996504080439339,69.25876181092042,5.195251684700513,15.460125856342938,0.9881780922464252,5.396260972397432,NORMAL
Dehydrate,StandardMale.xml,100,72.21061176384372,117.68485445270365,76.62124974480975,90.30911798077437,4.979070950654053,69.07774517603555,5.190732850174195,15.569518703791573,0.9892681737538314,5.391262678059617,NORMAL
Dehydrate,StandardMale.xml,101,71.84092469758527,118.02998956039352,76.53454439174462,90.36635944796092,5.002510241937815,69.02714472698833,5.1933799039577,15.45562299387047,0.9893646181221029,5.382947621126469,NORMAL
Dehydrate,StandardMale.xml,102,71.86241722592075,118.43657170954239,75.9833977906742,90.13445576363027,4.97990378529672,69.60056722426677,5.195827089164925,15.394706861168569,0.9884342606156209,5.387818435223945,NORMAL
Dehydrate,StandardMale.xml,103,71.95260122003343,118.34783786569056,76.02245491906885,90.13091590127608,4.97661934062151,69.31092282068896,5.1986200910605795,15.322945363714556,0.9876520461893712,5.392321473386886,NORMAL
Dehydrate,StandardMale.xml,104,72.1234771149316,117.98624883684023,75.72150080796719,89.80975015092487,4.9493842938833845,69.2002398007673,5.195656265422104,15.338606832185288,0.986298664507635,5.397460844975178,NORMAL
Dehydrate,StandardMale.xml,105,72.12978568360285,118.35493009438231,75.37640513658393,89.70258012251672,4.933433134177545,68.7385177240381,5.195845557135102,15.402427071779087,0.9868685840300061,5.39200714252595,NORMAL
Dehydrate,StandardMale.xml,106,72.48754514878135,118.34771632567849,75.1892779084976,89.5754240475579,4.9103367438101415,68.54182545794201,5.193118903827164,15.337355058214712,0.9859016297905203,5.392355456092508,NORMAL
Dehydrate,StandardMale.xml,107,72.1427214417696,117.62666629454785,75.32550237251343,89.4258903465249,4.9042178109320345,67.98797592160193,5.198412035210683,15.338628283922127,0.9859896163532275,5.3873381717993105,NORMAL
Dehydrate,StandardMale.xml,108,72.27478434782854,117.14732545144982,75.84691136965797,89.61371606358858,4.9162388326691895,68.1805778753645,5.202266199214947,15.465893167738392,0.9861326836572918,5.397078003729922,NORMAL
Dehydrate,StandardMale.xml,109,72.20049195197612,117.16417366938217,75.48613616237034,89.37881533137428,4.89149943255833,68.22279047362835,5.20649563989783,15.55049652960165,0.9859753068342303,5.404170007860298,NORMAL
Dehydrate,StandardMale.xml,110,72.42184144306702,117.12337627128383,75.03541535924836,89.06473566326018,4.916298912530623,67.98310974260859,5.201512367950367,15.547522829573776,0.9848449183588043,5.411952554414883,NORMAL
Dehydrate,StandardMale.xml,111,72.39564624002942,116.95175199125495,75.74145878950827,89.4782231900905,4.896917502064658,68.10997118883229,5.2040358801388615,15.554723545064835,0.9851762709559352,5.402782891371199,NORMAL
Dehydrate,StandardMale.xml,112,72.5565204079265,116.69088637103307,75.79892522470685,89.42957894014893,4.906681217879908,67.89786193674583,5.203140399020066,15.585015124171596,0.986242677105948,5.407426377959746,NORMAL
Dehydrate,StandardMale.xml,113,72.84766538105836,116.5722436193525,75.96778491890248,89.50260448571916,4.9278744831281,67.89125021663523,5.205290199632965,15.631057744538918,0.9874860887314914,5.405778613156238,NORMAL
Dehydrate,StandardMale.xml,114,72.46024004045088,116.33544468986075,76.16408405534537,89.55453760018383,4.910040550886161,67.92135972027793,5.201605354107848,15.651998116713361,0.986012506658385,5.409734437249167,NORMAL
Dehydrate,StandardMale.xml,115,71.9789532529973,116.46174028108615,76.25737710474928,89.65883149686157,4.905316884811994,68.00542825500008,5.198791759425988,15.693792981075724,0.9865524185854592,5.402953994160855,NORMAL
Dehydrate,StandardMale.xml,116,72.1451584274516,116.57813441965774,76.45199640182292,89.82737574110119,4.951834183522621,68.32081358604302,5.2017666452748195,15.671501887462423,0.9868034680702111,5.397776730016703,NORMAL
Dehydrate,StandardMale.xml,117,72.24779210290576,117.35234387128003,76.30905218391317,89.99014941303545,4.961811108469183,68.75104658434007,5.203101739351754,15.650958394108738,0.9878845050605979,5.403250784235459,NORMAL
Dehydrate,StandardMale.xml,118,72.46417994273887,116.82841924406283,75.87184494210524,89.5240363760911,4.951503838925116,68.79081882657471,5.205343315186913,15.514310905507063,0.9878614939179303,5.405707475932434,NORMAL
Dehydrate,StandardMale.xml,119,72.21092686472697,116.44017873320232,76.11331714781184,89.555604342942,4.973938444539516,68.49899308905057,5.209342849700764,15.606783277648454,0.9876341180280414,5.409832174586647,NORMAL
Dehydrate,StandardMale.xml,120,72.16772848627836,116.03608115612448,75.547834972974,89.04391703402416,4.971970106671055,68.96525062559166,5.206819052517493,15.675307487306906,0.9866746092864098,5.417191673367819,NORMAL
Dehydrate,StandardMale.xml,121,71.8103859791881,116.91352324642232,76.0041161008799,89.64058514939404,4.9817174336783765,68.9754096302545,5.210781693959847,15.74663045932953,0.9880394321712801,5.412547662363567,NORMAL
Dehydrate,StandardMale.xml,122,71.98258243738913,116.71850306659141,75.45191045405078,89.20744132489766,5.004652753738072,69.37390345011833,5.209624645540516,15.591762473952492,0.988250941061132,5.419839274615999,NORMAL
Dehydrate,StandardMale.xml,123,72.31859793618823,116.42316773170764,75.61870822369424,89.22019472636538,5.014816146944842,69.51423142745143,5.208772359394249,15.626183414880947,0.986764737384465,5.4177102027446775,NORMAL
Dehydrate,StandardMale.xml,124,72.1392147732602,116.37508215846768,75.8676713998546,89.37014165272562,5.0414624378979624,69.37150715513502,5.20636899689959,15.67830991853269,0.9872046577958149,5.4161419205276005,NORMAL
Dehydrate,StandardMale.xml,125,71.94455365244008,117.18928599328177,76.2594996619339,89.90276177238319,5.039950599801251,69.83310187366584,5.205408019110276,15.686796992421343,0.986471934562719,5.411719520048518,NORMAL
Dehydrate,StandardMale.xml,126,71.81322339912764,117.94280601772122,76.1140177162793,90.05694715009328,5.0357999922357966,69.96956395108859,5.209856809924436,15.543090519962156,0.9868272263325788,5.409951235553237,NORMAL
Dehydrate,StandardMale.xml,127,71.88115512839619,117.82807308691154,75.7257193311297,89.75983724972365,5.019976570812574,70.02419867822869,5.211633134457596,15.410094702441501,0.9870573556079878,5.418137405834081,NORMAL
Dehydrate,StandardMale.xml,128,72.11069047762116,117.43325656541889,75.81701172618553,89.68909333926331,5.05153106861777,69.77926258548622,5.210084161333067,15.430344993654298,0.987487608623402,5.421406000764687,NORMAL
Dehydrate,StandardMale.xml,129,71.78776656479143,118.16225621657237,75.96915941564778,90.03352501595597,5.023814941521467,69.97679789410009,5.205861657948762,15.500029865115598,0.9874412274407528,5.418555752621419,NORMAL
Dehydrate,StandardMale.xml,130,71.86803908700635,117.57368349034435,76.56349184710953,90.23355572818781,5.053679036767536,69.89986931100775,5.2050074645980136,15.371361878289957,0.9860984361189732,5.4107859713124515,NORMAL
Dehydrate,StandardMale.xml,131,72.15767408134298,117.62150270729829,76.75720380089598,90.37863676969675,5.047242931859216,70.196072033374,5.202341338801989,15.475244599858357,0.9870147818528184,5.409214179669712,NORMAL
Dehydrate,StandardMale.xml,132,72.51328832544152,117.30720058005929,76.72974810117255,90.2555655941348,5.03164073460793,69.887942167114,5.20637281718684,15.466804537689182,0.9868784114651609,5.404308271375049,NORMAL
Dehydrate,StandardMale.xml,133,72.72370594135205,117.89824436598994,76.37549732233822,90.21641300355546,5.050629148123725,69.42021057676129,5.20501269909372,15.522278668442016,0.9880309671579445,5.411726549716413,NORMAL
Dehydrate,StandardMale.xml,134,72.59871045101791,118.35897023062539,76.07078200383168,90.16684474609625,5.027773757573376,69.48221756217345,5.205481283027535,15.417959806366884,0.9892853314042798,5.409223811606788,NORMAL
Dehydrate,StandardMale.xml,135,72.48189493576211,117.82482370238289,76.10876159238484,90.01411562905085,5.011686371968819,69.3069912695081,5.205562198005194,15.336641976670602,0.9890729854122192,5.4100860476689725,NORMAL
Dehydrate,StandardMale.xml,136,72.35881789715418,117.5958957502673,75.72236461684831,89.68020832798797,5.025930531797675,69.20591670423836,5.20583544562759,15.430918508010668,0.9879480148175527,5.410234938415483,NORMAL
Dehydrate,StandardMale.xml,137,72.51421082723431,117.00448547002584,76.04863381619897,89.70058436747459,5.038896835426174,69.4731819962858,5.208482958182187,15.471324149742077,0.9873705408246067,5.410737738313076,NORMAL
Dehydrate,StandardMale.xml,138,72.55195128141003,117.57050808321321,76.6199009585482,90.27010333343654,5.033345098970484,69.50634197071473,5.2031748944085106,15.57570769783603,0.987187876295729,5.41560939659011,NORMAL
Dehydrate,StandardMale.xml,139,72.52404383173884,118.13855515245764,76.99608912469317,90.71024446728133,5.024130626144149,69.4102730898754,5.203180554735663,15.475805057249891,0.9868837275892081,5.405842087735175,NORMAL
Dehydrate,StandardMale.xml,140,72.60700586306191,117.99624456052591,77.0647831589532,90.70860362614411,4.993267204013221,69.32188467174832,5.202621157629817,15.3755451014238,0.9881407239388568,5.40585250323994,NORMAL
Dehydrate,StandardMale.xml,141,72.36782335462858,118.2664722743179,77.11947182279557,90.83513863996968,5.0223047113435895,68.88788851582949,5.205934994802835,15.400662832740746,0.9889676320703426,5.404823162874353,NORMAL
Dehydrate,StandardMale.xml,142,72.20515581015285,117.97848657221698,77.2503913264154,90.82642307501592,5.040087606070814,69.42262439654908,5.209184288993188,15.352967808657956,0.9872580950251358,5.410920917638405,NORMAL
Dehydrate,StandardMale.xml,143,71.82270396869,118.164639890214,77.60858139111659,91.1272675574824,5.074545133593177,69.76434619362301,5.210917617457904,15.403797106676498,0.9868794621313479,5.416899907581049,NORMAL
Dehydrate,StandardMale.xml,144,71.53359678787439,118.33254115344883,77.86666317434411,91.35528916737901,5.060115812978786,70.48406715073267,5.211984704591137,15.370941161368854,0.9879394608226054,5.420089385926408,NORMAL
Dehydrate,StandardMale.xml,145,71.25493412184018,118.70806738912759,77.39936580068566,91.16893299683296,5.04210035687885,70.54236503047169,5.207482158477052,15.341306692419899,0.9877979334663062,5.422052921040116,NORMAL
Dehydrate,StandardMale.xml,146,71.44273410201424,119.0343945411596,76.83891636356962,90.90407575609962,5.00281333700267,70.54904689535432,5.210592314102631,15.275026544454747,0.9879333541637917,5.413767836232365,NORMAL
Dehydrate,StandardMale.xml,147,71.33641310516249,119.49081060105674,76.31208235653193,90.70499177137353,4.999330812740563,69.92139593741582,5.20728517282226,15.217430004275249,0.9869647962390037,5.41949079885625,NORMAL
Dehydrate,StandardMale.xml,148,71.0642189470209,119.74212204553805,76.75686302130939,91.08528269605227,5.0136287672099265,69.96432561620884,5.203282438785448,15.136872852445428,0.9866328891563915,5.41340536512946,NORMAL
Dehydrate,StandardMale.xml,149,71.11029977333278,119.66001769628866,76.83465571481837,91.10977637530847,5.005759192171997,70.3572061443326,5.20052097171499,15.092516538177666,0.9875382423234745,5.406039978941827,NORMAL
Dehydrate,StandardMale.xml,150,71.03094866269421,119.30353102376465,76.71643075632281,90.91213084547009,4.983968972568524,70.22424454576179,5.201198544040064,15.107007904957928,0.9875597314632244,5.400958634233113,NORMAL
Dehydrate,StandardMale.xml,151,71.60076150373793,118.8636851463318,77.20578130486345,91.09174925201957,4.9987614418836595,70.02303867351522,5.198847517551531,15.169927581820954,0.9875528536865577,5.4022054274994975,NORMAL
Dehydrate,StandardMale.xml,152,71.82177075948485,119.1047358440776,76.5229513676676,90.71687952647093,5.007438840787506,69.74616903247203,5.198906937825567,15.247560106710772,0.9885612046483645,5.397879329920656,NORMAL
Dehydrate,StandardMale.xml,153,71.68303356085987,119.3933301278833,76.58998095996616,90.85776401593854,4.994634243145274,69.67521801584901,5.2003605130316295,15.205014807885467,0.9886391399354706,5.397988668503141,NORMAL
Dehydrate,StandardMale.xml,154,71.88270139548104,119.5389092494738,76.71167421813412,90.98741922858068,5.022415513324207,69.63081177593233,5.20161416903802,15.154078095573038,0.9895583814839031,5.400663376002303,NORMAL
Dehydrate,StandardMale.xml,155,72.02103651229962,119.09058868355311,76.55703812134804,90.73488830874973,5.025797417541783,69.80743803434895,5.2038087048870905,15.128383470796116,0.9879643135512534,5.4029702144153955,NORMAL
Dehydrate,StandardMale.xml,156,71.85331160086052,119.30891434614314,76.10235250124435,90.50453978287729,4.992935994957342,69.73836236966916,5.203898255248183,15.207511772954113,0.9891417688696748,5.407008355316679,NORMAL
Dehydrate,StandardMale.xml,157,71.90458359546696,119.73399462049423,76.48689290880081,90.90259347936528,4.974433976909857,69.47528102125425,5.206833466093314,15.168977428756028,0.988756154804851,5.40717313593578,NORMAL
Dehydrate,StandardMale.xml,158,72.16707045029568,119.87542797268837,76.23613978846939,90.78256918320905,4.947050956194633,69.21172532557068,5.210916025240401,15.093951023663099,0.9873781002937039,5.412574184623425,NORMAL
Dehydrate,StandardMale.xml,159,72.50998588315787,120.15925621257634,76.47745268639184,91.03805386178668,4.992495023534775,68.67646783770844,5.214715925525384,15.068988124616402,0.9881017208247123,5.420086456104768,NORMAL
Dehydrate,StandardMale.xml,160,72.31016116570144,120.31249167550968,75.83805290299259,90.66286582716495,4.9964198864256755,68.95420673098687,5.21308716536307,15.018892616102967,0.9883722060661372,5.427078610171462,NORMAL
Dehydrate,StandardMale.xml,161,72.39181112265109,120.15915086920299,76.24398294998052,90.88237225638801,5.032119830006187,69.15742703378129,5.208124234417615,14.991846651822009,0.9873040450627634,5.424081546791244,NORMAL
Dehydrate,StandardMale.xml,162,71.94080753522965,120.44337273758528,76.28900305634112,91.00712628342251,5.06106444347555,69.52142147015782,5.204688328499806,15.018911209143104,0.9858094749145303,5.414949312998132,NORMAL
Dehydrate,StandardMale.xml,163,72.2106215898544,120.7294115665777,76.01767251149363,90.92158552985498,5.045599084973131,70.2269278115281,5.2007112405752665,14.968746225444269,0.9870835374725421,5.408626940900389,NORMAL
Dehydrate,StandardMale.xml,164,72.01593404036078,120.39837171995286,75.5322263350002,90.48760812998442,5.070509583694317,69.82621999925564,5.1970110134057945,14.918260549323325,0.9867778782849499,5.401308745837463,NORMAL
Dehydrate,StandardMale.xml,165,72.14943466394429,120.45695178423733,76.12236009246236,90.90055732305402,5.054653340098367,70.28064361688044,5.199672689726253,14.97668887717902,0.9855992956931884,5.394499999157199,NORMAL
Dehydrate,StandardMale.xml,166,72.05425437689651,119.60688262798388,76.09519884794554,90.59909344129166,5.0400270435346215,69.98354878590516,5.2042140752645984,14.966349532122171,0.9841495275157945,5.399397720021575,NORMAL
Dehydrate,StandardMale.xml,167,71.94084369384181,119.33880526249774,76.62467889226328,90.86272101567477,5.063134574896978,69.88325506015337,5.1998706826560825,15.116386211597447,0.9847745683375546,5.407754272820043,NORMAL
Dehydrate,StandardMale.xml,168,71.98713960209551,119.85047103855109,76.3816857969871,90.87128087750843,5.046581139107863,70.25184001630652,5.196779107921625,15.163701700536356,0.9836590720153483,5.399762044600028,NORMAL
Dehydrate,StandardMale.xml,169,72.26789734750972,119.56963927584256,76.53215901927601,90.87798577146486,5.051716517416453,70.01551899539915,5.198008095828363,15.073393008031232,0.9823303590615101,5.3940732724663345,NORMAL
Dehydrate,StandardMale.xml,170,72.44877146943792,119.02619825513582,76.02073734856319,90.3558909840874,5.0499981440730055,69.85431048792263,5.193853461220652,15.122959640178763,0.9833392838931423,5.396334719384816,NORMAL
Dehydrate,StandardMale.xml,171,72.13314889941014,118.50794867428122,76.46193515799828,90.47727299675927,5.029627050399992,69.69078180256723,5.190820453126173,15.218876643680982,0.9846736605284959,5.388689822653516,NORMAL
Dehydrate,StandardMale.xml,172,71.71128153986957,118.95003170865738,75.98128192251302,90.30419851789448,4.996082405742013,69.69562914900229,5.189060951137188,15.310347373654974,0.9837232445546737,5.383108818339814,NORMAL
Dehydrate,StandardMale.xml,173,71.89246343178776,118.17449224994796,75.40131374727225,89.65903991483083,5.019802697256343,69.62586490027023,5.187314905253317,15.232319991950543,0.9832966426695661,5.379871178384825,NORMAL
Dehydrate,StandardMale.xml,174,71.65135346564911,117.52734749510974,75.76172290469276,89.68359776816509,5.019253362734796,69.76818271230492,5.190785802179611,15.369202225979183,0.9833615734982861,5.376658298858542,NORMAL
Dehydrate,StandardMale.xml,175,71.93696599182422,117.60141876908835,75.32058601343911,89.41419693198885,5.016997409833534,69.95358890956041,5.195976685189763,15.4834228743129,0.9821226699590151,5.383045057520123,NORMAL
Dehydrate,StandardMale.xml,176,72.17497371580102,118.1620265691559,75.42616071894307,89.67144933568068,5.0113780807055015,69.69905137897085,5.2009386335117656,15.470349340341576,0.9810352047892302,5.392596743361091,NORMAL
Dehydrate,StandardMale.xml,177,72.1264418909053,118.00525210173407,75.71690560716056,89.81302110535172,5.009084915036711,69.44326690161179,5.2049605928110365,15.371402410916701,0.9800726844584815,5.401727169039768,NORMAL
Dehydrate,StandardMale.xml,178,71.76815424649013,118.15625135659918,75.22898875516425,89.5380762889759,4.989876792031069,69.45396538983455,5.205894732952054,15.399073007297524,0.9806117201590547,5.409127931418089,NORMAL
Dehydrate,StandardMale.xml,179,71.67032910628586,118.83037019642872,75.35625316949215,89.84762551180434,4.987521648143197,69.50580492201031,5.206477684043622,15.372421732355313,0.979760123027545,5.410846832256539,NORMAL
Dehydrate,StandardMale.xml,180,71.8915118357584,119.2267089585607,75.61299541388574,90.15089992877739,5.0106998109584096,69.55495121683731,5.208168156190644,15.253440174730619,0.9793241496571304,5.411919514048137,NORMAL
Dehydrate,StandardMale.xml,181,71.87242133636263,118.70245786041302,75.46518759407034,89.87761101618457,5.005555341883945,69.65920473722134,5.206674962983637,15.183486628739479,0.9785632231115978,5.415030132962045,NORMAL
Dehydrate,StandardMale.xml,182,71.83695862965226,118.85106789429511,75.3771909364259,89.86848325571565,4.9770269170862464,69.61231929349296,5.210371112768297,15.276016622797862,0.9777792793000204,5.412282524821906,NORMAL
Dehydrate,StandardMale.xml,183,72.13193052685222,118.18158692298978,74.96625024957319,89.37136247404538,4.9991888220120355,69.2963236023318,5.212659577228736,15.249787043879072,0.9785257284572314,5.419083768751925,NORMAL
Dehydrate,StandardMale.xml,184,72.17718764579527,118.24647087667725,74.8832942249002,89.33768644215921,4.969075310557835,69.33066688280297,5.210183354117206,15.367950020582331,0.9795394041882909,5.423294746641735,NORMAL
Dehydrate,StandardMale.xml,185,72.34529637487927,118.73283879366167,75.27978342687148,89.76413521580155,5.010663960190867,68.93322219861582,5.210373238989974,15.356498042951003,0.9795309478799682,5.418738276155455,NORMAL
Dehydrate,StandardMale.xml,186,72.34503957575188,118.24456229344106,75.55249466860977,89.78318387688687,4.987183940941884,69.30073200737827,5.205626024413614,15.270654406899947,0.9810043493994521,5.419087681188682,NORMAL
Dehydrate,StandardMale.xml,187,72.17654335218933,118.58347335116231,75.69399793635577,89.99048974129128,5.013467751332814,69.0193396802777,5.208627743951597,15.356834906709855,0.9827474637885328,5.410352384676628,NORMAL
Dehydrate,StandardMale.xml,188,72.39928295932141,118.67391601789103,75.90119312324528,90.15876742146052,4.973775202506034,69.46713907602337,5.212228750543468,15.297017314971722,0.9839159490097683,5.415875815267038,NORMAL
Dehydrate,StandardMale.xml,189,72.14086341809971,118.14731129913618,76.15604176474862,90.15313160954447,4.961985077733449,68.81624875626038,5.209649240203185,15.281054240321804,0.9825209423094748,5.4225019872708256,NORMAL
Dehydrate,StandardMale.xml,190,72.41121937761108,118.22285129786931,76.0186475868639,90.08671549053237,4.938395676358507,68.87642001048486,5.210209449680913,15.373999646959323,0.9813111281134312,5.417755459108715,NORMAL
Dehydrate,StandardMale.xml,191,72.53356736031634,117.79785161215354,75.92025543016548,89.87945415749483,4.933868251847678,68.38296578502828,5.208093678080133,15.360666883978674,0.9822708619277073,5.418786294310726,NORMAL
Dehydrate,StandardMale.xml,192,72.65831650270303,117.91623565312318,75.4315741120957,89.59312795910486,4.906880555168949,68.23422035972239,5.204020642282505,15.435679065227395,0.982842586305613,5.414893086622868,NORMAL
Dehydrate,StandardMale.xml,193,72.67815893451221,117.6070222042989,75.69269234594547,89.66413563206328,4.9181297476302355,67.81562881475172,5.203119611342219,15.414784355333161,0.9823345841135287,5.4073983389504825,NORMAL
Dehydrate,StandardMale.xml,194,72.75918409009444,117.11254282386355,75.64469830723381,89.46731314611038,4.911688205180117,67.93484792805619,5.204655043538824,15.469360337498149,0.9825075972610806,5.405740361982446,NORMAL
Dehydrate,StandardMale.xml,195,72.75527340879691,116.58040609852931,75.56076343195593,89.23397765414705,4.931390453338927,67.79589914734673,5.19935971766675,15.556635641823377,0.9821111368671056,5.408565693615502,NORMAL
Dehydrate,StandardMale.xml,196,72.38735275014032,116.23934150638439,75.31899849402497,88.95911283147811,4.9267736887626645,68.0340828622121,5.194488210881201,15.650557444195172,0.9830831599802412,5.398821823631016,NORMAL
Dehydrate,StandardMale.xml,197,72.0576934503299,116.27851475687629,75.64342379638079,89.18845411654596,4.936542716832623,68.26212834653768,5.198262451230833,15.710755133425007,0.9841550226057832,5.389857818413269,NORMAL
Dehydrate,StandardMale.xml,198,71.70489579931,116.98726471192987,75.13608531864602,89.08647844974064,4.9064896065708625,68.63539254560004,5.202613002304806,15.703841078980352,0.9853089133087991,5.396802755919563,NORMAL
Dehydrate,StandardMale.xml,199,71.81899644412206,117.20902379838017,75.48899672349049,89.39567241512039,4.912353423326814,68.54861107068244,5.198555811902588,15.578747150972,0.9838467836414395,5.4048081563518995,NORMAL
Dehydrate,StandardMale.xml,200,71.71162136594268,117.72381696808701,75.69079150723486,89.70179999418558,4.950583192738992,68.5302337889034,5.202868980324716,15.539606809589525,0.9827033793743409,5.397342565614604,NORMAL
Dehydrate,StandardMale.xml,201,72.0394830316184,117.39691239454218,75.8337700088454,89.68815080407767,4.959078665349268,69.07598346421973,5.20159725629203,15.44874613404193,0.9823178307063475,5.4052791786468735,NORMAL
Dehydrate,StandardMale.xml,202,71.90393659712952,117.2340731276867,75.45506179734423,89.38139890745839,4.965364862126371,68.92080926663756,5.197609813128599,15.506444588760736,0.9825621413092537,5.402939093460427,NORMAL
Dehydrate,StandardMale.xml,203,72.24608812308865,117.11319727923853,75.79194865086495,89.56569819365615,4.995491452544539,69.10292380105562,5.200951291976547,15.535185618484558,0.9819658682747635,5.395601843838094,NORMAL
Dehydrate,StandardMale.xml,204,71.91863528896208,116.793579869678,75.93927411113758,89.55737603065106,5.0169088634946375,69.19652679942662,5.202430320974891,15.556520130855116,0.9812399024397882,5.401750461739407,NORMAL
Dehydrate,StandardMale.xml,205,72.151662680256,116.92710180679947,76.2517445814686,89.81019698991223,5.035448092042014,69.7125260437265,5.201725055808655,15.612932405644974,0.9828130060164229,5.404472006477409,NORMAL
Dehydrate,StandardMale.xml,206,72.17576432714205,117.24258831439676,76.37158994871876,89.99525607061143,5.059868917566045,69.75094624692939,5.202859302030674,15.589365866457616,0.9819407406047612,5.4031742559233535,NORMAL
Dehydrate,StandardMale.xml,207,71.79853266672187,117.25067782284455,76.0913115009427,89.81110027490998,5.033872934918863,70.02530754828307,5.198192406065191,15.533682693305249,0.9822073561363777,5.405261369726121,NORMAL
Dehydrate,StandardMale.xml,208,71.68337877898963,117.27140490880332,75.54885017775302,89.45636842143645,5.055899429213889,70.01266824139283,5.194104243308096,15.532254900075525,0.9835233937130011,5.396673866592723,NORMAL
Dehydrate,StandardMale.xml,209,72.02500716644658,117.5180288325624,75.6103430600662,89.57957165089826,5.045474912508351,70.37083385122234,5.195118805698983,15.528596582243882,0.9845169100248362,5.3891512839712,NORMAL
Dehydrate,StandardMale.xml,210,72.3371755486626,117.5042891227125,76.0279080586754,89.85336841335443,5.0515681930184515,69.97206359840352,5.193724352075433,15.485067612479753,0.9844824228504164,5.3910181688932575,NORMAL
Dehydrate,StandardMale.xml,211,71.99674485223252,116.94915986635783,75.54883102806265,89.3489406408277,5.076633473574209,69.79771181059714,5.192660502937205,15.487492662756742,0.9851667526818882,5.388452250357645,NORMAL
Dehydrate,StandardMale.xml,212,72.00097411161772,116.61421931296012,75.29913724804095,89.07083126968067,5.06145252656731,70.3697139751979,5.192641554638813,15.58547263261016,0.9852216639793924,5.386494673442375,NORMAL
Dehydrate,StandardMale.xml,213,71.72779450152359,116.59904561096761,75.12096308659653,88.94699059472022,5.045973388944797,70.18355365715048,5.191613574913498,15.64458943279485,0.9854975982933134,5.386459806890169,NORMAL
Dehydrate,StandardMale.xml,214,72.00851853249137,116.96988959077365,74.70334687179957,88.79219444479092,5.007413790654072,70.21530150678454,5.194067909888858,15.647267581796676,0.9848102534521264,5.384568232880914,NORMAL
Dehydrate,StandardMale.xml,215,72.18596130852374,117.31012047551226,75.3433188672329,89.33225273665936,5.036289224236232,69.52697143663828,5.192875833986771,15.58181384909248,0.9850736432921929,5.389084427252332,NORMAL
Dehydrate,StandardMale.xml,216,71.86539494663847,117.18093255903321,75.98171674357857,89.71478868206346,5.047336723514419,69.73390532012691,5.19236503069399,15.521763308703392,0.9853528787841118,5.386890901701273,NORMAL
Dehydrate,StandardMale.xml,217,72.24019646294583,117.01059016272126,75.8358802501065,89.56078355431141,5.064368116090318,70.1217075423128,5.196107336972287,15.544564895932217,0.9858350133543474,5.385950978268278,NORMAL
Dehydrate,StandardMale.xml,218,72.45982340930988,117.46113342419605,76.07766215739912,89.87215257966476,5.057910764465984,70.02816420072341,5.197878825330653,15.574630223357044,0.9855384684717746,5.392837154246637,NORMAL
Dehydrate,StandardMale.xml,219,72.2659340432646,117.3320886525215,75.68485212080498,89.56726429804382,5.027336974769912,69.77684118318574,5.202525107768357,15.495109616810671,0.9854542276725284,5.396096850186028,NORMAL
Dehydrate,StandardMale.xml,220,71.9989628167382,116.90316179909703,75.21448107391534,89.11070798230924,5.051252090368935,69.56322127544709,5.198334618935293,15.517885939070174,0.9862305337941691,5.404646422597228,NORMAL
Dehydrate,StandardMale.xml,221,72.26724668747462,117.56919871675626,74.75207897163779,89.02445222001062,5.031370454213972,70.06234443842231,5.201130851497659,15.593591262986667,0.9850252928686265,5.396935550906374,NORMAL
Dehydrate,StandardMale.xml,222,72.12017897835172,117.14696529883176,75.29632762582712,89.24654018349533,5.048882178561697,69.61060193391006,5.20413087080059,15.476036159618413,0.9840198880597419,5.402080867208394,NORMAL
Dehydrate,StandardMale.xml,223,72.04853294956072,117.122401574517,75.59064681598431,89.43456506882855,5.021377296402531,69.9374089320129,5.203242571705691,15.550560096315628,0.9834530372813441,5.407601169215276,NORMAL
Dehydrate,StandardMale.xml,224,72.23856463281929,117.1540212560448,75.67956046268093,89.50438072713555,5.003288937532786,69.66338058662458,5.206069548697764,15.554895578440373,0.9834837724061577,5.405966619973713,NORMAL
Dehydrate,StandardMale.xml,225,72.46341091566647,117.06840372032218,76.25376930514322,89.85864744353621,5.041606290743357,69.29605815582853,5.205201054163108,15.549314724238574,0.9829503184690899,5.411168508757397,NORMAL
Dehydrate,StandardMale.xml,226,72.28490671532074,117.21631287257107,76.78347240960707,90.26108589726174,5.061418873102496,69.57873322895573,5.207797793074468,15.564426166255,0.9820293975595276,5.4095704016659045,NORMAL
Dehydrate,StandardMale.xml,227,72.03326445886273,117.50604918813478,77.14035230880141,90.59558460191253,5.057605923354069,69.9572818882801,5.203200213282083,15.538320292510289,0.9833045906467593,5.414348631929199,NORMAL
Dehydrate,StandardMale.xml,228,72.30816747392323,117.26317815818287,77.32209757672247,90.63579110387593,5.031760605817654,70.1114977884284,5.2069974004455855,15.487182012300039,0.9823821940620154,5.405888676711607,NORMAL
Dehydrate,StandardMale.xml,229,72.2022842361553,117.97473557505617,76.83319262466055,90.54704027479242,5.023622806483658,69.5830047858188,5.204933769978273,15.530048598632057,0.9811715128405827,5.412875838393772,NORMAL
Dehydrate,StandardMale.xml,230,71.80822183474008,117.98051418381202,76.4182235991554,90.2723204607076,5.060040116969822,69.56883824369574,5.203288414245754,15.404459155351702,0.9800621844090824,5.409078575023152,NORMAL
Dehydrate,StandardMale.xml,231,72.1876460421328,118.45765063022601,76.54903385199545,90.5185727780723,5.075357901498129,70.32067818610507,5.199401483037052,15.403439234486047,0.9798176285370465,5.406050974319587,NORMAL
Dehydrate,StandardMale.xml,232,72.41744085190975,118.67837604764672,76.0510719039819,90.2601732852035,5.081768993403405,70.20195640999594,5.198935352551001,15.31922494727193,0.9787477416758921,5.398898675622357,NORMAL
Dehydrate,StandardMale.xml,233,72.00515228006616,118.25695826064768,76.44702651621199,90.38367043102389,5.074788072901737,70.09620606038204,5.2012928249142485,15.280267047832837,0.979330959167745,5.398040954121999,NORMAL
Dehydrate,StandardMale.xml,234,71.69316781839802,117.93010707837003,76.15588094943372,90.08062299241249,5.028652083292929,70.34076954132348,5.200387711778982,15.35464702617698,0.9806659279718967,5.402378912682895,NORMAL
Dehydrate,StandardMale.xml,235,71.71447795019762,117.39352076655497,76.62374071784161,90.21366740074606,5.032576981213958,70.03376731378509,5.195521065578797,15.412336057370208,0.9810585884285706,5.400713424113476,NORMAL
Dehydrate,StandardMale.xml,236,71.55978482468171,116.96579153134765,76.46553592323511,89.9656211259393,5.037425031677033,70.06415082104583,5.193284823790346,15.507043208999423,0.9811234290835766,5.391758362804563,NORMAL
Dehydrate,StandardMale.xml,237,71.7710793393889,116.50717376676971,76.9804193994395,90.15600418854957,4.997857278690978,70.24668167278097,5.194082334088278,15.582537154042491,0.9814553656701696,5.387643479270112,NORMAL
Dehydrate,StandardMale.xml,238,72.20324080361993,116.75839820646272,76.73376156231127,90.07530711036175,4.995753328504564,69.59982258591977,5.195912192444964,15.663482905384551,0.9831818972505908,5.389110969060555,NORMAL
Dehydrate,StandardMale.xml,239,71.96931970505929,116.22702938651238,76.99376632551075,90.07152067917797,4.983902853786178,69.23330925766807,5.1985684457054155,15.619141947408028,0.9837120356076108,5.392478070981818,NORMAL
Dehydrate,StandardMale.xml,240,72.19208219830644,116.7646207039609,76.6760180342025,90.03888559078864,4.949592594761807,69.2748034253603,5.199143043919106,15.712928214955266,0.9847555421512091,5.3973658129340585,NORMAL
Dehydrate,StandardMale.xml,241,71.89733490451367,117.30058122859795,76.55413130097148,90.13628127684697,4.971934074574944,68.68751234377419,5.200528920821774,15.618043680454328,0.9857095809671504,5.398423124688382,NORMAL
Dehydrate,StandardMale.xml,242,71.56642535868343,117.76943166021296,76.43823464966933,90.21530031985054,4.959145675206984,69.18730296071742,5.195924693404446,15.523446979874368,0.9847512555066996,5.400973261295709,NORMAL
Dehydrate,StandardMale.xml,243,71.27854386094367,118.40324352623442,76.40520102804382,90.40454852744068,5.003714104911408,69.29420007949982,5.1966808439053995,15.440695169139225,0.984031085313877,5.392501073857716,NORMAL
Dehydrate,StandardMale.xml,244,71.61195440701277,117.92340596591664,76.1859576634152,90.09844043091567,5.025687000823328,70.06395745430822,5.200604211744661,15.328827767422165,0.9836043295139242,5.393892457947761,NORMAL
Dehydrate,StandardMale.xml,245,71.38187514602049,117.74763284620552,76.63149088239052,90.33687153699552,5.041732109766177,70.06287233906353,5.204502276590479,15.413518799567004,0.983375855469405,5.401111803281857,NORMAL
Dehydrate,StandardMale.xml,246,71.87290104025739,117.7719712856141,76.55431681871241,90.2935349743463,5.070121480996405,70.44202486882037,5.204335052965536,15.444542646307545,0.9844091591582806,5.408284588860374,NORMAL
Dehydrate,StandardMale.xml,247,72.07760523244862,117.20926317433175,76.61212683416052,90.14450561421759,5.086574064536727,70.3904385977537,5.2044431852415105,15.44024692682918,0.983920034468285,5.407976882536127,NORMAL
Dehydrate,StandardMale.xml,248,71.72759291926545,117.52746411062958,76.30799506244448,90.04781807850618,5.083258873456883,70.42464606718389,5.203349088493446,15.539564559882361,0.9845756781698899,5.40817585552923,NORMAL
Dehydrate,StandardMale.xml,249,71.65820953266402,116.94228576926074,76.71584929868627,90.12466145554443,5.060380022182548,70.66577399223259,5.208062816140225,15.48340229174589,0.9839332711504265,5.406162620324988,NORMAL
Dehydrate,StandardMale.xml,250,72.10418745663856,117.69363659759728,76.12178418679378,89.97906832372827,5.06334310984714,70.44520968690902,5.206051260262506,15.58668590648941,0.9849218500067124,5.414836297911993,NORMAL
Dehydrate,StandardMale.xml,251,72.22882996108672,118.36354040110577,75.67880952966435,89.90705315347816,5.063516574293602,70.1240147243139,5.208380547903422,15.454072950737135,0.983532495432568,5.411134856411975,NORMAL
Dehydrate,StandardMale.xml,252,71.84113681681703,118.71074480084982,75.55614457251768,89.94101131529506,5.045689466658066,70.02696602207787,5.208382922707319,15.335835344411958,0.9839651151058556,5.415420952580154,NORMAL
Dehydrate,StandardMale.xml,253,72.01318347192695,119.25558302624985,75.4547150142163,90.05500435156083,5.060653946641136,70.12121648908926,5.208451878998477,15.274553982944386,0.984136239577967,5.415425322430275,NORMAL
Dehydrate,StandardMale.xml,254,71.92922095066089,119.31743316299173,75.21832167273207,89.91802550281862,5.021655454882629,70.16419768888925,5.2101328526604656,15.178390373679342,0.9842024339289002,5.415552208131343,NORMAL
Dehydrate,StandardMale.xml,255,71.85164091966385,119.24897248076593,75.02430330927353,89.765859699771,4.999595816937981,69.76132268117084,5.208785405618579,15.167473862859515,0.985755299127451,5.418645348989047,NORMAL
Dehydrate,StandardMale.xml,256,71.70699536058896,119.68528481904796,75.12839092687692,89.98068889093393,4.9694606163884,69.55692268964788,5.21161122627347,15.179557130862133,0.9855510367993219,5.416165926739254,NORMAL
Dehydrate,StandardMale.xml,257,72.07905131554864,119.4104143026221,74.73615658202992,89.62757582222731,4.988080424095162,69.30767268318048,5.21413805606965,15.102548273443466,0.9849657416457712,5.421365687759806,NORMAL
Dehydrate,StandardMale.xml,258,71.94266197890178,118.63560096306752,74.93526773176016,89.50204547552929,5.020973717662012,69.23869352969078,5.21652126002813,15.151062749314995,0.985603908104559,5.426015279041197,NORMAL
Dehydrate,StandardMale.xml,259,72.2949151641848,118.7536959127765,75.41281273181048,89.85977379213249,5.0188821119307425,69.74243985268713,5.211413917562304,15.287816823762626,0.9846585633920819,5.430400586023039,NORMAL
Dehydrate,StandardMale.xml,260,71.95255761209783,119.07165659364678,74.91334988675555,89.6327854557193,5.020690200514138,69.43891714453949,5.209190422757249,15.266973138296812,0.9855968483348008,5.421002622204474,NORMAL
Dehydrate,StandardMale.xml,261,72.00247500516619,119.10246133219637,74.54449321885089,89.39714925663272,5.002679134969383,69.73117241053367,5.213451547565233,15.210853275094472,0.9862057359564864,5.416911194251778,NORMAL
Dehydrate,StandardMale.xml,262,72.02258288670782,119.34974908140715,75.10352705335511,89.85226772937246,4.968222539928305,69.4747458590532,5.217099818520651,15.205416257823483,0.9865363464004423,5.424752042411027,NORMAL
Dehydrate,StandardMale.xml,263,71.97846890037137,119.44330197051764,75.02228313817824,89.8292894156247,5.002689634285686,69.04411450752907,5.218535221809484,15.161770123278355,0.9868328887127628,5.431465185042201,NORMAL
Dehydrate,StandardMale.xml,264,71.72794233582817,119.9264799779838,75.05630984161594,90.01303322040523,5.035188566196423,69.4938421391816,5.212607355799909,15.14525809630479,0.9855588223847316,5.434106454599462,NORMAL
Dehydrate,StandardMale.xml,265,71.49967039718013,119.23063252530811,74.95438925961197,89.71313701484402,5.047250760961915,70.08493120058058,5.21005955811037,15.059977477307612,0.9868368535786367,5.423198654573902,NORMAL
Dehydrate,StandardMale.xml,266,71.90630550095297,119.57033658042248,74.77797813107678,89.70876428085867,5.051765207735282,70.41395384414905,5.209763654407916,15.182794121639148,0.9855654977608973,5.4185104805061695,NORMAL
Dehydrate,StandardMale.xml,267,71.76554911712306,119.43268640991386,74.92465725947413,89.76066697628737,5.018364986701509,70.14242749999396,5.21339906558306,15.122836566352376,0.9844828658570376,5.417965991408748,NORMAL
Dehydrate,StandardMale.xml,268,71.93503415080937,119.57322719493621,75.17718005170332,89.97586243278094,5.043322601429815,69.85178334650816,5.212963915795259,15.147131736175194,0.9854999224221332,5.424655470901893,NORMAL
Dehydrate,StandardMale.xml,269,71.56950925168691,118.75201465120092,75.44360842483259,89.87974383362203,5.043697104257383,70.0177724826889,5.213438678094009,15.12232637468139,0.9862608278349806,5.423854756638306,NORMAL
Dehydrate,StandardMale.xml,270,71.58081341237111,118.85823826947546,75.50663183045394,89.95716731012779,5.048053174787652,70.31476270823116,5.2102608972884115,15.26726987992339,0.9875299681172462,5.42472836144079,NORMAL
Dehydrate,StandardMale.xml,271,71.64315490397075,119.18395603039369,75.78659312797657,90.2523807621156,5.025450944950627,70.35837913661764,5.205170211494342,15.248521477101667,0.9860074221342667,5.4188809624785765,NORMAL
Dehydrate,StandardMale.xml,272,71.65952434573212,119.02278911176909,75.45649671272513,89.97859417907311,5.030595682731108,70.03505984145738,5.202882649200291,15.191032494076243,0.9865819617631434,5.409513648415643,NORMAL
Dehydrate,StandardMale.xml,273,71.90860191502017,119.40769653518953,76.09080898593324,90.529771502352,4.996984013311557,70.08415600772297,5.201357567276566,15.219478355373305,0.9866404287315824,5.405304330592125,NORMAL
Dehydrate,StandardMale.xml,274,71.7804622861771,119.19534942594072,75.80110465815795,90.26585291408554,4.977219018395891,69.48034376811678,5.197217138715893,15.151542433583234,0.9858799033069996,5.402498044380575,NORMAL
Dehydrate,StandardMale.xml,275,71.72757758903404,119.21642058772852,75.52239981334331,90.08707340480505,5.009476270650439,69.34327205806017,5.194036640640171,15.189021566820207,0.9852918575854225,5.394879288037739,NORMAL
Dehydrate,StandardMale.xml,276,71.8391090246294,118.81128829011773,75.894264964768,90.19993940655124,5.008076012963709,69.77468552388441,5.194660692920876,15.185302519817888,0.9852648010665281,5.3890268890571225,NORMAL
Dehydrate,StandardMale.xml,277,71.71510599621492,118.04840622063494,76.44096852379617,90.31011442274243,5.007436474198237,69.66914141123652,5.199754466649385,15.256808119373591,0.9843890620098259,5.390175200687722,NORMAL
Dehydrate,StandardMale.xml,278,71.64906458881872,117.41347490625522,76.38302640061764,90.0598425691635,5.03703367324397,69.7599740623252,5.201316698781058,15.391456332044765,0.98434967047456,5.399548196824323,NORMAL
Dehydrate,StandardMale.xml,279,71.74203098595295,117.96843473303294,76.25513293537024,90.15956686792447,5.062700131355255,70.17034903869295,5.203486501992856,15.503521315703583,0.9851932382449364,5.402422842718524,NORMAL
Dehydrate,StandardMale.xml,280,71.68154271687251,117.83295801909297,76.30949199786879,90.15064733827685,5.029925782334322,70.40588312733215,5.203739965951332,15.405571250065538,0.983898383017175,5.406415473370242,NORMAL
Dehydrate,StandardMale.xml,281,71.74267365206043,118.2227517298381,76.0087905426427,90.0801109383745,5.065069255388016,70.05844990296258,5.205244921185615,15.429482806150409,0.9828428965070619,5.406881869568853,NORMAL
Dehydrate,StandardMale.xml,282,72.16938525769567,118.04804290944753,76.36163430071136,90.25710383695674,5.043533923445277,70.43397499105987,5.2092150461115505,15.360684457674502,0.9837802644964233,5.409651120883993,NORMAL
Dehydrate,StandardMale.xml,283,71.89792722483544,118.05516924149386,76.3192346345309,90.23121283685188,5.001362864321493,69.83408251863162,5.204848615441159,15.39152045624428,0.9833769112786674,5.416956503410967,NORMAL
Dehydrate,StandardMale.xml,284,71.89542520023691,117.98847066773229,76.40923620305581,90.26898102461463,5.002421895532441,69.54156992096465,5.202740600031689,15.390262663052745,0.9838458906506842,5.408921883110647,NORMAL
Dehydrate,StandardMale.xml,285,71.64438303213853,118.67668743257047,76.64833291431056,90.65778442039719,4.986038235114843,69.55631670120941,5.200885208273405,15.402034920003024,0.9849230362971626,5.405042947503777,NORMAL
Dehydrate,StandardMale.xml,286,71.73471731599618,118.88941029227098,76.3319004664076,90.51773707502873,5.013156761239055,69.55762323508158,5.199498009026388,15.280565087347728,0.9854506091524944,5.40162886185546,NORMAL
Dehydrate,StandardMale.xml,287,72.16672333329034,118.9020848266443,76.64900691028727,90.73336621573961,5.029431242554575,69.81345061604988,5.201418582520561,15.243019634388801,0.9839945218988247,5.399076292017067,NORMAL
Dehydrate,StandardMale.xml,288,72.11617369148851,119.44998604002302,76.91223137780221,91.09148293187582,5.047606255746515,69.66671778952372,5.202081502883375,15.240782586923569,0.9847391158258706,5.402610317849465,NORMAL
Dehydrate,StandardMale.xml,289,72.16193359555834,118.81832507555654,76.95987165472536,90.91268946166909,5.050847675436596,69.92524823381089,5.205326746351466,15.144078362177757,0.983703302097628,5.403830150203767,NORMAL
Dehydrate,StandardMale.xml,290,72.27716153068064,118.06636806316489,77.38492996711504,90.94540933246499,5.012870367796351,69.92788452965226,5.200090216903879,15.25556613110281,0.9832480577877987,5.409801686457627,NORMAL
Dehydrate,StandardMale.xml,291,71.94806567523389,118.32526997545949,77.11464929746286,90.85152285679507,5.03315482154888,69.38073769457078,5.204288213057491,15.38828607796529,0.9845065884796478,5.400166007117038,NORMAL
Dehydrate,StandardMale.xml,292,72.14614958818859,117.67424354626698,76.54937353542132,90.25766353903654,5.005328518468585,69.8848986660232,5.202195841816545,15.342590050830644,0.9850327198857292,5.407890692944569,NORMAL
Dehydrate,StandardMale.xml,293,72.14003888351971,117.4517745768166,76.09263935200005,89.87901776027223,5.037589107772748,69.3932746190041,5.20044354217554,15.457495812283266,0.9845929647140468,5.404040543997443,NORMAL
Dehydrate,StandardMale.xml,294,72.33224596788328,117.82548714798074,76.25372486119684,90.11097895679147,5.048050231601908,69.78588785838339,5.201508844302046,15.496761447575494,0.9837023019660118,5.400816157002517,NORMAL
Dehydrate,StandardMale.xml,295,72.06923529991408,117.92731425976217,75.89375184970629,89.90493931972492,5.079486534060818,69.75941290207568,5.199364349425411,15.430801410273638,0.9831730725841643,5.402776407545284,NORMAL
Dehydrate,StandardMale.xml,296,71.82250730512196,118.22283862301431,75.6866852304826,89.86540302799317,5.056809373641167,70.3460770480133,5.203752176986902,15.412828988124392,0.9842053617031342,5.3988303464783876,NORMAL
Dehydrate,StandardMale.xml,297,71.673447301661,117.66727814261215,75.93544738130595,89.84605763507469,5.0396223253381285,70.27025520267266,5.208253774852714,15.36066912108273,0.9852240298537097,5.406904338959,NORMAL
Dehydrate,StandardMale.xml,298,72.09632835408243,118.13283615897222,75.69157569634031,89.83866251721761,5.017358145501467,70.18210440193505,5.209735252327831,15.458725201713396,0.9847452079579027,5.415187678905694,NORMAL
Dehydrate,StandardMale.xml,299,72.03276787537253,117.7762490645071,75.70271162295829,89.72722410347455,4.991212833291917,69.57722287308226,5.209342643766315,15.376554500231155,0.9860646518061262,5.417913729058457,NORMAL
Dehydrate,StandardMale.xml,300,72.18376510779798,117.2947226291984,75.87645636938367,89.68254512265526,4.999329039265008,69.3128204218009,5.206020227599173,15.439491901504578,0.9864890288424308,5.41719129443014,NORMAL
Dehydrate,StandardMale.xml,301,72.17528733688314,117.57071730757667,75.35396245685439,89.42621407376181,4.9924824682510955,69.29157159445236,5.207712457339919,15.524481019039083,0.9851716073840325,5.411077753554833,NORMAL
Dehydrate,StandardMale.xml,302,72.36012597981,116.92841337857321,75.49029694815619,89.30300242496186,5.0278111922798026,69.21596968306139,5.206164877814128,15.475768129279352,0.9864629827109768,5.414191606597319,NORMAL
Dehydrate,StandardMale.xml,303,72.59756591186417,117.02275605435703,75.18953580511103,89.1339425548597,5.0612220310643385,69.49470357867327,5.203883638420953,15.589134374852044,0.9867837028256043,5.411343922799523,NORMAL
Dehydrate,StandardMale.xml,304,72.81559515602278,116.56283025361665,75.37372788216521,89.10342867264903,5.055884207858982,69.70788542006694,5.2058042966200615,15.572482951019893,0.9879510939613076,5.407146239675274,NORMAL
Dehydrate,StandardMale.xml,305,72.99833661683317,116.27679283600175,75.9060107636335,89.36293812108958,5.022507881341106,69.4729723665862,5.209536558804649,15.65365956993432,0.989206652925413,5.410680421372279,NORMAL
Dehydrate,StandardMale.xml,306,72.7349645495478,116.47281247151042,76.4409852837636,89.7849276796792,5.0564820953114715,68.93288869690959,5.213034454641966,15.704144996948008,0.990000537032064,5.417548115326003,NORMAL
Dehydrate,StandardMale.xml,307,72.20915181392097,116.74740835257242,75.917928975935,89.52775543481414,5.087602591226779,69.5432811078663,5.209837893714581,15.669547652711575,0.9910680145767637,5.4239845543821605,NORMAL
Dehydrate,StandardMale.xml,308,72.20587940896472,116.88606913942037,76.45384517755974,89.93125316484662,5.104025529381584,70.33190532782267,5.20873150685388,15.621081649811634,0.9896612771140623,5.418102598327634,NORMAL
Dehydrate,StandardMale.xml,309,71.85867721236106,116.54445143340072,76.35121432868827,89.74896003025908,5.07075862284907,70.53178622778444,5.204895364803491,15.596608106830981,0.9899984356603093,5.41606674822442,NORMAL
Dehydrate,StandardMale.xml,310,72.11690881918949,116.81037660980401,76.6186848575198,90.01591544161454,5.035378679471695,70.40952559049349,5.2080654180877595,15.656903420317061,0.9907899110965036,5.40900790609005,NORMAL
Dehydrate,StandardMale.xml,311,72.35730870579752,116.97155396545357,76.05007279425524,89.69056651798802,5.044209463629154,69.7776402741326,5.204268354873768,15.609967791418029,0.9892488109924413,5.414841085726588,NORMAL
Dehydrate,StandardMale.xml,312,72.151420961847,116.73966547717137,75.75713141831254,89.41797610459882,5.0171659072040455,69.69355666657611,5.20646464257908,15.581520087992526,0.990271199290376,5.407854152122532,NORMAL
Dehydrate,StandardMale.xml,313,71.96552966987808,117.1997942271447,75.1993921099587,89.1995261490207,5.027175414949966,69.53139902199698,5.207875444201685,15.62244826252334,0.9885361104609102,5.411895516594916,NORMAL
Dehydrate,StandardMale.xml,314,71.6663579589036,117.02334976282995,75.17996595241583,89.1277605558872,5.0237594043357365,69.79899483665179,5.211196942148647,15.541235823195024,0.9888640497843795,5.41449151690097,NORMAL
Dehydrate,StandardMale.xml,315,71.5756193591424,116.60249123497161,75.77567895601382,89.38461638233308,5.004199510542378,69.99606719726751,5.21144793856623,15.572378161842215,0.987712483224774,5.420603368169582,NORMAL
Dehydrate,StandardMale.xml,316,71.35940154407639,116.28116263409248,76.09931917807869,89.49326699674995,5.012099578726081,69.83199768901035,5.209691068091192,15.646659431294474,0.9876433085671842,5.421065223873759,NORMAL
Dehydrate,StandardMale.xml,317,71.45218480526452,116.53565611131043,76.28456219422928,89.70159349992299,4.987961787206513,70.10076587193043,5.206390867362179,15.703373730292007,0.9881961799325543,5.417832426138187,NORMAL
Dehydrate,StandardMale.xml,318,71.84999489985685,116.12233948297536,76.1872228279958,89.49892837965565,5.005865629389305,69.73390154173974,5.201660909042684,15.658455789217445,0.9881331336619174,5.41175976364242,NORMAL
Dehydrate,StandardMale.xml,319,71.5265926494396,116.40967935781566,76.17180803311054,89.58443180801224,5.010900918423943,69.63384417644728,5.198026633901753,15.731405918075927,0.9873669750391607,5.403056220175857,NORMAL
Dehydrate,StandardMale.xml,320,71.62868007631086,116.0592829902145,75.79810183970643,89.21849555654245,5.016101579543977,69.95226087325631,5.194093831987806,15.680690608168806,0.9872088482264454,5.396368831086578,NORMAL
Dehydrate,StandardMale.xml,321,71.94294262578691,116.22212847032274,75.83772291074537,89.2991914306045,5.010501981514693,69.93359288631723,5.190143430917844,15.74253534998579,0.9869193733907218,5.389132126217037,NORMAL
Dehydrate,StandardMale.xml,322,72.19881765508538,116.74362599362149,75.73192942331626,89.40249494675133,5.0344201937533235,69.61605588555088,5.193389563496872,15.713793223626702,0.9870008425628989,5.381863037337109,NORMAL
Dehydrate,StandardMale.xml,323,71.79900997065552,116.67359424407016,75.23994044093703,89.05115837531474,5.069367998108029,69.70128140459234,5.198263932805885,15.621749233823365,0.9855479214630287,5.38783620963407,NORMAL
Dehydrate,StandardMale.xml,324,72.18246373198157,116.17387984825385,75.21989011633022,88.87122002697143,5.0816513495164415,70.44062587115376,5.2010610179038705,15.634109794235691,0.9869391119364874,5.396805482149267,NORMAL
Dehydrate,StandardMale.xml,325,72.26609332317241,116.27696133677196,75.90298336228285,89.36097602044589,5.061380119888691,70.28170084247397,5.204672386449385,15.722309075532657,0.98800437104108,5.401952367192555,NORMAL
Dehydrate,StandardMale.xml,326,72.11837521391156,116.7352462124099,76.108534163466,89.65077151311397,5.056353090529032,69.97173766019014,5.205834144039933,15.704115256666448,0.9873074644572372,5.408597606111492,NORMAL
Dehydrate,StandardMale.xml,327,71.83969633123486,116.9360205808768,76.13039211053618,89.73226826731639,5.067079900034729,70.02867014116231,5.202594573797747,15.62322826001608,0.9856333896706714,5.410735343276167,NORMAL
Dehydrate,StandardMale.xml,328,71.48694271840833,116.77874964239419,76.32327046300152,89.80843018946574,5.06170570997956,70.38037769133082,5.202706459215928,15.587791708357997,0.9865528279409125,5.404774246261921,NORMAL
Dehydrate,StandardMale.xml,329,71.37795385627334,116.70687397111521,76.01606485565009,89.57966789413847,5.088484145160481,70.59926311693731,5.204740302144125,15.61554993157349,0.9852672045902163,5.404980125370072,NORMAL
Dehydrate,StandardMale.xml,330,71.73829423912876,116.74575712274611,76.33344134636836,89.8042132718276,5.107405479665538,71.01209135766493,5.199517746474993,15.628235943028468,0.9843640849563425,5.408722577022715,NORMAL
Dehydrate,StandardMale.xml,331,71.46645081579105,116.24014133179065,76.41160283144157,89.68778233155793,5.109370337983317,70.94874137510637,5.19504306855032,15.62137309085307,0.9851365531513437,5.399112610675765,NORMAL
Dehydrate,StandardMale.xml,332,71.48497915525718,116.0750051662012,76.02396127605529,89.37430923943725,5.12390914829955,71.19319828052006,5.191003843256267,15.710613964736279,0.9851373225110166,5.390878805812044,NORMAL
Dehydrate,StandardMale.xml,333,71.40974735701599,116.74329878114985,76.29896673163998,89.78041074814327,5.0929263979472825,71.35418822414987,5.192702312977571,15.739760395663758,0.9856439385135745,5.383446272469596,NORMAL
Dehydrate,StandardMale.xml,334,71.3732741014178,116.61343527609235,75.83574973564411,89.4283115824602,5.09337283458875,71.04009072501069,5.190496231219761,15.621806986621909,0.9849939548940512,5.386571607630602,NORMAL
Dehydrate,StandardMale.xml,335,71.13564634276574,117.40428928295583,76.31070631961389,90.00856730739453,5.11386905999166,71.07517953190558,5.192516041992296,15.644727814816314,0.9847760399809197,5.382512221231625,NORMAL
Dehydrate,StandardMale.xml,336,71.2888237092813,118.13549346685323,76.80410105647101,90.58123185993175,5.112417973551755,71.51836362280095,5.195972472195497,15.505142572525585,0.9842501502072938,5.386228852471383,NORMAL
Dehydrate,StandardMale.xml,337,71.35079780666582,117.62847721577366,76.56136891790923,90.25040501719738,5.1178059445857675,71.37516242357454,5.196029683742824,15.376085487036313,0.9853581276831898,5.392588991077405,NORMAL
Dehydrate,StandardMale.xml,338,71.30906733438775,117.96273981016381,76.86233772318403,90.56247175217729,5.135302663725868,71.3898420446132,5.196970992199143,15.46557354126387,0.9867328519402827,5.392694265406547,NORMAL
Dehydrate,StandardMale.xml,339,71.48014158491652,117.45484784936257,76.45244058899927,90.11990967578703,5.09355782760609,71.6363149992183,5.198680236806432,15.40657640042403,0.9878609790625703,5.394426356581905,NORMAL
Dehydrate,StandardMale.xml,340,71.85208263706048,116.94835451076274,76.66877907316405,90.09530421903028,5.056341742574816,70.9905346319557,5.196470375123674,15.496219016874974,0.988153243568793,5.397571518490249,NORMAL
Dehydrate,StandardMale.xml,341,71.96123314203848,117.59499475501642,76.21599141329997,90.00899252720545,5.069777124874498,70.24094312977805,5.198995640745321,15.585614777373788,0.9880776755622513,5.3935051766935995,NORMAL
Dehydrate,StandardMale.xml,342,71.95177574636342,118.15984751790583,75.99016892620469,90.04672845677173,5.097049828303945,70.31555606122,5.194229281939736,15.471483174845705,0.9891430775006972,5.398151889754903,NORMAL
Dehydrate,StandardMale.xml,343,72.33017936539507,117.6053076186584,76.59081051624793,90.26230955038476,5.082444021438629,70.65166483847155,5.192116614898712,15.371787012112454,0.9891250199161292,5.389381366160508,NORMAL
Dehydrate,StandardMale.xml,344,72.03393851486304,118.23286223942328,76.58388360166057,90.4668764809148,5.09351001071678,70.17359738726998,5.191553553012917,15.46966296080154,0.9888961519163182,5.385493871138376,NORMAL
Dehydrate,StandardMale.xml,345,71.91519415027342,117.87168648335945,76.53065531796392,90.31099903976244,5.080843945143857,70.54307800065965,5.188214975941727,15.358899958996009,0.9900285881796956,5.384457787252144,NORMAL
Dehydrate,StandardMale.xml,346,71.906159180406,118.36238737319414,76.96549827312019,90.76446130647817,5.059738223088327,70.48577610204352,5.188296556144699,15.422647256199005,0.989814098650593,5.378314508877827,NORMAL
Dehydrate,StandardMale.xml,347,71.70018891375733,117.82409753272317,76.56497816737107,90.31801795582177,5.086566405389324,70.23864174778991,5.1900237411093775,15.33603885312408,0.9891819187956182,5.378464623698006,NORMAL
Dehydrate,StandardMale.xml,348,71.47646457172672,117.6065780178402,76.35439921242228,90.10512548089493,5.10171152091578,70.72782887268954,5.19081441355248,15.431046676505758,0.989311374928705,5.381642797457573,NORMAL
Dehydrate,StandardMale.xml,349,71.71924273442355,117.31306378002412,76.6986665348719,90.23679894992264,5.125492131011895,71.09227884682683,5.192965797037851,15.469438736132943,0.9889384431702702,5.383097704987728,NORMAL
Dehydrate,StandardMale.xml,350,71.50472230928371,117.80674663369321,76.21968990599618,90.08204214856185,5.126411437427734,71.18262111428365,5.193411384065847,15.521243817280375,0.9898742408102252,5.387056441706612,NORMAL
Dehydrate,StandardMale.xml,351,71.62821040757821,118.02798775127553,75.6643541234676,89.78556533273691,5.072289181954931,71.36837627873007,5.197405154541472,15.434109099435958,0.9908200823666088,5.3878763614192895,NORMAL
Dehydrate,StandardMale.xml,352,71.83017686172448,118.3947734848118,75.59866422049357,89.86403397526631,5.090069471573776,70.61333724275691,5.19492696084983,15.395060179237808,0.9909762429651914,5.39522525385811,NORMAL
Dehydrate,StandardMale.xml,353,71.46827374346213,118.35641246513921,75.49366324891338,89.78124632098866,5.087506053219628,70.66534031523976,5.197000125960224,15.330322724486214,0.9908479670438451,5.39066515732938,NORMAL
Dehydrate,StandardMale.xml,354,71.55122268445086,118.2975290341322,74.9610942138919,89.40657248730533,5.079988548503359,70.92686682104653,5.192358492326392,15.337093420694421,0.9904686423561511,5.394479965290225,NORMAL
Dehydrate,StandardMale.xml,355,71.4523648002344,118.93103953857617,74.5037399788053,89.31283983206225,5.0943928826037705,70.76864823498933,5.194709803066742,15.347486309789868,0.9909498969522244,5.385938947091098,NORMAL
Dehydrate,StandardMale.xml,356,71.87945291328292,118.27146250914954,74.1951318341362,88.88724205914065,5.053738902682142,71.02321504165015,5.192052104429183,15.23567209820455,0.9905535374147147,5.390265567718533,NORMAL
Dehydrate,StandardMale.xml,357,72.1534759054814,117.91381945483961,74.28348514104935,88.82692991231278,5.036429193769069,70.18767058125238,5.191747857170751,15.352087035301537,0.9903045076271872,5.385375166144025,NORMAL
Dehydrate,StandardMale.xml,358,72.51784186898588,117.5401460895113,74.70603090430008,88.98406929937049,5.059409031146647,69.76130243854062,5.193945019276817,15.415210812833418,0.9909550400918159,5.384815324162451,NORMAL
Dehydrate,StandardMale.xml,359,72.63164174351161,117.02508105595027,74.7131931076924,88.81715575711169,5.055716491308973,69.7490093746527,5.189990298196237,15.481163930329537,0.9890072518933313,5.388858297609895,NORMAL
Dehydrate,StandardMale.xml,360,72.25425138051759,117.13943880196297,74.78508848568003,88.90320525777435,5.071049499830581,69.6152534460502,5.1914491960428535,15.572072589678987,0.9897607306625632,5.381581259526687,NORMAL
Dehydrate,StandardMale.xml,361,71.88445289261887,117.27998026814613,74.37890646083872,88.67926439660786,5.038504605662198,70.09721617558989,5.1958140494844525,15.551888518350435,0.9905427465767492,5.384265761157273,NORMAL
Dehydrate,StandardMale.xml,362,71.88579825987408,116.7297715758776,74.05860764480106,88.28232895515991,5.06742557649363,70.00001292815465,5.200141856116906,15.527083036632167,0.9902901026217878,5.392297479216511,NORMAL
Dehydrate,StandardMale.xml,363,71.53282094742667,117.4793002558936,74.06410889170749,88.53583934643619,5.095367277330324,70.34760106074792,5.201000874968885,15.624194529972584,0.9906238927795324,5.4002610278560805,NORMAL
Dehydrate,StandardMale.xml,364,71.78767526242386,117.3980985172027,73.78390708292041,88.32197089434784,5.05566780513418,70.96968407370052,5.198325571367908,15.491903182270097,0.9911781828205583,5.401841698849731,NORMAL
Dehydrate,StandardMale.xml,365,71.73748849360108,118.02395987957411,73.8423806723838,88.56957374144723,5.068705931160093,70.28437778863184,5.194858957231701,15.506235238845939,0.9921496364703558,5.396918902578697,NORMAL
Dehydrate,StandardMale.xml,366,71.96440461274983,118.02225451180325,74.66509561934524,89.11748191683124,5.023855367860233,70.4820569030065,5.194640894844091,15.39577109609791,0.9925940070740205,5.390540024631312,NORMAL
Dehydrate,StandardMale.xml,367,71.84333115897066,118.39624745244652,75.36778109512316,89.71060321423094,5.012415935133164,69.75989870252529,5.197804934395208,15.396072092453018,0.9905757007699436,5.390138770467789,NORMAL
Dehydrate,StandardMale.xml,368,71.69039202470323,119.0393073792722,75.43079292202371,89.9669644077732,4.999227995588139,69.71813634872726,5.202391870600273,15.330062570111783,0.9899254361897496,5.395960884301132,NORMAL
Dehydrate,StandardMale.xml,369,71.89027031569685,119.14212621356185,75.00050945792078,89.71438170980115,5.00882003765764,69.68046888700623,5.205181178924325,15.216562891391794,0.9901709456540274,5.404401254372594,NORMAL
Dehydrate,StandardMale.xml,370,71.57579134067399,118.52383219524073,75.37196527818683,89.7559209172048,5.018357966277417,69.63752869904687,5.207163467620286,15.1984154308342,0.9892075343533844,5.40953382946104,NORMAL
Dehydrate,StandardMale.xml,371,71.33792805905682,117.76955360109207,75.21568224944785,89.40030603332926,5.004707515038004,70.00315413861703,5.2042883728058165,15.307543942045193,0.9877686394946749,5.413181416746845,NORMAL
Dehydrate,StandardMale.xml,372,71.20785476802209,117.72501291458201,75.37353001522625,89.49069098167817,4.996724374755838,70.02833760429137,5.199208112487973,15.440673646649605,0.9871090141652336,5.40789098689568,NORMAL
Dehydrate,StandardMale.xml,373,71.0258977460435,117.89458606577985,75.23645857556184,89.4558344056345,4.9879794662596515,70.03586737707556,5.197189901830509,15.448535050226429,0.9866037853812324,5.398542856635091,NORMAL
Dehydrate,StandardMale.xml,374,70.87023214158604,118.46856299236046,75.81242614711432,90.03113842886303,5.027833510078401,70.07593258776421,5.198134189182095,15.418605494087707,0.985484302552444,5.394829169749199,NORMAL
Dehydrate,StandardMale.xml,375,70.97960992926843,117.90788147196706,75.59582417427261,89.69984327350409,5.023578170136302,70.68767550205133,5.193916042681002,15.317298922115224,0.9852496086661551,5.396566742356464,NORMAL
Dehydrate,StandardMale.xml,376,71.10145714077467,117.89662952384778,75.13562171937019,89.38929098752939,5.000575373630822,70.54688903339414,5.1918683897332825,15.416258863131944,0.9856047521224458,5.388804978099625,NORMAL
Dehydrate,StandardMale.xml,377,71.33938044662486,117.48254338980934,74.76555568577987,89.00455158712303,4.984871418344759,70.1683213020351,5.19700679201611,15.418244825004606,0.9850530504584264,5.385037114784328,NORMAL
Dehydrate,StandardMale.xml,378,71.55528420586688,117.96905319102515,74.70605677582269,89.12705558089017,4.973664264808262,69.7865386146746,5.200400870412627,15.491330771143037,0.9861273341792712,5.394492231425195,NORMAL
Dehydrate,StandardMale.xml,379,72.0152778041674,117.46326379714439,74.6428972989933,88.916352798377,5.012952446949898,69.4787153742674,5.197377333471149,15.405462092613035,0.9854797473586455,5.400737637168255,NORMAL
Dehydrate,StandardMale.xml,380,72.38416810658718,118.18254727392028,74.55209885176846,89.0955816591524,5.026824811422322,69.58830209897394,5.197497103437617,15.494733607305019,0.9856690267226299,5.395174060617391,NORMAL
Dehydrate,StandardMale.xml,381,72.10846968063912,117.98757482706371,75.10202513995648,89.39720836899222,5.014688646566134,69.4639627650532,5.1938361022335044,15.367780519238018,0.9858070858252798,5.39539444799477,NORMAL
Dehydrate,StandardMale.xml,382,72.1625890907161,118.05291554300081,75.42559512716886,89.63470193244618,5.016741195645221,69.5355276286999,5.198858986402453,15.40219303532607,0.9856274214741746,5.388657880575179,NORMAL
Dehydrate,StandardMale.xml,383,72.29981032968911,117.96053473882927,75.24268692847937,89.48196953192934,5.029939394866183,69.51748105051556,5.202139872492605,15.39066043944064,0.9864642261309208,5.3979004336251215,NORMAL
Dehydrate,StandardMale.xml,384,72.17277720920283,117.96419653066168,75.49167680768062,89.64918338200764,5.005315493155052,69.56774205400183,5.203555407420163,15.406965594148573,0.9869928622474062,5.40393755546968,NORMAL
Dehydrate,StandardMale.xml,385,72.3727194251814,117.37195473902236,76.14024709459059,89.88414964273451,5.0029466595241985,69.37214773964209,5.202279183711947,15.406319290158569,0.9868533597089403,5.406542265477306,NORMAL
Dehydrate,StandardMale.xml,386,72.6414706032482,117.71414441476165,76.17614187063766,90.02214271867899,5.025812067383557,69.18668891080118,5.200692245174253,15.510849599499142,0.9878916777945922,5.404193900488181,NORMAL
Dehydrate,StandardMale.xml,387,72.55471649889445,117.94118584525582,75.65742297611438,89.75201059916152,5.043892234595272,69.2500880361546,5.202212912751933,15.45045333371187,0.9872254984621677,5.401273792612251,NORMAL
Dehydrate,StandardMale.xml,388,72.57176333527136,117.31011206154912,76.27800668466666,89.95537514362748,5.052246959810427,69.53429544651756,5.201032155479729,15.410380661877973,0.9878056057630723,5.404071956034956,NORMAL
Dehydrate,StandardMale.xml,389,72.84069364824015,117.29381379263289,75.65799736545763,89.53660284118271,5.025990804421087,69.6208445734438,5.201056391289405,15.521764793762674,0.9876376752125146,5.401899257768308,NORMAL
Dehydrate,StandardMale.xml,390,72.75271638015073,117.48212241692916,75.63311799614648,89.58278613640738,5.013821587443569,69.09682484613147,5.203695349230105,15.524641428129888,0.9876925482165007,5.401943853810961,NORMAL
Dehydrate,StandardMale.xml,391,72.61664467407073,117.32592897966131,75.10570295161617,89.17911162763122,4.980345577334781,69.02008995074608,5.2025596397045195,15.491405072595603,0.9888624475447515,5.406799770838525,NORMAL
Dehydrate,StandardMale.xml,392,72.19772142875063,118.02208103383374,74.78079583700858,89.19455756928363,4.967913242870976,68.72589790344978,5.201908308565866,15.518973117514184,0.9876742252689723,5.404709964427214,NORMAL
Dehydrate,StandardMale.xml,393,72.14822141328416,117.98611398765696,74.84985522846947,89.22860814819863,4.987925760612091,68.90320286896171,5.199944823379591,15.39610271120717,0.9868611982717244,5.403511457274828,NORMAL
Dehydrate,StandardMale.xml,394,72.36950217885538,117.44886501049632,75.40401681125672,89.41896621100325,5.001370702100545,69.18246637742477,5.201720628387483,15.402450872576395,0.9857054473529698,5.399898470117149,NORMAL
Dehydrate,StandardMale.xml,395,72.68964317362884,117.1551032040298,75.08339056133053,89.10729477556362,4.973999088255333,69.17031436632902,5.202181544062456,15.4972749842286,0.9870244307621168,5.403166109075114,NORMAL
Dehydrate,StandardMale.xml,396,72.35011651282936,117.121447605345,74.81243713967606,88.91544062823237,4.988698694367999,68.59347649000033,5.2013284619542235,15.549123761089469,0.9854501430385164,5.404014234859861,NORMAL
Dehydrate,StandardMale.xml,397,72.37793670611136,116.80093444305382,75.06262324417206,88.97539364379931,4.981310010337753,69.03353617980315,5.203269600160628,15.555063953408265,0.9845315050264732,5.402444488002061,NORMAL
Dehydrate,StandardMale.xml,398,72.51128880029876,117.37405006408288,74.64784441819005,88.88991296682099,4.95193822491341,68.92321196579714,5.2067279706659555,15.611634328000175,0.983629843323221,5.4060163547317135,NORMAL
Dehydrate,StandardMale.xml,399,72.279395793788,117.38817171146877,74.52155096178308,88.81042454501164,4.987347233151255,68.46771093185653,5.2064671820292805,15.510479775923976,0.9841567207593609,5.412380063666005,NORMAL
Dehydrate,StandardMale.xml,400,72.30632659208126,117.61589522005215,74.79967896062266,89.07175104709916,4.976865567043072,69.07265598499392,5.209405272731126,15.50798731390849,0.9845762336826863,5.411900189408861,NORMAL
Dehydrate,StandardMale.xml,401,72.50178960483126,117.94941242675246,74.6976542022816,89.11490694377189,4.989104032603421,68.92581591033117,5.204500788330568,15.467794255714384,0.9835119594755997,5.417306537288676,NORMAL
Dehydrate,StandardMale.xml,402,72.10511990317953,117.68288862684948,74.47033728941723,88.87452106856131,5.006029450004822,68.92000114653464,5.20424917385984,15.408928675340043,0.9833856539454171,5.408281850329937,NORMAL
Dehydrate,StandardMale.xml,403,71.79635873632131,117.55734414339308,74.27298183506286,88.70110260450627,5.01606692832152,69.43404115725083,5.205843757941828,15.455969960915937,0.9839505102144419,5.407818857353069,NORMAL
Dehydrate,StandardMale.xml,404,72.23319227688107,117.68623518379896,74.4634822501663,88.87106656137718,4.985151787886619,69.7995216028573,5.2035223170014335,15.478128484473308,0.9838874256968267,5.41075303370965,NORMAL
Dehydrate,StandardMale.xml,405,71.83381069856748,117.52575836260246,74.05552797248143,88.54560476918844,4.958051190241107,69.08248705550362,5.206392847490261,15.45537929568749,0.9853678694947501,5.406481376167445,NORMAL
Dehydrate,StandardMale.xml,406,71.86828612386918,117.57444101093299,74.50564546322445,88.86191064579397,4.95688593872112,69.06990905788625,5.209280621648004,15.483703355215997,0.9853045548097764,5.411763407253984,NORMAL
Dehydrate,StandardMale.xml,407,71.55829829963378,116.96765049818154,74.99450469218685,88.98555329418508,4.94599256587356,69.02874039291409,5.20628711329427,15.475110897943733,0.9853930298062977,5.417077168223068,NORMAL
Dehydrate,StandardMale.xml,408,71.3729324161726,117.02920470444329,75.4036754076073,89.27885183988596,4.974455713329071,69.14147374439699,5.206281685315915,15.58220904754791,0.9842012378639432,5.411568846941069,NORMAL
Dehydrate,StandardMale.xml,409,71.17796580594938,117.5284343976371,75.86168476387549,89.75060130846269,4.967205164188522,69.63341645367771,5.209005538767329,15.5713447682745,0.9828899349249143,5.411558858978733,NORMAL
Dehydrate,StandardMale.xml,410,71.50215951815314,117.64873940116006,76.46566810599188,90.1933585377146,4.939764196719294,69.70113142943275,5.211586202809034,15.483231036690139,0.983812682897394,5.416570991287218,NORMAL
Dehydrate,StandardMale.xml,411,71.43056983546713,118.38905134651422,76.35062947256677,90.36343676388259,4.935669071508041,69.11044646688605,5.213827107032379,15.46199727809525,0.9837248252415034,5.421319642362429,NORMAL
Dehydrate,StandardMale.xml,412,71.92895616002157,118.72922091807825,75.99376468993506,90.2389167659828,4.969089157167064,69.11744699884255,5.21360079156539,15.331332678350966,0.9833786751091109,5.425443105191244,NORMAL
Dehydrate,StandardMale.xml,413,72.11043739098794,118.82941408480194,75.59367529940934,90.00558822787355,4.944342870759618,69.12812450740057,5.209579528876142,15.27129295969921,0.9826291372520933,5.4250266646285485,NORMAL
Dehydrate,StandardMale.xml,414,71.73790475520299,118.52309703133172,75.37872173283337,89.76018016566616,4.954853548381784,68.68807490002581,5.207050128195822,15.25360892784045,0.9834308622562012,5.417627184074549,NORMAL
Dehydrate,StandardMale.xml,415,71.61688115762114,118.13591180269074,75.88134406751783,89.96619997924213,4.999702603020972,69.10684529789431,5.20827942422822,15.307673698019713,0.982341999074477,5.412972862137973,NORMAL
Dehydrate,StandardMale.xml,416,72.05654641765582,118.51990921250709,76.39780896130698,90.43850904504035,5.0391410911830015,69.74470970008304,5.211287913921858,15.376011651020146,0.9814351856002343,5.41523487603504,NORMAL
Dehydrate,StandardMale.xml,417,72.33915932710414,118.1083664083761,76.6047389947808,90.43928146597924,5.060209091134541,69.87077484980607,5.21300011803142,15.30823634606746,0.9822489160834053,5.420770764313243,NORMAL
Dehydrate,StandardMale.xml,418,72.26924715202591,118.20402876076196,76.25614087227116,90.23877016843475,5.045331937617782,69.89977982822924,5.211480603209834,15.380873396052774,0.9828697638984114,5.42392137196866,NORMAL
Dehydrate,StandardMale.xml,419,72.52454098858813,117.61038744707027,76.24477969290984,90.03331561096331,5.021555309901852,69.77660604715318,5.214926026000669,15.36398905011788,0.9826473016951179,5.421125329719567,NORMAL
Dehydrate,StandardMale.xml,420,72.78966110169932,117.41437312105674,75.61898502297893,89.55078105567154,5.040616645011197,69.290672214601,5.216059847119922,15.468766374233713,0.9835282088777466,5.4274652137090555,NORMAL
Dehydrate,StandardMale.xml,421,72.61327923381445,117.71298744242686,75.49362273814975,89.56674430624213,5.000276126807019,69.31109272420882,5.215120017286361,15.50336278134754,0.9827993766035154,5.429551545284971,NORMAL
Dehydrate,StandardMale.xml,422,72.4458250494962,117.34330435990967,75.2753678408552,89.29801334720669,5.026506857590438,68.96681115884772,5.2122886390051235,15.450657538612234,0.9832091296561445,5.427822174906831,NORMAL
Dehydrate,StandardMale.xml,423,72.41792436724876,117.39994119729138,75.17300190870466,89.24864833823356,5.037582363124433,69.41169719924167,5.206790186291577,15.515906373664105,0.9821510439685591,5.422612187360119,NORMAL
Dehydrate,StandardMale.xml,424,72.56927934139968,117.41386443298403,74.81926136106497,89.01746238503799,5.061191448007246,69.5663330490049,5.205660132460622,15.505910006951794,0.9808808617102847,5.412494545943716,NORMAL
Dehydrate,StandardMale.xml,425,72.83251191933907,117.06598266657011,75.1843120666717,89.1448689333045,5.023598560921916,69.72979717428971,5.206707545249864,15.50345256447725,0.9801871422121791,5.410415146512914,NORMAL
Dehydrate,StandardMale.xml,426,73.02778356084761,116.8593598376212,75.4656634826647,89.2635622676502,5.000488213213046,69.07466065772986,5.204889677219478,15.564853480742439,0.981783357880417,5.412342479086021,NORMAL
Dehydrate,StandardMale.xml,427,72.57389807210141,116.84826678344226,75.29506077232683,89.14612944269864,5.016378530966722,68.6480197538337,5.201840158629966,15.601322282052575,0.9825070020691669,5.408997440430243,NORMAL
Dehydrate,StandardMale.xml,428,72.63282643257283,116.2851198289524,75.35006136498114,88.99508085297157,4.984814169888624,69.19011066051245,5.198954936284126,15.603280199243201,0.9832462793534192,5.403386055339064,NORMAL
Dehydrate,StandardMale.xml,429,72.12554401979477,116.76045951095001,75.80696200002176,89.45812783699785,5.025888132244229,68.76675954006366,5.198261634303029,15.70267528785065,0.9822830245675709,5.398076989930557,NORMAL
Dehydrate,StandardMale.xml,430,71.75944939419142,116.74240725373127,76.10656062105484,89.65184283194698,4.990636023344292,69.65669533871818,5.196534141124328,15.61877812844296,0.9836432289136493,5.396801252699838,NORMAL
Dehydrate,StandardMale.xml,431,71.51275725714781,117.27302297381586,76.39782877920767,90.02289351074373,4.962534274078287,69.52187003081046,5.201740657452008,15.621964340659002,0.9826802695405772,5.393622511799089,NORMAL
Dehydrate,StandardMale.xml,432,71.62548600345019,116.67030966487654,76.53110692119914,89.91084116909161,4.962729743862758,69.37775007110301,5.2038258024301465,15.528310994771534,0.9832499850623853,5.403202964333007,NORMAL
Dehydrate,StandardMale.xml,433,71.41447317824195,116.70294624996042,76.69257961675036,90.02936849448704,4.996488240604768,69.29080011490703,5.199386788491991,15.634689520428626,0.9821913038685626,5.407039816314663,NORMAL
Dehydrate,StandardMale.xml,434,71.72256770151303,116.98075756797044,76.47203765778717,89.97494429451493,5.034015630235295,69.8673522310408,5.197580854858892,15.628929183379134,0.9813353653783077,5.398871636354141,NORMAL
Dehydrate,StandardMale.xml,435,71.59443177088748,116.51846991314831,76.48064772904213,89.82658845707752,5.03748802747512,70.07506128501196,5.198850210013902,15.579895657849775,0.9824652823421944,5.395548558049493,NORMAL
Dehydrate,StandardMale.xml,436,71.82032967836592,117.17960323348345,76.61425657621618,90.13603879530527,5.016629489209585,70.21963967851948,5.199119633423265,15.6614891425465,0.9826965148746178,5.397884284290587,NORMAL
Dehydrate,StandardMale.xml,437,72.05117329504776,116.98976126639761,76.00756248312129,89.66829541088006,5.0462487415084825,69.78724379360256,5.203736738761721,15.544799521068256,0.9828653545360402,5.398380047296499,NORMAL
Dehydrate,StandardMale.xml,438,71.73209208047498,117.10788300450662,76.11938958969566,89.78222072796598,5.042354931979856,69.96056754840113,5.208214935105084,15.578306510655018,0.9844966789621995,5.4068759312533015,NORMAL
Dehydrate,StandardMale.xml,439,72.1277950686311,116.6974855477598,76.53833774783135,89.9247203478075,5.042186985580597,70.16816043370329,5.206212229788456,15.557458097053196,0.9850857484374135,5.415116210319949,NORMAL
Dehydrate,StandardMale.xml,440,72.31481050309647,117.4867692078436,76.79952185407507,90.36193763866457,4.997906117598567,69.85086786695153,5.20139085301199,15.629892993934728,0.9843654482023917,5.411431054638525,NORMAL
Dehydrate,StandardMale.xml,441,71.88960652982678,116.93173181903443,77.05272355856165,90.34572631205258,4.998713707963516,69.17161415479399,5.202565353505857,15.490584916877813,0.9844193310593388,5.402559293090503,NORMAL
Dehydrate,StandardMale.xml,442,71.84196306653051,117.33979153324113,76.42793865401808,90.06522294709242,5.001810127146548,69.51622213641755,5.203520709721282,15.58854867216636,0.9837981619915996,5.404720478329228,NORMAL
Dehydrate,StandardMale.xml,443,71.71853581093971,117.43319465063864,76.02149152941658,89.82539256982393,5.026213965696733,69.5912993944457,5.203603111043491,15.516526385394965,0.9835664501619871,5.406478418629193,NORMAL
Dehydrate,StandardMale.xml,444,71.8769920104088,117.96813309167888,76.23623302979298,90.14686638375495,4.988013514217004,69.98405096250342,5.205301781006908,15.500040793035955,0.984370945610738,5.406630044381707,NORMAL
Dehydrate,StandardMale.xml,445,72.17646406816002,117.35294587374405,75.71193027515027,89.59226880801486,4.984367867467532,69.3971972435357,5.2044115924259655,15.405624489577667,0.9847477392359438,5.409755748005988,NORMAL
Dehydrate,StandardMale.xml,446,71.99190861051467,117.76734765045511,76.03456917637273,89.94549533440019,4.95600429033427,69.11754146105642,5.206137867042312,15.514204652445093,0.9853724077266717,5.408117721942261,NORMAL
Dehydrate,StandardMale.xml,447,71.72444143534155,118.42890770460419,76.05811362634793,90.18171165243335,4.984500059730452,68.92107876345722,5.207854765470951,15.44106299557048,0.9843435205114661,5.411294220580032,NORMAL
Dehydrate,StandardMale.xml,448,71.475936214825,118.77208329271964,75.7738024789411,90.10656275020062,5.017476625112134,69.47552357074451,5.209941036004667,15.32429805583843,0.9829840784667742,5.414453466199543,NORMAL
Dehydrate,StandardMale.xml,449,71.81661913982867,118.3621339473923,75.277027775241,89.63872983262476,5.032135959927968,70.0724428128762,5.209912711398865,15.263727777127519,0.9818764727468837,5.418292389303447,NORMAL
Dehydrate,StandardMale.xml,450,71.81401867239538,118.12375554062488,75.36151125790914,89.61559268548106,5.033208843707889,69.97728209827288,5.207797012534926,15.336083582621114,0.9813915644399451,5.418240269512717,NORMAL
Dehydrate,StandardMale.xml,451,71.53005529960932,118.21269110854803,75.70386971076073,89.8734768433565,5.007060366538886,69.99230061918071,5.20726184668266,15.378157223744171,0.9803121927392101,5.414347195667107,NORMAL
Dehydrate,StandardMale.xml,452,71.90558461746622,117.83007127500031,75.70478344447814,89.7465460546522,4.996758833666088,69.90300316504268,5.203182068162687,15.362460151099816,0.981980489344323,5.413362442960551,NORMAL
Dehydrate,StandardMale.xml,453,72.20868738095434,117.92404913042184,76.23620950758561,90.13215604853102,5.016443570784244,69.48001616372363,5.202121337083677,15.429992314694477,0.9816873221297469,5.405855288080099,NORMAL
Dehydrate,StandardMale.xml,454,72.10386405536767,118.24137668284814,75.93396370841712,90.03643469989413,4.980485533703191,69.47755164767324,5.200679806002762,15.413405281430265,0.9819583120556862,5.403903448670768,NORMAL
Dehydrate,StandardMale.xml,455,72.40658950367552,117.76409626535086,76.30692880057045,90.12598462216391,5.021596449557196,69.1278463440083,5.205166245790477,15.357397165006073,0.980908291309107,5.401250903431746,NORMAL
Dehydrate,StandardMale.xml,456,72.30496267287137,117.48704530373325,76.68467952093103,90.28546811519844,5.0049055585722915,69.3836741494954,5.205284089537371,15.441636863027203,0.9797593537933259,5.409506351168261,NORMAL
Dehydrate,StandardMale.xml,457,72.01021924158302,117.63664850653224,76.36891872520643,90.12482865231503,5.014069922223618,69.26331521057317,5.204500863971065,15.490536186124324,0.9804534455334556,5.409723194130519,NORMAL
Dehydrate,StandardMale.xml,458,72.00305534804106,118.06100200059595,75.96007654094751,89.99371836083033,5.044232368404972,69.60575731478411,5.206745816960802,15.464131313506957,0.9800523485803776,5.408281989515169,NORMAL
Dehydrate,StandardMale.xml,459,71.60760381360402,117.92788462996981,75.64436496127742,89.73887151750822,5.026057958443031,69.97456973221809,5.209602191285859,15.389233184684521,0.9815795367885982,5.412412902433795,NORMAL
Dehydrate,StandardMale.xml,460,72.03952538452185,117.23840526606942,75.87491780008797,89.66274695541512,5.050509547309185,70.07084034309023,5.211106592851167,15.412728318136079,0.9806648689849594,5.417668884921515,NORMAL
Dehydrate,StandardMale.xml,461,72.05621223908328,116.96132963861074,75.88004999822904,89.57380987835627,5.008577216340974,70.02110669324976,5.215188151419354,15.534420998743695,0.981646444347026,5.420437117436556,NORMAL
Dehydrate,StandardMale.xml,462,71.72044399952333,117.6731607874285,76.37088946128986,90.1383132366694,5.009016136766729,69.50328709905651,5.2159822429789084,15.58332467534649,0.9815320557745549,5.427947547763843,NORMAL
Dehydrate,StandardMale.xml,463,72.15076273733686,117.13042879178556,75.84200120719443,89.60481040205813,4.978496997724279,69.77480588422618,5.217904002304936,15.457686918547505,0.9805338287381228,5.429408746771987,NORMAL
Dehydrate,StandardMale.xml,464,72.17769067210727,117.141582131983,76.41762848441627,89.99227970027185,4.960301261328251,69.06714281476191,5.214082386709403,15.553478779565197,0.9803359508219611,5.432944954640334,NORMAL
Dehydrate,StandardMale.xml,465,72.38613427538891,117.52346473920188,76.6509792864673,90.2751411040455,4.951030658338791,68.82740241677217,5.210675979954961,15.551510221929654,0.9794329299115963,5.425912842473272,NORMAL
Dehydrate,StandardMale.xml,466,72.07831010710177,117.97137088382972,76.67613684691908,90.44121485922263,4.9299824040543365,68.5538464792491,5.206466125535254,15.484108178325336,0.9797762135966241,5.419644751456513,NORMAL
Dehydrate,StandardMale.xml,467,71.98932493448841,118.02502926238202,77.15425033982969,90.7778433140138,4.915914191529895,68.54040045891857,5.204032199865128,15.405053021268802,0.9794889082771016,5.411898245366006,NORMAL
Dehydrate,StandardMale.xml,468,71.68719084065886,117.54274977441783,77.24188816124753,90.67550869897096,4.9532188059898115,68.44036166692345,5.205678582796951,15.395582350694777,0.9785505402661634,5.40741960592916,NORMAL
Dehydrate,StandardMale.xml,469,72.01263332219332,117.35538921465633,76.60541794020705,90.18874169835681,4.939303919945542,69.1270876636925,5.203781975940387,15.480704381556475,0.9791065896206431,5.410449096770689,NORMAL
Dehydrate,StandardMale.xml,470,72.15208999098448,117.0953664883713,77.12309140149135,90.447183097118,4.909870477068023,68.70379564386896,5.2025235081046874,15.513773404287683,0.9794344042055574,5.406959171680432,NORMAL
Dehydrate,StandardMale.xml,471,72.32298351062131,116.85145740752361,76.945576581787,90.24753685703253,4.94618044873075,68.24126742305539,5.19871966992972,15.559667254397311,0.9784152754447468,5.404643479073979,NORMAL
Dehydrate,StandardMale.xml,472,72.52873439839847,117.66200885213019,76.39132668963632,90.14822074380093,4.979238893645284,68.5447124212513,5.1975444369081165,15.602717056069377,0.9793326535968783,5.397644078939914,NORMAL
Dehydrate,StandardMale.xml,473,72.5486391247458,117.81697718088357,76.05592937431857,89.97627864317357,5.0070224230558225,68.7809443918365,5.192958774719928,15.459655228219225,0.978479205704179,5.395481545785085,NORMAL
Dehydrate,StandardMale.xml,474,72.7711845893178,117.75928678239784,75.60390735839603,89.65570049972996,5.038493820980201,69.09791180042795,5.196815321781097,15.43230341419451,0.97849522930294,5.387043520017846,NORMAL
Dehydrate,StandardMale.xml,475,72.26554959484663,117.73296422185764,75.2520365211228,89.41234575470108,5.039280178669213,69.30019192379066,5.200286808607629,15.442485733789017,0.9787003181163912,5.394139909184613,NORMAL
Dehydrate,StandardMale.xml,476,71.84099945416857,118.02083983636246,74.94729320084143,89.30514207934844,5.0112284072641815,69.70688738994926,5.197135387794629,15.44713164941798,0.9785435765318864,5.400527753315034,NORMAL
Dehydrate,StandardMale.xml,477,72.17656040248653,117.36690031226435,75.21400136902788,89.26496768344003,4.989396440446334,69.7056645344595,5.195315481170366,15.39632178179195,0.9787957802685688,5.394728859080738,NORMAL
Dehydrate,StandardMale.xml,478,72.18510636345474,116.82666218305198,75.04208982765813,88.97028061278941,4.961786889934808,69.177888459197,5.192684612682235,15.511741702690799,0.9804457998376386,5.391380069231138,NORMAL
Dehydrate,StandardMale.xml,479,72.17220351895305,117.14758915521266,75.51724893927938,89.39402901125715,4.990461598947913,68.83946003899237,5.198163554915055,15.607093397828399,0.9816556808780518,5.386539037514879,NORMAL
Dehydrate,StandardMale.xml,480,72.02827800462516,117.31007499819331,75.55558906672324,89.47375104387993,5.024745532256861,69.19410847286156,5.19833432151226,15.55044998605087,0.9815882216948213,5.396620777913647,NORMAL
Dehydrate,StandardMale.xml,481,71.76700477098059,117.13757191715106,75.27063295359625,89.22627927478119,5.053112537560174,69.71996102044571,5.201252884624071,15.521771335422013,0.9805367861172012,5.396935003621573,NORMAL
Dehydrate,StandardMale.xml,482,72.20246469942583,117.28011509693545,75.67654644284174,89.54440266087298,5.086010544755474,70.270094910626,5.205892508117886,15.552218022363231,0.9796940480077497,5.402305419001102,NORMAL
Dehydrate,StandardMale.xml,483,72.2912556129336,117.03784160432008,76.09409543160834,89.74201082251226,5.10794139899963,70.31811698219654,5.2009804557405435,15.527059239434376,0.9816074646507582,5.410842738364037,NORMAL
Dehydrate,StandardMale.xml,484,72.01398919615046,117.6360053226679,76.43990775179702,90.17194027542065,5.081956384026109,70.51052885659428,5.2042942853509375,15.569820360796658,0.9829143795075964,5.401804125655756,NORMAL
Dehydrate,StandardMale.xml,485,71.75233367916321,117.80830313755112,76.7556694988151,90.4398807117271,5.086856303143639,70.41999487132954,5.20809073329324,15.464244835060573,0.981665756224109,5.407901866503909,NORMAL
Dehydrate,StandardMale.xml,486,71.95767660931038,118.4574103417517,76.7432037762218,90.6479392980651,5.080342520918344,70.68927246060498,5.2043261706257535,15.433834377469264,0.9833963662681928,5.414887667953401,NORMAL
Dehydrate,StandardMale.xml,487,72.27064962638609,118.3927806232596,76.42673871708638,90.41541935247746,5.068882069404528,70.44566946110785,5.199882842889467,15.319267358038793,0.9827224558161894,5.407960538241916,NORMAL
Dehydrate,StandardMale.xml,488,71.9966363257846,118.38365560322976,75.77741579170225,89.97949572887809,5.093144038529496,70.05816960875256,5.196906854088342,15.330674463315631,0.9817960268314712,5.39978442050964,NORMAL
Dehydrate,StandardMale.xml,489,72.17079616262917,118.92486798373957,76.21671102933817,90.45276334747197,5.066631613399086,70.5685951447258,5.192373297342781,15.332285023698102,0.9823120299069464,5.394308336760691,NORMAL
Dehydrate,StandardMale.xml,490,72.4736153888371,119.20030622929768,76.60702387724182,90.80478466126044,5.08661503040769,70.110520740758,5.197588682320945,15.236761373810033,0.9821477204694455,5.385966189636376,NORMAL
Dehydrate,StandardMale.xml,491,72.74130205474636,118.9131003168036,76.05693529567762,90.34232363605294,5.0592258679446545,70.10970378675037,5.194145997326064,15.18814669409836,0.9813482878070023,5.395562961274978,NORMAL
Dehydrate,StandardMale.xml,492,72.96588161516179,119.214387736328,76.60303974252572,90.80682240712649,5.063276017266329,69.57107013572714,5.191356084246176,15.238838359734363,0.9830464912819983,5.389228115073241,NORMAL
Dehydrate,StandardMale.xml,493,72.94564530079963,119.67207670842578,76.87657085602906,91.14173947349464,5.032711558070843,69.44356691397233,5.192936715147999,15.185661316830764,0.9822287401050435,5.384094427180337,NORMAL
Dehydrate,StandardMale.xml,494,72.6196874727067,119.73950033150814,76.32638910300982,90.79742617917593,5.0466634032328885,69.09529655627195,5.197989345265193,15.10487949678608,0.9837964122917087,5.387002928445961,NORMAL
Dehydrate,StandardMale.xml,495,72.42063833302423,120.22710003736749,76.84625810078859,91.30653874631489,5.003042092423889,69.51641417157205,5.199173995016003,15.092979269079839,0.9851557605007243,5.396300216682986,NORMAL
Dehydrate,StandardMale.xml,496,72.71841488766314,119.57466223533467,76.82548044807743,91.07520771049651,5.037572146175608,69.15031220192441,5.1956464724095035,15.006918223055429,0.9858793365630173,5.3984800774560355,NORMAL
Dehydrate,StandardMale.xml,497,72.3785851021184,120.06496606221629,76.32994883867438,90.90828791318835,5.0633960834374285,69.33043208170838,5.19188182138213,15.122073090940042,0.986435926132819,5.391989122512857,NORMAL
Dehydrate,StandardMale.xml,498,72.4212414160854,120.36364107515313,76.22713474905888,90.93930352442362,5.036173658907655,69.90678344989927,5.190026323737018,15.035534769230363,0.9850245001585132,5.385061830211331,NORMAL
Dehydrate,StandardMale.xml,499,72.1502096550534,119.53715436934485,75.60198310150741,90.24704019078656,5.022233113296421,69.54684168152673,5.19314961980591,14.982818814471127,0.9864298467093147,5.381647549721844,NORMAL
Dehydrate,StandardMale.xml,500,72.43062286207123,119.34684876060459,75.50320640963308,90.11775385995692,5.022955311973586,69.59326010369134,5.189711631560711,15.128693206051757,0.9862539902298725,5.38739469192868,NORMAL
Dehydrate,StandardMale.xml,501,72.64380475653104,119.3999472478423,75.78617368033785,90.32409820283934,4.992911973571652,69.38108565347237,5.186271337977398,15.162282028103311,0.9871910141590675,5.381068488163567,NORMAL
Dehydrate,StandardMale.xml,502,72.36302964364275,118.98165278114199,76.35329349292803,90.56274658899935,4.959791578677752,68.85502601052869,5.184070073217283,15.152910177999466,0.9866422039916638,5.374738042371542,NORMAL
Dehydrate,StandardMale.xml,503,72.48281160174632,118.93217030082847,76.78952942095624,90.83707638091366,4.932592583002354,68.6768310800928,5.186284065278628,15.226738892245727,0.986851834787549,5.370687519676215,NORMAL
Dehydrate,StandardMale.xml,504,72.38148213548334,118.16602788883552,77.22768797821564,90.8738012817556,4.914765775506449,68.25811202909851,5.191278263572222,15.235472519367505,0.9856750815850931,5.374761461736364,NORMAL
Dehydrate,StandardMale.xml,505,71.99333740484875,117.7342897650451,76.7114119472217,90.38570455316284,4.941888070788784,68.1227151127555,5.194195996159511,15.370696180472,0.9863110270587949,5.383951230227508,NORMAL
Dehydrate,StandardMale.xml,506,71.80675694393435,117.45964384349065,76.31287678182152,90.0284658023779,4.9135948882980305,68.74998715560622,5.195377756762648,15.446897691866544,0.9872257666374091,5.3893201173681415,NORMAL
Dehydrate,StandardMale.xml,507,71.56465791479366,117.32829785530616,76.18923993978298,89.90225924495738,4.9086612741574145,68.55477285169478,5.197367533186514,15.495372526882402,0.9873484507470578,5.391494661852832,NORMAL
Dehydrate,StandardMale.xml,508,71.40331188734123,116.74325490767262,75.77200229073443,89.42908649638049,4.904165394459411,68.68474500358404,5.193397374558685,15.518555012430348,0.9881919862159033,5.395156027223111,NORMAL
Dehydrate,StandardMale.xml,509,71.35815581226439,116.74738063659407,75.78570890232155,89.43959948041238,4.929806302805267,68.75712226048299,5.1898366601163355,15.62181473026346,0.9880691471771748,5.387850582681658,NORMAL
Dehydrate,StandardMale.xml,510,71.22240740125012,117.43425706152614,75.65417076796565,89.58086619915248,4.934812656863686,69.10367288524445,5.188282235572884,15.621086541664644,0.9877189255864989,5.38129855181211,NORMAL
Dehydrate,StandardMale.xml,511,71.14435485026378,117.17672039971984,75.16877401749859,89.17142281157234,4.9636693442609205,69.27210913017416,5.190893820878236,15.499853278172457,0.9862586542351709,5.37843827257378,NORMAL
Dehydrate,StandardMale.xml,512,71.17449011142578,117.33148691120012,75.83129228970297,89.66469049686869,4.975683872840649,69.68504342612069,5.1921579298219855,15.545308339441664,0.9871804092983093,5.3832438215208125,NORMAL
Dehydrate,StandardMale.xml,513,71.5788538391466,117.29612417470507,75.89373326259546,89.69453023329866,5.008272407854489,69.80696308508789,5.192533191014806,15.517992146040632,0.9881510350047682,5.385569894267173,NORMAL
Dehydrate,StandardMale.xml,514,71.63620451143376,116.78936883405676,76.3895525749997,89.85615799468539,5.024315623477205,69.87869043478219,5.1931512188012245,15.52423364712539,0.9891004573408533,5.3862604081961365,NORMAL
Dehydrate,StandardMale.xml,515,71.94250971505635,117.18017058568915,76.48810667805024,90.05212798059655,4.99070122659147,70.02689201688312,5.19627070466744,15.613675650823458,0.9877912397922974,5.387397634222097,NORMAL
Dehydrate,StandardMale.xml,516,72.34042532791271,117.9375339108958,76.80090549709344,90.5131149683609,4.962033978728443,69.37784234665054,5.195802631651931,15.544699383755411,0.9890329043898052,5.393137765317551,NORMAL
Dehydrate,StandardMale.xml,517,72.2270312815148,118.64105078733925,76.85946807512681,90.78666231253096,4.993816744712322,68.72130999308347,5.193717098295095,15.411025226030208,0.9899428646157692,5.392276469390435,NORMAL
Dehydrate,StandardMale.xml,518,72.51721664160574,117.95954206849436,76.62419689778746,90.4026452880231,4.986428272191161,69.19137158359152,5.192480719432435,15.28685493315474,0.9888762574417291,5.388438902757475,NORMAL
Dehydrate,StandardMale.xml,519,72.38998691538443,118.48714875548315,76.89471259549367,90.75885798215683,4.998079603388198,68.87595384814162,5.193307548016279,15.407140799847742,0.988325110511604,5.386163855823563,NORMAL
Dehydrate,StandardMale.xml,520,72.25084819993843,117.93738690562263,76.89510205416425,90.57586367131705,5.019005441647088,69.11482337206601,5.198239146782074,15.314018546437637,0.9893340338545044,5.387685293864406,NORMAL
Dehydrate,StandardMale.xml,521,72.2555241432257,117.38613075810636,76.53323621515571,90.1508677294726,5.019326075830525,69.4750944644328,5.196818628617639,15.411051172369852,0.9887201737525488,5.396759873663729,NORMAL
Dehydrate,StandardMale.xml,522,72.11564025251442,117.43808100463777,76.60133389056377,90.21358292858844,4.979750601666196,69.47526032284004,5.194827138449146,15.508347540912617,0.9873542830943632,5.394145994057595,NORMAL
Dehydrate,StandardMale.xml,523,72.18160244229576,117.7752339815233,75.97721433481982,89.90988755038765,5.013612181214328,69.10976463664832,5.193555678379829,15.499178354582124,0.986378782893174,5.390481475244972,NORMAL
Dehydrate,StandardMale.xml,524,72.34528336021292,118.39081366095668,76.45632935563448,90.43449079074188,4.973418730149557,69.46488633795386,5.197244797140339,15.439671063022391,0.9856777063601955,5.388141875774572,NORMAL
Dehydrate,StandardMale.xml,525,72.10697142808013,118.33315874398507,76.63812865651583,90.53647201900557,4.944814675841174,68.8540645338014,5.20115409124879,15.331021630943596,0.9845266765143619,5.394930181995596,NORMAL
Dehydrate,StandardMale.xml,526,72.46695633755252,118.21436641829979,76.95413456096139,90.70754518007419,4.933714660576865,68.6964523886824,5.200229542484475,15.341197688072842,0.9850011858050087,5.4021236304148434,NORMAL
Dehydrate,StandardMale.xml,527,72.132660066613,117.78512440311597,77.23078411580352,90.74889754490766,4.961814288090245,68.28379200390104,5.202806122233024,15.362164459966456,0.9861026579049258,5.400422378561524,NORMAL
Dehydrate,StandardMale.xml,528,72.3654267901602,117.83175053496221,76.67693010111373,90.39520357906322,4.95178749772232,68.88078208887187,5.202649709839627,15.437925409738233,0.984921443709725,5.405163514174523,NORMAL
Dehydrate,StandardMale.xml,529,72.58022242389248,118.38258599614643,76.03212650868336,90.14894633783771,4.933626723030348,68.57899668360511,5.205767150069103,15.429695926351474,0.9859386547567245,5.404875701476675,NORMAL
Dehydrate,StandardMale.xml,530,72.27463815112564,118.27665909055078,76.52998882761325,90.44554558192576,4.9588331886786134,68.19536861020862,5.20304580919415,15.332473808685705,0.9868341229412569,5.410612068418814,NORMAL
Dehydrate,StandardMale.xml,531,72.22895580024478,118.43372452318911,76.01636092944197,90.15548212735769,4.9267584564528635,68.73414175303319,5.201526947352458,15.351169841903413,0.9869696053482034,5.4056045594742095,NORMAL
Dehydrate,StandardMale.xml,532,71.92952011008705,118.90143362897521,76.11869476766286,90.37960772143364,4.924489316686969,68.38457805087646,5.19803999552824,15.323447890342127,0.9879956001605752,5.4028097187661235,NORMAL
Dehydrate,StandardMale.xml,533,72.14146485424267,119.05990313811856,75.84683101653718,90.25118839039764,4.925466711100178,68.59026936115391,5.194825782889095,15.240897522908757,0.9879728593792608,5.396393417666218,NORMAL
Dehydrate,StandardMale.xml,534,72.48775571400998,119.43531689884294,76.04168471663581,90.50622877737152,4.949604358744327,68.43697579441192,5.192930326239722,15.212927752714137,0.9874636842568539,5.3904789808940645,NORMAL
Dehydrate,StandardMale.xml,535,72.0153824890491,119.65908784742113,76.35787390741045,90.791611887414,4.917024971237322,68.45798720082483,5.197610740524128,15.146667456508755,0.9877088136024538,5.386991172287209,NORMAL
Dehydrate,StandardMale.xml,536,72.09350767723902,118.77598910442572,76.01869114443835,90.27112379776747,4.952477626870138,68.43345725524763,5.195856372147969,15.107172022707022,0.9888933021553146,5.395603550328248,NORMAL
Dehydrate,StandardMale.xml,537,72.1907498600366,118.57813750201856,75.86826541979781,90.10488944720473,4.946700640931807,68.79912234089468,5.193707665431216,15.263038403780982,0.988482104948953,5.392375356676874,NORMAL
Dehydrate,StandardMale.xml,538,72.29792970166713,118.9642397048583,75.76032768897483,90.16163169426932,4.921980931790422,68.65380705394571,5.194325909899694,15.297959089040125,0.9886907575670162,5.388421545450022,NORMAL
Dehydrate,StandardMale.xml,539,72.51855136907885,118.67486022131203,75.96530047196251,90.20182038841234,4.941091002381056,68.27379669659268,5.192764344357643,15.229812289422693,0.9872199744770417,5.389559170190221,NORMAL
Dehydrate,StandardMale.xml,540,72.07562359603324,119.27926740713589,76.13809146872336,90.5184834481942,4.9778524198878475,68.33225503998393,5.190954344519334,15.280887589002916,0.9876757564449372,5.386685750880137,NORMAL
Dehydrate,StandardMale.xml,541,72.3758144018755,118.84725708106143,75.70178044904671,90.08360599305162,5.0020387033321185,69.11835089488474,5.195674465645807,15.17421009512503,0.9883781042399734,5.383355190396703,NORMAL
Dehydrate,StandardMale.xml,542,72.54958180382732,118.88774837133337,75.9294585584109,90.24888849605172,5.016227766893751,69.17337908253373,5.198233148253063,15.250459650054086,0.9885742076494105,5.392040632554274,NORMAL
Dehydrate,StandardMale.xml,543,72.84793480378814,118.44663196977301,75.84002621959138,90.04222813631858,5.005129486162927,69.20731944388221,5.193727607967017,15.243312962404755,0.9889126366626931,5.396748835837506,NORMAL
Dehydrate,StandardMale.xml,544,72.75186424769596,117.96003255449583,76.13068348619173,90.0737998422931,4.982235693709818,68.842418683118,5.194575471759131,15.321169734016014,0.989454490673873,5.388458241487378,NORMAL
Dehydrate,StandardMale.xml,545,72.94079558613257,118.20534471948572,76.12410559851133,90.15118530550279,5.0122340550122155,68.64368364380617,5.198415580035953,15.407054229372328,0.9902278136175415,5.390018386179978,NORMAL
Dehydrate,StandardMale.xml,546,72.51516696496996,117.61786036824604,75.66305577391492,89.64799063869197,4.991297579959235,68.85512777380357,5.201625701953076,15.36375678421835,0.9905985753745,5.397084526523303,NORMAL
Dehydrate,StandardMale.xml,547,72.16823772280084,117.91436027562821,75.5054067199823,89.64172457186427,4.959600050153873,68.93583470360764,5.200048551962977,15.467447408275538,0.9908835677912184,5.402991436003559,NORMAL
Dehydrate,StandardMale.xml,548,71.98340961455062,118.32774982003434,75.36110352671017,89.68331895781823,4.945822915159833,68.82636024005716,5.19798518117886,15.41511535829926,0.9914667853490378,5.400089339924714,NORMAL
Dehydrate,StandardMale.xml,549,71.96284619536372,118.80218891857251,75.53646538494058,89.95837322948456,4.9885791611991745,68.80513425919004,5.193858434571162,15.342152359799407,0.9921180079254001,5.3962925543942415,NORMAL
Dehydrate,StandardMale.xml,550,71.96996293714459,119.22242609250544,75.44893520173602,90.0400988319925,4.973967987552352,69.33623143704769,5.189890106736542,15.258414152814415,0.9926116027462616,5.388698974060233,NORMAL
Dehydrate,StandardMale.xml,551,71.68529994024664,118.65920246738786,75.40471723851115,89.82287898147005,4.982985710760988,69.15464018201541,5.194764658515519,15.184242551945069,0.9918757268922599,5.381396898340915,NORMAL
Dehydrate,StandardMale.xml,552,71.59545214920341,118.88367997419995,75.80939421974468,90.16748947122977,4.984257156338591,69.48825915934128,5.196493581031153,15.283651172870819,0.9903564469234307,5.3903665066170525,NORMAL
Dehydrate,StandardMale.xml,553,71.77638340878336,118.08644374210108,75.56002442395175,89.73549753000152,5.007248339247902,69.57496112265065,5.193459996378191,15.244031031978501,0.9907216202825981,5.393547877624725,NORMAL
Dehydrate,StandardMale.xml,554,71.80857989237647,118.44528316859973,75.11737252943539,89.56000940915683,5.015441804201903,69.70897038183699,5.1953177816031255,15.384742733069594,0.9899743252248281,5.387965812392199,NORMAL
Dehydrate,StandardMale.xml,555,72.21554074323514,118.22960400513716,74.66635437326057,89.18743758388611,4.989339298893149,69.78225751222413,5.1944231651701545,15.321407796587536,0.9881188314958268,5.391384302231762,NORMAL
Dehydrate,StandardMale.xml,556,72.03424034210634,118.66914495654775,74.45175391718544,89.19088426363955,5.004898325148797,69.14661364322598,5.196135933550207,15.359475035329087,0.9871159328665331,5.3897381285269805,NORMAL
Dehydrate,StandardMale.xml,557,72.1828534188147,118.37260803522214,74.18839458799138,88.91646573706831,4.994930287921898,69.47636910572044,5.197331594126792,15.281896329693302,0.9859478127773893,5.392889774490223,NORMAL
Dehydrate,StandardMale.xml,558,72.40878278102858,118.04630859185347,74.15025718536829,88.78227432086335,5.013831731557142,69.2394375070256,5.198508647266546,15.334234912607663,0.9853855353055752,5.395089896160782,NORMAL
Dehydrate,StandardMale.xml,559,72.64506226922647,118.73452856263285,74.17888710261848,89.03076758928994,5.044101124493725,69.28889727816286,5.19722039811101,15.391826562225251,0.9844199877062094,5.397255778494687,NORMAL
Dehydrate,StandardMale.xml,560,72.88659980043153,119.2337067537614,74.2769434822053,89.26253123939067,5.016503752964608,69.46587660805451,5.199714331088504,15.27035616372332,0.9833599802579331,5.394885285614283,NORMAL
Dehydrate,StandardMale.xml,561,72.91314781773531,119.21431235761106,74.08218965033615,89.12623055276111,5.003634054819943,68.94803182868556,5.201242575714757,15.182251522221573,0.9821031992795073,5.399474343827091,NORMAL
Dehydrate,StandardMale.xml,562,73.04885751056553,118.72973173785736,74.34921842770959,89.14272286442551,4.967037238736428,68.7740730277294,5.206090027182688,15.185674621127609,0.9828207244243302,5.402286449692234,NORMAL
Dehydrate,StandardMale.xml,563,72.98158599421743,117.9716244714966,74.7708900736629,89.1711348729408,4.964767355960231,68.23376115856063,5.204405633123648,15.271202800324641,0.9831368168328537,5.411206190988745,NORMAL
Dehydrate,StandardMale.xml,564,72.78317171091861,117.48933662136075,75.14954473213662,89.26280869521133,4.979882506745194,68.25835356875508,5.202064542695886,15.405008263202692,0.9837707824619079,5.408106756296636,NORMAL
Dehydrate,StandardMale.xml,565,72.77119313738088,117.22730915943954,75.37623706463262,89.32659442956826,4.9535336715374205,68.59137962617638,5.205205998180822,15.490131769982504,0.9826838079804142,5.4037989419522265,NORMAL
Dehydrate,StandardMale.xml,566,72.80641251774935,116.78293112236204,74.9863462048123,88.91854117732889,4.928220463437769,68.28615995715555,5.201776216165898,15.536379454690017,0.9819682486276102,5.409579499097671,NORMAL
Dehydrate,StandardMale.xml,567,72.47062986043942,116.958345035882,74.74746149343237,88.81775600758225,4.954050846119592,67.95705965701481,5.199587709772615,15.61481190294952,0.9808288712061737,5.4032683955252185,NORMAL
Dehydrate,StandardMale.xml,568,72.38240291075303,116.67151429858427,75.4143878611684,89.16676334030701,4.94661598328459,68.52449851594093,5.194648054669662,15.583851455879199,0.9816772756479362,5.399241349358176,NORMAL
Dehydrate,StandardMale.xml,569,72.63858905851588,117.29694051474124,75.68602541796714,89.55633045022518,4.925654135122858,68.50382021631461,5.1909767993271805,15.63447690332546,0.9819780620594248,5.390151945182842,NORMAL
Dehydrate,StandardMale.xml,570,72.70168339430485,116.82135885195657,75.4299889271665,89.22711223542986,4.914044035719533,68.05513577736635,5.196584913926469,15.524089563614714,0.9816077494125487,5.383396509237786,NORMAL
Dehydrate,StandardMale.xml,571,72.54591165963043,116.39958531867359,75.10660916452,88.87093454923786,4.888642235811042,67.86801656563448,5.194763640904946,15.608029432481416,0.9827837671020637,5.393715938265139,NORMAL
Dehydrate,StandardMale.xml,572,72.2971203497735,116.92159527498757,74.72558351928812,88.79092077118794,4.924122735646298,67.68354084705024,5.190641207932536,15.682472199824295,0.9840169634759595,5.390364634123204,NORMAL
Dehydrate,StandardMale.xml,573,72.37394558971752,116.58702835734286,74.70436428825431,88.66525231128382,4.929240837780829,68.30012335216425,5.192607565963978,15.590337765911212,0.9852309893488723,5.382778991261306,NORMAL
Dehydrate,StandardMale.xml,574,71.98052180662955,117.1940069072663,74.4760488018708,88.71536817033596,4.930722647209822,68.30206990038613,5.1978217316561395,15.64938861961696,0.9845280197325195,5.386397264709284,NORMAL
Dehydrate,StandardMale.xml,575,71.89262499588067,117.77965380140915,75.01499670429965,89.26988240333615,4.951852712622779,68.62554712060587,5.200964991947021,15.542257281568414,0.9834049268602222,5.395991792753335,NORMAL
Dehydrate,StandardMale.xml,576,72.06902468083467,117.18765011617853,75.6616980281087,89.50368205746531,4.93101381243834,68.94893841381186,5.200048112617329,15.438890967550542,0.9838047127757932,5.401775670902039,NORMAL
Dehydrate,StandardMale.xml,577,72.29832445615682,117.53285413446149,75.31896223031244,89.39025953169545,4.930577460944047,68.56004014593358,5.198630254893118,15.54337925125748,0.9824867313542044,5.400088531489693,NORMAL
Dehydrate,StandardMale.xml,578,72.39181871335603,118.06169628777302,75.96711977397806,89.99864527857638,4.910271561511723,68.37664329648878,5.202943753521328,15.482450955878587,0.9815264936580941,5.397479547329894,NORMAL
Dehydrate,StandardMale.xml,579,72.24982144124417,117.41880803839219,75.68491874305354,89.59621517483309,4.9073554352853295,68.06087330341212,5.20475406575015,15.38911064342787,0.9823380066540104,5.405416767970687,NORMAL
Dehydrate,StandardMale.xml,580,72.41855947135679,117.59440850544676,75.79995643750716,89.73144046015369,4.95792011892094,68.13544844983569,5.206072395222349,15.502580021185192,0.9820657498155471,5.408747903280412,NORMAL
Dehydrate,StandardMale.xml,581,72.3611700513716,117.92287902035869,75.33775274186011,89.53279483469298,4.976458942096125,68.61124533561957,5.203072643256251,15.471586647531577,0.9818376079690415,5.4111737466154874,NORMAL
Dehydrate,StandardMale.xml,582,72.43673748283464,117.77076823871165,75.82240847142215,89.80519506051866,4.984260316102566,68.87813115232899,5.207704884513677,15.413611805131548,0.9807541572207313,5.405653936532124,NORMAL
Dehydrate,StandardMale.xml,583,72.47228938146404,117.31740200331146,76.26189071583599,89.94706114499448,5.014505307995947,68.91270101730635,5.2107829923083,15.440459263862195,0.9798182317929707,5.414177671924346,NORMAL
Dehydrate,StandardMale.xml,584,72.3799962098723,117.03485792558803,76.795291804081,90.20848051125002,4.976602388092879,69.24719410309245,5.207147897077931,15.520478123557616,0.9806624950476885,5.419841663692486,NORMAL
Dehydrate,StandardMale.xml,585,72.23373617784492,116.77726510876516,76.65275606745028,90.02759241455524,5.003818030348922,68.86516901367595,5.2060573686395495,15.570346978244526,0.9820790704677329,5.413152765565792,NORMAL
Dehydrate,StandardMale.xml,586,72.14902149283958,116.38712983867823,76.57290322534797,89.84431209645805,5.0155796063811255,69.30620618867508,5.201599481398969,15.615811950839369,0.9820496307413384,5.411146096368336,NORMAL
Dehydrate,StandardMale.xml,587,72.16771328818122,115.87688468003209,76.01465997814414,89.30206821210679,5.021841878543548,69.51422626997994,5.202662255464889,15.684670584327513,0.9816993231167853,5.40294318785485,NORMAL
Dehydrate,StandardMale.xml,588,72.14398221898936,115.71594905468828,76.21870663023914,89.38445410505553,5.054962652197899,69.57473325230684,5.201082818046486,15.774728538740316,0.9806260563090189,5.404898786541576,NORMAL
Dehydrate,StandardMale.xml,589,71.89621716210006,115.920576091062,76.26518893788804,89.48365132227936,5.057226546076181,69.99159877666455,5.200727577506665,15.8031335769166,0.9814472791565031,5.401992481391458,NORMAL
Dehydrate,StandardMale.xml,590,72.08776059919613,115.62454754289989,76.54521235758084,89.57165741935385,5.0273481966980915,70.21631559060866,5.199082974766985,15.767017031759627,0.9827209906881067,5.401338807242434,NORMAL
Dehydrate,StandardMale.xml,591,72.4433992482339,115.61244755370379,76.5075303207409,89.54250273172853,5.039875231576395,69.70415476907482,5.194614077154841,15.81926588712556,0.9818956763148206,5.398312592112582,NORMAL
Dehydrate,StandardMale.xml,592,72.07538395027856,116.19659091909236,76.7137648505632,89.87470687340625,5.003123877442559,69.57374964356761,5.196153229430074,15.821401527722934,0.9812065145338439,5.390089423537374,NORMAL
Dehydrate,StandardMale.xml,593,72.40589216570407,116.25855215788731,76.57835047974737,89.80508437246068,5.0252216526083835,69.42254609997899,5.198628679367472,15.718300585598787,0.9803331221267481,5.392921600445558,NORMAL
Dehydrate,StandardMale.xml,594,72.26389267459801,117.06045481607515,76.91535199196913,90.29705293333781,5.028968981873216,69.4276686173685,5.2014597758477485,15.707364465335417,0.9805577788698343,5.397476648222753,NORMAL
Dehydrate,StandardMale.xml,595,72.34282240420555,117.80952073562409,76.36935851500415,90.18274592187747,5.025018861532364,69.58442174168843,5.201646702090523,15.56582914293039,0.9795586740775384,5.4026861172306635,NORMAL
Dehydrate,StandardMale.xml,596,72.62892586983253,118.30624519413215,76.30547610167751,90.30573246582905,5.022354930065067,69.4748354689137,5.205726662201382,15.433619472163667,0.9790253457923679,5.403030078121889,NORMAL
Dehydrate,StandardMale.xml,597,72.57776445960155,118.59295296169293,75.82363985200593,90.08007755523492,5.010371441161521,69.21856810976782,5.206274243790904,15.345947912949391,0.9806511403576026,5.410537567145701,NORMAL
Dehydrate,StandardMale.xml,598,72.4763216265938,118.36180684631356,76.41976362790192,90.40044470070579,5.04226359246725,69.11523540657669,5.208396329518462,15.295344169585524,0.9803196436158736,5.411545165911688,NORMAL
Dehydrate,StandardMale.xml,599,72.76085399419227,118.97798173108255,76.31385494873876,90.53523054285336,5.007307120755194,69.57644459131556,5.2068524508049245,15.336141315758876,0.9812939071050012,5.415449992153697,NORMAL
Dehydrate,StandardMale.xml,600,72.82167605634977,118.58154423740227,76.51876919261167,90.53969420754187,5.035190985183816,68.93599675603696,5.208423302653544,15.227386830307065,0.9828967661642466,5.412609118179185,NORMAL
Dehydrate,StandardMale.xml,601,72.7787980840072,118.0944557034789,76.60681331268258,90.43602744294802,5.013752646964626,69.22137349886513,5.206202748368112,15.297357802355315,0.9835820525959096,5.415499625118251,NORMAL
Dehydrate,StandardMale.xml,602,73.0226943388028,118.29347780868135,77.08550261225571,90.82149434439759,5.012233340840161,68.99897678004253,5.207649923728706,15.383328626849682,0.9831625696028701,5.411413607982865,NORMAL
Dehydrate,StandardMale.xml,603,72.52963550800351,118.05212618058663,76.9343965999319,90.64030646015014,5.016255868354695,68.79173219000394,5.208709841979458,15.34820134857228,0.9830619162252271,5.414076539197872,NORMAL
Dehydrate,StandardMale.xml,604,72.63192385702582,118.52394621629495,76.56771568149591,90.55312585976226,5.041875940331577,69.22325901192531,5.211096489258772,15.390799761417746,0.983285066806564,5.416026882931009,NORMAL
Dehydrate,StandardMale.xml,605,72.13759320835428,117.96583830928712,76.70531234498918,90.45882099975516,5.012293520585879,69.44958077705935,5.212711113151228,15.307523817399758,0.9824049914769465,5.420418525929055,NORMAL
Dehydrate,StandardMale.xml,606,71.9419442296216,117.62063782420029,77.02969413716583,90.56000869951065,5.025904569335143,69.48374323858692,5.209646194318124,15.406029517248234,0.9833732587465847,5.423389577317016,NORMAL
Dehydrate,StandardMale.xml,607,71.57831306199142,118.10485075947526,76.43167789426394,90.32273551600105,5.051898928551535,69.80241597512041,5.211269852006547,15.4669571890202,0.9845978502513618,5.417749854409637,NORMAL
Dehydrate,StandardMale.xml,608,71.84868212437938,118.17830924437769,76.06606897168162,90.10348239591364,5.06773460801171,70.40691507397213,5.213356981917219,15.38149390590589,0.9839929203334425,5.420737528784645,NORMAL
Dehydrate,StandardMale.xml,609,72.00770625661227,118.7544360915018,75.92337124123637,90.20039285799152,5.09525379233454,70.38107009516382,5.2170472438298034,15.368528528826896,0.9835114039203809,5.424578033218484,NORMAL
Dehydrate,StandardMale.xml,610,72.04800902730602,117.98393884669287,75.63398471178895,89.75063609009025,5.0922183430911545,70.58511196273466,5.218493470399194,15.266842497210325,0.9847407797682715,5.431368442940871,NORMAL
Dehydrate,StandardMale.xml,611,72.30329325264492,118.56190700985775,75.9225475245265,90.13566735297024,5.091752634421302,70.51625414937385,5.219565891199976,15.402834783609098,0.9849013512837429,5.434029628295782,NORMAL
Dehydrate,StandardMale.xml,612,72.33102509497236,118.8824866389113,76.48879621804835,90.620026358336,5.0630725487680435,70.30666798175736,5.214775747900666,15.30082376085199,0.985457215354702,5.436002977831567,NORMAL
Dehydrate,StandardMale.xml,613,72.0206016905203,118.32210491000893,76.44797737175223,90.40601988450446,5.044852056772144,69.94056772496913,5.212879422471986,15.244241654917698,0.9855904542951623,5.427188688655958,NORMAL
Dehydrate,StandardMale.xml,614,71.72092046168665,118.40183706614768,76.10135802075824,90.20151770255472,5.025326279873494,69.96807067641659,5.213946533672165,15.343148682921967,0.9845076612697529,5.4236992814180045,NORMAL
Dehydrate,StandardMale.xml,615,71.49447170628376,118.10630200806993,75.55047466880553,89.73575044856034,5.056545341550915,69.97142546278691,5.2139875171695085,15.3290760067562,0.9850326971340253,5.425662860817031,NORMAL
Dehydrate,StandardMale.xml,616,71.57854919230643,118.19555897963714,75.43299799338406,89.68718498880176,5.071740422809954,70.53069397115837,5.21104772710006,15.38123776142795,0.9841899688618171,5.4257382740926765,NORMAL
Dehydrate,StandardMale.xml,617,71.40204054086,117.56802725054857,75.50579090594977,89.52653635414937,5.055464686554316,70.64676650696573,5.210534759138099,15.365483961239525,0.9830305720374563,5.420328799225519,NORMAL
Dehydrate,StandardMale.xml,618,71.28739066658936,117.21748072086882,75.3621222231563,89.31390838906047,5.036944936963526,70.59223326676975,5.206876899162318,15.47624292267837,0.9839460058717104,5.419384892608946,NORMAL
Dehydrate,StandardMale.xml,619,71.44096394029177,118.00471267560008,75.82550091881814,89.88523817107878,5.070517405170568,70.46021832296177,5.2014150896272096,15.538114168009198,0.9845370939931982,5.412654105328519,NORMAL
Dehydrate,StandardMale.xml,620,71.49883378286509,118.57045396350271,75.9824464178261,90.17844893305164,5.070820515899985,70.7431824402068,5.205890913468453,15.39916821567601,0.9851217599962493,5.402603890615428,NORMAL
Dehydrate,StandardMale.xml,621,71.44642941403356,119.08572925827639,76.51849422262048,90.70757256783911,5.052262814865327,70.7000332146298,5.205822275163141,15.299315228828352,0.9844605115873126,5.410839804067431,NORMAL
Dehydrate,StandardMale.xml,622,71.87584347857276,119.40910539741033,76.30751919606494,90.67471459651341,5.069530818186151,70.51758094914244,5.20481232072,15.208369458505123,0.9831352016818812,5.410713503488566,NORMAL
Dehydrate,StandardMale.xml,623,72.21697452483703,118.813048491737,76.28805837816553,90.46305508268935,5.096131675208995,70.38095844046015,5.201101496891976,15.151293770274028,0.9846531313424248,5.408855097599682,NORMAL
Dehydrate,StandardMale.xml,624,72.20802358088996,118.02777559631257,75.73277681301909,89.83110974078357,5.096961234796085,70.42810159746793,5.203749248726887,15.256497444878203,0.985775717996126,5.402026852126388,NORMAL
Dehydrate,StandardMale.xml,625,72.10968286459293,117.47000941055641,75.80948142201956,89.69632408486518,5.100272980878618,70.44521740315939,5.208211714563618,15.395097624457343,0.9865393152310523,5.406898950700457,NORMAL
Dehydrate,StandardMale.xml,626,72.2070496617826,118.1479365025287,76.12813693585655,90.13473679141393,5.059224797243158,70.56371885133316,5.207147394471388,15.49354301071659,0.9859113845070854,5.415110284237574,NORMAL
Dehydrate,StandardMale.xml,627,71.83953464386317,117.50652880450878,76.46613819337115,90.14626839708369,5.055987404272704,69.99271732784234,5.207325543305181,15.373889298947848,0.9850214511301486,5.4131518407251065,NORMAL
Dehydrate,StandardMale.xml,628,71.67554044532011,117.40775884356697,76.56762622937737,90.18100376744057,5.043176246199527,70.24670986373175,5.201908734885099,15.487097360307143,0.9855396321894638,5.413479650404115,NORMAL
Dehydrate,StandardMale.xml,629,71.76222248050239,117.67534085893902,76.64294761994402,90.32041203294236,5.0579053813601575,70.22337532297132,5.202612201003177,15.504530197227055,0.9860991316760195,5.403512241740087,NORMAL
Dehydrate,StandardMale.xml,630,71.46339578823589,118.31275616385078,76.09476193336872,90.16742667686273,5.073148247190732,70.33178875472869,5.200416848041311,15.457302137276418,0.9847707656237773,5.404806681885724,NORMAL
Dehydrate,StandardMale.xml,631,71.77288502241392,118.18875295511808,75.95776302255516,90.0347596667428,5.076268452087688,70.75689632491174,5.200123395485837,15.344798730827488,0.9848894974839463,5.400767037424314,NORMAL
Dehydrate,StandardMale.xml,632,71.52315915162929,118.01396348984598,76.31970753363053,90.21779285236902,5.069773393054238,70.54490248853575,5.204714871978339,15.366685220350922,0.9838305593896778,5.400227058655069,NORMAL
Dehydrate,StandardMale.xml,633,71.75142696951914,118.59215921947681,76.63616145484086,90.62149404305285,5.078830978558568,70.66769419128465,5.203069196778367,15.39753545269233,0.9852724580088238,5.408675783258728,NORMAL
Dehydrate,StandardMale.xml,634,71.83930496577095,118.59967632092156,76.10929270416096,90.27275390974783,5.028739220254023,70.59310479717557,5.203790346227868,15.295484264594961,0.9853621296149028,5.40564759470667,NORMAL
Dehydrate,StandardMale.xml,635,72.22601754499286,118.2557801090559,76.3944063769765,90.34819762100297,5.0571971049722295,69.91822574768125,5.201925803374948,15.29415750084668,0.985071138817642,5.4069745737529225,NORMAL
Dehydrate,StandardMale.xml,636,72.3017927176689,118.2432989263512,75.94120763511866,90.04190473219617,5.027245943778709,69.95330861551832,5.205119308307476,15.354854969203082,0.9841484295178738,5.403543649277591,NORMAL
Dehydrate,StandardMale.xml,637,71.99217336682943,118.63423462395484,76.37081727341757,90.45862305693,5.051729924313637,69.53386103967179,5.2090336896690905,15.35705789021858,0.9856994564855329,5.409419982030117,NORMAL
Dehydrate,StandardMale.xml,638,71.96260425768187,118.6292405447029,76.07602829623997,90.26043237906094,5.010232548735625,70.07350767419916,5.204293419737345,15.288057981769589,0.9863202988047932,5.416622791447082,NORMAL
Dehydrate,StandardMale.xml,639,71.95913528383697,118.31849413603676,75.6209529118557,89.85346665324938,5.021308208812787,69.59723933492805,5.199950587421759,15.28893943366381,0.9865732808724548,5.407900273698008,NORMAL
Dehydrate,StandardMale.xml,640,72.28663767283585,118.02597040067101,75.60626729263686,89.74616832864824,5.027779009723823,69.73339860493901,5.198011293127444,15.34378598229124,0.9866999980778808,5.399909076466754,NORMAL
Dehydrate,StandardMale.xml,641,72.28712068406551,117.83320960810113,75.43213189670138,89.56582446716796,5.018345601043295,69.55220226284166,5.193218620176217,15.395416240369789,0.9858025991520712,5.396340602699141,NORMAL
Dehydrate,StandardMale.xml,642,72.01229509725444,118.18855069808244,75.42220703707,89.67765492407415,5.043112200804519,69.43861314559655,5.1901038876934775,15.429438400846326,0.9864373452543036,5.387521658739297,NORMAL
Dehydrate,StandardMale.xml,643,72.31237503784067,118.11438313354377,75.32058942241541,89.58518732612487,5.021810757802656,69.9537338003265,5.191411855407442,15.366720918592417,0.9853497319558017,5.38179027429168,NORMAL
Dehydrate,StandardMale.xml,644,72.34105318283073,118.57945295453386,75.83087865614334,90.08040342227352,4.990107397413222,69.46031549024676,5.192484705906368,15.37981144778794,0.9846114728843335,5.384197051071176,NORMAL
Dehydrate,StandardMale.xml,645,72.58829939488177,117.91841276754973,75.34123088603761,89.53362484654164,4.952914745036209,69.05751861341743,5.193157378757713,15.297726912486075,0.9832361204903238,5.386171191289716,NORMAL
Dehydrate,StandardMale.xml,646,72.54717119900202,117.79518777464374,75.52668187161865,89.61618383929368,4.991687119259642,68.4198308195417,5.194220424529871,15.414400095985563,0.9835075604807977,5.38740896908922,NORMAL
Dehydrate,StandardMale.xml,647,72.84696842783099,117.78019937660774,75.91253490437124,89.8684230617834,4.982059237811165,68.91556316187683,5.191915600346023,15.436149230897673,0.9844433238868672,5.3893650677395595,NORMAL
Dehydrate,StandardMale.xml,648,72.88002056052166,117.51342545497029,75.8804536946279,89.75811094807537,4.985280509221328,68.56805251685283,5.191529844829224,15.438794673865967,0.9844943350603539,5.385123986505455,NORMAL
Dehydrate,StandardMale.xml,649,72.85064268774296,118.05777404728018,76.26234882410716,90.1941572318315,4.996362876873202,68.58093668036318,5.188865516564405,15.485880105773045,0.9845771758381539,5.384414162088168,NORMAL
Dehydrate,StandardMale.xml,650,72.65342368340728,117.6017886752466,76.76997622260686,90.38058037348677,5.009600122898946,68.73578066028827,5.194433136303673,15.389802916445095,0.9853187424180276,5.379511561410597,NORMAL
Dehydrate,StandardMale.xml,651,72.52178079697698,117.45089349371514,76.34208457222518,90.0450208793885,5.007333506245874,69.0469931614193,5.190506849763326,15.470284052133797,0.9849015627377542,5.389756476298384,NORMAL
Dehydrate,StandardMale.xml,652,72.06144473752151,117.10489891361907,76.79115988649825,90.22907289553852,4.995257363656998,69.12261407019217,5.190962622437614,15.496916958197087,0.984773363696064,5.382531760295024,NORMAL
Dehydrate,StandardMale.xml,653,71.68745666222462,117.88290175865707,76.48708148136066,90.28568824045946,5.0121876135955095,69.3388958693988,5.191898940292166,15.557984787246255,0.9857804260013724,5.383370422501661,NORMAL
Dehydrate,StandardMale.xml,654,72.01200897066757,117.56530366185457,76.48306797311314,90.17714653602695,4.984473158192357,69.83939297628781,5.194083418394568,15.420667767056647,0.9853139169175673,5.385093330526457,NORMAL
Dehydrate,StandardMale.xml,655,72.13250135084382,118.08603852276909,76.44630146707489,90.32621381897296,4.9766464264675205,69.24804540743231,5.198628906404691,15.476723634395643,0.9853379328531682,5.3891129642804465,NORMAL
Dehydrate,StandardMale.xml,656,71.990801336968,118.59073592046643,76.37809353752156,90.44897433183652,4.9783241104015525,69.0592160704053,5.199780642798559,15.384814254030664,0.9853164241874894,5.397477065991405,NORMAL
Dehydrate,StandardMale.xml,657,71.70364341735021,118.05317077145767,75.82617224663953,89.90183842157892,4.992687810540747,69.19070474089052,5.196913352673364,15.295735475988584,0.9843518413337795,5.399596363264012,NORMAL
Dehydrate,StandardMale.xml,658,71.64714210727959,118.35114683295517,75.3885938134644,89.70944481996132,4.972088931166933,69.59092368309365,5.2002718736609275,15.390615391776114,0.9850644322159751,5.394320294734396,NORMAL
Dehydrate,StandardMale.xml,659,71.6963177112751,118.28022649224344,75.11328067542338,89.5022626143634,4.948704212059218,69.38680631784709,5.203583785807174,15.338022801512935,0.9836266186148929,5.400500271686443,NORMAL
Dehydrate,StandardMale.xml,660,71.38588143612395,118.35018012732016,74.81082791104028,89.3239453164669,4.965896049074916,69.06534458288786,5.198689150767513,15.3505401977146,0.9839532360251677,5.4065944842302365,NORMAL
Dehydrate,StandardMale.xml,661,71.14193184904695,117.97059638213011,74.56660436234455,89.03460170227306,5.007095105567644,69.5193082040706,5.199787535713178,15.338193424458657,0.9842277447585276,5.397587920970459,NORMAL
Dehydrate,StandardMale.xml,662,70.91236924508777,118.28141761761076,74.92912686474578,89.37989044903411,4.9888269603254365,70.21497907795366,5.195662008446959,15.405189720338992,0.9841371009632734,5.399609046839203,NORMAL
Dehydrate,StandardMale.xml,663,71.50374391192634,118.76257353446316,74.65963791586474,89.36061645539755,5.016743424809432,70.177862409243,5.197017242245027,15.350329964825155,0.9850899427716521,5.392017710201831,NORMAL
Dehydrate,StandardMale.xml,664,71.85006242339631,118.22760659477487,75.00871311247822,89.41501093991043,4.995676160817049,70.04128175227673,5.199497598368123,15.265406243568654,0.9846107651683758,5.394511460774691,NORMAL
Dehydrate,StandardMale.xml,665,71.84001761110464,118.32769650220189,74.80096893680384,89.30987812526986,4.987088709989574,69.51090018832033,5.1956234693237064,15.35982757702067,0.9837489323144494,5.3990755363693825,NORMAL
Dehydrate,StandardMale.xml,666,72.15669085186897,118.29529448467997,74.84561281583261,89.32884003878173,4.960772383522813,69.41527325253118,5.191936383163054,15.342161770363806,0.9837765697200543,5.391946794791645,NORMAL
Dehydrate,StandardMale.xml,667,72.2200861547354,117.61524765714577,75.32189876739544,89.41968173064555,4.966260782867127,68.84947099309073,5.188756278433205,15.347880706383922,0.983821112609585,5.385162228734915,NORMAL
Dehydrate,StandardMale.xml,668,71.88445437583027,117.80532176032358,75.79460389697016,89.79817651808797,5.002509734540442,68.86587758450122,5.192403981003501,15.467908550166204,0.9843630664462915,5.379310553545647,NORMAL
Dehydrate,StandardMale.xml,669,71.9230346278379,117.64672548683323,75.270864515277,89.39615150579574,5.004560954922525,69.56606438447925,5.190306187712643,15.434360588703012,0.9853208934294438,5.386022650297706,NORMAL
Dehydrate,StandardMale.xml,670,72.16863055100956,117.52196743104693,75.46339789653688,89.4829210747069,5.0232653144066735,69.56023686144329,5.1936966544190275,15.46235273272635,0.9858853590169234,5.3821625242971045,NORMAL
Dehydrate,StandardMale.xml,671,71.81623654469743,117.0655740864388,75.49901979017886,89.35453788893217,4.998769218139698,69.59111427258385,5.197791174577762,15.484372452287126,0.985164369622489,5.388401284209495,NORMAL
Dehydrate,StandardMale.xml,672,72.1509602584065,117.04747741214956,75.18471173303811,89.13896695940859,5.015664969382379,69.57501134898723,5.2008620073304295,15.564925594882506,0.985385188790507,5.3959355650147565,NORMAL
Dehydrate,StandardMale.xml,673,71.81785868923492,116.46947344001094,75.46596597465641,89.13380179644126,5.028600954700069,69.51372237790297,5.198952102176023,15.568119646683973,0.9849412001646075,5.401586170059462,NORMAL
Dehydrate,StandardMale.xml,674,71.57469817192015,116.8615213601753,75.23307589823789,89.10922438555036,5.05319168964268,69.93364400974517,5.198271502934282,15.67013698970276,0.9845428338231754,5.398071774919897,NORMAL
Dehydrate,StandardMale.xml,675,71.47224074831473,117.2481441137848,75.62915813640926,89.50215346220111,5.039168952865285,70.42546372165064,5.201247590098618,15.600940774660804,0.9845267900834758,5.396819411857965,NORMAL
Dehydrate,StandardMale.xml,676,71.46407764552717,117.41336540804275,75.3772663785637,89.38929938839006,5.01848694652924,70.33815702580429,5.199591401344129,15.532702098154981,0.9851811096832679,5.402295676603961,NORMAL
Dehydrate,StandardMale.xml,677,71.74984983161482,117.97929528160178,75.64157892689862,89.754151045133,5.035851060986452,70.09418862499491,5.199090019862994,15.503540642070252,0.9857645632794111,5.399248142177683,NORMAL
Dehydrate,StandardMale.xml,678,71.52463045842194,117.581969548298,75.56436760087784,89.57023491668457,5.018153520156499,70.07542130085196,5.199668540003492,15.403654369971061,0.9862946044010262,5.398325555715047,NORMAL
Dehydrate,StandardMale.xml,679,71.77623228405976,117.15612263397347,76.17304005875863,89.83406758383025,4.976160136104145,70.0416258693655,5.195605927923927,15.473782115762608,0.985127078855826,5.399390084163079,NORMAL
Dehydrate,StandardMale.xml,680,72.157483919652,117.1648092466942,75.62960386352073,89.47467232457855,4.957075368425192,69.3338345752764,5.191757655895888,15.548943832335933,0.9837301842063754,5.3919145170578595,NORMAL
Dehydrate,StandardMale.xml,681,72.03639773647517,117.94117408802413,75.8098852656878,89.85364820646657,4.964470028990525,68.80441882122226,5.1945327356606485,15.54741065057193,0.9841241307629098,5.384833354687117,NORMAL
Dehydrate,StandardMale.xml,682,72.38637263247114,118.39640654308909,76.00057391326995,90.13251812320966,4.96431761723642,68.98811126873949,5.191986946409338,15.410382737022083,0.9846648140685901,5.389939747962556,NORMAL
Dehydrate,StandardMale.xml,683,72.55946308364412,118.05023666283256,75.44083769835859,89.64397068651658,4.977028924003224,68.71293629894868,5.192785771115315,15.330034490711924,0.9838866269743981,5.385255269599574,NORMAL
Dehydrate,StandardMale.xml,684,72.19363594524177,117.39481928574801,75.19364895110424,89.26070572931883,4.940109863633283,68.73062285270066,5.189937036617292,15.391133260130815,0.9854660987978776,5.386725178017576,NORMAL
Dehydrate,StandardMale.xml,685,72.3822740064519,117.26030862286784,75.1625694374151,89.19514916589935,4.954968977587444,68.57238046955523,5.190919053755013,15.50681402116626,0.9861396082160919,5.38148325349024,NORMAL
Dehydrate,StandardMale.xml,686,71.96787322273414,116.77345685144554,75.00236266683281,88.92606072837039,4.9873447860633435,68.60405472414261,5.195795215867232,15.530555069837533,0.9855927759188258,5.383290252255501,NORMAL
Dehydrate,StandardMale.xml,687,72.34432695150755,116.60469045869031,75.24722423316791,89.03304630834205,4.964591490168579,69.3173992053875,5.200428550252046,15.616484105897133,0.9857701003384799,5.392262823687849,NORMAL
Dehydrate,StandardMale.xml,688,72.09079706885038,116.63863212819754,74.86343566510104,88.78850115279987,4.93509602300619,68.74894523669437,5.198336803510464,15.646271269670507,0.9870495729106555,5.4007885705315655,NORMAL
Dehydrate,StandardMale.xml,689,72.31669214661504,117.43799015927553,75.44832115035521,89.44487748666198,4.968787964706682,68.59218259563491,5.19921872414711,15.640280586028771,0.9874682736932381,5.396939570718743,NORMAL
Dehydrate,StandardMale.xml,690,72.63212996419851,117.5924641016655,75.83710575524763,89.75555853738692,4.993540839201734,68.82081569346703,5.20389357876828,15.499194388732281,0.9871474667132426,5.398562383030528,NORMAL
Dehydrate,StandardMale.xml,691,72.48612059480301,117.76190795603775,75.28906717059567,89.44668076574303,4.9637021603683245,68.87161925411462,5.199257808005288,15.471929833594444,0.9873767501477958,5.407164530797351,NORMAL
Dehydrate,StandardMale.xml,692,72.79336030736216,118.03756267516442,75.04852014641197,89.37820098932946,4.953792660536938,68.62805707268033,5.203871607271917,15.442023098265343,0.9872362283500635,5.3986343008013655,NORMAL
Dehydrate,StandardMale.xml,693,72.25732703528035,118.49819680737791,74.85823110757141,89.40488634084025,4.927384633026184,68.27219139356856,5.205299029813983,15.393370211102923,0.9880206534717892,5.407124101292331,NORMAL
Dehydrate,StandardMale.xml,694,71.87150461380936,119.04361187515848,74.96425903387147,89.65737664763381,4.925334377285444,68.37009756326574,5.208818505312012,15.31206857212229,0.9870863627026568,5.409750685566619,NORMAL
Dehydrate,StandardMale.xml,695,72.25249136294788,119.17733447926113,75.57787475629706,90.11102799728509,4.935193969026761,68.64577460773044,5.2051100819486384,15.21580315053443,0.9876258335471989,5.41622683311539,NORMAL
Dehydrate,StandardMale.xml,696,72.50491644245864,118.62848411650481,75.27079565047532,89.72335847248515,4.92379671869453,68.46760130722328,5.205887471346961,15.192201193749202,0.9863838701942752,5.409403004710287,NORMAL
Dehydrate,StandardMale.xml,697,72.09874205125993,119.14289866748528,75.56745397004508,90.09260220252514,4.947014985813478,68.1357552430544,5.206555004881819,15.28907294277218,0.9870659546807214,5.410833470258124,NORMAL
Dehydrate,StandardMale.xml,698,72.11402231767093,118.36777291144723,75.59702996578078,89.85394428100292,4.963721860170296,68.72933563776753,5.205954299406428,15.198279093195232,0.9883568540528485,5.412061791258772,NORMAL
Dehydrate,StandardMale.xml,699,72.41095339656906,118.84083482508107,75.63334661489499,90.03584268495702,5.007302856951788,68.91829878549015,5.20963828820864,15.33508830895866,0.9874292546915986,5.4109564398238295,NORMAL
Dehydrate,StandardMale.xml,700,72.11413441031678,118.84936538960568,75.1414073288692,89.71072668244803,5.03027227871894,69.20895316929074,5.208650853999067,15.251593174256136,0.9873573260474928,5.417735306465893,NORMAL
Dehydrate,StandardMale.xml,701,72.0954255214081,118.60076601748294,75.46590100298171,89.84418934114879,5.000226398366051,69.71843757606258,5.212724241855986,15.250087534902084,0.9877635783677444,5.415918339807231,NORMAL
Dehydrate,StandardMale.xml,702,72.04618428104246,118.79506891829028,74.94284326379037,89.56025181529034,4.977056450596185,69.37189424494672,5.212516949839786,15.293965170078643,0.9870189234413799,5.4234137352999845,NORMAL
Dehydrate,StandardMale.xml,703,72.12803496828766,118.36522693445887,75.12533853520358,89.53863466828868,4.95908187628061,69.13189853854165,5.211229603435675,15.259670828453508,0.9871967513652211,5.423032299576581,NORMAL
Dehydrate,StandardMale.xml,704,71.99756548690402,118.3205896616547,74.88075294503984,89.3606985172448,4.9805859929937215,68.8515491517671,5.209054830198183,15.335537672319916,0.9880840870856235,5.42066346783899,NORMAL
Dehydrate,StandardMale.xml,705,71.8217104147641,117.8347643036287,74.5696349405692,88.9913447282557,4.989241844717299,69.21261641265374,5.2056165134442525,15.343416123317816,0.9866371063200866,5.416661691898511,NORMAL
Dehydrate,StandardMale.xml,706,71.66998811913588,117.48430725179563,74.65636976756409,88.9323489289746,4.981144663521863,69.45572953883791,5.201625879177451,15.429163998048814,0.98788365428819,5.410334883648151,NORMAL
Dehydrate,StandardMale.xml,707,71.44944757006783,117.97283845320493,74.42617921364783,88.9417322935002,4.983622551603697,69.47815401100135,5.206451498759072,15.491019450595138,0.988701259767761,5.402991762112151,NORMAL
Dehydrate,StandardMale.xml,708,71.56285137436912,118.28481448041843,74.95350755485362,89.39727653004189,4.969805486503223,69.68351233576377,5.206557049919989,15.404793996183209,0.9886088269340366,5.411871330798544,NORMAL
Dehydrate,StandardMale.xml,709,71.56081449802089,118.5181083431254,74.54851731184897,89.20504765560779,4.9989304890924835,69.42601530618806,5.205798171398853,15.3497304206439,0.9887098677011107,5.412065554310663,NORMAL
Dehydrate,StandardMale.xml,710,71.60030917847475,118.2257481619318,74.5522254488177,89.11006635318907,5.003900867415873,69.78005563306142,5.209653020968356,15.308554198397719,0.9876863875337779,5.410669150421157,NORMAL
Dehydrate,StandardMale.xml,711,71.28862909958528,117.66895453857238,75.16318574370978,89.33177534199731,5.0404309006261085,69.80869046515551,5.205870789132605,15.360155589266203,0.9876992792184023,5.417762416052472,NORMAL
Dehydrate,StandardMale.xml,712,71.53688352850536,117.25220777569668,75.59788492850433,89.48265921090177,5.023457377291041,70.50153115170194,5.207133315152393,15.458429318864912,0.9874459380013291,5.410802773501839,NORMAL
Dehydrate,StandardMale.xml,713,71.8100532343401,117.88556110706898,75.5024198930179,89.63013363103492,5.003256568084168,70.09601146149114,5.207880088668585,15.531984864344906,0.9861849166114867,5.4131259335275,NORMAL
Dehydrate,StandardMale.xml,714,71.57854516989097,118.32981203299306,75.36575306879931,89.6871060568639,5.013324919567264,69.63405840964892,5.207966407305053,15.420198393709367,0.9871368782260161,5.41450006313263,NORMAL
Dehydrate,StandardMale.xml,715,71.31201723209773,117.81785738207728,75.11414057500704,89.34871284403046,4.996901337624455,69.94006192089347,5.20524301207362,15.3417883804897,0.9862684400492011,5.414658897091352,NORMAL
Dehydrate,StandardMale.xml,716,71.55244278485485,117.51900704574643,75.1521098664959,89.27440892624608,5.026338356759613,69.95440613566572,5.203455452376673,15.432148059229089,0.9864277805031376,5.409647607948337,NORMAL
Dehydrate,StandardMale.xml,717,72.00599197045672,117.45510989292936,74.87240302237466,89.0666386458929,4.984680226775965,70.11841039279835,5.2054568938234995,15.484894958458757,0.9867996891206544,5.40635833931835,NORMAL
Dehydrate,StandardMale.xml,718,72.35725568035484,117.80011186805572,74.50097684533254,88.93402185290694,4.960072464366071,69.2552760264398,5.201050677824105,15.496172766347765,0.9853471711223006,5.410041169367071,NORMAL
Dehydrate,StandardMale.xml,719,72.5954489933781,117.89140658404136,74.10875460514288,88.70297193144238,4.957148703428272,68.68469013978036,5.203616633984978,15.435280131460848,0.9840691664561654,5.401933340527284,NORMAL
Dehydrate,StandardMale.xml,720,72.29747421417997,117.42155075357564,74.51678100766323,88.81837092296736,4.993690863394041,68.46493959471037,5.201421170433138,15.419166670644916,0.9833857813549909,5.406654927795275,NORMAL
Dehydrate,StandardMale.xml,721,72.07089151144332,117.66659329020479,74.24859636616038,88.72126200750851,5.021612171221219,69.13462392014361,5.196593252849444,15.502095933654378,0.9840054945575802,5.402615079838489,NORMAL
Dehydrate,StandardMale.xml,722,72.34633611448153,117.46105145462387,74.42577740674759,88.77086875603968,5.056733637232498,69.64850889271354,5.197271482925999,15.45884607773904,0.9834022541052202,5.393731282624152,NORMAL
Dehydrate,StandardMale.xml,723,72.23943197372417,118.18173874842945,74.8479008897645,89.29251350931949,5.023344067487674,69.85241753111141,5.198465485094211,15.495124084389381,0.9839231453814341,5.39497928621169,NORMAL
Dehydrate,StandardMale.xml,724,72.3047112292988,118.2499621639784,75.0114278689721,89.4242726339742,5.031398716092206,69.53618410780713,5.1966847914129035,15.36792322348628,0.9835507508233131,5.397176356263527,NORMAL
Dehydrate,StandardMale.xml,725,72.28121095194398,118.64718170821932,75.05782052307828,89.58760758479195,5.016481518816734,69.58138798756899,5.194547931295488,15.355881832905144,0.9830773451363024,5.393899721712222,NORMAL
Dehydrate,StandardMale.xml,726,71.83030993157482,119.0126675577382,75.586065315997,90.0615993965774,5.001798257796543,69.42089266655533,5.194675834192679,15.285772829417407,0.9817560234631842,5.3899677092804765,NORMAL
Dehydrate,StandardMale.xml,727,72.19874023908363,119.51941649966724,75.60718440803677,90.24459510524693,4.962289477907984,69.60039564087862,5.194405884119106,15.221264803389627,0.9813941653451212,5.3902030619728265,NORMAL
Dehydrate,StandardMale.xml,728,71.94768706042716,118.65098553370035,75.50171410863796,89.88480458365875,4.960248451335681,68.83484912286298,5.195458708515391,15.131823929061545,0.9813667282045625,5.389706329857988,NORMAL
Dehydrate,StandardMale.xml,729,71.68778538385203,118.90645771286266,75.42793216809523,89.92077401635103,4.955808905804055,69.00688667494792,5.193451612888844,15.285101456576413,0.9814239467260386,5.391643620268763,NORMAL
Dehydrate,StandardMale.xml,730,71.53602974415007,119.17029973563247,75.98709719440289,90.38149804147942,4.986297712309963,69.15791448567634,5.1958215959173355,15.240010775214959,0.9810639027228953,5.3879503860271,NORMAL
Dehydrate,StandardMale.xml,731,71.81447479672713,119.46511800052987,75.88409796584179,90.41110464407114,5.0164003514968165,69.64692134701654,5.192979754451707,15.193442821641757,0.980747401582636,5.39231136532336,NORMAL
Dehydrate,StandardMale.xml,732,71.95761897824814,119.45778327685206,75.62427777039407,90.23544627254674,5.024037404682769,69.789135224626,5.190418956719406,15.14140758052229,0.9796456067701836,5.387082124587932,NORMAL
Dehydrate,StandardMale.xml,733,71.60500701192336,119.33544828074523,75.29155141391043,89.97285036952202,4.989019373979367,69.76747683135584,5.18887696597226,15.142702154707688,0.9807193082418122,5.3823700292867365,NORMAL
Dehydrate,StandardMale.xml,734,71.85829274976952,118.80446366845791,74.9556167495725,89.57189905586763,4.989967502232951,69.62496329483788,5.188185443207733,15.164294205736084,0.9804963035127386,5.379532629338092,NORMAL
Dehydrate,StandardMale.xml,735,72.12354979785104,119.4070855202878,75.03475637703062,89.82553275811634,5.014617026547676,69.4355412042858,5.187432569482311,15.258012660868808,0.9818870380995137,5.378260166023907,NORMAL
Dehydrate,StandardMale.xml,736,72.46246925242329,118.62020229548826,75.47895898534502,89.85937342205943,4.978381952854167,69.52275931603984,5.188138873511945,15.151650277334877,0.9812125136692831,5.376874811491916,NORMAL
Dehydrate,StandardMale.xml,737,72.65186922966414,118.99147761834364,75.93408537532063,90.2865494563283,4.951016717188381,68.82223739144305,5.191768693531965,15.290534679051152,0.9807622314374607,5.378174473646906,NORMAL
Dehydrate,StandardMale.xml,738,72.75068565173316,118.7951212461703,76.22697336294964,90.41635599068985,4.920218297999016,68.34805209989091,5.192035178812104,15.225004814565956,0.9819140526069146,5.384853664917964,NORMAL
Dehydrate,StandardMale.xml,739,72.63152072501417,119.37665422889235,76.16769394376209,90.57068070547217,4.9453543913355205,67.90422815059333,5.190793104408396,15.259661592615103,0.9816299809026006,5.3853440215051105,NORMAL
Dehydrate,StandardMale.xml,740,72.62037684207976,118.57395337476011,76.67289449431092,90.63991412112732,4.954303029763766,68.29606611195678,5.18906237453822,15.157021381414502,0.9823149927883695,5.383058494269738,NORMAL
Dehydrate,StandardMale.xml,741,72.26690050455002,119.04903948191473,77.03021650589514,91.036490831235,4.937809366341075,68.41164657625055,5.1860661833777435,15.298697584909245,0.9829284010094052,5.379873797569163,NORMAL
Dehydrate,StandardMale.xml,742,72.0781304411912,118.46007859245029,76.64048292805012,90.58034814951684,4.915660281470478,68.48781085524735,5.190071707644172,15.214845181304261,0.9816208264870195,5.374360539684448,NORMAL
Dehydrate,StandardMale.xml,743,71.69756249017166,118.80288326913434,76.53554901467653,90.62466043282913,4.934584744650135,68.36825549148487,5.189579516704247,15.318796413443428,0.980659449991568,5.381731060142428,NORMAL
Dehydrate,StandardMale.xml,744,71.47854387477712,118.13650417137394,76.61499417675981,90.45549750829785,4.977760863592177,68.89377897703089,5.19538242357584,15.25829160037039,0.981381898198951,5.380825385092008,NORMAL
Dehydrate,StandardMale.xml,745,71.22088793918668,118.32286936373445,76.7843242241257,90.63050593732862,5.004038683687746,69.5893236782497,5.19200989917848,15.375907098314524,0.9808692095389528,5.391503249203655,NORMAL
Dehydrate,StandardMale.xml,746,71.74745756448924,118.68891776953674,77.00020072625466,90.89643974068203,5.027943075759916,70.11424627345636,5.1920359413478,15.343013757312978,0.98027838520546,5.3852975047336695,NORMAL
Dehydrate,StandardMale.xml,747,71.94463572581736,118.40940229390228,76.44435265139575,90.43270253223126,5.056116278368919,69.9818469376602,5.192525733650888,15.278406440449665,0.9804684046927474,5.385345424638526,NORMAL
Dehydrate,StandardMale.xml,748,71.79044324325756,118.6371491412737,76.01987084197557,90.22563027507495,5.023576099850174,70.1642555187824,5.1915999897822305,15.327740748744041,0.98152793827857,5.386246685984096,NORMAL
Dehydrate,StandardMale.xml,749,71.64868900902631,119.02617157440604,76.51490475886885,90.68532703071457,5.0247992247357045,69.89485415665675,5.187960383349924,15.287543571268307,0.980770625440176,5.384543235032623,NORMAL
Dehydrate,StandardMale.xml,750,71.54890901676413,118.57428221238729,76.29493710323328,90.38805213961795,4.98155548615226,70.02275671112848,5.190303278571254,15.218881352813263,0.9807459182678583,5.377846035893638,NORMAL
Dehydrate,StandardMale.xml,751,71.37910537166633,117.8330100728645,76.6884762260617,90.40332084166263,5.006092183997594,69.57927806822015,5.1884664511914265,15.298639545271758,0.9817490665510181,5.382157171218532,NORMAL
Dehydrate,StandardMale.xml,752,71.61828600726616,117.90717103677086,76.47256714521946,90.28410177573659,5.0072067611735624,70.01210444127696,5.189364114433513,15.42947361869198,0.9821634002596803,5.378777245675634,NORMAL
Dehydrate,StandardMale.xml,753,71.77791040914904,117.66971878335806,76.5861237576615,90.28065543289368,4.975084512713291,69.8343344020211,5.190446518281849,15.41638425450397,0.9810902417816686,5.380429025779833,NORMAL
Dehydrate,StandardMale.xml,754,72.08632310835046,117.19021182218276,76.9654437337642,90.37369976323706,4.9545676370047484,69.3195249070486,5.191064075377319,15.458294430133677,0.9801991095486187,5.382420745009904,NORMAL
Dehydrate,StandardMale.xml,755,72.12748512859156,117.75618377857575,77.04150661460858,90.6130656692643,4.962681397595142,68.82987653701306,5.1937916926771015,15.542927111734667,0.9798507831459613,5.3835571049227084,NORMAL
Dehydrate,StandardMale.xml,756,71.99745921141344,117.93316801371864,76.40417511455358,90.2471727476086,5.002066211270388,68.89525441072888,5.1913754624582,15.443033412041355,0.9802367082980113,5.38857616304653,NORMAL
Dehydrate,StandardMale.xml,757,72.30973363837788,117.35296050363914,76.71790722550837,90.26292498488529,4.966647167949398,69.47132873132978,5.192645241300606,15.411795804177377,0.9819322916474347,5.384130084811812,NORMAL
Dehydrate,StandardMale.xml,758,72.18635101717051,117.24568575981351,76.88367144482885,90.33767621649041,4.996978604303446,68.8005574989136,5.190891451682643,15.514202070277669,0.9807995315213336,5.386466590675353,NORMAL
Dehydrate,StandardMale.xml,759,71.80888181231305,117.05978638787525,77.3133614913726,90.56216979020682,5.034227758479227,69.26129905292632,5.187590923496811,15.533135996108006,0.981810898235804,5.383239461990469,NORMAL
Dehydrate,StandardMale.xml,760,71.86885450339014,116.73550897788138,77.19046787426265,90.37214824213557,5.00957232970795,70.0086923772059,5.1898363490079245,15.565947120093593,0.9811025784090538,5.3771661969450655,NORMAL
Dehydrate,StandardMale.xml,761,72.09198263517973,116.76534902998392,76.57720122994225,89.97325049662281,5.019387985063988,69.6635835926145,5.189228623331213,15.623181882073144,0.9812903608110793,5.381297979344998,NORMAL
Dehydrate,StandardMale.xml,762,72.20750289598963,117.44637797031025,76.10954948027631,89.88849231028763,4.991238738860663,69.60507120303166,5.189105426794163,15.617915131362452,0.9810995057956281,5.380179710116028,NORMAL
Dehydrate,StandardMale.xml,763,71.89643016701892,118.2092372744708,76.02829168102154,90.08860687883796,4.980590982365995,69.17573416505189,5.188128058733623,15.497713945280758,0.982885761064828,5.379953017544398,NORMAL
Dehydrate,StandardMale.xml,764,71.77492747954331,118.00505856403524,76.34198856235567,90.22967856291552,4.97762179737588,69.29236741382583,5.191335963583215,15.363069750674857,0.9833800463872742,5.378154573494125,NORMAL
Dehydrate,StandardMale.xml,765,71.86624196807276,117.60396355755383,76.62065371055938,90.28175699289086,5.014692584516432,69.35250945502156,5.189569592958422,15.399107166581476,0.984894526053547,5.384057403373182,NORMAL
Dehydrate,StandardMale.xml,766,71.84848801698858,117.50642585259578,76.81930091115103,90.38167589163261,5.051373194501791,69.72739792575695,5.191361190525323,15.469900186753875,0.9849557873611979,5.380807124518171,NORMAL
Dehydrate,StandardMale.xml,767,72.27068208769235,117.2870006592253,76.48343127044933,90.08462106670798,5.022285223231766,70.18389479225932,5.195609115848859,15.487115531256013,0.983524426522987,5.384103823187553,NORMAL
Dehydrate,StandardMale.xml,768,72.47916768745877,117.63638714769466,76.15777516287639,89.98397915781581,5.023611619773443,69.4988406922382,5.196523422416526,15.525843941955706,0.9849201742147342,5.391920383122915,NORMAL
Dehydrate,StandardMale.xml,769,72.11608115057875,117.03194360421787,75.96602299648579,89.65466319906315,4.991541046837015,69.35085285172224,5.19547222314256,15.464177443179882,0.9851730238512024,5.393602788424598,NORMAL
Dehydrate,StandardMale.xml,770,71.8814345266749,117.58119716069078,75.48030154518206,89.5139334170183,4.984650980326208,69.2511880887589,5.20001306222507,15.570861354160987,0.9858619874895291,5.3916684883832495,NORMAL
Dehydrate,StandardMale.xml,771,72.0817912221311,118.04047366355597,75.14885071237275,89.44605836276716,5.01275069361275,69.35314730485979,5.201907968837717,15.473918441696803,0.9860217641605517,5.400024035654436,NORMAL
Dehydrate,StandardMale.xml,772,72.39308950260823,118.16904156630781,75.0093352946438,89.39590405186514,5.029516443455881,69.53329164440122,5.2025182530339915,15.39285642345512,0.9846755005967526,5.403510832144857,NORMAL
Dehydrate,StandardMale.xml,773,71.96657263155615,118.52844076381288,74.9432577143668,89.47165206418215,5.050958488514852,69.4892101358155,5.201482121764726,15.370164268265063,0.9858049394273454,5.404633809277094,NORMAL
Dehydrate,StandardMale.xml,774,72.26846119675753,118.08375207717133,75.25076322589095,89.52842617631774,5.052358918243522,70.08462311781498,5.196477961661063,15.306730532547139,0.9865728358786762,5.402727235702873,NORMAL
Dehydrate,StandardMale.xml,775,72.12578700754172,117.80060769871966,74.78821957014256,89.12568227966825,5.048583167435229,69.86157491546524,5.193255368489823,15.385217810262255,0.9864542836966462,5.3935191365963,NORMAL
Dehydrate,StandardMale.xml,776,71.87962343126829,117.19476465152503,75.20850181231611,89.20392275871909,5.033546290510985,69.92936042522317,5.193250801810106,15.435192617655822,0.9866234021662703,5.387589278900657,NORMAL
Dehydrate,StandardMale.xml,777,71.90522747811896,116.90030217853119,75.04924493595567,88.99959735014751,5.020626330172818,69.94408259417693,5.1901123283558706,15.542123540176156,0.98524123743369,5.387580875804323,NORMAL
Dehydrate,StandardMale.xml,778,71.97955929419774,116.39855561607287,75.03999116032058,88.82617931223801,4.984686828777225,69.76797261822966,5.190921134086188,15.59409598424505,0.9860434245631348,5.38180580586026,NORMAL
Dehydrate,StandardMale.xml,779,71.68756470546121,116.07554936073915,75.22395058530533,88.8411501771166,4.985754238276232,69.276176627849,5.19316952451462,15.682653941695438,0.9850482948425788,5.383294080249657,NORMAL
Dehydrate,StandardMale.xml,780,71.83699708608948,116.63161312747881,75.0106338038879,88.88429357841821,4.953382182423845,69.51991506897038,5.196483378168331,15.739664345664927,0.9845146683236387,5.387431318360829,NORMAL
Dehydrate,StandardMale.xml,781,72.2058549662562,116.21783533084006,75.33298446054886,88.96126808397926,4.9534712923978965,69.01108267564415,5.195247630293874,15.641519435307472,0.984015688390479,5.393529103450819,NORMAL
Dehydrate,StandardMale.xml,782,72.24364151078063,115.76113476204003,75.17714346951425,88.70514056702284,4.998677445032897,68.72337040490687,5.196789818740171,15.71455096008587,0.9855648671482193,5.391255217591251,NORMAL
Dehydrate,StandardMale.xml,783,72.15324488178989,115.5283542274624,74.72768472169246,88.32790789028243,5.024307259938358,69.23669987721863,5.194043342798004,15.795158327560799,0.9851411652356885,5.394092981323892,NORMAL
Dehydrate,StandardMale.xml,784,72.33165332354763,116.31265006470014,74.41203179672466,88.37890455271649,4.985434467512986,69.61579153936025,5.1990090199617,15.836243947710148,0.9864100673719624,5.389039221622884,NORMAL
Dehydrate,StandardMale.xml,785,72.56653665666494,116.95910644752354,74.01510293043881,88.32977076946706,5.002877079793404,69.00882176214769,5.195201034273917,15.69781621829569,0.98614750932174,5.398176508701505,NORMAL
Dehydrate,StandardMale.xml,786,72.08203947567853,116.67402802159313,74.2939410336514,88.42063669629864,4.9787981851188485,69.03434884198056,5.195817397202386,15.583717067196151,0.9853317335524787,5.39116947677544,NORMAL
Dehydrate,StandardMale.xml,787,72.05358930598017,117.15172685305568,74.0640251516794,88.4265923854715,4.9975210338055955,69.124689325064,5.191335704783005,15.634033232771605,0.9855542244320825,5.392303639314884,NORMAL
Dehydrate,StandardMale.xml,788,72.17469788644178,116.61227638577519,73.8958917693291,88.1346866414778,4.9805721222756825,69.37232379888637,5.194920348523978,15.54971968494481,0.9858638054223628,5.384056927157808,NORMAL
Dehydrate,StandardMale.xml,789,71.78549873105263,116.99199922934464,73.5531320140283,88.03275441913374,4.974250013940698,69.07331679035273,5.193039598822026,15.644932358239378,0.9868509881884433,5.390652990062446,NORMAL
Dehydrate,StandardMale.xml,790,71.95246151320202,117.62043762507768,73.26354057006759,88.04917292173762,5.007070741594674,69.30345687626676,5.1950902332201485,15.577911511581249,0.9858964972047356,5.387192243545252,NORMAL
Dehydrate,StandardMale.xml,791,71.865639741274,118.3322940956392,73.10460748324729,88.18050302071126,4.99136594716797,69.56718207358055,5.199150523952346,15.46699252404132,0.9859194991814375,5.39096559299413,NORMAL
Dehydrate,StandardMale.xml,792,71.63912903412353,118.29415966216517,73.39440858677646,88.3609922785727,5.026623328256752,69.44659436671402,5.194433328889138,15.341350297970251,0.9850881565053871,5.39843688861399,NORMAL
Dehydrate,StandardMale.xml,793,71.72807613342808,118.02659247920919,73.57265342982194,88.39063311295102,4.99563959493084,70.0524528254132,5.193346214365449,15.34808100185478,0.9846368471471961,5.389756830672747,NORMAL
Dehydrate,StandardMale.xml,794,71.8775523441425,117.65415445252424,74.43176729101198,88.83922967818273,4.996320178105759,69.60717884341965,5.196997150291788,15.395306443893169,0.9850432603372684,5.387756443381582,NORMAL
Dehydrate,StandardMale.xml,795,72.20269015786008,118.24135529609023,74.99386985700023,89.4096983366969,4.959167315601283,69.49690588901184,5.197786638413956,15.461041524884006,0.9843803829655634,5.394474489795977,NORMAL
Dehydrate,StandardMale.xml,796,71.88731521020122,118.76904074217886,75.30041137594525,89.78995449802312,4.931626649678262,68.79426017543291,5.1967856802537495,15.357400939755596,0.9858117418885911,5.39592721807041,NORMAL
Dehydrate,StandardMale.xml,797,71.9977002118677,118.85441051362696,75.05552877913148,89.6551560239633,4.9199575183278546,68.7092731714769,5.193570174612318,15.264264785413161,0.9871584501100046,5.394085366141258,NORMAL
Dehydrate,StandardMale.xml,798,72.32590540758186,118.51501326553027,75.2171875744503,89.64979613814363,4.9071535235701385,68.48252622005153,5.190470040333006,15.2491970736377,0.9871099314485188,5.388168550130041,NORMAL
Dehydrate,StandardMale.xml,799,72.50691282711296,118.96212033783253,75.07996853454229,89.70735246897237,4.935924352536085,68.07429528289506,5.191470068671758,15.309100477675912,0.9858469881259923,5.382464027673478,NORMAL
Dehydrate,StandardMale.xml,800,72.81157376087269,119.51515589074688,74.76225795532422,89.6798906004651,4.97909663301518,68.27939683872107,5.196323205531013,15.23018635638983,0.9852317553271023,5.384304168648558,NORMAL
Dehydrate,StandardMale.xml,801,72.71033263489248,119.96516257034759,74.4497612282355,89.6215616756062,4.96728714026579,68.56005406153267,5.200413567001232,15.132575923896615,0.9858944637940416,5.393234371570138,NORMAL
Dehydrate,StandardMale.xml,802,72.79391918315675,120.26643454155894,74.5287672721549,89.77465636195625,4.964542085921134,68.49730399197072,5.199810544880055,15.053150023718615,0.9871242519909696,5.400761000019116,NORMAL
Dehydrate,StandardMale.xml,803,72.96531012521602,120.60667150541862,74.43019707225343,89.82235521664182,4.991590948711614,68.40002620846712,5.1958934072035055,14.9999757074327,0.9860086456692806,5.399651385750143,NORMAL
Dehydrate,StandardMale.xml,804,73.00028707275828,120.4571537663241,74.3348889142008,89.7089771982419,4.99807382671535,68.59029821663687,5.193530865721758,14.939924094082507,0.9851245464171696,5.392443504468856,NORMAL
Dehydrate,StandardMale.xml,805,72.96886809651625,119.97139645630345,74.7563141660022,89.82800826276929,4.996458420551983,68.64050029870779,5.194071355014321,14.966313882408983,0.9854287235142873,5.3880962182796335,NORMAL
Dehydrate,StandardMale.xml,806,72.9628574086753,119.56329442803676,75.3250064226673,90.07110242445712,4.996245530811611,68.64551898581051,5.190920510518023,15.05204974670919,0.9844742241631759,5.389090766589213,NORMAL
Dehydrate,StandardMale.xml,807,72.41410461389309,119.74995688634972,74.8223373712815,89.7982105429709,4.978334029846987,68.64762460456663,5.190776906636338,15.124079501885962,0.9852433628629715,5.383292932828843,NORMAL
Dehydrate,StandardMale.xml,808,72.72963491635612,119.90521875747609,74.44007996694816,89.59512623045747,5.01538650579193,68.85933566078212,5.196370620861022,15.091133693627958,0.986325291650721,5.383028688930317,NORMAL
Dehydrate,StandardMale.xml,809,72.58932886334892,119.43620352974439,74.57242931788215,89.52702072183624,4.9930809290943285,69.05674279928124,5.1957094776770365,15.063730069556254,0.9848448060061512,5.393321619989223,NORMAL
Dehydrate,StandardMale.xml,810,72.67076708801999,119.09996900273765,74.51565028450422,89.37708985724869,5.002922400318673,68.89941566156705,5.198477207447994,15.146510966703904,0.9851386320369538,5.39210505780183,NORMAL
Dehydrate,StandardMale.xml,811,72.56936206847685,119.49681539845879,75.0343698085053,89.85518500515647,5.004185291548381,68.95368806051876,5.198115059143525,15.20585615242899,0.9861085779362662,5.397197926435776,NORMAL
Dehydrate,StandardMale.xml,812,72.10008696790537,120.01510587301448,75.17027753006877,90.11855364438401,4.995277032478174,69.04779465064887,5.200617471508596,15.135813009423838,0.9861930437878833,5.396531541386187,NORMAL
Dehydrate,StandardMale.xml,813,72.0948456250823,119.96123266564511,74.72692702929838,89.80502890808063,4.979200112812821,69.30869878487516,5.1995485001272215,15.044335061736938,0.985511315716917,5.401136202425352,NORMAL
Dehydrate,StandardMale.xml,814,72.33974983613439,119.67666778222909,74.78347166553219,89.74787037109782,4.9910197798196485,69.11946807428805,5.195130066732,15.05384364946409,0.98552134212026,5.399169200127689,NORMAL
Dehydrate,StandardMale.xml,815,71.9919553342165,119.94150503067785,74.86845521832136,89.89280515577352,5.010026988910189,69.06948093633477,5.191651160959595,15.104069175103891,0.9863158513314844,5.391038890194318,NORMAL
Dehydrate,StandardMale.xml,816,72.34368755088421,119.98793197450132,74.56378324406127,89.70516615420796,5.001776919495093,69.57153336246306,5.191827555820708,15.057325564814878,0.9852472774048456,5.384637394544473,NORMAL
Dehydrate,StandardMale.xml,817,72.35363994759068,120.05203195787512,74.37486156709495,89.60058503068834,4.99791502885172,69.19541171756008,5.189981811319744,15.049131237990741,0.985802658480185,5.384961976757944,NORMAL
Dehydrate,StandardMale.xml,818,72.6152658710137,120.22599255829542,74.8278700303524,89.96057753966674,4.968076121936774,69.14130132834075,5.186924470848268,15.03781763063412,0.9855866767056233,5.381565642920055,NORMAL
Dehydrate,StandardMale.xml,819,72.39409180124403,119.99777576636467,74.82650378147329,89.88359444310375,4.995611223171632,68.58027041373127,5.1880865969504715,15.007113692425587,0.98688903029363,5.375939864871253,NORMAL
Dehydrate,StandardMale.xml,820,72.22559798234444,119.59588073884099,75.28630561049671,90.05616398661147,5.029175688666323,69.08202500345745,5.189694055850195,15.047393814824922,0.987216582792526,5.378078280130106,NORMAL
Dehydrate,StandardMale.xml,821,71.90477579358614,119.92470576139107,74.98480702947927,89.96477327344986,5.042255558745197,69.6171277407839,5.189713890559847,15.118328038215683,0.986467909534138,5.38103614729498,NORMAL
Dehydrate,StandardMale.xml,822,72.13694135166028,119.62330840062305,75.25583876758364,90.04499531193011,5.006034728290006,70.02902891993173,5.186852032779442,15.06029062543713,0.9854590970839031,5.381072644922643,NORMAL
Dehydrate,StandardMale.xml,823,72.2101663583622,119.08692000065464,75.29365120676327,89.89140747139373,5.033664257099126,69.40901896577574,5.188338297791039,15.113487072902123,0.9839396413545148,5.375806572389992,NORMAL
Dehydrate,StandardMale.xml,824,72.47823199728329,118.59223322956224,75.48328417044539,89.85293385681767,5.027239759674993,69.68322820896728,5.188372229674688,15.208159293213006,0.9827626377028227,5.378541432035149,NORMAL
Dehydrate,StandardMale.xml,825,72.4716249267182,118.16524243071044,75.6008098124014,89.78895401850441,5.033194828766324,69.39503318466652,5.189877421340293,15.295471201860728,0.9839172848290908,5.378603869715208,NORMAL
Dehydrate,StandardMale.xml,826,72.02526887137677,117.65338456872908,75.8316481497607,89.77222695608349,4.991713547589311,69.47153546223184,5.194225070914833,15.370834813344498,0.9845048435832091,5.3813735560849825,NORMAL
Dehydrate,StandardMale.xml,827,72.29109995072582,117.41193112081436,76.35589165154288,90.04123814130004,4.956739166557745,69.32475609873278,5.193856377988865,15.461177408896921,0.9835791792796359,5.389373617500624,NORMAL
Dehydrate,StandardMale.xml,828,72.37600487808784,117.6365566940804,76.54388962183911,90.24144531258621,4.970095658468513,68.69618897707804,5.197220670678397,15.503793792877545,0.9827250396340704,5.388695189766123,NORMAL
Dehydrate,StandardMale.xml,829,72.27211701941405,117.78981521768006,76.99775668988413,90.59510953248277,4.941526690245514,68.79027395098566,5.195435838397208,15.464147518347833,0.9825126436982486,5.394885787162487,NORMAL
Dehydrate,StandardMale.xml,830,72.12594205350258,117.20924592958163,76.79330579562512,90.26528584027729,4.953348466673668,68.52837921152837,5.193729095743453,15.43709748387355,0.9816151590946148,5.391601537219772,NORMAL
Dehydrate,StandardMale.xml,831,72.2588081831042,116.98634794200206,76.73255318752713,90.1504847723521,4.96153051351024,68.7842540454715,5.196188784537541,15.539567603570074,0.9822219572653769,5.388460979128178,NORMAL
Dehydrate,StandardMale.xml,832,71.8993360062047,117.42707512618607,76.80125023786543,90.34319186730565,5.005626793447975,68.77885847043984,5.19633014233291,15.578908960296337,0.9830100401331715,5.392987025001631,NORMAL
Dehydrate,StandardMale.xml,833,72.26469663238268,118.17518539272729,76.45172561767653,90.35954554269345,5.013585311441267,69.59185102935487,5.194788453535894,15.501120885310893,0.9832453222151827,5.393247135901818,NORMAL
Dehydrate,StandardMale.xml,834,72.61273474161392,117.94999524858376,75.95430222348281,89.95286656518313,5.016787553262987,69.39912438958275,5.195402203785964,15.369079886708022,0.9837811913270952,5.390410291568237,NORMAL
Dehydrate,StandardMale.xml,835,72.49566833941341,117.50774108607932,76.09095876304532,89.89655287072333,5.031239724314834,69.16465676170485,5.200562399869333,15.408825807647869,0.9823833846396696,5.3915396465473435,NORMAL
Dehydrate,StandardMale.xml,836,72.0250083508194,117.74122807254085,75.62178169535595,89.66159715441758,5.054926609688433,69.42924066167542,5.203513076371123,15.486883393360932,0.9840895586742451,5.401034865717136,NORMAL
Dehydrate,StandardMale.xml,837,71.95170801751911,117.53894373524881,75.73872212355222,89.67212932745109,5.058614947534151,70.0858284623233,5.198345158973198,15.445673084891709,0.9832659149601817,5.406464372586836,NORMAL
Dehydrate,StandardMale.xml,838,71.78576323141623,117.99939297842454,75.53875014241363,89.69229775441727,5.051347172780053,70.18871018115507,5.196716711150022,15.48137614511203,0.9819229585319288,5.396954945512382,NORMAL
Dehydrate,StandardMale.xml,839,71.97326640003799,117.77737052466186,75.86222440073567,89.83393977537773,5.0537911967374,70.23376233185773,5.192270402250077,15.400107138932029,0.9811958724484323,5.393958456863926,NORMAL
Dehydrate,StandardMale.xml,840,71.84252424524503,117.57664177497303,76.08538100923673,89.91580126448216,5.079923443906653,70.11340298895001,5.195860970601141,15.439293964481987,0.9819369903556363,5.385776853525705,NORMAL
Dehydrate,StandardMale.xml,841,71.85626617521423,117.80446836052074,76.54581846833885,90.29870176573282,5.07224127079239,70.53302370973495,5.194543005664937,15.474722464454004,0.983033862184373,5.392383818239187,NORMAL
Dehydrate,StandardMale.xml,842,71.81348314965771,118.16706243843403,76.88380999084124,90.64489414003884,5.04657186083094,70.42933939782479,5.197228964384854,15.434511213239546,0.982637574408651,5.389958645682723,NORMAL
Dehydrate,StandardMale.xml,843,71.87600129922984,117.7389995427309,77.00255153980643,90.58136754078126,5.0643349435834475,70.15396004705535,5.2013308188547285,15.37051358310875,0.9823872501509644,5.394901048319092,NORMAL
Dehydrate,StandardMale.xml,844,72.27416908428624,117.46231194500228,76.3221564261876,90.03554159912584,5.09446004228338,70.31818544346977,5.202489520930329,15.446066419022632,0.9836233714193788,5.402448824908353,NORMAL
Dehydrate,StandardMale.xml,845,72.2812559737733,117.37088474035835,76.39853228869428,90.05598310591564,5.111052818305108,70.3623754742135,5.204805871913749,15.494901608618441,0.984349239115517,5.404580939654105,NORMAL
Dehydrate,StandardMale.xml,846,72.08187243393047,116.78908723418147,76.24834699178722,89.7619270725853,5.096033588645406,70.55586291188104,5.201798038074399,15.511038453600491,0.9842569900718108,5.4088432312233365,NORMAL
Dehydrate,StandardMale.xml,847,72.42761287930229,116.53396906583555,75.98194740937504,89.49928796152854,5.052227897411756,70.53501845815865,5.204503714720016,15.613725353027,0.9851497690399378,5.403308549775284,NORMAL
Dehydrate,StandardMale.xml,848,72.68078289163066,116.62751597168867,75.4139903742458,89.15183224006009,5.043888265308416,69.7341845130639,5.204144160657534,15.658753551698666,0.9842084292044648,5.408287235146469,NORMAL
Dehydrate,StandardMale.xml,849,72.89628730385944,117.11420458962674,75.51120187419214,89.37886944600368,5.0600884239902175,69.4353339907563,5.200245762345789,15.642242580766315,0.9853871166670995,5.4076256237325815,NORMAL
Dehydrate,StandardMale.xml,850,72.99152879363342,117.83152167942544,75.78069791447088,89.79763916945573,5.022706699303848,69.45997703885591,5.202471818596101,15.55634234119561,0.985234269759217,5.400452224547138,NORMAL
Dehydrate,StandardMale.xml,851,72.9827370282321,117.88260122644621,75.21139843187115,89.4351326967295,5.054270923324445,68.94053261304549,5.204144706200653,15.42973631921194,0.9854984013258459,5.40454836578664,NORMAL
Dehydrate,StandardMale.xml,852,72.47425774047709,117.85002220944742,74.75942928278208,89.12296025833719,5.048692480997404,69.32318109175529,5.205403156656965,15.42072081080569,0.9848959937561522,5.407626627580381,NORMAL
Dehydrate,StandardMale.xml,853,72.45033726454143,117.60464512218539,75.37576288593135,89.4520569646827,5.02788086524835,69.655057159959,5.201896600499842,15.426470987123826,0.9842342582522655,5.4099422882072155,NORMAL
Dehydrate,StandardMale.xml,854,72.22402480013828,117.56866241676018,74.99029368684118,89.18308326348085,4.996114963733685,69.42461258840473,5.199481325555064,15.469779891018621,0.9828412537344196,5.403489913393326,NORMAL
Dehydrate,StandardMale.xml,855,72.28177196346739,117.63903084556578,74.75683016160525,89.05089705625876,4.984657598954933,69.22133123185846,5.197707645592446,15.476130816235493,0.9819385280421252,5.399045592947852,NORMAL
Dehydrate,StandardMale.xml,856,72.39417832875607,117.37802061369541,74.5966965568652,88.85713790914194,4.952399441302547,69.03851590979758,5.199023560966139,15.463710832143354,0.9816995265022022,5.3957818642619575,NORMAL
Dehydrate,StandardMale.xml,857,72.27764403062247,116.93320872100533,74.72647175285749,88.79538407557344,4.972775802676821,68.56401033802297,5.195160901909283,15.509778976377053,0.9806248174198857,5.3982032654413405,NORMAL
Dehydrate,StandardMale.xml,858,72.16848830244716,116.60913619113319,74.99146090158085,88.86401933143163,4.983820442913951,68.8991401153438,5.198909558867817,15.588287999883411,0.9815727342040539,5.391095629659585,NORMAL
Dehydrate,StandardMale.xml,859,72.23099882489534,116.50998390836948,75.49089774435384,89.16392646569238,5.003006194312611,69.11721968340713,5.200705448381192,15.645486600648393,0.981947218033675,5.397993491453706,NORMAL
Dehydrate,StandardMale.xml,860,72.56807135298595,117.04310552413466,75.50955327194525,89.35407068934173,4.973149625841875,69.29860896737242,5.203777554020236,15.66298691713303,0.9834503721291338,5.40129808768585,NORMAL
Dehydrate,StandardMale.xml,861,72.43971821093632,117.09336142799397,75.78855585137539,89.55682437691492,4.993541276208606,68.67753134480174,5.203129483119622,15.568891282210293,0.9827693561736189,5.406951034954556,NORMAL
Dehydrate,StandardMale.xml,862,72.13904638511549,117.70542905631922,75.95373169846718,89.87096415108452,5.027430003938787,69.02156340705545,5.201800032648472,15.560021146311808,0.983546552469758,5.40575852692977,NORMAL
Dehydrate,StandardMale.xml,863,72.2459860464319,118.14433224349732,76.41805303548303,90.3268127714878,5.020041109620561,69.66455199325384,5.196958751306496,15.451991589077942,0.9835887668039539,5.403312219968754,NORMAL
Dehydrate,StandardMale.xml,864,72.082548997589,118.07311111501632,75.97389236269265,90.00696528013387,5.038808516197722,69.49135957588787,5.198246318440368,15.374525448434106,0.9825837847862089,5.394403832252085,NORMAL
Dehydrate,StandardMale.xml,865,71.74993117120904,118.50909438166146,76.33306941897682,90.39174440653836,5.019711823277751,69.84613424840823,5.1998810492039125,15.387095933490718,0.9836542675066325,5.3967730701520455,NORMAL
Dehydrate,StandardMale.xml,866,71.82145741222531,118.31041727963766,76.19006301739275,90.23018110480771,5.026757731071787,69.88048621753232,5.200370050157233,15.310145157012109,0.9851835415295529,5.399781119968887,NORMAL
Dehydrate,StandardMale.xml,867,71.76087485967636,118.05094210923978,76.54442887001481,90.3799332830898,5.030473301636965,69.90853885545086,5.203183602346468,15.345211542442206,0.9849749274831865,5.400680925160591,NORMAL
Dehydrate,StandardMale.xml,868,72.03408231025516,118.10729388588231,76.1638419744402,90.14499261158757,5.039425612275613,70.00168749350931,5.198707999583155,15.391008749276953,0.9862695219481742,5.4058581111145365,NORMAL
Dehydrate,StandardMale.xml,869,72.08725486819,118.07596895105688,76.25518579705533,90.19544684838918,5.031209866710799,69.89204038900463,5.19936217924492,15.381062695608517,0.987134085734609,5.397622604465566,NORMAL
Dehydrate,StandardMale.xml,870,71.81237744570343,118.70527918893085,75.70872983728023,90.0409129544971,4.995754714412531,69.7510035347217,5.202553843776575,15.38659152719994,0.9877774837970792,5.398826353153508,NORMAL
Dehydrate,StandardMale.xml,871,71.74951645551465,118.614419906044,75.93515269440984,90.1615750982879,4.963562496132684,69.54169888743013,5.205519985601686,15.275518660062229,0.9887171930639486,5.404699299404948,NORMAL
Dehydrate,StandardMale.xml,872,72.11752622276059,118.73280961200359,75.34299366222199,89.80626564548253,4.940151161499538,69.20284937955526,5.201570796239405,15.29155526720597,0.9885137501798107,5.410157263843331,NORMAL
Dehydrate,StandardMale.xml,873,72.00820846105181,118.75580619363171,75.05499388614544,89.6219313219742,4.962639707617163,68.63214471533394,5.1996111794791195,15.270659557444523,0.9884436354509036,5.402890404613171,NORMAL
Dehydrate,StandardMale.xml,874,72.3372839316854,118.3933668110879,75.69803498859518,89.92981226275943,4.962391350873933,68.98818821862528,5.2044680708866045,15.266600675033152,0.9877010914419153,5.399284535702941,NORMAL
Dehydrate,StandardMale.xml,875,71.94757465105975,117.65851194573825,76.31722279093506,90.09765250920279,4.959733686518307,68.72804176217633,5.2003863806339625,15.330571001527069,0.9868676780831372,5.408221647326776,NORMAL
Dehydrate,StandardMale.xml,876,71.8524560694409,117.76707704108937,75.74370090384109,89.75149294959051,4.981362352692473,69.00077348433125,5.203563020180598,15.460272430031125,0.9862960806803902,5.400710974688396,NORMAL
Dehydrate,StandardMale.xml,877,72.16819951833816,118.3063977017825,75.45610624606113,89.73953673130158,5.000021186027367,69.33637754746246,5.20222082005306,15.441110757955894,0.985646833719758,5.4065562736327415,NORMAL
Dehydrate,StandardMale.xml,878,72.04394181018962,118.1045860858976,75.57415799237576,89.75096735688304,5.013017370523911,69.31213033374847,5.201791967215272,15.345920995443581,0.9846597962652905,5.40408650617143,NORMAL
Dehydrate,StandardMale.xml,879,71.94365255750103,118.68657175676631,76.03215097135326,90.25029123315761,4.983625854091536,69.5664126942263,5.206623249857715,15.381540620628385,0.9851971956998131,5.403297378855221,NORMAL
Dehydrate,StandardMale.xml,880,71.66128857448446,118.00634184390115,75.44722249188438,89.6335956092233,5.003512753373625,69.29169826820902,5.205960697407632,15.278820510250332,0.9849916341494787,5.412187368076571,NORMAL
Dehydrate,StandardMale.xml,881,72.11486065311762,117.42412547960504,75.68286704076715,89.59661985371311,4.996313565569072,69.75540612956159,5.205044392900972,15.39888066848011,0.9858590883195522,5.410968212714375,NORMAL
Dehydrate,StandardMale.xml,882,72.17758355918345,117.38777835878545,75.33588799828661,89.35318478511955,4.99755750461736,69.30953397806441,5.205161565817545,15.501641496105186,0.9856405367120151,5.409282131027471,NORMAL
Dehydrate,StandardMale.xml,883,72.02963890558065,117.01982374510024,75.53941112430608,89.36621533123747,5.004117734794792,69.27514618071652,5.208216908667911,15.50805674041342,0.9847995721260886,5.409497739602347,NORMAL
Dehydrate,StandardMale.xml,884,72.02564932742682,117.01017043019459,75.64893125627236,89.43601098091311,4.992927175310819,69.47060805307841,5.212342255419863,15.573000501787199,0.9850200461871765,5.415119841850862,NORMAL
Dehydrate,StandardMale.xml,885,72.18490592720401,116.584908588021,75.6680224114953,89.3069844703372,5.009108505777144,69.33906405071187,5.20777629796203,15.574704305887982,0.9857123229315969,5.422710846325947,NORMAL
Dehydrate,StandardMale.xml,886,72.53825144753264,117.42832194073269,76.04167458712023,89.83722370499105,5.005090868543192,69.40817203164555,5.202936885525858,15.649762757589107,0.9868251151695417,5.414309079012918,NORMAL
Dehydrate,StandardMale.xml,887,72.11144009356985,117.45692808470913,76.32680102685813,90.03684337947513,5.041246045187215,69.08290967568148,5.198482884308363,15.500900823315794,0.9870802500101383,5.405404130248943,NORMAL
Dehydrate,StandardMale.xml,888,72.3297180242443,117.25824032689873,75.75173002053268,89.58723345598803,5.0232389787050815,69.85252750153671,5.2013894575140345,15.495851856624974,0.9868205288338834,5.397208372363126,NORMAL
Dehydrate,StandardMale.xml,889,72.2800807746055,117.30232473498994,76.06147996905023,89.80842822436347,5.013826645624103,69.46379978352284,5.205884175649923,15.530920122794807,0.987569637051307,5.402556725250305,NORMAL
Dehydrate,StandardMale.xml,890,72.06067749809203,116.73376047586352,76.561693301532,89.95238235964251,5.0319400358695665,69.38991888371545,5.20768342008228,15.523139252076254,0.987555299036552,5.41082740588282,NORMAL
Dehydrate,StandardMale.xml,891,71.69881274423055,116.84497228675501,76.09858768794976,89.68071588755151,4.991817701995865,69.78085417633609,5.211972736025847,15.623490491596126,0.988277675945326,5.414138175463906,NORMAL
Dehydrate,StandardMale.xml,892,71.85286233565044,116.68223353678395,75.58601552942675,89.28475486521248,4.993354635435627,69.58424742426762,5.2145299014689375,15.603861675867613,0.987349153837265,5.422030897816823,NORMAL
Dehydrate,StandardMale.xml,893,71.58556487950602,116.53043588195607,76.06409004789685,89.55287199258326,4.95537552112841,69.4806854118893,5.209483648734531,15.632584964423604,0.9861851674100578,5.426736309383221,NORMAL
Dehydrate,StandardMale.xml,894,71.73410532207265,116.21470407652774,75.99254306996929,89.39993007215544,4.985943280784235,69.23343997054748,5.206337903927546,15.659377156464647,0.9866927312737424,5.417450756097022,NORMAL
Dehydrate,StandardMale.xml,895,71.770238661102,116.8436026863153,76.42783659597828,89.89975862609062,4.975242380396168,69.4852947487535,5.201675167766086,15.715103624532237,0.9854925987092429,5.411662306217991,NORMAL
Dehydrate,StandardMale.xml,896,72.15904080973455,116.49529337044136,76.37270240144929,89.74689939111332,5.0180250126928865,69.3274937074962,5.204244906638185,15.60410340949678,0.9846670550084204,5.403082457493509,NORMAL
Dehydrate,StandardMale.xml,897,72.08235960863749,116.86470559320864,75.98193681181868,89.60952640561534,5.0343743740213265,69.53571012416641,5.2023562598377175,15.665579787976801,0.9851204591120633,5.40781100528617,NORMAL
Dehydrate,StandardMale.xml,898,72.27181748956181,116.46049831266535,75.58517976848215,89.21028594987655,5.0216979693764285,69.79294753704879,5.200181535002645,15.600378759502998,0.985849279369416,5.404335727406215,NORMAL
Dehydrate,StandardMale.xml,899,72.42448762038164,116.68692369472446,75.48968338353697,89.22209682059946,5.035258114488446,69.49089742875874,5.199912916072884,15.671721094119317,0.9847168242331579,5.4003340405304865,NORMAL
Dehydrate,StandardMale.xml,900,72.64376325778711,116.15782248387083,76.06231419789802,89.42748362655563,5.026470130126605,69.53331662553165,5.201704812971756,15.631757154452577,0.9861247538857796,5.399839757838505,NORMAL
Dehydrate,StandardMale.xml,901,72.67336982558301,115.73170870904764,76.55624665590587,89.61473400695313,5.033940302910697,69.25616125842119,5.206130340211549,15.725143190398995,0.9858301811662957,5.403137007305304,NORMAL
Dehydrate,StandardMale.xml,902,72.88574219753339,116.49993790405259,76.29284683885162,89.69521052725194,5.010789123761648,69.32227959270149,5.2016229531555,15.800352007685014,0.9862268333898861,5.411280370542826,NORMAL
Dehydrate,StandardMale.xml,903,72.63810738737139,117.05861126807052,76.55734552232954,90.05776743757653,5.028097929407415,68.88057962175318,5.202380431896971,15.66476003067163,0.985213518261937,5.402986377971846,NORMAL
Dehydrate,StandardMale.xml,904,72.39236342427193,117.43561702041067,76.10775567999427,89.88370946013308,5.028166478464336,69.2800408089924,5.203918121668614,15.56615452801116,0.9861915147837912,5.404380206142427,NORMAL
Dehydrate,StandardMale.xml,905,71.93080913065322,116.93871203190712,75.61978279556396,89.39275920767835,5.020092273961668,69.47359997653635,5.200799009214321,15.49961324627181,0.9854461375790556,5.407209691914092,NORMAL
Dehydrate,StandardMale.xml,906,71.69781493259072,116.39659731740758,75.17478903386815,88.91539179504797,5.0524979856714,69.74122635477877,5.202301179150516,15.587316668918453,0.9864168437990312,5.401470247929746,NORMAL
Dehydrate,StandardMale.xml,907,72.11298295958969,116.77831813823964,75.5214440054052,89.27373538301669,5.015107512342165,70.3181476450729,5.205681595267546,15.682999580196727,0.9851932809833173,5.404234374048988,NORMAL
Dehydrate,StandardMale.xml,908,72.21761832671876,117.48172564223084,75.65695838220229,89.59854746887848,5.050469609269852,69.53700018910509,5.2091873362956616,15.615626091789458,0.9857647879901233,5.410454639984179,NORMAL
Dehydrate,StandardMale.xml,909,71.98083940762734,117.49636229278242,76.22068530673,89.97924430208082,5.054853429512544,69.87917443497746,5.2126797113525924,15.49147510308406,0.9850327896051618,5.41690551488829,NORMAL
Dehydrate,StandardMale.xml,910,71.92589935288628,118.12028937337409,76.51861071061984,90.38583693153792,5.033423555992856,70.12015592132582,5.208285557925526,15.488891743328864,0.9837521590732079,5.423331795218129,NORMAL
Dehydrate,StandardMale.xml,911,72.16101628161215,117.94207360283693,76.25685803005639,90.1519298876499,4.993778833847517,69.9057669242636,5.212179138283642,15.378769000116705,0.9831459254823233,5.415246162582937,NORMAL
Dehydrate,StandardMale.xml,912,72.08428884772425,117.93729063489313,76.7409799738075,90.47308352750271,5.003431159348054,69.24276119260172,5.207989769853511,15.41022397321486,0.983270340979089,5.422410696305727,NORMAL
Dehydrate,StandardMale.xml,913,71.78410795205455,118.32084943216022,76.31597632959952,90.31760069711976,5.014441449566861,69.4192192332147,5.211477035356308,15.411068164093972,0.9840548378318502,5.414701886255793,NORMAL
Dehydrate,StandardMale.xml,914,71.50587223376434,117.68523593480796,76.36446160397553,90.13805304758634,4.992566681490816,69.78965020422669,5.210018202799303,15.343370273984515,0.9853199460049485,5.421118764552148,NORMAL
Dehydrate,StandardMale.xml,915,71.31452582218647,117.9186910644134,76.841108704857,90.53363615804247,5.006724687382533,69.7468449518894,5.206881556341276,15.455555662515383,0.985894530132852,5.418434383060246,NORMAL
Dehydrate,StandardMale.xml,916,71.76247524494639,118.03274146860556,76.7607354303297,90.51807077642165,5.041022368733058,70.07159694041775,5.206238132014704,15.414350976761526,0.9856311804548382,5.4126626749514966,NORMAL
Dehydrate,StandardMale.xml,917,72.08077050136737,118.4222060963792,77.0138047070617,90.81660517016753,5.038771682211612,70.12776456367789,5.200772432120795,15.394221151073904,0.9869431800898756,5.411478717035697,NORMAL
Dehydrate,StandardMale.xml,918,72.32051062091986,118.34748845061353,76.97537217642196,90.76607760115247,5.0684136894461,69.84710242937395,5.19929985512439,15.325480885538603,0.9873333191951399,5.4014213437168355,NORMAL
Dehydrate,StandardMale.xml,919,72.1829037408194,118.49183901858977,77.41135158879689,91.10484739872786,5.026559673407023,70.01297330457226,5.199702098583363,15.338668503729927,0.988529533859036,5.398711671235526,NORMAL
Dehydrate,StandardMale.xml,920,71.81411434520136,118.37754150573343,77.56532311318253,91.16939591069949,5.034847399645637,69.61942445076822,5.196492100510608,15.313190717904856,0.9868653214610374,5.3994518349310265,NORMAL
Dehydrate,StandardMale.xml,921,71.75514063799206,117.9005836346883,77.61645153325615,91.04449556706687,5.061925296444592,70.01199426635226,5.198078747242193,15.333364158118624,0.9862939619562167,5.393545153335408,NORMAL
Dehydrate,StandardMale.xml,922,71.46741609788326,118.09817314229815,77.70890249091019,91.17199270803951,5.024877107064607,70.38600314952812,5.195163289320183,15.417546926890758,0.9868497195747948,5.396464724262177,NORMAL
Dehydrate,StandardMale.xml,923,71.63831352352624,118.07156306466395,76.98369231206117,90.67964922959543,5.024809578101501,70.1689175969057,5.1936273201501795,15.382672501200977,0.9868036443037143,5.391100022707713,NORMAL
Dehydrate,StandardMale.xml,924,71.97127639255429,117.99218437147485,77.46310577209259,90.97279863855334,4.984470289352747,70.03117744766926,5.189697396028829,15.38736916341892,0.9875227684633598,5.388273702995903,NORMAL
Dehydrate,StandardMale.xml,925,71.61073472600765,117.45856468424688,77.65971075899424,90.92599540074512,4.999922950515452,69.2800956970166,5.190104850407748,15.40137945359304,0.9878552925044574,5.381042293520373,NORMAL
Dehydrate,StandardMale.xml,926,71.9807008634554,117.0307200923253,77.55990445877248,90.71684300329008,5.03391847244494,69.7522707904902,5.186264799559957,15.495562997820407,0.9865517673375431,5.381792045771453,NORMAL
Dehydrate,StandardMale.xml,927,72.10726442482637,117.10432097387122,77.8782337441889,90.95359615408302,4.99306730963733,69.86815481470323,5.189375973663017,15.571077303252082,0.9853193080723388,5.3747260111026485,NORMAL
Dehydrate,StandardMale.xml,928,71.82561989048337,116.57950723007264,77.4263402634645,90.47739591900054,5.017485972305421,69.27647633956786,5.189787269837051,15.558086793253727,0.98430584577215,5.380450847815569,NORMAL
Dehydrate,StandardMale.xml,929,71.93006363304556,117.19133977926478,76.78633830484905,90.2546721296543,5.014929682670057,69.79336982458419,5.193595586878807,15.650716093920941,0.983523064852504,5.381207669310925,NORMAL
Dehydrate,StandardMale.xml,930,72.1863037703577,117.18305590947132,77.06776635410067,90.43952953922422,5.051517632180388,69.67961111943764,5.195891633851829,15.54272802800844,0.9831138588898116,5.388215310957735,NORMAL
Dehydrate,StandardMale.xml,931,72.53321524174916,117.38540318515713,76.507095782556,90.1331982500897,5.071573664167767,69.91659631573884,5.199151137371588,15.54419012589527,0.9840573500534703,5.3924402413442465,NORMAL
Dehydrate,StandardMale.xml,932,72.51102791886264,117.22732543329897,75.99240504488155,89.73737850768735,5.033344571880725,69.88246884567342,5.198370551922282,15.508475957087438,0.9847216075387843,5.398438017359885,NORMAL
Dehydrate,StandardMale.xml,933,72.46112045677542,117.23224278505636,76.50410811234966,90.0801530032519,4.992161583988986,69.44238025345302,5.1945005139039475,15.53637658236391,0.9857859667017248,5.397001670794333,NORMAL
Dehydrate,StandardMale.xml,934,72.46748670308652,117.7111829285812,75.86363023923828,89.81281446901924,4.992162448376893,68.9883284081703,5.190003724319531,15.53550867282495,0.9847613628424496,5.38988045706799,NORMAL
Dehydrate,StandardMale.xml,935,72.0540587324889,117.9575779376575,76.34395227888308,90.21516083180789,4.986503579087181,68.98337094882937,5.1938771004255635,15.45097603418813,0.9855981313416535,5.38160596478618,NORMAL
Dehydrate,StandardMale.xml,936,72.19814621143115,117.55118696740702,76.47132766522999,90.164614099289,4.990147200115497,69.23938537736296,5.193486973690206,15.407487467723701,0.9868645762314429,5.388733320890406,NORMAL
Dehydrate,StandardMale.xml,937,72.25065878780897,116.95659358566607,76.03194576504572,89.67349503858584,4.991449836321748,69.1699651800605,5.198510707162468,15.47921522222058,0.9870970679095247,5.38801545304268,NORMAL
Dehydrate,StandardMale.xml,938,72.43128848236621,116.86619206479801,75.43367608824171,89.24451474709382,4.971439172654414,69.14441794874892,5.1948048626702,15.584160585757317,0.9870199926800408,5.397259568886163,NORMAL
Dehydrate,StandardMale.xml,939,72.029656227929,116.80607983548886,75.8135747890959,89.47774313789355,4.978419076086573,68.76333731666256,5.1924130042530665,15.600116398188316,0.9876694768321963,5.39044048583297,NORMAL
Dehydrate,StandardMale.xml,940,72.15174219253959,116.63336637037911,75.46794312042928,89.18975087041255,5.005021011734679,69.16128757949613,5.194872064483368,15.610726169422875,0.9888617587628833,5.386039253878435,NORMAL
Dehydrate,StandardMale.xml,941,72.1037662714446,116.34080339921037,75.73463261393236,89.2700228756917,4.967801852214867,69.38517316338576,5.196730679935311,15.641209989021675,0.9879081831404763,5.390564143138688,NORMAL
Dehydrate,StandardMale.xml,942,72.03269395137919,116.30377661993549,76.13199851321842,89.52259121545744,4.9927607789387976,68.97539194302838,5.192425255161382,15.692847172195147,0.9883969083095538,5.393984160669696,NORMAL
Dehydrate,StandardMale.xml,943,72.36665662000858,116.04933077250327,76.45907870075911,89.65582939134049,4.99252939093259,69.33150895935054,5.189191549173609,15.6993823757997,0.9893105440419153,5.386061796637975,NORMAL
Dehydrate,StandardMale.xml,944,72.4773155150678,116.40832977593898,76.19630230864767,89.60031146441145,4.969424005745513,69.06653611015389,5.191824270645134,15.744291910246591,0.988442946846539,5.380111490372766,NORMAL
Dehydrate,StandardMale.xml,945,72.613973114275,116.35194107192007,75.69091313991352,89.24458911724903,4.992514175598628,68.70341030521932,5.196176828901011,15.680928808533995,0.9877942611796571,5.38495593174307,NORMAL
Dehydrate,StandardMale.xml,946,72.27920887686174,116.50497946446062,75.7085210624292,89.307340529773,5.024749811776003,68.8734650340042,5.192931925503823,15.690881379861485,0.9888545057406876,5.392965025568406,NORMAL
Dehydrate,StandardMale.xml,947,72.1925895920809,116.52291143353025,75.30645627792198,89.04527466312474,5.039040762141392,69.52170304816482,5.194817268706627,15.663870198382773,0.9899729841518298,5.3869941150752165,NORMAL
Dehydrate,StandardMale.xml,948,71.9194477343747,116.17457038581888,75.61860244887256,89.13725842785468,4.998615711460517,69.76171686968763,5.19159667201449,15.660705216950536,0.9906303203925609,5.390463314042016,NORMAL
Dehydrate,StandardMale.xml,949,71.90091252287887,115.92874586300252,75.47570905235192,88.96005465590211,5.02971270861497,69.49143046639576,5.1933049248511045,15.722187196080204,0.9910487857248156,5.384537130045267,NORMAL
Dehydrate,StandardMale.xml,950,72.02927340634002,116.32826396623499,75.14123744352844,88.87024628443062,5.06336815779297,69.88092288510674,5.197390273721202,15.765575072073162,0.9893245745183078,5.3876804670074705,NORMAL
Dehydrate,StandardMale.xml,951,72.3095460489919,116.50959688625063,75.83694190873813,89.39449356790897,5.062258925242217,70.1840326688803,5.200968826175872,15.695060374347335,0.9883163132662361,5.39519787182696,NORMAL
Dehydrate,StandardMale.xml,952,72.43744907351945,117.01537427128049,75.55208675200213,89.37318259176158,5.0401545621410815,69.9478287151558,5.201686033412224,15.663055226297251,0.9892266233821714,5.401782726223717,NORMAL
Dehydrate,StandardMale.xml,953,72.43157031502183,116.639628426692,75.69315888786986,89.34198206747723,4.995215308993451,69.58178025689061,5.206353066036726,15.573785831160013,0.9875088572749495,5.403102451247589,NORMAL
Dehydrate,StandardMale.xml,954,72.32986199336756,117.17552524736121,75.1695583342398,89.17154730528027,4.998341995212631,69.04798402909891,5.2056377963150275,15.64010473996169,0.9882023126663358,5.411690205845723,NORMAL
Dehydrate,StandardMale.xml,955,72.52710121484648,117.20582150004073,74.95575159320599,89.03910822881757,5.003241669607284,69.16504771169387,5.200311252925389,15.545519283092588,0.988641628734259,5.410374046020918,NORMAL
Dehydrate,StandardMale.xml,956,72.79150109106189,116.78493673619079,74.83340252933247,88.81724726495192,5.014621347617755,69.06948501334959,5.1961936615649655,15.540172013262668,0.988289809031286,5.400572733031083,NORMAL
Dehydrate,StandardMale.xml,957,72.49189556612669,117.21233671631595,75.39998787905002,89.33743749147199,5.032457858843221,68.99946467223482,5.191742134319942,15.614457913351192,0.9878912928174147,5.392995999165315,NORMAL
Dehydrate,StandardMale.xml,958,72.62019803353566,117.82876824510039,75.35692360845125,89.51420515400096,5.051325697527524,69.44678741546284,5.191106601410331,15.539022081626158,0.9875530051699003,5.384804793608607,NORMAL
Dehydrate,StandardMale.xml,959,72.61449704535124,118.35342421807142,74.91732538667787,89.39602499714239,5.075967868097926,69.57175418427943,5.190146739684325,15.430222298664606,0.9859470206733092,5.383635356601005,NORMAL
Dehydrate,StandardMale.xml,960,72.44382943113528,117.98960091053839,75.57985759947104,89.71643870316015,5.069249674461272,69.87086528605035,5.193879350413297,15.337620844450717,0.9867343766134381,5.381869125761348,NORMAL
Dehydrate,StandardMale.xml,961,72.0281440376468,118.52400898289869,75.91213857505008,90.11609537766628,5.024415946372277,69.92530249152621,5.198821952831729,15.401835432847914,0.9871196624158234,5.388737461067702,NORMAL
Dehydrate,StandardMale.xml,962,72.33342471390172,117.91778946555141,75.7611715953607,89.81337755209093,5.030696320343247,69.71610026111482,5.197571855722393,15.30751273913308,0.985975985776138,5.397832288565324,NORMAL
Dehydrate,StandardMale.xml,963,72.32001743353162,117.32125773780955,76.04043923579962,89.80071206980293,5.002986969156935,69.5503300028615,5.20257851564199,15.41451010840214,0.9851138483781672,5.395531998838948,NORMAL
Dehydrate,StandardMale.xml,964,71.95285425741457,117.37090290698696,76.56266501930234,90.16541098186389,5.008998888377799,69.22848489946291,5.20696338622532,15.519797588807268,0.9842341274912485,5.404744697828896,NORMAL
Dehydrate,StandardMale.xml,965,72.1574137023799,117.06043588080951,76.3198041399353,89.90001472022671,4.9891895656439536,69.59009850344451,5.20820889199273,15.511035247201796,0.9836267992779867,5.412813249207025,NORMAL
Dehydrate,StandardMale.xml,966,71.77957478314192,116.95415478953399,76.26569844910436,89.82851722924757,4.992763281298772,69.19043678730841,5.203779639570779,15.565832484993045,0.9843660702117729,5.415105090456414,NORMAL
Dehydrate,StandardMale.xml,967,71.9621777297423,117.12304249254346,75.98519528210748,89.69781101891948,5.0034027499183615,69.53159638151841,5.206476474948356,15.58459103176384,0.9857528524060668,5.406954872552815,NORMAL
Dehydrate,StandardMale.xml,968,72.21607044549897,117.84331395777136,75.46568799178641,89.59156331378139,5.034302025765981,69.5153110778922,5.205537385802044,15.55478245680574,0.9844331688612965,5.411917289205443,NORMAL
Dehydrate,StandardMale.xml,969,72.49526020645759,117.56544681581317,76.076423623637,89.90609802102905,4.998484861700555,69.68622125441729,5.202854068240905,15.427654989389003,0.9850697365093529,5.410189281757637,NORMAL
Dehydrate,StandardMale.xml,970,72.40254774978878,118.14149855629879,76.09226877837168,90.10867870434738,5.008868655872738,69.03740202192799,5.200557563963439,15.47669836781063,0.9864728845025533,5.4052517390880315,NORMAL
Dehydrate,StandardMale.xml,971,72.36272618878917,117.60971035397128,75.89746720725677,89.80154825616161,5.003196845941518,69.2343044830622,5.201959828025838,15.375025592469225,0.9857296695514575,5.401025967220722,NORMAL
Dehydrate,StandardMale.xml,972,71.94733469258267,118.17608177734607,75.58830880420271,89.78423312858384,5.0385671720546865,69.19751855682475,5.203249849141035,15.468885880746235,0.9854064035840407,5.4036062576576125,NORMAL
Dehydrate,StandardMale.xml,973,71.8311152760925,118.35986334015088,75.42825149139466,89.7387887743134,5.0409016095145045,69.95068350170335,5.204958641357796,15.3689216753781,0.9863996329587388,5.405980011101194,NORMAL
Dehydrate,StandardMale.xml,974,71.81793392575823,118.04329355661203,75.05377881445285,89.38361706183925,5.058604562300479,70.07146612856869,5.20127954153975,15.33648434339262,0.9855677468591227,5.409124340570781,NORMAL
Dehydrate,StandardMale.xml,975,71.83833139600061,118.69722009734004,75.48866241914472,89.89151497854316,5.014588514802777,70.29557605485087,5.199708444000521,15.392358714077602,0.9853901319382217,5.402354470093867,NORMAL
Dehydrate,StandardMale.xml,976,71.60072740012582,119.20907887302197,75.80292077553793,90.27164014136594,4.995466187648486,69.74831334876414,5.204463816423662,15.276941084735537,0.9863769337413436,5.399463511062255,NORMAL
Dehydrate,StandardMale.xml,977,71.82739065879652,119.29990671280872,75.41025995505159,90.0401422076373,4.975102164220979,69.70634048436395,5.199518423933405,15.186598327915526,0.9857167177114136,5.408213818737041,NORMAL
Dehydrate,StandardMale.xml,978,71.55985823373626,118.81173372385187,75.10095213670245,89.67121266575225,4.983415595805478,69.28065831867643,5.194903819516252,15.170567270459477,0.9851102434208204,5.399113857259421,NORMAL
Dehydrate,StandardMale.xml,979,71.5147200123356,118.53843340743572,75.25443296089767,89.68243310974368,4.958631155168995,69.5930797458327,5.193326885305209,15.256729500595451,0.986362730771401,5.39062257521997,NORMAL
Dehydrate,StandardMale.xml,980,71.52633621522385,118.47434949648303,74.91650006124775,89.43578320632618,4.960781521564033,69.32893883890941,5.192062617406307,15.304966837137982,0.9847666557523233,5.387720876193752,NORMAL
Dehydrate,StandardMale.xml,981,71.80299287792374,119.08445341200833,74.84135143539666,89.58905209426722,4.982438476308951,69.34576208040335,5.192436362214675,15.316277607722233,0.9841547944762267,5.385394510955795,NORMAL
Dehydrate,StandardMale.xml,982,72.19391183116672,119.62999246752632,75.06596933002558,89.92064370919249,4.956542981201692,69.38844955519264,5.19369343245068,15.208594644581073,0.9854430157424168,5.386082234602664,NORMAL
Dehydrate,StandardMale.xml,983,72.11244600693458,119.70326907790033,75.45368945236496,90.20354932754341,4.994342028339067,68.76958476266645,5.190591910685331,15.11230733923436,0.9855604741303013,5.388395355501531,NORMAL
Dehydrate,StandardMale.xml,984,71.93852876455539,119.36541157620944,75.92693493330596,90.40642714760712,4.990773044702436,69.28772768143504,5.187268951286736,15.099374062896967,0.9841807620015895,5.382688279947411,NORMAL
Dehydrate,StandardMale.xml,985,72.06272173134394,119.32177550490533,75.60209293340532,90.17532045723866,5.02685456250863,69.38185046196048,5.1860661414307065,15.159005702648404,0.9828139105943832,5.376573739477976,NORMAL
Dehydrate,StandardMale.xml,986,72.08208204566576,119.09010410370546,75.85471757779071,90.26651308642896,4.990269781713404,69.71804792895303,5.187298106467062,15.166707442201773,0.9820720507705184,5.3743604624981725,NORMAL
Dehydrate,StandardMale.xml,987,71.92140934479491,119.10912244560127,76.40387130932267,90.63895502141554,5.024240844825031,69.26264478757905,5.1869243424912765,15.207597300997037,0.9812499944802322,5.3766273875996085,NORMAL
Dehydrate,StandardMale.xml,988,72.21869866964977,118.79627907678307,76.2038125606963,90.4013013993919,5.003785881897925,69.79868083186065,5.186483364675774,15.204240575433964,0.9829823992513589,5.3759396286829855,NORMAL
Dehydrate,StandardMale.xml,989,72.4784967151127,118.12535190211801,76.45328798186951,90.34397595528567,4.9988195263218165,69.31764172745403,5.192490066823566,15.259457236229203,0.984054774213805,5.375128190330729,NORMAL
Dehydrate,StandardMale.xml,990,72.22266719057373,118.5385645644969,76.96445804782107,90.82249355337967,4.992883249332789,69.05449840038008,5.197054816192352,15.377875466929552,0.9830490533554936,5.386181055853564,NORMAL
Dehydrate,StandardMale.xml,991,72.25204853069093,117.89579072405381,76.5004717887171,90.29891143382935,4.991799696529047,69.18358567709326,5.200965558286493,15.304943687997934,0.9846649574784522,5.394580600175434,NORMAL
Dehydrate,StandardMale.xml,992,71.85925250827823,118.55216905426603,76.74900166762865,90.68339079650778,4.959967200442207,69.14752864174578,5.199982962896013,15.418392872648617,0.9859349774882997,5.401776713016973,NORMAL
Dehydrate,StandardMale.xml,993,71.81637691125904,118.56542686304356,76.91328805984097,90.79733432757516,4.985715950621596,69.07300041169509,5.196353595506793,15.302542503981433,0.9849182400702474,5.399968650215271,NORMAL
Dehydrate,StandardMale.xml,994,71.75507775637806,118.5744011523888,76.25665338130375,90.36256930499877,5.013717337699384,69.41741026188451,5.199990997928847,15.300202508945187,0.9843365203711443,5.3932902918250925,NORMAL
Dehydrate,StandardMale.xml,995,71.84689947237086,118.4557398057121,75.65870383166678,89.92438248968189,4.97208699089165,69.80401016761667,5.197618487930326,15.298618552435173,0.9857576490616502,5.39998343538943,NORMAL
Dehydrate,StandardMale.xml,996,72.14204634679888,118.36374660388564,75.88338275522466,90.04350403811165,5.00721775133969,69.22889639762259,5.196980470843542,15.319562206614911,0.9856727302973205,5.395617806243848,NORMAL
Dehydrate,StandardMale.xml,997,72.26657226128415,117.9636556173809,75.4403112389295,89.61475936507996,4.988434271858167,69.41921684722672,5.202165228605478,15.335798949749051,0.9843191162317634,5.394443798129581,NORMAL
Dehydrate,StandardMale.xml,998,72.41470336709985,118.08141827304284,75.58476590951237,89.75031669735586,5.01944159933475,69.09574606314105,5.203272066959678,15.40641476101754,0.9843016788319139,5.40398421296973,NORMAL
Dehydrate,StandardMale.xml,999,72.49492647898359,117.53926853138299,75.64858824458487,89.61214834018425,5.022874587727802,69.3514799592292,5.206463247611207,15.385629725245181,0.9833460552077307,5.40602089386109,NORMAL
Dehydrate,StandardMale.xml,1000,72.05201984405095,117.34095946202835,76.14386093161525,89.87622710841961,4.99066926607806,69.32967073187154,5.202579563383207,15.48131881879555,0.9827963083927466,5.411892949730115,NORMAL
Dehydrate,StandardMale.xml,1001,71.9782014502198,117.99534523623599,75.95413801426102,89.96787375491934,4.975099888784452,69.29111482419546,5.202669436181826,15.516320246687533,0.9842814569043918,5.404746625765803,NORMAL
Dehydrate,StandardMale.xml,1002,71.99324605137029,118.36891159814633,75.57942393653664,89.84258649040653,4.945975336076307,69.16179144824163,5.20498228491405,15.4008215629208,0.9844700454439603,5.404911999698596,NORMAL
Dehydrate,StandardMale.xml,1003,72.2924248421189,118.78311413794125,75.85080350823233,90.1615737181353,4.937252997519403,68.79927291340815,5.206438360601877,15.334887331461665,0.9850774581966381,5.409167846814528,NORMAL
Dehydrate,StandardMale.xml,1004,71.91608393907396,118.8031610991561,76.25631233833506,90.43859525860874,4.906637823381104,68.46132210361706,5.2061052851739005,15.261780839779327,0.9846903075665007,5.411847155422253,NORMAL
Dehydrate,StandardMale.xml,1005,71.91921456004646,118.48522551008047,76.71914041886637,90.64116878260441,4.887259821062758,68.38562226842708,5.202162682671049,15.25824256354366,0.9838784097114792,5.4112342670479325,NORMAL
Dehydrate,StandardMale.xml,1006,71.68459190388134,118.98408943557031,76.77075322345492,90.84186529416004,4.928781325014707,68.14966045658748,5.20224629235897,15.31435799805979,0.9840643740805156,5.4039795282242284,NORMAL
Dehydrate,StandardMale.xml,1007,71.78265595467434,119.22728531985449,76.21694741594811,90.55372671725024,4.935101413294417,68.83385231708488,5.197830691994202,15.226308824248596,0.9850957168307483,5.40413337747699,NORMAL
Dehydrate,StandardMale.xml,1008,72.16078154823528,119.05440101518211,75.96534358161416,90.32836272613682,4.932746334719807,68.83318690575324,5.201174527318428,15.183384901328173,0.986257242891661,5.39600828057131,NORMAL
Dehydrate,StandardMale.xml,1009,72.20975570959106,119.29953099418667,75.77986997367407,90.28642364717827,4.9584908745252045,68.50945719872787,5.196368212671383,15.213898874003949,0.9871004416255391,5.402161234598298,NORMAL
Dehydrate,StandardMale.xml,1010,71.94961972828031,119.64637337005799,75.37656713725335,90.13316921485489,4.942142610941547,68.78062115442678,5.192912036164525,15.170633584563518,0.9858231543430288,5.393317188706369,NORMAL
Dehydrate,StandardMale.xml,1011,71.62163609188788,119.72006479089089,75.790658097312,90.4337936618383,4.916063531889739,68.78725050265663,5.19622568154248,15.109416120085214,0.9865293406588146,5.386957516924154,NORMAL
Dehydrate,StandardMale.xml,1012,71.3242353852178,118.96889618481666,76.16692263727755,90.43424715312392,4.928315666212457,68.72955899507822,5.192120111754839,15.096409629958792,0.9852638279852045,5.393054918768254,NORMAL
Dehydrate,StandardMale.xml,1013,71.24914070501471,118.24779418765861,76.34841241860853,90.3148730082919,4.958222456997682,69.11244762307415,5.195573860973269,15.228990423594652,0.9865030276766513,5.385500305664273,NORMAL
Dehydrate,StandardMale.xml,1014,71.14956935320322,118.78032241710187,75.92921106973806,90.21291485219267,4.951906664583115,69.53515022005573,5.191835548640478,15.356264479382563,0.9874204367862939,5.391855511020166,NORMAL
Dehydrate,StandardMale.xml,1015,71.65720225971153,119.31694036322632,75.75493283843464,90.2756020133652,4.931153537283907,69.53786582207366,5.192494686281206,15.262273576778053,0.9879125716145848,5.384976684256319,NORMAL
Dehydrate,StandardMale.xml,1016,71.51279896567631,119.26052529151258,75.30265581051954,89.95527897085056,4.946569217248439,68.88404798060729,5.188234621148851,15.167560841712827,0.9868306894736416,5.386189556065965,NORMAL
Dehydrate,StandardMale.xml,1017,71.35435154642175,118.8070091734401,75.8665882625577,90.18006189951849,4.956652154387589,69.18442732279935,5.193911127940811,15.177518066922122,0.9854803727806696,5.378350657804004,NORMAL
Dehydrate,StandardMale.xml,1018,71.24260006450318,118.71805647645866,76.13157186380377,90.32706673468873,4.951739752688451,69.43229824529878,5.1952917729819035,15.257563380816354,0.9852609617813741,5.3887959345411005,NORMAL
Dehydrate,StandardMale.xml,1019,71.74609156913567,118.1868705690576,75.94189857620053,90.02355590715288,4.948533462704679,69.46163721125059,5.19281096203402,15.273263476728886,0.9844227590670861,5.391336444058387,NORMAL
Dehydrate,StandardMale.xml,1020,71.48239374211713,118.84337054889333,75.49706415643033,89.945832953918,4.92421008913908,69.0240792237616,5.189744889471897,15.36701746032449,0.985255733741932,5.3867715315456834,NORMAL
Dehydrate,StandardMale.xml,1021,71.74000457083832,118.82425686909224,75.00489095162125,89.61134625744491,4.920548633837083,68.93769204871771,5.186722068906841,15.251145620574112,0.9845861207286156,5.381129685674425,NORMAL
Dehydrate,StandardMale.xml,1022,71.86744535322761,118.46421380901934,75.69323420375389,89.95022740550904,4.926641836181647,68.69093539773503,5.188322872570962,15.254519173218403,0.9839909806630859,5.375567427319812,NORMAL
Dehydrate,StandardMale.xml,1023,72.1757659677884,117.97396622853074,75.21281112334223,89.4665294917384,4.963692091029354,68.66471353568936,5.189013292098763,15.318066550280687,0.9846090507196587,5.378513048259997,NORMAL
Dehydrate,StandardMale.xml,1024,71.88734282988254,118.67523793327598,75.2952863028544,89.7552701796616,4.93693922689275,68.86964984649349,5.189272324264344,15.404594944536843,0.985115954088075,5.379783481520606,NORMAL
Dehydrate,StandardMale.xml,1025,71.57576883834427,118.0966099709467,75.25884149046391,89.53809765062483,4.952578588038725,68.7732968844439,5.186147283423106,15.280820923075265,0.9863825538577123,5.38026012371491,NORMAL
Dehydrate,StandardMale.xml,1026,72.0349515649358,117.47585257574188,75.91617890404115,89.76940346127472,4.945981957702789,69.20735126852126,5.188204493785422,15.382948399976149,0.9877439949106089,5.374509770971972,NORMAL
Dehydrate,StandardMale.xml,1027,71.72682565524008,118.01079430547256,76.19626874284423,90.13444393038701,4.935454419527085,68.76673790833034,5.191282548463156,15.492511695681095,0.9877703530632655,5.378295220779105,NORMAL
Dehydrate,StandardMale.xml,1028,71.59472199545019,118.41481576635638,76.34580397138174,90.36880790303995,4.936065705074831,68.88128599983891,5.1917378202366855,15.398094811770981,0.9878583441597266,5.38395911480745,NORMAL
Dehydrate,StandardMale.xml,1029,71.59174131348158,118.34441963191878,76.03983969347502,90.14136633962293,4.9660167371394675,68.9926314409794,5.188478794336288,15.326785274209447,0.9868818731603066,5.384796855312198,NORMAL
Dehydrate,StandardMale.xml,1030,71.66356508383637,118.483668699886,75.59668846295318,89.89234854193079,4.938508931683222,69.3572722515529,5.1849285032866534,15.339210148328469,0.9854360929097089,5.378799958158613,NORMAL
Dehydrate,StandardMale.xml,1031,71.86703634026439,119.08773770022464,75.50323839709756,90.03140483147325,4.961031100811087,68.9679436832072,5.18266092014051,15.314632774094697,0.9857671251304083,5.372267107257562,NORMAL
Dehydrate,StandardMale.xml,1032,71.56820546560958,118.36704931392815,75.86354111993408,90.03137718459877,4.987624491203375,69.07970609175962,5.186974590572736,15.208014969745454,0.9848115844549091,5.368094552840928,NORMAL
Dehydrate,StandardMale.xml,1033,71.77615112232476,118.31027038699635,75.59357378954041,89.83247265535906,4.976761196902938,69.6373664996789,5.19161276792814,15.335216023472519,0.984966509431549,5.376032089616372,NORMAL
Dehydrate,StandardMale.xml,1034,72.17879243573347,117.61805058795395,75.55781781489462,89.57789540591439,5.013049927862703,69.3411539497924,5.191119672745572,15.3452374689024,0.9844128647830132,5.384566747956171,NORMAL
Dehydrate,StandardMale.xml,1035,72.04745211591317,117.60644956127894,75.04920734660236,89.23495475149456,5.015846018096142,69.4603456890731,5.19543331153667,15.46741383461493,0.9838689432378196,5.383659409018966,NORMAL
Dehydrate,StandardMale.xml,1036,72.20369786961658,117.64076440892107,74.72231431903126,89.02846434899453,5.030994418057004,69.59767580449483,5.1956729930529555,15.469461408636427,0.9827875235219758,5.391596887571922,NORMAL
Dehydrate,StandardMale.xml,1037,72.30679337430362,117.90708572855812,75.09489534460036,89.36562547258627,5.032645194703929,69.65627140567777,5.19577807197855,15.46340485928506,0.9840274777825417,5.392037922852619,NORMAL
Dehydrate,StandardMale.xml,1038,72.25652920938856,117.76594219071781,75.19487730163755,89.3852322646643,5.065969058496091,69.59470165566051,5.197285035468676,15.416399311350673,0.9836635276765372,5.392231277409795,NORMAL
Dehydrate,StandardMale.xml,1039,72.59225470836832,117.5421206051508,74.72325809640532,88.99621226598714,5.020796595043477,70.03441536084438,5.200871453566991,15.441311058343452,0.9833170164668712,5.395004224094077,NORMAL
Dehydrate,StandardMale.xml,1040,72.67854285066966,116.9335826320103,75.34289069321774,89.20645467281525,5.005328630591461,69.22860218323984,5.1967752764792055,15.480815429542346,0.9829870094830625,5.401603551973839,NORMAL
Dehydrate,StandardMale.xml,1041,72.44143676366126,116.8506669405439,75.61359107909239,89.35928303290956,4.984428386572484,68.97638696022598,5.198513939384835,15.588222004822665,0.9834255543185674,5.394066222271938,NORMAL
Dehydrate,StandardMale.xml,1042,72.68972906892019,116.37741746549159,75.42489027164739,89.07573266959545,4.973508853021831,68.91105039595523,5.193829878133172,15.602856573001617,0.9830297905581795,5.397265516462433,NORMAL
Dehydrate,StandardMale.xml,1043,72.53342990914446,117.07679186962595,75.57412673193866,89.40834844450109,5.009148197762543,68.58755352856569,5.191989402691362,15.686384812178307,0.9837751952362668,5.388646427677687,NORMAL
Dehydrate,StandardMale.xml,1044,72.50712685810807,117.86534237861618,75.47745327215821,89.60674964097754,4.999154433693897,69.1352300443197,5.193355281136379,15.562945663099203,0.9847981049232192,5.385259789376686,NORMAL
Dehydrate,StandardMale.xml,1045,72.09524570100814,118.12632087967697,75.34201508620653,89.60345035069668,4.999488479063373,69.03615501699855,5.196535602528036,15.423766986756126,0.9843328658367458,5.387773127045486,NORMAL
Dehydrate,StandardMale.xml,1046,72.16984288335723,117.920145812546,75.34251971035684,89.53506174441989,4.999312710720131,69.36316102727979,5.20028594139739,15.377704442990662,0.9852476557653788,5.393625200911728,NORMAL
Dehydrate,StandardMale.xml,1047,72.41135998276489,117.97969655975932,75.16460235175106,89.43630042108714,4.963206713001578,69.30232400604233,5.205225355719185,15.414094214617313,0.9849339363602531,5.400526157571161,NORMAL
Dehydrate,StandardMale.xml,1048,72.1175018501025,118.32212551275232,74.7731135652818,89.28945088110531,4.995639663362089,68.68019028627671,5.200754895495477,15.403583544624842,0.9844497327007329,5.409615118687775,NORMAL
Dehydrate,StandardMale.xml,1049,71.7500181994316,118.70593470730755,74.88759856209991,89.49371061050246,4.972999253225531,69.29935219503729,5.203651054877718,15.343145046550521,0.9849483400854218,5.401389074768485,NORMAL
Dehydrate,StandardMale.xml,1050,71.63680982385345,119.04876258933365,74.93780175808052,89.64145536849823,4.979789455676903,69.31639559293299,5.200359902502408,15.275402961474825,0.9846593734513434,5.406718265295499,NORMAL
Dehydrate,StandardMale.xml,1051,71.8026161343526,118.86004978409095,75.37874399949457,89.87251259436003,4.956927993855332,69.48809103836352,5.195517159508325,15.21489405267329,0.9852966033835311,5.400662252574303,NORMAL
Dehydrate,StandardMale.xml,1052,72.12856360444042,118.8665718838654,75.10728686986404,89.6937152078645,4.999631195743932,69.08091108300216,5.198297667753832,15.248201745894239,0.9851747742265409,5.39175117528792,NORMAL
Dehydrate,StandardMale.xml,1053,72.45498931715036,118.81055407241529,75.34949018520352,89.83651148094077,5.021209824952572,69.33863580405313,5.197771023573577,15.247050599324375,0.985359149379139,5.39686755745014,NORMAL
Dehydrate,StandardMale.xml,1054,72.47392052353494,118.74648887831069,75.26305670633215,89.75753409699166,4.990205823614921,69.341053236076,5.194453969228561,15.256937708343235,0.9858863532904913,5.395898485377058,NORMAL
Dehydrate,StandardMale.xml,1055,72.22823384696572,118.56831842078482,75.1320336421419,89.61079523502288,5.01792679538999,68.95491970151463,5.190541680660657,15.268245175415393,0.9849261585187984,5.38979481073075,NORMAL
Dehydrate,StandardMale.xml,1056,72.11681277318559,118.95473423232204,75.40927356199212,89.92442711876876,4.996056073527336,69.47996074292203,5.1923102488168125,15.299692150795124,0.9846496603753973,5.382595852240115,NORMAL
Dehydrate,StandardMale.xml,1057,71.78648507106199,118.41123241888806,75.17338967996527,89.58600392627287,5.022759403232829,69.30490139729751,5.1925666843831255,15.231489999436864,0.9848571470167594,5.385850174748038,NORMAL
Dehydrate,StandardMale.xml,1058,71.77409509024656,118.56860220759621,74.71492343459208,89.33281635892679,4.9924783027592445,69.8881508038462,5.189525325772666,15.327417732817784,0.9841437594530638,5.386322038969036,NORMAL
Dehydrate,StandardMale.xml,1059,72.05787524947937,118.72392868470267,74.4771061777172,89.22604701337903,5.021681288294053,69.53250015420353,5.195000703387332,15.299642062598714,0.9841697465638412,5.3807256689641605,NORMAL
Dehydrate,StandardMale.xml,1060,71.66331123981382,119.14228242602438,74.15676636814892,89.15193838744074,5.026923008877981,69.65964249975818,5.199072142871926,15.27222703561155,0.9854378546182576,5.390800850148878,NORMAL
Dehydrate,StandardMale.xml,1061,71.64994803906762,118.81686864616019,74.5622687530502,89.31380205075354,4.990563464787191,70.03673762978843,5.203577951652111,15.198387859431332,0.9860755490554342,5.398292660463483,NORMAL
Dehydrate,StandardMale.xml,1062,71.42584981593352,118.17758935950071,75.01258311632672,89.40091853071806,5.026454511965772,69.60790533191162,5.203511450022058,15.255823189989034,0.9869764976491356,5.406583748866677,NORMAL
Dehydrate,StandardMale.xml,1063,71.88966518769107,118.76089993502661,74.83077732873146,89.47415153082984,5.0536980207580156,70.22141838569497,5.200611458532453,15.368655588061728,0.9856852961229763,5.4064613799600885,NORMAL
Dehydrate,StandardMale.xml,1064,72.1550152925219,118.43249211119091,75.06935607887128,89.52373475631116,5.037745680963876,70.17901686295885,5.203046311300081,15.265701632832437,0.9848383171078353,5.4011251380151215,NORMAL
Dehydrate,StandardMale.xml,1065,72.06521098597136,117.88366202070357,74.78889472871754,89.15381715937954,5.0703147747138155,69.77590600834728,5.202197495824154,15.323665410296348,0.9841141623195433,5.405605483393725,NORMAL
Dehydrate,StandardMale.xml,1066,72.1249749951689,117.88383410583245,74.78084933087655,89.14851092252852,5.096851195382585,70.23894791615389,5.200186693223563,15.420533581276409,0.9839563339394478,5.404043587518368,NORMAL
Dehydrate,StandardMale.xml,1067,72.24851162993826,118.54612543416305,75.37942355977387,89.76832418457026,5.118915944150122,70.51032614987774,5.198801746180276,15.420503208357765,0.9846867945576172,5.400343532115178,NORMAL
Dehydrate,StandardMale.xml,1068,72.46055640688155,117.81145789869534,76.01250940489089,89.94549223615904,5.11155078254131,70.67646499425068,5.202312282931034,15.30360919918569,0.9851985073854252,5.39779510653171,NORMAL
Dehydrate,StandardMale.xml,1069,72.72975031498217,118.10056761698712,76.35760276392014,90.27192438160914,5.075874974421641,70.41872223905693,5.202654682028857,15.433277564081632,0.9846104411162966,5.4042548059914814,NORMAL
Dehydrate,StandardMale.xml,1070,72.96425591438178,117.89674774827954,76.69028369019136,90.42577170955408,5.035538639969902,69.77893866698918,5.206111954724589,15.38224987790171,0.9857145299423292,5.404884850746534,NORMAL
Dehydrate,StandardMale.xml,1071,72.70024278282672,118.48258494766746,76.48074390037604,90.48135758280651,5.06904708992916,69.1145015899064,5.203178606706947,15.418223958465637,0.9844281502656516,5.411246539613652,NORMAL
Dehydrate,StandardMale.xml,1072,72.83147648151193,118.05552435848244,76.07671879253571,90.06965398118463,5.091075134522956,69.72060906855768,5.207083367359453,15.314824055689902,0.9848679309538743,5.40584891869406,NORMAL
Dehydrate,StandardMale.xml,1073,72.9843291638891,118.42243733523152,75.95525067592905,90.11097956236321,5.041661555832247,69.88027292461793,5.210181458458876,15.390199985124248,0.985848083952956,5.413034025151665,NORMAL
Dehydrate,StandardMale.xml,1074,73.15829689377587,118.33232743662111,75.85606244236419,90.01481744044983,5.063408559329745,69.17180398083234,5.211541254166933,15.325440072024417,0.9869105585857717,5.418734787975739,NORMAL
Dehydrate,StandardMale.xml,1075,73.20452633648932,118.74743914549266,76.11115417627668,90.32324916601534,5.055474239851579,69.29517441847513,5.209137029899943,15.3413444133076,0.987064146581693,5.421236932868208,NORMAL
Dehydrate,StandardMale.xml,1076,73.2369251932962,118.99251245961337,76.0420073200367,90.35884236656226,5.010277463999444,69.16500085375769,5.2039274615547635,15.26807745384645,0.9873238840677034,5.416812946651488,NORMAL
Dehydrate,StandardMale.xml,1077,73.11683376822333,119.28331621632495,75.6003819977182,90.16136007058712,5.000962254404688,68.60325272042712,5.204896401799562,15.224822165722918,0.9865792419646879,5.407226878134264,NORMAL
Dehydrate,StandardMale.xml,1078,72.58017179325913,118.65347400116508,75.6669774200305,89.99580961374203,5.038407324024492,68.58501347929037,5.207811120942172,15.17349548281133,0.9872424608588332,5.4090098142549365,NORMAL
Dehydrate,StandardMale.xml,1079,72.75257283305177,118.83674351163624,76.05727935857723,90.31710074293024,5.018846390724409,69.44869470321665,5.206970232994413,15.284662243610448,0.9877686799146258,5.414373156389679,NORMAL
Dehydrate,StandardMale.xml,1080,72.4246984260201,119.00087717763775,76.44267118773665,90.62873985103701,5.040299813044261,69.08018680698756,5.203399561131447,15.25231528854465,0.9872907977650063,5.41282584787035,NORMAL
Dehydrate,StandardMale.xml,1081,72.0932250652115,119.41021702723455,76.92436453785182,91.08631536764607,5.0656823317276105,69.59356090785636,5.2003726185659644,15.223345798173415,0.988451963340217,5.406255494462357,NORMAL
Dehydrate,StandardMale.xml,1082,72.4148161093531,119.45046152353234,76.96770167053485,91.12862162153401,5.089486144219684,70.16088119964418,5.205084101347902,15.151097568298688,0.9872707581986869,5.400685651260806,NORMAL
Dehydrate,StandardMale.xml,1083,72.50063162896221,118.81628614074647,76.73523562020618,90.76225246038628,5.0718858302073695,70.19076642716394,5.202279176848259,15.143994439632916,0.9858563821997595,5.409355198097094,NORMAL
Dehydrate,StandardMale.xml,1084,72.3042186338833,119.34651090266499,76.18966378007217,90.57527948760311,5.079802911418907,69.91195209813044,5.201448531282344,15.2559260018337,0.9870478768063777,5.404193887858385,NORMAL
Dehydrate,StandardMale.xml,1085,72.21203944328654,119.4313457607301,75.70959251726191,90.28351026508464,5.086264477201947,70.16255239198458,5.198238154768426,15.162341659820353,0.9879699477904144,5.402665426231474,NORMAL
Dehydrate,StandardMale.xml,1086,72.39930076782872,118.96630496236314,75.73671808528663,90.14658037764546,5.045196715322144,70.31352936387516,5.201942401411805,15.147368359925618,0.9880327322358031,5.396758048270499,NORMAL
Dehydrate,StandardMale.xml,1087,72.72308577832766,118.54891527928336,75.98028090718026,90.1698256978813,5.03264651294382,69.67226098263414,5.200872336589064,15.229447772752483,0.9867280769109632,5.403574191139798,NORMAL
Dehydrate,StandardMale.xml,1088,72.42416693304214,118.15093528320068,76.12381424973347,90.13285459422254,5.06088679937274,69.26795887017899,5.199498965801754,15.303116793250215,0.9871427087684093,5.40160517681289,NORMAL
Dehydrate,StandardMale.xml,1089,72.31380980165522,117.44764825908283,75.66911161511368,89.59529049643673,5.038641099135135,69.84065640960249,5.201469261863793,15.373360016016935,0.9875319445823614,5.399078052568731,NORMAL
Dehydrate,StandardMale.xml,1090,72.42759449448006,117.8043857328251,75.99131695170709,89.92900654541309,5.0139951623768955,69.66110256761138,5.19730458039223,15.497489740099322,0.9860057584120862,5.402703572342821,NORMAL
Dehydrate,StandardMale.xml,1091,72.21637479493039,117.45614903063577,76.4822090816133,90.1401890646208,5.051871251906628,69.27610538982184,5.201913313646535,15.43452579697664,0.9873269719424302,5.395040188489578,NORMAL
Dehydrate,StandardMale.xml,1092,72.25573835156648,117.86759178059533,75.8801622668614,89.87597210477271,5.025258592536354,69.89699445423086,5.202956912303384,15.495989359186314,0.9865484396055574,5.403520667067857,NORMAL
Dehydrate,StandardMale.xml,1093,72.12513830465113,117.7024118548127,76.45591294424112,90.20474591443164,5.026660946739204,69.54631179929542,5.203525359748192,15.423369968700271,0.9857055081669547,5.405440981298556,NORMAL
Dehydrate,StandardMale.xml,1094,72.10545195587808,118.33983710124501,76.85581786350583,90.68382427608556,4.993665348209211,69.66630768516184,5.2014166614138135,15.452524123274738,0.9857403702511599,5.406486975091767,NORMAL
Dehydrate,StandardMale.xml,1095,71.7997733464665,117.76348406786258,76.20825120750631,90.05999549429173,4.964738349938701,69.28509416479805,5.205020187012716,15.34001896215359,0.9866855856277879,5.402606782842399,NORMAL
Dehydrate,StandardMale.xml,1096,72.03432697534167,118.38800728193819,75.92329165541436,90.07819686425563,4.999587365693656,69.17740034717359,5.205748110727756,15.441744915504636,0.9873355053990415,5.409237590042888,NORMAL
Dehydrate,StandardMale.xml,1097,71.83911090277896,118.08062966669976,76.40351129529637,90.29588408576417,4.984885729996226,69.41238184246102,5.210234167828594,15.331516955101854,0.9879397949386857,5.410577034339486,NORMAL
Dehydrate,StandardMale.xml,1098,71.58928694519568,118.56540255689355,76.54500084146844,90.5518014132768,5.010755388023128,69.38941783526168,5.204948110831788,15.385768913776207,0.9866506043346163,5.418831777898156,NORMAL
Dehydrate,StandardMale.xml,1099,71.44762502779648,117.8491731526089,76.19323031080408,90.07854459140569,5.025800637186451,69.90039658057333,5.203916780398981,15.300206798965608,0.9880042345289012,5.409104963467508,NORMAL
Dehydrate,StandardMale.xml,1100,71.88951869593782,117.2240041663072,75.99834929026512,89.74023424894581,5.0390883335577605,70.19599844655427,5.20345560707403,15.42662084512985,0.9877429948485851,5.4072072238588245,NORMAL
Dehydrate,StandardMale.xml,1101,72.18621623948407,117.8288171008881,75.54692833461255,89.64089125670439,5.001371042755685,70.00301244274198,5.206861043083832,15.536962783930491,0.9865656419821319,5.40635862397523,NORMAL
Dehydrate,StandardMale.xml,1102,71.88709696327665,117.8611644912612,75.32751552315864,89.50539851252616,5.032460088443978,69.31417806108203,5.207169238385949,15.43021367564834,0.9866911023339173,5.412624928735621,NORMAL
Dehydrate,StandardMale.xml,1103,72.2848646954408,117.91389966280924,75.49147990551269,89.63228649127821,5.0214524526072175,69.92503620880042,5.202364372362087,15.424504381286148,0.9873606495378415,5.413192035468276,NORMAL
Dehydrate,StandardMale.xml,1104,72.37475429950067,118.46633149634383,74.9823871940404,89.4770352948082,5.033101644646975,69.47767435686019,5.203981721680219,15.415196656176466,0.9868544118304886,5.404350655171685,NORMAL
Dehydrate,StandardMale.xml,1105,72.37909366811026,119.0432438912113,75.50633250100756,90.01863629774215,5.000997121684551,69.54661931753496,5.199473993159944,15.317692779779787,0.9876982389237812,5.4073267215849885,NORMAL
Dehydrate,StandardMale.xml,1106,72.43800710289904,118.85633722383442,76.1105817984001,90.35916694021154,5.008400723499774,69.1583239360538,5.194574103952201,15.215868099473145,0.9888918111925652,5.3990321006894995,NORMAL
Dehydrate,StandardMale.xml,1107,72.48354809082392,119.38696930346705,75.88748665653155,90.38731420551005,5.025806018930577,69.20092038096692,5.1973511302422235,15.248857010479647,0.989952847487931,5.390015869293727,NORMAL
Dehydrate,StandardMale.xml,1108,72.45122244121478,118.81990971974557,75.35912602121444,89.84605392072481,5.03386218985306,69.3736933488663,5.195794630641146,15.155200777142081,0.9882234447397391,5.395125844348554,NORMAL
Dehydrate,StandardMale.xml,1109,72.02600896034144,119.35622805217317,75.29209981466867,89.98014256050351,5.021263063777383,69.49556471049769,5.192910981417728,15.255286442385106,0.989360860258098,5.392261746819866,NORMAL
Dehydrate,StandardMale.xml,1110,72.31370674427099,118.62173068598833,75.79809527899837,90.07264041466169,4.991467734779612,69.6798429736484,5.196272713499635,15.160626588951768,0.9883669927904404,5.386955576096355,NORMAL
Dehydrate,StandardMale.xml,1111,72.45888821201493,118.76436542298076,75.36654209002201,89.83248320100826,4.991871175654408,69.09523685157575,5.195894315067791,15.290264919074701,0.9890168424986969,5.393141461747232,NORMAL
Dehydrate,StandardMale.xml,1112,72.22378693717066,118.9334968368335,74.9985193586935,89.64351185140683,5.006194925521202,68.98659212133542,5.19954311625312,15.265089976355345,0.9887336331823499,5.3924451750197875,NORMAL
Dehydrate,StandardMale.xml,1113,72.17491967626202,119.3633863211767,75.0879240600043,89.8464114803951,5.010414810179611,69.3425723805785,5.1988103524649425,15.235238386584385,0.9892045802861669,5.399159293321096,NORMAL
Dehydrate,StandardMale.xml,1114,72.39200760596555,119.36259910228736,75.11602291504431,89.86488164412533,5.003109736680503,69.43173476338727,5.194309852326184,15.15936315890707,0.9883936351503381,5.397810942859985,NORMAL
Dehydrate,StandardMale.xml,1115,72.29176858293594,118.81641178449223,75.44337680360209,89.90105513056547,4.975101338070932,69.17353620413374,5.194718033951872,15.159502102553368,0.988510973809359,5.389529622828579,NORMAL
Dehydrate,StandardMale.xml,1116,72.25862213873279,118.42746510531771,75.43360837598934,89.76489395243213,5.010992517124538,68.91601733485257,5.194916470290881,15.255903825790408,0.987176071459175,5.390280713278317,NORMAL
Dehydrate,StandardMale.xml,1117,71.91397369708189,118.9413016975391,75.91000669129158,90.25377169337409,5.011376534719285,69.37277842162639,5.193277743223579,15.324552673718824,0.9856452672150406,5.390645853769046,NORMAL
Dehydrate,StandardMale.xml,1118,71.59079363601745,118.1938286975977,75.44973978954188,89.69776942556048,5.00385514822053,69.64955069624337,5.189760068824029,15.233860833504824,0.986076240258953,5.3876304503983,NORMAL
Dehydrate,StandardMale.xml,1119,71.71975273374503,117.82578568875324,75.220229313876,89.42208143883508,4.969883507715357,69.81572630591303,5.190613254189798,15.365789354947605,0.9848319953120475,5.381157617030718,NORMAL
Dehydrate,StandardMale.xml,1120,71.89981560338342,117.39762948414739,74.93050454623369,89.08621285887159,4.965329265423474,69.30269413217813,5.187196682597128,15.430748718012232,0.9859756942666242,5.3827275538915575,NORMAL
Dehydrate,StandardMale.xml,1121,71.75609396614206,117.59050162900412,75.00217135311496,89.19828144507801,4.983565495746751,69.1057366469842,5.189458483276428,15.506318022889644,0.9851929052296011,5.376440758669522,NORMAL
Dehydrate,StandardMale.xml,1122,72.17368233063543,118.15850170153185,74.74404939037424,89.21553349409345,4.960560282735652,69.43916433694656,5.192771629609484,15.472276208803457,0.9854896399992406,5.380602672833511,NORMAL
Dehydrate,StandardMale.xml,1123,72.43949170123587,117.5887401829024,74.93287868078399,89.15149918149012,4.926278346297808,68.83364584204519,5.189516360798993,15.372024547868751,0.9844656966000905,5.386699156390668,NORMAL
Dehydrate,StandardMale.xml,1124,72.34152127065425,117.90559320723557,75.50080536629595,89.63573464660915,4.973356632277212,68.21592371635305,5.191373460709419,15.472587102949227,0.9844685846230087,5.380709172616248,NORMAL
Dehydrate,StandardMale.xml,1125,72.37441346670491,118.5801769468428,75.39233682167837,89.78828353006651,4.990807704780489,68.85625393088765,5.193966134251676,15.416662740439511,0.9841960659635229,5.384126401416241,NORMAL
Dehydrate,StandardMale.xml,1126,72.14866914647523,117.98712964444208,74.88039022894262,89.24930336744244,4.960984402623619,69.03982874473883,5.189607427984787,15.297599128292049,0.9856719060709899,5.388897151039263,NORMAL
Dehydrate,StandardMale.xml,1127,72.40892962646501,117.58156322355327,75.19029571098324,89.32071821517324,4.978157426971811,68.85828902491119,5.189796256901776,15.402271609783005,0.9859963608811578,5.380876744327541,NORMAL
Dehydrate,StandardMale.xml,1128,72.56681249032555,117.19801107466265,75.04653991643006,89.09703030250759,4.978139200603306,68.86125255906511,5.190351994029228,15.473853831828343,0.9844821467483379,5.381224206308332,NORMAL
Dehydrate,StandardMale.xml,1129,72.19695121159911,116.80563839337114,75.40169215636138,89.20300756869797,5.018158705791247,68.73819777058912,5.190838297980802,15.541550548503471,0.9856029413445325,5.382246811988562,NORMAL
Dehydrate,StandardMale.xml,1130,72.22943102929933,116.52785336961871,75.55531173529126,89.21282561340041,5.042448463362774,69.50740708870536,5.187080049030932,15.610804083683185,0.9840783556593239,5.383141654457477,NORMAL
Dehydrate,StandardMale.xml,1131,72.29217014366756,116.99916509900999,76.18294830930415,89.78835390587277,5.064686935647799,69.77348925410364,5.19048385440733,15.659832968292367,0.9844395649238192,5.3762261425472495,NORMAL
Dehydrate,StandardMale.xml,1132,72.28265230195098,116.82385064459132,76.14644713204508,89.70558163622717,5.054963751765431,69.99074003135975,5.192155116154279,15.576646740024449,0.9848188607179815,5.382489446797329,NORMAL
Dehydrate,StandardMale.xml,1133,72.37435046574785,117.4054167686274,76.11472093518395,89.87828621299843,5.064790087994897,69.88159906024758,5.193065446523781,15.607589632625007,0.9845993574579271,5.385564716868657,NORMAL
Dehydrate,StandardMale.xml,1134,72.15917235892636,116.8641969365086,76.5726935053239,90.00319464905213,5.049536092053207,69.92684804445403,5.193353282521709,15.504943572003011,0.9846157574679502,5.387239805612513,NORMAL
Dehydrate,StandardMale.xml,1135,72.48149088612128,116.7831270732394,76.7424175730457,90.08932073977694,5.004606297417769,69.91431331527271,5.191764832523016,15.600468537095448,0.9837230836970275,5.387769449416959,NORMAL
Dehydrate,StandardMale.xml,1136,72.26928930763678,116.55105776969341,76.31882402268626,89.72956860502198,5.036718709764543,69.12145323433758,5.190814810145655,15.614777317741055,0.9841314806859132,5.384846560318527,NORMAL
Dehydrate,StandardMale.xml,1137,72.49444914528462,116.94105436079207,75.83875149300371,89.53951911559983,5.015302161360446,69.67318627453832,5.193663069236648,15.655737406053916,0.9855803337609071,5.3830984347544,NORMAL
Dehydrate,StandardMale.xml,1138,72.67128531771392,117.30783396448861,76.13920025069314,89.86207815529163,5.036942918598022,69.23938289708906,5.197167292834947,15.586903249321292,0.9865675266873126,5.3883394844905705,NORMAL
Dehydrate,StandardMale.xml,1139,72.6470758364474,117.08460571896443,76.42194895227476,89.97616787450465,5.045389515873333,69.35978786325117,5.19368474913472,15.522166876482611,0.98554064684185,5.3947875671890255,NORMAL
Dehydrate,StandardMale.xml,1140,72.61438009267812,116.63343259814818,76.27154987775873,89.72551078455521,5.07884854702146,69.47969656837888,5.192226207648392,15.56156652353151,0.9846257179311918,5.388379377428832,NORMAL
Dehydrate,StandardMale.xml,1141,72.14065134485838,116.1193913346377,76.6967292544009,89.83761661447984,5.056915572827271,69.90540022684532,5.1894338204174595,15.641198299861463,0.985639489938338,5.3856955315328285,NORMAL
Dehydrate,StandardMale.xml,1142,72.43072155801858,115.68512668871976,76.09126011244415,89.28921563786935,5.043788489239702,70.01772112284118,5.191454274706554,15.731926264431198,0.9844504232444415,5.380557290982226,NORMAL
Dehydrate,StandardMale.xml,1143,72.13192149655532,115.61808247032515,75.88892582334735,89.13197803900661,5.026378551711928,69.63061647007612,5.187604316758386,15.808573705416112,0.9856275059171321,5.384275106349616,NORMAL
Dehydrate,StandardMale.xml,1144,71.92200117466717,115.40961488116204,76.13014008195547,89.22329834835766,5.024097978925686,69.65754719690393,5.19029027976955,15.82040696843,0.9861965480661576,5.377190841736077,NORMAL
Dehydrate,StandardMale.xml,1145,72.27744564175865,115.62695054517039,76.06341098699554,89.25125750638715,5.048217763287553,69.7964890518461,5.187175934583887,15.857201368775144,0.984918552943288,5.382133252268721,NORMAL
Dehydrate,StandardMale.xml,1146,72.31561131426503,116.30080996730575,76.59282019234621,89.82881678399939,5.067687731611006,69.80475741413777,5.183620984613129,15.818841758713438,0.9837412983416365,5.376402580482127,NORMAL
Dehydrate,StandardMale.xml,1147,72.36234158193137,117.01968732305907,77.01634490817804,90.35079237980506,5.031239602406387,70.00815061476061,5.1828518082533686,15.699905988151059,0.9836664922997717,5.369861156752364,NORMAL
Dehydrate,StandardMale.xml,1148,72.30137748961823,117.46044975079916,76.41607432015525,90.09753279703655,5.038848358597922,69.53406847947454,5.182568977215645,15.573024580192955,0.9826864310810748,5.368445803925038,NORMAL
Dehydrate,StandardMale.xml,1149,72.5256230924076,117.43860042157301,76.26608410524469,89.99025621068746,5.05519943661691,69.6734038722022,5.181415845492149,15.495230284741698,0.9837988494853904,5.367925369691955,NORMAL
Dehydrate,StandardMale.xml,1150,72.30339984610656,117.51159843044653,75.7370990327452,89.66193216531231,5.037646080274085,69.69249222808644,5.185450204569561,15.499086677814821,0.9834768183971992,5.365803504888886,NORMAL
Dehydrate,StandardMale.xml,1151,72.38039898841845,117.08124282799015,76.07219931596768,89.74188048664183,5.026372331750492,69.6573814927636,5.183895362019527,15.486202574469678,0.9845039113098014,5.373227083960451,NORMAL
Dehydrate,StandardMale.xml,1152,72.24217188525553,117.0622326886232,76.01421934940937,89.69689046248065,5.051052829912726,69.46150276337917,5.188129091240161,15.562160071705213,0.9841288994803873,5.370366035552877,NORMAL
Dehydrate,StandardMale.xml,1153,71.82208391160155,116.67624128062278,75.42448698796701,89.1750717521856,5.068756319224647,69.86672008273307,5.193514665102015,15.565515349527022,0.9829528834759439,5.378156473397873,NORMAL
Dehydrate,StandardMale.xml,1154,71.70617828446429,117.50650992452223,75.08930116754142,89.22837075320169,5.024520799882847,70.41472668102023,5.196625127700667,15.633642593923948,0.9835970903927724,5.388066407700217,NORMAL
Dehydrate,StandardMale.xml,1155,71.87261172912203,118.12801212113808,74.66568289662311,89.15312597146144,5.031785144475027,69.97346412805923,5.199028662761126,15.487100692613074,0.9841903457469788,5.3937899351818235,NORMAL
Dehydrate,StandardMale.xml,1156,71.91152599561315,117.82698449520676,74.70487267084202,89.07890994563027,5.042023491879374,69.92843255116435,5.199642430880909,15.37740593992047,0.9836680511956465,5.398212653197305,NORMAL
Dehydrate,StandardMale.xml,1157,72.12172161338425,118.42023754740245,74.26653682376997,88.9844370649808,5.018811695961583,70.02085130486859,5.19994893788521,15.430537129415828,0.9850358997169177,5.399342041058272,NORMAL
Dehydrate,StandardMale.xml,1158,72.25989327929804,118.29552300491709,74.11638440189239,88.84276393623395,5.019861466766274,69.57463650083027,5.202836436376256,15.325828333213519,0.9854891405962275,5.399906041172978,NORMAL
Dehydrate,StandardMale.xml,1159,72.37075939273845,118.8035429915919,74.67559078076775,89.3849081843758,5.009577923048318,69.47824588035353,5.199582604988036,15.347840372703635,0.9848546253105336,5.40521929489085,NORMAL
Dehydrate,StandardMale.xml,1160,71.93312825471254,118.47741429580228,75.1013313850758,89.5600256886513,5.027507067600941,69.2677294985967,5.195876034510487,15.258175159765319,0.9863420207375566,5.399231956101097,NORMAL
Dehydrate,StandardMale.xml,1161,71.77239233319578,117.85126403229454,75.2690707525129,89.46313517910679,5.025552138199425,69.82872762002386,5.198776231828055,15.315736672540975,0.9852148007045927,5.392411537170499,NORMAL
Dehydrate,StandardMale.xml,1162,71.43596358378758,118.28397914813493,75.46596152518406,89.73863406616768,5.001457766227666,69.93309129515424,5.201615656800038,15.426251806160598,0.9858771539277177,5.397748157857201,NORMAL
Dehydrate,StandardMale.xml,1163,71.92776980038384,117.70522938736853,75.00064758646441,89.23550818676578,4.991102014768617,69.91038750001638,5.202756371338013,15.349877856274464,0.9853704406096793,5.402972952029666,NORMAL
Dehydrate,StandardMale.xml,1164,71.57904921262315,117.951213234499,74.66777435693999,89.09558731612633,4.97612342226273,69.39430986808647,5.204904571012026,15.452026830524048,0.9852002632955441,5.405071968108366,NORMAL
Dehydrate,StandardMale.xml,1165,72.04171509484829,118.38448841751115,75.41111509113412,89.73557286659313,4.984549700564281,69.48959986476473,5.208455812144721,15.408610833888352,0.9855674841819674,5.409024846331535,NORMAL
Dehydrate,StandardMale.xml,1166,72.06078435622518,118.47307831800828,75.30071545399598,89.69150307533342,4.9693693164702815,69.22558591113092,5.210627615363149,15.332138032493352,0.9861666740566166,5.41555944546981,NORMAL
Dehydrate,StandardMale.xml,1167,72.18771306337817,118.71758152073146,75.40648353106079,89.84351619428435,4.953257603898483,69.02794015864886,5.208056347786505,15.316501969935551,0.9863204990870563,5.419555756311388,NORMAL
Dehydrate,StandardMale.xml,1168,72.41196063611928,118.43903801533547,74.99380895260515,89.47555197351525,4.976411283498026,68.73495026124293,5.210696574077605,15.27334730612051,0.9849607592998734,5.414824395566571,NORMAL
Dehydrate,StandardMale.xml,1169,71.98703977988394,118.93136270424021,75.0835432031107,89.69948303682054,4.975244589944387,68.83796473516803,5.20853426539888,15.322510062269913,0.9850426636224877,5.4196826464715375,NORMAL
Dehydrate,StandardMale.xml,1170,72.05998063554242,118.8484477008598,75.06496868560087,89.65946169068718,4.959635578887899,69.15658191426263,5.207840176270281,15.23561505966504,0.9848095190125518,5.415703806426407,NORMAL
Dehydrate,StandardMale.xml,1171,72.00117195485157,119.352202318744,75.1622870412323,89.89225880040287,5.002870774055862,68.91145655860542,5.210451428690215,15.250249506397243,0.9837577875754443,5.414426620774362,NORMAL
Dehydrate,StandardMale.xml,1172,71.70265869777856,119.48892515268827,74.81598313421304,89.70696380703812,5.0188505853678524,69.47808257345247,5.213248495167274,15.16133712840814,0.9827112838700174,5.419231557182657,NORMAL
Dehydrate,StandardMale.xml,1173,71.52667156287947,119.27666962186058,75.25090435058092,89.92615944100747,5.051866720737305,69.90777328797995,5.210882524577239,15.137205632914462,0.9842497447662697,5.42437840796179,NORMAL
Dehydrate,StandardMale.xml,1174,71.69375162321403,118.99872478972104,74.88396512335491,89.58888501214362,5.050703294293797,70.44809390924982,5.205415227370225,15.174668602616839,0.9832696453947474,5.420024811908711,NORMAL
Dehydrate,StandardMale.xml,1175,71.64643891919337,119.56879967502921,74.77901477743234,89.7089430766313,5.04282760851074,70.29972450237533,5.207894286706629,15.223725693307347,0.982334416327307,5.409964499391847,NORMAL
Dehydrate,StandardMale.xml,1176,71.78222806536155,118.75257231920132,75.39558783704432,89.84791599776332,5.068250883816267,70.24249298863037,5.204418908948923,15.123107829202201,0.9835049198378965,5.414526188783832,NORMAL
Dehydrate,StandardMale.xml,1177,71.81273834495063,118.1354018083695,75.28498687051962,89.56845851646958,5.0887993056938825,70.44061811284124,5.203241344040345,15.267171451866787,0.9838436371228014,5.408131184994424,NORMAL
Dehydrate,StandardMale.xml,1178,71.89929430499488,118.67989387964016,75.70662234654964,90.03104619091314,5.074996359494288,70.66405761344662,5.205182515434003,15.376101664701913,0.9842532239241985,5.405964360960423,NORMAL
Dehydrate,StandardMale.xml,1179,72.12711013568797,118.60667364864973,75.69421852702705,89.99837023423461,5.061007037915199,70.42804915402019,5.204258891767161,15.279999151426267,0.985411969500168,5.409536288757568,NORMAL
Dehydrate,StandardMale.xml,1180,71.96424200635552,118.95512388548588,75.9275515721361,90.27007567658602,5.0456559190655685,70.07767695470262,5.201246592416479,15.292922476837383,0.9850652216252284,5.407836739165774,NORMAL
Dehydrate,StandardMale.xml,1181,72.00351939156796,119.4842051594386,76.4041162849459,90.7641459097768,5.058451130786823,70.02261251490404,5.2026060856866945,15.231421225894831,0.9861578675119895,5.402293840780201,NORMAL
Dehydrate,StandardMale.xml,1182,72.16864833503448,119.4105991670998,76.712021907472,90.94488099401461,5.067261901418232,70.14538714143637,5.203008158130822,15.138038708799073,0.9849366343713443,5.404795429160178,NORMAL
Dehydrate,StandardMale.xml,1183,72.18555983693712,118.81424682242802,76.770801993696,90.78528360327334,5.064456302488493,70.11980393213119,5.198296382946508,15.151030120849203,0.9851524339569627,5.4055352781731685,NORMAL
Dehydrate,StandardMale.xml,1184,71.90344024334073,118.68474026775208,77.15646750823518,90.99922509474081,5.025498398242,70.07263972624453,5.202794414745173,15.256285940253584,0.9841794762149811,5.396865193290536,NORMAL
Dehydrate,StandardMale.xml,1185,71.53612242454655,119.00574102980468,76.71492302722558,90.81186236141862,5.038553414098799,69.82811611592672,5.206447543965862,15.279143766926769,0.9840777700825247,5.405141971356908,NORMAL
Dehydrate,StandardMale.xml,1186,71.86574598261332,119.03716009321312,76.51307479541109,90.68776989467842,4.997019794160158,70.27934100505955,5.20955177017101,15.222487331279027,0.9827212972604844,5.411864053627738,NORMAL
Dehydrate,StandardMale.xml,1187,71.8396960430725,118.79620156261824,76.88436501027101,90.85497719438675,4.982807120250063,69.51468657339815,5.2063598307273375,15.216941886051014,0.9817474261443349,5.417576105591321,NORMAL
Dehydrate,StandardMale.xml,1188,71.5482211270623,118.23806380257743,76.3532904858364,90.31488159141674,4.965540234537159,69.36388318640425,5.201747612373478,15.259470917431278,0.9814278702460137,5.4117026534773505,NORMAL
Dehydrate,StandardMale.xml,1189,71.55593589056856,117.74695803557556,76.44914827398533,90.21508486118208,4.95615084658447,69.38600627281592,5.196879592927329,15.357981886321582,0.9803889873182745,5.403215762006312,NORMAL
Dehydrate,StandardMale.xml,1190,71.54838282625715,117.52474929954815,76.29175933499148,90.03608932317704,4.947925561245071,69.26626668509522,5.195884218484452,15.444661749965697,0.9817408877323693,5.394258173802838,NORMAL
Dehydrate,StandardMale.xml,1191,71.32702014204011,117.16417597012044,76.56003719619686,90.09475012083806,4.961740146049308,69.17270312949404,5.196143092613809,15.483881454219983,0.9827586418974676,5.392426596409571,NORMAL
Dehydrate,StandardMale.xml,1192,71.3570496377903,116.72350180316201,75.96698946445993,89.55249357736062,4.964019260822101,69.51577537480975,5.195522238537502,15.547522423494897,0.9828903655264553,5.392902947803185,NORMAL
Dehydrate,StandardMale.xml,1193,71.39959179755144,116.50073093319907,76.4342553798663,89.78974723097723,4.950341871460188,69.51950534509284,5.200515007454695,15.62530114097287,0.9835843348727613,5.391760521152772,NORMAL
Dehydrate,StandardMale.xml,1194,71.30548021698374,116.75349012248944,76.72548605164307,90.06815407525853,4.941321493183132,69.31983613958474,5.199541288946365,15.664620061518544,0.9824492502734411,5.40094765946437,NORMAL
Dehydrate,StandardMale.xml,1195,71.54001449058752,116.4847985636413,77.20173300870775,90.2960881936856,4.938997316886773,69.28514086155235,5.204431052611815,15.620008221188833,0.9834992679489578,5.399155930914349,NORMAL
Dehydrate,StandardMale.xml,1196,71.65342422132454,116.55609286488344,77.55431693611797,90.55490891237312,4.94325748227882,69.07125908548267,5.199086775792559,15.667432114875655,0.9835132160197497,5.408153530412857,NORMAL
Dehydrate,StandardMale.xml,1197,71.97974517955197,116.43070566240745,77.93817804659788,90.76902058520108,4.9108545999478865,69.03332676509338,5.20349486132907,15.654848714872031,0.9835786514828369,5.39831958633728,NORMAL
Dehydrate,StandardMale.xml,1198,72.06171095680166,117.0903854181018,77.56662034010711,90.74120869943867,4.910835256455202,68.38688749026895,5.204537497053175,15.676979478433793,0.9839477737349235,5.406430855291431,NORMAL
Dehydrate,StandardMale.xml,1199,72.05878739541737,116.56094657136843,77.66955713238438,90.63335361204574,4.927751580619425,68.32295916985093,5.202181082305496,15.56054641021419,0.9837178198053136,5.408349397640341,NORMAL
Dehydrate,StandardMale.xml,1200,71.74651262047306,116.22555018219116,77.5411538958205,90.43595265794406,4.919726105816883,68.52876500879634,5.2013263169135,15.653992038684219,0.9841516732017292,5.404013385186037,NORMAL
