scenario_name,patient_file,simulation_time_seconds,heart_rate_bpm,systolic_bp_mmhg,diastolic_bp_mmhg,map_mmhg,cardiac_output_l_min,stroke_volume_ml,blood_volume_l,systemic_vascular_resistance,spo2,cvp_mmhg,clinical_state
HemorrhageClass2Saline,StandardMale.xml,1,72.11154143876631,117.33501505731174,75.73003518204294,89.59836180713253,4.977856859051906,69.44444444444444,5.20236471214164,15.399999999999999,0.9855300984622687,5.4,NORMAL
HemorrhageClass2Saline,StandardMale.xml,2,72.40506606032442,116.8348672134934,75.6680630679684,89.39033111647673,4.94318837803609,69.09020994814504,5.199362019946158,15.517369430437558,0.9855037799937241,5.404351280396245,NORMAL
HemorrhageClass2Saline,StandardMale.xml,3,71.95286881636282,116.55014663576947,75.88692801096411,89.44133421923256,4.954346578918781,68.44516808537139,5.196617436235225,15.605645215038368,0.9857312970210556,5.398826060029636,NORMAL
HemorrhageClass2Saline,StandardMale.xml,4,72.20895661586954,116.02960716041399,76.26719742210612,89.52133400154207,4.9762752098157605,68.93172191990098,5.19529039626627,15.655898220627058,0.9846392642390925,5.393775782202182,NORMAL
HemorrhageClass2Saline,StandardMale.xml,5,72.53684966523691,116.03236678534816,75.74709590944342,89.17551953474499,4.947170813859749,68.99485996875016,5.199141899053139,15.747773115561904,0.9849792851721206,5.391333910779329,NORMAL
HemorrhageClass2Saline,StandardMale.xml,6,72.68523794932858,116.58519428401853,75.82028663317848,89.4085891834585,4.992052807191578,68.39087969650473,5.197995852788735,15.747286043470563,0.9851370633321292,5.398421018033304,NORMAL
HemorrhageClass2Saline,StandardMale.xml,7,72.8245491136938,116.91736599119731,76.27545179079989,89.8227565242657,4.999298925809866,68.81257159587906,5.2002018139143305,15.649712332422528,0.983763577504143,5.3963121911043626,NORMAL
HemorrhageClass2Saline,StandardMale.xml,8,72.45740233732555,116.74972198964184,75.73883572450063,89.40913114621436,4.97801552518737,68.79100784747362,5.1961956920587715,15.591084231880222,0.983196357197895,5.400371355529348,NORMAL
HemorrhageClass2Saline,StandardMale.xml,9,72.4830369155097,116.7073985790474,75.61374049634631,89.31162652391335,4.957702707109036,68.82179326840863,5.194169645947634,15.620673294302142,0.9846505322770744,5.392999735454286,NORMAL
HemorrhageClass2Saline,StandardMale.xml,10,72.513905485797,117.01206665766667,75.26449356226946,89.1803512607352,4.9816635554095905,68.55861174031041,5.191269840256428,15.628143350053424,0.984316840498702,5.389271630637618,NORMAL
HemorrhageClass2Saline,StandardMale.xml,11,72.81236890590677,117.32415154922651,75.41925753940134,89.3875555426764,4.99887368150377,68.82149834008054,5.195396384491003,15.574369622913842,0.9851994626511686,5.3839357305782105,NORMAL
HemorrhageClass2Saline,StandardMale.xml,12,72.44834986368147,116.74850617704146,75.26604023499323,89.09352888234264,4.980442889465595,68.79537542368904,5.19287429769971,15.519286832884838,0.9865122436411401,5.391528938527694,NORMAL
HemorrhageClass2Saline,StandardMale.xml,13,72.66817192271247,116.63610961075321,75.53880917911367,89.23790932299352,4.9746969251796065,68.85791886448044,5.197589513295712,15.620887884472932,0.9862678868733519,5.386888074796614,NORMAL
HemorrhageClass2Saline,StandardMale.xml,14,72.35895703466639,116.44164946679638,75.66664229006315,89.25831134897423,4.95908465232431,68.6184362361844,5.198628105073418,15.64072580879504,0.9873599808870166,5.395564490342364,NORMAL
HemorrhageClass2Saline,StandardMale.xml,15,72.21340956742738,116.23180954412695,76.30285798132216,89.61250850225709,4.965293492833466,68.67152185054336,5.1946468898570775,15.67504790373865,0.9858126363600058,5.397475591470679,NORMAL
HemorrhageClass2Saline,StandardMale.xml,16,71.86244428013438,116.61800185789672,76.6177664676754,89.95117826441583,4.963686493303785,68.85947535820193,5.190710177973628,15.712084520097523,0.9853925194036677,5.390149801824217,NORMAL
HemorrhageClass2Saline,StandardMale.xml,17,72.28427600607631,116.82115100335498,77.1104710473805,90.34736436603866,4.99738299976138,69.11533984795753,5.1865677613511645,15.643921815956762,0.9860233007430587,5.382905902263472,NORMAL
HemorrhageClass2Saline,StandardMale.xml,18,72.37811380375813,117.01142787441812,76.70017748766621,90.13726094991685,5.009008324215884,69.18927620906835,5.1837572655911295,15.608066117630838,0.9857457778851445,5.375283487710341,NORMAL
HemorrhageClass2Saline,StandardMale.xml,19,72.27255236436343,117.76293045972203,77.06892799257872,90.63359548162649,4.988880241236622,69.25513292026984,5.185061824059314,15.574482367761496,0.9847221044193717,5.370111925857623,NORMAL
HemorrhageClass2Saline,StandardMale.xml,20,72.55324927400432,118.309512862779,76.70145939227505,90.57081054910971,5.001476486466754,69.09641484748326,5.187345916775404,15.441842626998493,0.9837028415288417,5.372512429322043,NORMAL
HemorrhageClass2Saline,StandardMale.xml,21,72.66297083480552,118.32827478488002,76.95338751532829,90.74501660517886,5.0037082272629245,69.02795664923171,5.183363400368235,15.34537117145749,0.9832790247647356,5.376715362813911,NORMAL
HemorrhageClass2Saline,StandardMale.xml,22,72.15837600475773,118.8904395436237,77.29582778262785,91.16069836962647,5.029747822610375,68.96914582765785,5.182768730684397,15.342059703829353,0.9820904018465622,5.369387178860741,NORMAL
HemorrhageClass2Saline,StandardMale.xml,23,72.432074985008,119.41153936260395,76.6463481469336,90.90141188549039,5.024666967051951,69.67712340457878,5.17983859209389,15.24283797216265,0.9831048469658854,5.368292933818411,NORMAL
HemorrhageClass2Saline,StandardMale.xml,24,72.56642062130734,118.72542716567388,76.54073909137867,90.6023017828104,5.025367536070798,69.40045312076018,5.17910117555432,15.150864176925158,0.9843736741593508,5.362901218529839,NORMAL
HemorrhageClass2Saline,StandardMale.xml,25,72.40225633400256,118.23670471437683,76.52435587978343,90.42847215798123,5.040385041918088,69.30349084698594,5.17778366393033,15.271962554648416,0.9838589012824754,5.361544306592867,NORMAL
HemorrhageClass2Saline,StandardMale.xml,26,72.72545911659701,118.41872045795995,76.3884625404583,90.39854851295885,5.036414967602123,69.61226144172646,5.175770026044255,15.358221764547057,0.9831242305094955,5.359119968171145,NORMAL
HemorrhageClass2Saline,StandardMale.xml,27,72.46442413857672,118.49315171303859,76.01895466784049,90.17702034957318,5.009184721390524,69.31110562702965,5.173417278655493,15.326096098560306,0.9836675176289396,5.355414695590806,NORMAL
HemorrhageClass2Saline,StandardMale.xml,28,72.16339175177343,119.00279287746942,76.44828991596324,90.6331242364653,4.9736306199799,69.18963169921103,5.172922762045029,15.312959028147834,0.9842809903718026,5.351085431402677,NORMAL
HemorrhageClass2Saline,StandardMale.xml,29,71.90516329787253,118.37019819651569,76.91823155099428,90.73555376616808,4.982824414696484,68.99876024016048,5.174814448719057,15.223007678339869,0.9851923374803845,5.350175476911879,NORMAL
HemorrhageClass2Saline,StandardMale.xml,30,72.16835187366107,117.89327264187413,76.32665347668248,90.18219319841303,4.979594959277619,69.31239827874883,5.176063960444806,15.3346602476465,0.9850780330286616,5.353656348429215,NORMAL
HemorrhageClass2Saline,StandardMale.xml,31,72.62321094740919,117.82212631042293,76.68648633905043,90.39836632950794,4.9324351374797795,68.5334775829018,5.133539251287191,15.484116811157538,0.9843453929352846,5.269026076932336,NORMAL
HemorrhageClass2Saline,StandardMale.xml,32,73.4038108204544,116.8383509017442,75.86850756604859,89.52512201128046,4.901819370974927,67.09930469097492,5.124746044857929,15.56195359314884,0.9832447503941784,5.251054456919169,NORMAL
HemorrhageClass2Saline,StandardMale.xml,33,73.85553448312542,116.58822762942378,75.26736744045017,89.04098750344137,4.890548470795612,65.6484408792788,5.111277375674601,15.800868841912525,0.9813039311932269,5.221548245100205,NORMAL
HemorrhageClass2Saline,StandardMale.xml,34,75.12707076560841,115.91896390364164,75.18511916028828,88.76306740807273,4.868229793412935,64.68985404665624,5.095206340592078,15.910294943094058,0.9796211509377463,5.18343876649587,NORMAL
HemorrhageClass2Saline,StandardMale.xml,35,76.05931896089878,114.13075084557303,74.24820555414063,87.54238731795142,4.76171408522872,63.059976640886475,5.069060082925161,16.093699074661167,0.9802856028290932,5.1405407034707835,NORMAL
HemorrhageClass2Saline,StandardMale.xml,36,76.9483441855983,113.02471349169473,73.30336129249406,86.54381202556095,4.68077812534238,60.76185547164275,5.044124844366526,16.474597070206652,0.9806829608845786,5.079103335915859,NORMAL
HemorrhageClass2Saline,StandardMale.xml,37,77.90866868950863,111.95671169544111,72.10928530768805,85.39176077027241,4.6005125575821975,59.29277622402444,5.021297234644298,16.669811977994748,0.9797998207481066,5.033220281989214,NORMAL
HemorrhageClass2Saline,StandardMale.xml,38,78.6840573961693,111.05559761740835,70.9383590868062,84.31077193034025,4.553929692297147,57.815360060094115,4.995636229999529,16.858313633424466,0.9798079114019066,4.991215452340668,NORMAL
HemorrhageClass2Saline,StandardMale.xml,39,79.01108199715391,110.5582919147226,69.93255575452261,83.47446780792261,4.481679825196236,56.84311166275847,4.972948813237637,17.017359709972325,0.9792828331474134,4.943996924346273,NORMAL
HemorrhageClass2Saline,StandardMale.xml,40,79.34104402864223,108.94217196740652,70.01714844783969,82.9921562876953,4.423879243091202,55.864501251040195,4.952070222634324,17.10513385842389,0.9786322447023077,4.9022500621979805,NORMAL
HemorrhageClass2Saline,StandardMale.xml,41,79.75841090743776,108.16525106517665,69.65079571935632,82.48894750129644,4.4288524686674755,55.047721370232715,4.928958392423316,17.390378027966214,0.9783241053085378,4.863831600858161,COMPENSATING
HemorrhageClass2Saline,StandardMale.xml,42,79.95569083624781,107.2165797559056,69.50617958012997,82.07631297205518,4.382386913775006,54.86685335209395,4.908813662094299,17.527504085920434,0.9781476214552474,4.821303780263161,COMPENSATING
HemorrhageClass2Saline,StandardMale.xml,43,79.98429571043147,106.46687981006127,69.77067334667233,82.00274216780197,4.397794900583603,54.25507323043681,4.887850450719151,17.69494398432095,0.9763691179313132,4.784235687016309,COMPENSATING
HemorrhageClass2Saline,StandardMale.xml,44,80.16184124081937,106.47023532751099,69.86297995579729,82.06539841303518,4.401805647397973,54.40549332049089,4.8715260288571445,17.827265560336038,0.9745665932579897,4.745661515939512,COMPENSATING
HemorrhageClass2Saline,StandardMale.xml,45,80.762038858531,106.15158932719807,69.62141656288556,81.79814081765639,4.413919500864601,54.350438218794494,4.859351327990671,17.826673313584852,0.9724584193244515,4.715623129627128,COMPENSATING
HemorrhageClass2Saline,StandardMale.xml,46,81.24012645045617,105.3045595768586,69.47029075595128,81.41504702958706,4.420556487939281,54.15032340556142,4.842953210425517,17.882914135244274,0.9708416223616335,4.693220598563165,COMPENSATING
HemorrhageClass2Saline,StandardMale.xml,47,81.06349693870548,104.91244128994578,68.86767409624967,80.88259649414837,4.399581931203499,53.96056255239084,4.833699424676715,18.032414361458592,0.9696186032721282,4.6630466056106545,COMPENSATING
HemorrhageClass2Saline,StandardMale.xml,48,81.34064651047457,104.16146248134227,68.5952871284186,80.45067891272649,4.40544008463612,53.83279426386595,4.8264704460459145,18.101622996188063,0.9681594748559996,4.646018817825931,COMPENSATING
HemorrhageClass2Saline,StandardMale.xml,49,81.39902763902722,103.51650086012158,67.77292307732937,79.68744900492678,4.399781006935429,53.745181592452255,4.817729561273237,18.234170290687914,0.9673259822906785,4.632716855000446,COMPENSATING
HemorrhageClass2Saline,StandardMale.xml,50,81.70095017300005,103.33232450312418,67.55615882531767,79.4815473845865,4.333959315670828,53.65347688112996,4.80406886388694,18.348005617290553,0.968422585503917,4.616632850572405,COMPENSATING
HemorrhageClass2Saline,StandardMale.xml,51,82.0783015671804,103.16126325385545,67.85315476541267,79.62252426156026,4.322727135539883,52.79332140414926,4.792228914811673,18.380512630206457,0.9671645265432677,4.591495953911997,COMPENSATING
HemorrhageClass2Saline,StandardMale.xml,52,81.9107145810089,103.50504991057544,68.06908550462914,79.88107363994457,4.335245648059242,52.47591854274326,4.788843944305069,18.410704834732837,0.9662549494804208,4.569709395879608,COMPENSATING
HemorrhageClass2Saline,StandardMale.xml,53,81.72652307304888,102.69377755638162,68.24043643754057,79.72488347715425,4.347972239456029,52.696263390818224,4.780804148629838,18.350026702791777,0.9666498530995064,4.563480749463034,COMPENSATING
HemorrhageClass2Saline,StandardMale.xml,54,81.49973870031363,103.1357545682837,68.49304045030811,80.04061182296664,4.36637034679545,52.928350389724656,4.777451122825164,18.49321577073749,0.9677954460521008,4.548686811251521,COMPENSATING
HemorrhageClass2Saline,StandardMale.xml,55,81.21024977889056,103.25515475078686,68.07705843522766,79.80309054041406,4.378688047694616,53.24427475806151,4.774280824351433,18.41520710193405,0.9687973859207099,4.542516945924124,COMPENSATING
HemorrhageClass2Saline,StandardMale.xml,56,81.60200665998708,102.70286277498907,68.25618244481511,79.73840922153977,4.323548369608205,53.530649410045086,4.772063325387659,18.394133043688637,0.9697028027695056,4.536683315117196,COMPENSATING
HemorrhageClass2Saline,StandardMale.xml,57,81.45209758704775,102.98516007142862,68.02177329910674,79.67623555654737,4.291516620550608,52.735183884206464,4.76925491501406,18.491612235281416,0.9686428331923614,4.532602920045063,COMPENSATING
HemorrhageClass2Saline,StandardMale.xml,58,81.17034699259152,102.36144701696765,67.65645841390412,79.22478794825862,4.308481971177568,52.47405838970533,4.768386488784798,18.44178693733823,0.9678222026191753,4.5274351954886285,COMPENSATING
HemorrhageClass2Saline,StandardMale.xml,59,81.43392295933714,102.10019021274954,68.11753444244543,79.44508636588013,4.296937881933467,52.80375893935661,4.767310978445812,18.551871905070907,0.9665758363212299,4.525837214085129,COMPENSATING
HemorrhageClass2Saline,StandardMale.xml,60,81.91285580701572,101.56007709678528,68.5020941637651,79.52142180810516,4.265270616498553,52.54127233611522,4.7580131152344505,18.597983569171234,0.9663867899903626,4.523858179524607,COMPENSATING
HemorrhageClass2Saline,StandardMale.xml,61,82.11148841777377,101.27258224213304,68.413876371742,79.36677832853901,4.257495499719224,51.95473783410101,4.752226596980151,18.69331319954799,0.9666389318243379,4.506749285293408,COMPENSATING
HemorrhageClass2Saline,StandardMale.xml,62,81.89505700115426,101.57202008088828,67.61060335342376,78.93107559591193,4.283887591281615,51.76970842708111,4.748435308817613,18.744055863295912,0.967299439377326,4.49610157769337,COMPENSATING
HemorrhageClass2Saline,StandardMale.xml,63,82.10764000179636,101.78285355494477,67.33675363510328,78.81878694171711,4.238318203835413,52.16099969748493,4.746205012197604,18.691205270252286,0.9667394457729663,4.489125270696983,COMPENSATING
HemorrhageClass2Saline,StandardMale.xml,64,81.93926069577873,102.21725492786342,67.52172145639102,79.08689928021515,4.217242985519943,51.56917690697501,4.740603510022372,18.653993292689087,0.9664588054027771,4.48502132680057,COMPENSATING
HemorrhageClass2Saline,StandardMale.xml,65,81.87219117335967,101.82730868617011,66.97399522900952,78.59176638139638,4.208583269774783,51.43299123541121,4.741760669317731,18.577321719473243,0.9670073789076254,4.474714065220859,COMPENSATING
HemorrhageClass2Saline,StandardMale.xml,66,82.21760341970081,101.93098593449686,66.6990230204887,78.44301065849142,4.211275623926209,51.37581297791059,4.733425729953933,18.646146989567015,0.9663408782115634,4.476843341113922,COMPENSATING
HemorrhageClass2Saline,StandardMale.xml,67,82.12206913167586,101.97273859635574,66.88086779713723,78.5781580635434,4.206973644407286,51.22741444086074,4.730174754142072,18.627848019463645,0.9655080310211656,4.461506312298049,COMPENSATING
HemorrhageClass2Saline,StandardMale.xml,68,82.07849070083202,102.45925965360645,67.21092821298919,78.96037202652828,4.179620609913237,51.230795155948755,4.723610069378478,18.62047870051062,0.9656470264421786,4.455524228022453,COMPENSATING
HemorrhageClass2Saline,StandardMale.xml,69,82.17061543521444,102.09622338108656,67.52908395293619,79.05146376231964,4.202424608126655,50.9641275866178,4.723450269166251,18.53460803529743,0.9649024743711868,4.443444624921359,COMPENSATING
HemorrhageClass2Saline,StandardMale.xml,70,81.89899204994111,101.34077698030572,67.12155830342896,78.52796452905454,4.200112746738057,51.15799604561934,4.72507266611421,18.598683712502368,0.9637620160864321,4.443150578335926,COMPENSATING
HemorrhageClass2Saline,StandardMale.xml,71,81.8488544937796,101.5215738617632,66.70142941120868,78.30814422806019,4.215806077694731,51.27241316867655,4.723011738108349,18.73201953425392,0.9632262124426073,4.446135932836489,COMPENSATING
HemorrhageClass2Saline,StandardMale.xml,72,82.00109893475724,100.80721776200683,66.9985020529925,78.26807395599728,4.235305634521219,51.46427455389497,4.717237694083135,18.700108996677283,0.9632767345558612,4.442343642234999,COMPENSATING
HemorrhageClass2Saline,StandardMale.xml,73,81.7416090770466,101.51019043042753,66.98105966779967,78.49076992200895,4.194623145114353,51.592186038766,4.7133514269588765,18.826192405752767,0.9645927876042024,4.4317188883245535,COMPENSATING
HemorrhageClass2Saline,StandardMale.xml,74,81.75361686543798,101.91139241613024,67.14521079546444,78.73393800235304,4.2343703195747855,51.295006280677015,4.71323842898554,18.702118165256188,0.9661087246439591,4.424567811601692,COMPENSATING
HemorrhageClass2Saline,StandardMale.xml,75,82.11141929134267,102.00118193527896,67.35210913161191,78.9018000661676,4.230177123632685,51.71007196472143,4.715485634343827,18.6313062633175,0.9662969510768201,4.424359885293226,COMPENSATING
HemorrhageClass2Saline,StandardMale.xml,76,82.408988882895,102.26382527496922,67.24117684306846,78.91539298703537,4.206895205432405,51.48126386700421,4.711719868760127,18.61545846881084,0.9667394962135554,4.428494942770062,COMPENSATING
HemorrhageClass2Saline,StandardMale.xml,77,82.54750272353088,102.1843093276661,67.32576824222272,78.94528193737051,4.187945096956992,51.08380242963943,4.706557633331591,18.569102082058613,0.9660908575370911,4.421565599585888,COMPENSATING
HemorrhageClass2Saline,StandardMale.xml,78,82.26562940281444,101.83191040829212,67.29650443260566,78.80830642450114,4.160619795889677,50.81429259144555,4.703345928717199,18.58313659749883,0.9667187461300053,4.412066627839835,COMPENSATING
HemorrhageClass2Saline,StandardMale.xml,79,82.38261427436157,101.16324644868358,67.11161578783853,78.46215934145354,4.169271062609423,50.66881427177904,4.702236145369039,18.64533478846317,0.9658350852545715,4.406156806056014,COMPENSATING
HemorrhageClass2Saline,StandardMale.xml,80,82.24937288720517,101.75000605413592,67.16022818495365,78.69015414134775,4.1890036022131385,50.700966782201945,4.705624673380123,18.763353563108065,0.9666983585615132,4.404114706114166,COMPENSATING
HemorrhageClass2Saline,StandardMale.xml,81,82.10847407488089,101.0093002358507,66.92434374099608,78.28599590594762,4.210745475786459,50.97633737954325,4.708709428833187,18.65979085623338,0.9680561156329196,4.410349898654992,COMPENSATING
HemorrhageClass2Saline,StandardMale.xml,82,82.02402808712053,101.3938970650393,66.94942465831004,78.43091546055312,4.2175752225968814,51.277573168318824,4.705218448295824,18.790524974305995,0.9671032863313445,4.416026122705171,COMPENSATING
HemorrhageClass2Saline,StandardMale.xml,83,81.96834131470052,100.72741538689822,66.71955517091104,78.0555085762401,4.229566922854694,51.392982217919666,4.703844370898981,18.72264387220544,0.9660635103440813,4.409602408415209,COMPENSATING
HemorrhageClass2Saline,StandardMale.xml,84,81.94799218012915,100.27729153857756,66.86004896101353,77.99912982020155,4.187788228138764,51.54837857106946,4.702477194536768,18.840277475523216,0.966304912009998,4.407073983946741,COMPENSATING
HemorrhageClass2Saline,StandardMale.xml,85,81.57910123554345,100.60122922767457,66.40016532711915,77.80051996063763,4.186349760380825,51.11695689519795,4.69778197533239,18.9197240559077,0.965971147907897,4.404558257995008,COMPENSATING
HemorrhageClass2Saline,StandardMale.xml,86,81.42472546497608,100.44483785455384,66.74495570945417,77.97824975782073,4.178497006192974,51.29075420159682,4.700479417028603,18.862549254456,0.9670225313728565,4.39591863758611,COMPENSATING
HemorrhageClass2Saline,StandardMale.xml,87,81.33082227213919,99.96390755121632,66.15901644889297,77.42731348300076,4.184513053724027,51.286772449810364,4.705440163244536,18.890152234929996,0.966543959033121,4.400882169918889,COMPENSATING
HemorrhageClass2Saline,StandardMale.xml,88,81.5722388895254,100.51854559175084,66.40077250817765,77.77336353603538,4.206913364863503,51.39920879572478,4.709501309134968,18.975036135540883,0.9656518522408781,4.4100103836156155,COMPENSATING
HemorrhageClass2Saline,StandardMale.xml,89,81.26608283773992,100.12762095922159,65.98348106523383,77.36486102989642,4.219549750782673,51.512607918819874,4.709381322220594,18.877142864975422,0.9648868859450542,4.417483252802587,COMPENSATING
HemorrhageClass2Saline,StandardMale.xml,90,81.55869142604286,100.64295323547053,65.66510446155317,77.32438738619229,4.225527046410398,51.8058091468525,4.711110489630449,18.946140820445642,0.963872787968619,4.417262466221791,COMPENSATING
HemorrhageClass2Saline,StandardMale.xml,91,81.89412803835317,101.37468411761108,65.31250962249733,77.33323445420191,4.184183106418868,51.71725541426227,4.708341716372239,18.855184992927327,0.9646282160359273,4.420444287856583,COMPENSATING
HemorrhageClass2Saline,StandardMale.xml,92,82.27985763967577,101.22514149050117,65.72964491563347,77.56147710725604,4.1523684027392616,51.10632454836688,4.70958089371603,18.72603494552442,0.9651729287361605,4.4153494991134,COMPENSATING
HemorrhageClass2Saline,StandardMale.xml,93,81.91064910044315,101.61932760608076,66.26009976063204,78.04650904244828,4.1667421501902115,50.5746481729481,4.705025398401264,18.752429126570192,0.9667438944813285,4.417629695501182,COMPENSATING
HemorrhageClass2Saline,StandardMale.xml,94,82.15295394780644,101.3718076646217,66.22192624727941,77.93855338639351,4.160815175104128,50.913341907139326,4.704683197627141,18.682855521362026,0.9662614132107841,4.40924717946074,COMPENSATING
HemorrhageClass2Saline,StandardMale.xml,95,82.40488860247348,101.8185500968504,65.80083126887604,77.80673754486749,4.202894546669355,50.72779263608355,4.705664600880471,18.726542637695136,0.9672799374210801,4.408617499638913,COMPENSATING
HemorrhageClass2Saline,StandardMale.xml,96,82.49734166538066,101.67121762723,66.18312397478441,78.01248852559961,4.239747117036505,51.04376194404312,4.702912508365056,18.647692875156146,0.9681555006553405,4.410423368802364,COMPENSATING
HemorrhageClass2Saline,StandardMale.xml,97,82.43772724139276,101.6084116815656,66.16263113041784,77.97789131413376,4.2529379944821395,51.38454488044725,4.700363592434323,18.673696964774173,0.9690915995423143,4.405359274107662,COMPENSATING
HemorrhageClass2Saline,StandardMale.xml,98,82.62296556910073,100.99741718089435,66.67981428793783,78.11901525225667,4.22539985260894,51.55383992014746,4.699981605854433,18.68478217527672,0.9692287077274488,4.400669042376801,COMPENSATING
HemorrhageClass2Saline,StandardMale.xml,99,82.41323251283411,100.37706836615591,67.09941280528977,78.19196465891181,4.196565759456218,51.169754809910856,4.697104275070906,18.792622326144443,0.9699173553051745,4.399966153138218,COMPENSATING
HemorrhageClass2Saline,StandardMale.xml,100,82.21059724096041,101.02188043341062,67.28998429400565,78.5339496738073,4.179124418830664,50.972895954756254,4.69243731559707,18.902113507650178,0.9710016323255559,4.394671608905368,COMPENSATING
HemorrhageClass2Saline,StandardMale.xml,101,81.84091280725407,101.36658164359642,67.20303595833825,78.59088452009097,4.202556592318459,50.8918113398817,4.694948087849945,18.78830457722989,0.9710927363079606,4.3860839889109595,COMPENSATING
HemorrhageClass2Saline,StandardMale.xml,102,81.86240749094094,101.77278087954191,66.65167492587393,78.35871024376326,4.179943965417346,51.32806966766147,4.697269887996097,18.727465027168666,0.9701574654092897,4.390704032886289,COMPENSATING
HemorrhageClass2Saline,StandardMale.xml,103,81.95259324970607,101.68370911597415,66.69054281922764,78.35493158480982,4.176654171880089,51.07765642806674,4.699947530066633,18.65577111365784,0.9693707304439998,4.394976351398993,COMPENSATING
HemorrhageClass2Saline,StandardMale.xml,104,82.12347058937948,101.32182187402118,66.3894217087885,78.0335550971994,4.149414488331668,50.99684605755112,4.696877568265385,18.671492224749098,0.9680131896655686,4.399903450661739,COMPENSATING
HemorrhageClass2Saline,StandardMale.xml,105,82.12978034093265,101.69023995942388,66.04417866100718,77.92619909381274,4.133459309077456,50.62233132316849,4.6969692099946325,18.735365098770774,0.9685792826342554,4.394254448245011,COMPENSATING
HemorrhageClass2Saline,StandardMale.xml,106,82.48754077457296,101.6827939421222,65.85692137370606,77.79887889651144,4.110359434252403,50.45069145732424,4.694152714364558,18.67033953492597,0.9676088077954252,4.3944230771672945,COMPENSATING
HemorrhageClass2Saline,StandardMale.xml,107,82.14271786047067,100.96153895232332,65.99303106086768,77.64920035801956,4.104237480774967,50.02832969687007,4.6993631868213965,18.671653752367032,0.9676935552503695,4.389240475020738,COMPENSATING
HemorrhageClass2Saline,StandardMale.xml,108,82.27478141570899,100.48201723383542,66.51433876779389,77.8368982564744,4.116255884021319,50.13569947860198,4.70314130094185,18.79895481126127,0.9678336424314281,4.398828207183728,COMPENSATING
HemorrhageClass2Saline,StandardMale.xml,109,82.20048955135965,100.49870582979645,66.15347417220231,77.6018847247337,4.091514213998652,50.19647895841307,4.7073007723539,18.883590097518795,0.9676735237628402,4.4057802727724376,COMPENSATING
HemorrhageClass2Saline,StandardMale.xml,110,82.4218394776085,100.45776756580284,65.70267448417898,77.28770551138693,4.116311726234564,49.9726002341252,4.702253125569611,18.880644570669975,0.9665406126677519,4.413434069653372,COMPENSATING
HemorrhageClass2Saline,StandardMale.xml,111,82.39564463084808,100.28601897205769,66.40864829875778,77.70110518985776,4.0969286099814175,50.12367224751377,4.704717410049041,18.887870148904288,0.9668696443427524,4.404145951191559,COMPENSATING
HemorrhageClass2Saline,StandardMale.xml,112,82.55651909044025,100.02504364536627,66.4660532983334,77.65238341401103,4.106690847087459,49.932624308962424,4.70376743680733,18.91818366930496,0.9679339151413222,4.408680453534274,COMPENSATING
HemorrhageClass2Saline,StandardMale.xml,113,82.84766430239185,99.90630407806613,66.63485877578208,77.7253405432101,4.127882830475318,49.955495982607964,4.7058671022468985,18.964245652796194,0.9691753621486972,4.406932418384105,COMPENSATING
HemorrhageClass2Saline,StandardMale.xml,114,82.46023915731344,99.66941970908998,66.83111006611372,77.77721328043914,4.1100477870169865,50.033651505750775,4.702136130135583,18.985203112867516,0.9676999725396181,4.410795989304637,COMPENSATING
HemorrhageClass2Saline,StandardMale.xml,115,81.97895252994552,99.79563990023505,66.92436089147265,77.88145389439345,4.105323157653887,50.03862515267164,4.699280096945724,19.027013057245945,0.9682382214533164,4.403930669200328,COMPENSATING
HemorrhageClass2Saline,StandardMale.xml,116,82.14515783546688,99.91196749846928,67.11894292595737,78.04995111679467,4.151839621310626,50.22917435955302,4.702215937482307,19.004735271700117,0.9684877408919004,4.398675314431678,COMPENSATING
HemorrhageClass2Saline,StandardMale.xml,117,82.24779161822966,100.68611822844996,66.9759658239283,78.21268329210218,4.161815822367428,50.636986221080704,4.703515108137789,18.984203522674754,0.9695673701718561,4.404077521807528,COMPENSATING
HemorrhageClass2Saline,StandardMale.xml,118,82.46417954591962,100.16214177956593,66.53872956198697,77.74653363451328,4.1515079252993266,50.69042901046729,4.705723632829686,18.847566398406443,0.9695430638730692,4.406468111217981,COMPENSATING
HemorrhageClass2Saline,StandardMale.xml,119,82.21092653983885,99.77385553624495,66.7801761575157,77.77806928375878,4.173941986927009,50.472946961210646,4.709692758823783,18.940047917039927,0.9693144963820265,4.410531992832684,COMPENSATING
HemorrhageClass2Saline,StandardMale.xml,120,82.16772822028247,99.3697176004124,66.21467138177523,77.2663534546543,4.171973177488485,50.83697248324055,4.707140984451754,19.008580198449323,0.9683538913144091,4.417835537236341,COMPENSATING
HemorrhageClass2Saline,StandardMale.xml,121,81.81038576140908,100.24712407423421,66.67093256445455,77.86299640104777,4.181720095702141,50.83808372120874,4.711077885637854,19.079910293767153,0.9697177055306794,4.413140045719581,COMPENSATING
HemorrhageClass2Saline,StandardMale.xml,122,81.98258225908674,100.05207246297353,66.11870931602475,77.42983036500767,4.2046550613876414,51.12304940170833,4.709897155039527,18.92504859467607,0.9699282864006197,4.4203842936140205,COMPENSATING
HemorrhageClass2Saline,StandardMale.xml,123,82.31859779020658,99.75670938995033,66.28549155231013,77.44256416485686,4.2148181473952535,51.27764160460104,4.709023080236747,18.95947508323241,0.9684412289044164,4.4182116444296735,COMPENSATING
HemorrhageClass2Saline,StandardMale.xml,124,82.13921465374054,99.70859933788826,66.53444102033012,77.5924937928495,4.241464172044214,51.21325319568236,4.706599671210361,19.011606482648574,0.9688803637638708,4.416603269149142,COMPENSATING
HemorrhageClass2Saline,StandardMale.xml,125,81.94455355458565,100.52278157021766,66.92625718501799,78.12509864675121,4.2399521030943115,51.58615389904412,4.7056202497215,19.020097877034168,0.968146917788141,4.412143981270965,COMPENSATING
HemorrhageClass2Saline,StandardMale.xml,126,81.81322331901121,101.27628253053128,66.78076456345292,78.27927055247903,4.235801295407327,51.670478210559786,4.710052071512906,18.876395217400148,0.9685015446026773,4.410341758730176,COMPENSATING
HemorrhageClass2Saline,StandardMale.xml,127,81.8811550628024,101.16153277568961,66.39245675684539,77.9821487631268,4.219977700503174,51.694395720504865,4.711812783791459,18.74340276468589,0.968731062089655,4.418496704501807,COMPENSATING
HemorrhageClass2Saline,StandardMale.xml,128,82.11069042391752,100.76670140704083,66.48374083749378,77.91139436067613,4.251532047921585,51.49181077414508,4.7102494466992795,18.76365602532991,0.96916075223254,4.421736571497112,COMPENSATING
HemorrhageClass2Saline,StandardMale.xml,129,81.7877665208226,101.49568795562502,66.63588118951724,78.25581677821982,4.223815790458302,51.707146335513514,4.7060137278267655,18.83334351730507,0.969113853182164,4.4188598923774265,COMPENSATING
HemorrhageClass2Saline,StandardMale.xml,130,81.86803905100771,100.90710366642017,67.23020714571197,78.45583931928137,4.2536797726921165,51.58058697927239,4.705147375639904,18.704677843074794,0.9677705853990749,4.411065793396233,COMPENSATING
HemorrhageClass2Saline,StandardMale.xml,131,82.15767405186978,100.95491267908288,67.42391338509533,78.60091314975784,4.2472435698159705,51.85532052073839,4.7024700631746255,18.80856260550144,0.9686864927673536,4.409471628414986,COMPENSATING
HemorrhageClass2Saline,StandardMale.xml,132,82.51328830131091,100.64060154658847,67.39645264242888,78.47783561048207,4.231641287638541,51.63766300792143,4.706491249326911,18.800124344383345,0.968549719063905,4.404545135655191,COMPENSATING
HemorrhageClass2Saline,StandardMale.xml,133,82.72370592159558,101.23163738540912,67.04219741321296,78.43867740394501,4.250629627533739,51.29114985288041,4.705121661922704,18.855600064558182,0.9697019036882477,4.411944475374382,COMPENSATING
HemorrhageClass2Saline,StandardMale.xml,134,82.59871043484267,101.69235623674462,66.73747816725844,78.3891041904205,4.227774173163323,51.38346293423215,4.705581533669745,18.75128260514304,0.9709559265351365,4.409424312891208,COMPENSATING
HemorrhageClass2Saline,StandardMale.xml,135,82.48189492251895,101.15820351928662,66.77545428985093,78.23637069966283,4.2116867322345595,51.20702465974235,4.705654433048623,18.66996601328986,0.9707432664404221,4.41027051775583,COMPENSATING
HemorrhageClass2Saline,StandardMale.xml,136,82.3588178863116,100.92927010520754,66.38905425561485,77.90245953881241,4.2259308441040835,51.09720690045169,4.7059203059641295,18.764243637022624,0.9696180068573632,4.410404659088561,COMPENSATING
HemorrhageClass2Saline,StandardMale.xml,137,82.51421081835716,100.3378550048002,66.71532075567264,77.92283217204849,4.238897106157697,51.30982098524109,4.708561033460843,18.804650242787204,0.969040266982261,4.410893888870389,COMPENSATING
HemorrhageClass2Saline,StandardMale.xml,138,82.55195127414203,100.90387336420613,67.28658551590425,78.49234813200488,4.233345333661658,51.36699422327802,4.7032467271325595,18.909034641637447,0.9688573578299905,4.415753062038208,COMPENSATING
HemorrhageClass2Saline,StandardMale.xml,139,82.5240438257883,101.4719166795016,67.66277157983781,78.93248661305907,4.224130829592742,51.289374281993645,4.7032466440322125,18.809132751841098,0.9685529840590833,4.405974266328274,COMPENSATING
HemorrhageClass2Saline,StandardMale.xml,140,82.60700585819004,101.32960277472155,67.73146375890278,78.93084343084237,4.193267380378309,51.20668553270025,4.702681962717974,18.70887345858467,0.9698097733395005,4.405974113416253,COMPENSATING
HemorrhageClass2Saline,StandardMale.xml,141,82.36782335063982,101.59982756493517,67.78615078554124,79.05737637867254,4.222304864230587,50.840211695125525,4.705990938184574,18.733991774617294,0.9706364909580963,4.404935049637832,COMPENSATING
HemorrhageClass2Saline,StandardMale.xml,142,82.20515580688713,101.31183928278537,67.9170688443337,79.04865899048426,4.2400877386051725,51.26703188938466,4.709235759389093,18.68629726654428,0.9689267786325694,4.411023858430214,COMPENSATING
HemorrhageClass2Saline,StandardMale.xml,143,81.82270396601626,101.49799032389726,68.27525763397921,79.34950186395189,4.274545248484284,51.537738005224476,4.710964972508174,18.737127019939848,0.9685479844731018,4.41699461768159,COMPENSATING
HemorrhageClass2Saline,StandardMale.xml,144,81.5335967856853,101.66588957778801,68.53333829197405,79.57752205391203,4.260115912575348,52.09980875188681,4.712028273340643,18.70427147650102,0.9696078347927714,4.42017652342542,COMPENSATING
HemorrhageClass2Saline,StandardMale.xml,145,81.2549341200479,102.04141404022684,68.06603992530124,79.39116463027644,4.242100443216908,52.09764748324353,4.707522243661686,18.674637362200052,0.9694661709280215,4.4221330914093855,COMPENSATING
HemorrhageClass2Saline,StandardMale.xml,146,81.44273410054686,102.3677396273801,67.50558961185311,79.12630628369544,4.202813411847225,52.05180462432986,4.7106291942528635,18.608357527210647,0.9696014660316694,4.41384159653283,COMPENSATING
HemorrhageClass2Saline,StandardMale.xml,147,81.3364131039611,102.8241543062766,66.97875483145506,78.92722132306224,4.199330877621654,51.536002724304474,4.7073191041984925,18.550761263231276,0.9686327925549726,4.419558661608715,COMPENSATING
HemorrhageClass2Saline,StandardMale.xml,148,81.06421894603729,103.07546453202912,67.4235348137444,79.30751138650596,4.213628823453909,51.554014599154414,4.703313657158631,18.470204355147217,0.9683007791594721,4.413467801875827,COMPENSATING
HemorrhageClass2Saline,StandardMale.xml,149,81.11029977252745,102.99335910725534,67.50132690495973,79.33200430572494,4.205759240928662,51.848024773450405,4.700549694004872,18.425848255984327,0.9692060345139761,4.40609742352159,COMPENSATING
HemorrhageClass2Saline,StandardMale.xml,150,81.03094866203487,102.6368714855844,67.38310141494188,79.13435810515605,4.1839690148346005,51.740015564283375,4.701224969822445,18.44033981259398,0.9692274336618089,4.401011485797875,COMPENSATING
HemorrhageClass2Saline,StandardMale.xml,151,81.6007615031981,102.19702477053232,67.87245149441576,79.31397591978795,4.198761478523187,51.54879883713459,4.698871830445013,18.503259656980852,0.9692204730885815,4.402254053286461,COMPENSATING
HemorrhageClass2Saline,StandardMale.xml,152,81.82177075904288,102.43807472908175,67.18962114326993,78.93910567187388,4.207438872549503,51.41135515703361,4.698929306767418,18.580892329709943,0.9702287478738751,4.397924067804359,COMPENSATING
HemorrhageClass2Saline,StandardMale.xml,153,81.68303356049802,102.72666836054893,67.25665037025891,79.07998970035558,4.194634270679048,51.38960311681863,4.700381093451641,18.53834716135234,0.9703066130752058,4.398029829343164,COMPENSATING
HemorrhageClass2Saline,StandardMale.xml,154,81.88270139518478,102.87224690645272,67.37834330604231,79.20964450617912,4.222415537192626,51.32521932091279,4.701633103938503,18.487410564177257,0.971225790141612,4.400701245803269,COMPENSATING
HemorrhageClass2Saline,StandardMale.xml,155,82.02103651205707,102.42392583249028,67.22370692475286,78.957113227332,4.225797438232788,51.51681709225023,4.703826125836522,18.461716041008682,0.9696316628826342,4.403005056314258,COMPENSATING
HemorrhageClass2Saline,StandardMale.xml,156,81.85331160066194,102.64225104673505,66.76902105357583,78.72676438462891,4.1929360128939175,51.48142136867585,4.703914283295405,18.540844432835733,0.9708090636181987,4.407040411411122,COMPENSATING
HemorrhageClass2Saline,StandardMale.xml,157,81.90458359530437,103.06733092542284,67.15356123956083,79.12481780151484,4.1744339924586775,51.21985125540242,4.706848212608638,18.502310167770307,0.9704233993347224,4.407202628966429,COMPENSATING
HemorrhageClass2Saline,StandardMale.xml,158,82.16707045016257,103.20876392844534,66.90280792369329,79.00479325861063,4.147050969673562,50.997821469250034,4.71092959268946,18.427283832511705,0.9690452986201845,4.412601319521544,COMPENSATING
HemorrhageClass2Saline,StandardMale.xml,159,82.50998588304888,103.49259186019042,67.14412064905572,79.26027771943396,4.192495035219361,50.57538616359525,4.714728408181112,18.402320995093586,0.9697688766420213,4.420111421416223,COMPENSATING
HemorrhageClass2Saline,StandardMale.xml,160,82.31016116561221,103.6458270511886,66.50472071337278,78.88508949264472,4.196419896554785,50.88108738257282,4.7130986499607515,18.352225540967183,0.9700393227731203,4.427101579366825,COMPENSATING
HemorrhageClass2Saline,StandardMale.xml,161,82.39181112257803,103.49248600489999,66.91065062597083,79.10459575228055,4.232119838786888,51.023653879203934,4.708134800757566,18.32517962468261,0.9689711257865096,4.424102679471147,COMPENSATING
HemorrhageClass2Saline,StandardMale.xml,162,81.94080753516984,103.77670766149896,66.95567061373278,79.22934962965483,4.2610644510873446,51.358157405707814,4.704698050001861,18.35224422436037,0.9674765225321004,4.414968756002242,COMPENSATING
HemorrhageClass2Saline,StandardMale.xml,163,82.21062158980543,104.06274630359326,66.68433996422235,79.14380874401265,4.245599091571628,51.89573695351365,4.700720184788934,18.302079278041155,0.9687505546309596,4.408644829327724,COMPENSATING
HemorrhageClass2Saline,StandardMale.xml,164,82.01593404032067,103.73170629203142,66.19889369536419,78.7098312275866,4.2705095894144085,51.59307332616914,4.697019242479622,18.251593634907614,0.9684448674195943,4.4013252039851185,COMPENSATING
HemorrhageClass2Saline,StandardMale.xml,165,82.14943466391146,103.79028621075949,66.78902737131476,79.12278031779634,4.254653345056988,51.95665115219708,4.699680260839665,18.31002199187459,0.9672662590447169,4.394515141384025,COMPENSATING
HemorrhageClass2Saline,StandardMale.xml,166,82.05425437686964,102.94021692605297,66.76186605486421,78.82131634526047,4.24002704783314,51.72012180378723,4.704221041025207,18.299682672508354,0.9658164671457112,4.399411651542792,COMPENSATING
HemorrhageClass2Saline,StandardMale.xml,167,81.94084369381982,102.6721394472074,67.29134603570067,79.08494383953625,4.263134578623268,51.614705512675506,4.699877091465224,18.449719374655515,0.9664414861425349,4.407767090438325,COMPENSATING
HemorrhageClass2Saline,StandardMale.xml,168,81.9871396020775,103.18380512322139,67.04835288440245,79.09350363067543,4.246581142338102,51.91761586988327,4.69678500431068,18.497034883602296,0.9653259697404177,4.399773837378138,COMPENSATING
HemorrhageClass2Saline,StandardMale.xml,169,82.26789734749498,102.90297327222844,67.19882605725209,79.10020846224421,4.251716520216676,51.71859412717965,4.698013520768179,18.40672620875406,0.9639972383121697,4.3940841223459675,COMPENSATING
HemorrhageClass2Saline,StandardMale.xml,170,82.44877146942585,102.35953217361097,66.68740434290926,78.57811361980983,4.249998146500457,51.62814643632156,4.6938584524062295,18.456292856483735,0.9650061461465242,4.396344701755972,COMPENSATING
HemorrhageClass2Saline,StandardMale.xml,171,82.13314889940027,101.84128252400039,67.12860211384101,78.69949558389413,4.229627052504296,51.517239868835425,4.690825045238586,18.552209873737148,0.9663405071436275,4.388699006878342,COMPENSATING
HemorrhageClass2Saline,StandardMale.xml,172,81.71128153986149,102.28336549769962,66.64794884437667,78.52642106215099,4.196082407566187,51.46430187843501,4.689065176084565,18.643680615846527,0.9653900767819206,4.383117268234567,COMPENSATING
HemorrhageClass2Saline,StandardMale.xml,173,81.89246343178114,101.507825985443,66.06798063914947,77.88126242124731,4.219802698837679,51.32605507645831,4.687318792392554,18.565653244851536,0.9649634616593198,4.379878952663297,COMPENSATING
HemorrhageClass2Saline,StandardMale.xml,174,81.6513534656437,100.86068118334954,66.42838977010705,77.90582024118788,4.219253364105621,51.48413860368661,4.690789378520353,18.702535488331222,0.9650283803089583,4.376665451540028,COMPENSATING
HemorrhageClass2Saline,StandardMale.xml,175,81.93696599181979,100.93475241562555,65.98725285549995,77.63641937554182,4.216997411021872,51.60268512814006,4.6959799755820875,18.816756145005463,0.9637894655643913,4.383051638304773,COMPENSATING
HemorrhageClass2Saline,StandardMale.xml,176,82.17497371579739,101.49536017889068,66.09282754039454,77.89367175322658,4.211378081735645,51.43157261519909,4.700941660818846,18.80368261839462,0.9627019900852364,4.392602797975252,COMPENSATING
HemorrhageClass2Saline,StandardMale.xml,177,82.12644189090234,101.33858567899082,66.38357241042434,78.0352434999465,4.2090849159297195,51.250261969653046,4.704963378068007,18.704735695465352,0.9617394602694094,4.40173273955371,COMPENSATING
HemorrhageClass2Saline,StandardMale.xml,178,81.76815424648771,101.48958490519419,65.89565554237745,77.76029866331636,4.189876792805198,51.25085279267344,4.705897295512174,18.732406297578525,0.9622784872432893,4.409133056538328,COMPENSATING
HemorrhageClass2Saline,StandardMale.xml,179,81.67032910628389,102.16370371972981,66.02291994254077,78.06984786827044,4.187521648814272,51.23108611790692,4.706480041712747,18.705755027695098,0.9614268820828342,4.410851547594788,COMPENSATING
HemorrhageClass2Saline,StandardMale.xml,180,81.89151183575677,102.56004245954,66.27966217443415,78.37312226946943,4.21069981154015,51.25631062219981,4.708170325350954,18.58677347453476,0.9609909013254333,4.411923852368757,COMPENSATING
HemorrhageClass2Saline,StandardMale.xml,181,81.87242133636131,102.03579134169338,66.13185434358735,78.09983334295603,4.2055553423882435,51.38829111704614,4.706676958707464,18.516819932483408,0.9602299679835451,4.415034124409699,COMPENSATING
HemorrhageClass2Saline,StandardMale.xml,182,81.83695862965118,102.18440135819125,66.04385767620774,78.09070557020225,4.177026917523412,51.343643650603184,4.710372948922857,18.609349930018634,0.9594460179190187,4.412286197131026,COMPENSATING
HemorrhageClass2Saline,StandardMale.xml,183,82.13193052685132,101.51492037154438,65.63291698076377,77.59358477769064,4.1991888223910045,51.0597677672103,4.712661266572484,18.583120354168152,0.960192461323239,4.41908714743942,COMPENSATING
HemorrhageClass2Saline,StandardMale.xml,184,82.17718764579455,101.579804311693,65.54996094850901,77.559908736237,4.169075310886354,51.14356714645977,4.710184908388484,18.70128333357918,0.9612061317612914,4.423297855184293,COMPENSATING
HemorrhageClass2Saline,StandardMale.xml,185,82.34529637487867,102.06617221672941,65.9464501437894,77.98635750143607,4.210663960475653,50.802709432713336,4.710374668988583,18.689831358337454,0.9611976705831672,4.418741136152672,COMPENSATING
HemorrhageClass2Saline,StandardMale.xml,186,82.3450395757514,101.57789570596474,66.21916137962302,78.00540615507026,4.187183941188759,51.155882197654876,4.705627340075846,18.603987724395214,0.9626710676222173,4.419090312513147,COMPENSATING
HemorrhageClass2Saline,StandardMale.xml,187,82.17654335218893,101.91680675438087,66.36066464215817,78.21271201289908,4.213467751546824,50.90864182853835,4.708628954419285,18.69016822606614,0.9644141778891,4.410354805612004,COMPENSATING
HemorrhageClass2Saline,StandardMale.xml,188,82.39928295932108,102.00724941289786,66.5678598244491,78.38098968726536,4.173775202691555,51.27151263759673,4.712229864227504,18.630350635970355,0.9655826593177302,4.415878042635109,COMPENSATING
HemorrhageClass2Saline,StandardMale.xml,189,82.14086341809946,101.48064468689618,66.82270846189422,78.37535387022821,4.161985077894274,50.739989444677576,4.709650264841962,18.614387562769803,0.9641876491280715,4.4225040365483785,COMPENSATING
HemorrhageClass2Saline,StandardMale.xml,190,82.41121937761086,101.55618467923402,66.68531428042814,78.30893774669677,4.138395676497923,50.74625827034371,4.710210392394096,18.70733297068638,0.9629778317216569,4.417757344535081,COMPENSATING
HemorrhageClass2Saline,StandardMale.xml,191,82.53356736031617,101.1311849878744,66.58692212056917,78.10167640967092,4.133868251968535,50.361475306414775,4.708094545418132,18.694000208834503,0.9639375625822489,4.418788028986723,COMPENSATING
HemorrhageClass2Saline,StandardMale.xml,192,82.65831650270289,101.24956902386339,66.09824079971023,77.81535020776128,4.106880555273717,50.25267158226986,4.704021440271987,18.769012391079354,0.9645092842426342,4.414894682601831,COMPENSATING
HemorrhageClass2Saline,StandardMale.xml,193,82.6781589345121,100.94035557064369,66.35935903109856,77.8863578776136,4.118129747721056,49.907045294203506,4.703120345527984,18.748117682064205,0.9640012795503103,4.4073998073220135,COMPENSATING
HemorrhageClass2Saline,StandardMale.xml,194,82.75918409009435,100.44587618632939,66.31136499021468,77.68953538891958,4.111688205258847,50.015347409254986,4.704655719022337,18.80269366500498,0.9641742903975309,4.405741712949471,COMPENSATING
HemorrhageClass2Saline,StandardMale.xml,195,82.75527340879685,99.91373945757198,66.22743011301984,77.45619989453722,4.131390453407176,49.90760389227018,4.699360339141584,18.88996897001484,0.9637778278871488,4.408566936565169,COMPENSATING
HemorrhageClass2Saline,StandardMale.xml,196,82.38735275014028,99.57267486240613,65.98566517339715,77.18133506973348,4.126773688821828,50.11626497259664,4.69448878266565,18.983890772990826,0.9647498490530959,4.398822967199914,COMPENSATING
HemorrhageClass2Saline,StandardMale.xml,197,82.05769345032986,99.61184811023207,66.31009047426004,77.41067635291738,4.13654271688391,50.25103944717019,4.698262977297921,19.04408846275385,0.9658217098871381,4.389858870547446,COMPENSATING
HemorrhageClass2Saline,StandardMale.xml,198,81.70489579930997,100.32059806293294,65.80275199520776,77.30870068444949,4.106489606615322,50.51956063330808,4.702613486309892,19.037174408779737,0.9669755989418944,4.396803723929736,COMPENSATING
HemorrhageClass2Saline,StandardMale.xml,199,81.81899644412204,100.542357147307,66.15566339888952,77.61789464836201,4.112353423365356,50.37939165799142,4.6985562572087645,18.912080481186635,0.9655134677580629,4.404809046964253,COMPENSATING
HemorrhageClass2Saline,StandardMale.xml,200,81.71162136594265,101.05715031518156,66.35745818160781,77.9240222261324,4.1505831927724035,50.38399614898616,4.702869390026176,18.872940140170616,0.9643700620957428,4.397343385017525,COMPENSATING
HemorrhageClass2Saline,StandardMale.xml,201,82.03948303161837,100.73024574001975,66.50043668231284,77.91037303488181,4.159078665378233,50.843488244917765,4.70159763323557,18.782079464946413,0.9639845121440836,4.405279932533954,COMPENSATING
HemorrhageClass2Saline,StandardMale.xml,202,81.90393659712949,100.56740647173729,66.12172847001254,77.60362113725412,4.16536486215148,50.76689158855357,4.697610159933398,18.83977791995062,0.9642288215659603,4.402939787070025,COMPENSATING
HemorrhageClass2Saline,StandardMale.xml,203,82.24608812308863,100.44653062202981,66.45861532282805,77.78792042256197,4.195491452566305,50.902183223411,4.700951611052366,18.868518949926305,0.9636325474448706,4.395602481989732,COMPENSATING
HemorrhageClass2Saline,StandardMale.xml,204,81.91863528896205,100.12691321135793,66.60594078247833,77.77959825877153,4.216908863513506,51.04642451987965,4.702430614538816,18.88985346251913,0.9629065806101754,4.401751048867258,COMPENSATING
HemorrhageClass2Saline,StandardMale.xml,205,82.15166268025598,100.26043514749865,66.91841125226013,78.03241921733964,4.235448092058371,51.44005658726469,4.701725325900505,18.946265737505136,0.9644796832670233,4.404472546661109,COMPENSATING
HemorrhageClass2Saline,StandardMale.xml,206,82.17576432714203,100.57592165423043,67.03825661902562,78.21747829742722,4.259868917580225,51.51624815456231,4.702859550527173,18.922699198490882,0.963607417009117,4.403174752916351,COMPENSATING
HemorrhageClass2Saline,StandardMale.xml,207,81.79853266672185,100.58401116191442,66.75797817082181,78.03332250118602,4.233872934931155,51.76158974785363,4.698192634693006,18.867016025491274,0.9638740317621508,4.405261826981752,COMPENSATING
HemorrhageClass2Saline,StandardMale.xml,208,81.68337877898962,100.60473824719912,66.21551684725466,77.67859064723615,4.255899429224544,51.68156638952215,4.69410445365584,18.865588232396366,0.9651900686224436,4.396674287288212,COMPENSATING
HemorrhageClass2Saline,StandardMale.xml,209,82.02500716644658,100.85136217036333,66.27700972923472,77.80179387627759,4.245474912517588,51.97477160373035,4.69511899922825,18.861929914683692,0.9661835842752228,4.389151671029735,COMPENSATING
HemorrhageClass2Saline,StandardMale.xml,210,82.3371755486626,100.83762245998848,66.69457472754993,78.07559063836278,4.251568193026459,51.68735296035799,4.693724530130955,18.818400945024557,0.9661490964944422,4.3910185250043,COMPENSATING
HemorrhageClass2Saline,StandardMale.xml,211,81.99674485223252,100.28249320317053,66.21549769667776,77.57116286550868,4.276633473581151,51.590991762359195,4.6926606667561925,18.820825995394202,0.9668334257680353,4.38845257799562,COMPENSATING
HemorrhageClass2Saline,StandardMale.xml,212,82.00097411161772,99.94755264936398,65.96580391642712,77.29305349407274,4.261452526573327,52.03134796136626,4.6926417053595575,18.918805965329387,0.9668883365522661,4.386494974883863,COMPENSATING
HemorrhageClass2Saline,StandardMale.xml,213,81.72779450152359,99.93237894701069,65.78762975478065,77.16921281885733,4.245973388950014,51.86866426936455,4.691613713583278,18.977922765586236,0.9671642703939529,4.3864600842297286,COMPENSATING
HemorrhageClass2Saline,StandardMale.xml,214,82.00851853249137,100.30322292649834,65.37001353980538,77.01441666870303,4.207413790658594,51.846438638698295,4.694068037471214,18.98060091465174,0.9664769251182894,4.384568488045627,COMPENSATING
HemorrhageClass2Saline,StandardMale.xml,215,82.18596130852374,100.64345381095596,66.00998553508137,77.5544749603729,4.236289224240154,51.29352573784558,4.6928759513682055,18.915147182003743,0.9667403145586183,4.3890846620152,COMPENSATING
HemorrhageClass2Saline,StandardMale.xml,216,81.86539494663847,100.51426589422894,66.6483834112882,77.93701090560178,4.247336723517819,51.507514535563075,4.692365138690123,18.855096641664247,0.9670195496827607,4.386891117693539,COMPENSATING
HemorrhageClass2Saline,StandardMale.xml,217,82.24019646294583,100.34392349769816,66.50254691769356,77.7830057776951,4.264368116093265,51.78954440941622,4.696107436333526,18.877898228936836,0.9675016839146257,4.385951176990757,COMPENSATING
HemorrhageClass2Saline,StandardMale.xml,218,82.45982340930988,100.79446675897982,66.74432882487804,78.09437480291197,4.25791076446854,51.775820239328056,4.697878916747406,18.90796355640029,0.9672051387207369,4.3928373370801435,COMPENSATING
HemorrhageClass2Saline,StandardMale.xml,219,82.2659340432646,100.66542198713485,66.35151878818846,77.78948652117059,4.227336974772127,51.59484839624987,4.70252519187583,18.828442949888004,0.9671208976350661,4.396097018400974,COMPENSATING
HemorrhageClass2Saline,StandardMale.xml,220,81.9989628167382,100.23649513355997,65.88114774121459,77.33293020532972,4.251252090370856,51.37210553640818,4.698334696317905,18.851219272177588,0.9678972034931835,4.404646577362451,COMPENSATING
HemorrhageClass2Saline,StandardMale.xml,221,82.26724668747462,100.90253205108647,65.4187456388627,77.24667444293729,4.231370454215637,51.761869015648905,4.701130922693099,18.926924596120624,0.9666919623251877,4.396935693297253,COMPENSATING
HemorrhageClass2Saline,StandardMale.xml,222,82.12017897835172,100.48029863304484,65.96299429298644,77.46876240633924,4.248882178563139,51.413961223255264,4.704130936303557,18.809369492775797,0.9656865572932356,4.402080998214327,COMPENSATING
HemorrhageClass2Saline,StandardMale.xml,223,82.04853294956072,100.45573490862671,66.25731348308575,77.6567872915994,4.221377296403782,51.67427353862806,4.70324263197133,18.88389342949369,0.9651197063096056,4.4076012897465535,COMPENSATING
HemorrhageClass2Saline,StandardMale.xml,224,82.23856463281929,100.48735459006329,66.34622712973128,77.72660294984195,4.203288937533871,51.42058886827716,4.706069604144828,18.888228911636677,0.9651504412455965,4.40596673086784,COMPENSATING
HemorrhageClass2Saline,StandardMale.xml,225,82.46341091566647,100.40173705426015,66.9204359721485,78.08086966618572,4.241606290744298,51.132486581465905,4.70520110517687,18.88264805745098,0.9646169871348034,4.4111686107849195,COMPENSATING
HemorrhageClass2Saline,StandardMale.xml,226,82.28490671532074,100.54964620643798,67.45013907657255,78.48330811986104,4.261418873103311,51.42143694995703,4.707797840009394,18.897759499481616,0.963696066065406,4.409570495535757,COMPENSATING
HemorrhageClass2Saline,StandardMale.xml,227,82.03326445886273,100.839382521939,67.80701897573178,78.81780682446752,4.2576059233547765,51.72168251614941,4.703200256464299,18.871653625749445,0.9649712590055826,4.414348718293631,COMPENSATING
HemorrhageClass2Saline,StandardMale.xml,228,82.30816747392323,100.59651149193175,67.98876424362186,78.85801332639183,4.231760605818267,51.811295611006344,4.706997440175142,18.820515345550263,0.9640488622855413,4.40588875617072,COMPENSATING
HemorrhageClass2Saline,StandardMale.xml,229,82.2022842361553,101.30806890875623,67.49985929153259,78.7692624972738,4.223622806484189,51.39713113458372,4.704933806531229,18.863381931892047,0.962838180939629,4.412875911499684,COMPENSATING
HemorrhageClass2Saline,StandardMale.xml,230,81.80822183474008,101.31384751746899,67.0848902660033,78.49454268315853,4.260040116970282,51.36550150341798,4.703288447876097,18.737792488620308,0.9617288523936021,4.409078642283838,COMPENSATING
HemorrhageClass2Saline,StandardMale.xml,231,82.1876460421328,101.79098396384497,67.21570051882205,78.74079500049635,4.275357901498528,51.953718867431085,4.699401513978461,18.736772567762255,0.9614842964161964,4.406051036202404,COMPENSATING
HemorrhageClass2Saline,StandardMale.xml,232,82.41744085190975,102.01170938123211,66.7177385707897,78.48239550760384,4.281768993403751,51.91889898314964,4.6989353810184715,18.652558280554853,0.9604144094580972,4.3988987325572975,COMPENSATING
HemorrhageClass2Saline,StandardMale.xml,233,82.00515228006616,101.59029159420345,67.1136931830032,78.60589265340329,4.274788072902036,51.86776586182035,4.701292851105586,18.61360038112168,0.9609976268607566,4.398041006504673,COMPENSATING
HemorrhageClass2Saline,StandardMale.xml,234,81.69316781839802,101.26344041189967,66.8225476162103,78.30284521477343,4.228652083293189,52.007472474086704,4.700387735876175,18.68798035947105,0.9623325955828462,4.402378960877282,COMPENSATING
HemorrhageClass2Saline,StandardMale.xml,235,81.71447795019762,100.72685410006154,67.29040738460527,78.4358896230907,4.232576981214183,51.68074059433603,4.6955210877492854,18.745669390668894,0.9627252559640195,4.4007134684544535,COMPENSATING
HemorrhageClass2Saline,StandardMale.xml,236,81.55978482468171,100.29912486483386,67.13220258998737,78.18784334826954,4.237425031677228,51.71132436716074,4.69328484418818,18.84037654230218,0.9627900965495615,4.39175840360023,COMPENSATING
HemorrhageClass2Saline,StandardMale.xml,237,81.7710793393889,99.84050710023796,67.64708606618171,78.37822641086713,4.1978572786911466,51.843025328197555,4.694082352855191,18.915870487348844,0.9631220330722444,4.387643516803939,COMPENSATING
HemorrhageClass2Saline,StandardMale.xml,238,82.20324080361993,100.09173153991512,67.40042822904462,78.29752933266812,4.1957533285047095,51.31414688617862,4.6959122097113575,18.996816238694073,0.9648485645938657,4.389111003593342,COMPENSATING
HemorrhageClass2Saline,StandardMale.xml,239,81.96931970505929,99.5603627199508,67.66043299223625,78.29374290147443,4.1839028537863046,51.07098132646184,4.698568461591265,18.952475280720343,0.9653787028967871,4.3924781027535165,COMPENSATING
HemorrhageClass2Saline,StandardMale.xml,240,82.19208219830644,100.09795403738697,67.34268470092108,78.26110781307638,4.149592594761916,51.0649809255828,4.699143058534792,19.046261548270053,0.9664222093906122,4.397365842165431,COMPENSATING
HemorrhageClass2Saline,StandardMale.xml,241,81.89733490451367,100.63391456201312,67.22079796768396,78.35850349912701,4.171934074575039,50.5895979508992,4.7005289342688545,18.951377013771296,0.9673762481607601,4.398423151582543,COMPENSATING
HemorrhageClass2Saline,StandardMale.xml,242,81.56642535868343,101.10276499361852,67.10490131637643,78.43752254212379,4.159145675207067,50.975060754403245,4.695924705776357,18.856780313193255,0.9664179226581772,4.400973286039532,COMPENSATING
HemorrhageClass2Saline,StandardMale.xml,243,81.27854386094367,101.7365768596315,67.07186769474617,78.62677074970794,4.20371410491148,51.00843057247029,4.696680855288108,18.77402850245981,0.9656977524265912,4.392501096623132,COMPENSATING
HemorrhageClass2Saline,StandardMale.xml,244,81.61195440701277,101.25673929930623,66.85262433011336,78.32066265317765,4.22568700082339,51.630692765162294,4.700604222217258,18.66216110074425,0.9652709965909744,4.393892478892955,COMPENSATING
HemorrhageClass2Saline,StandardMale.xml,245,81.38187514602049,101.0809661795885,67.29815754908498,78.55909375925282,4.2417321097662315,51.691342488817156,4.7045022862257335,18.746852132890407,0.9650425225136428,4.401111822552366,COMPENSATING
HemorrhageClass2Saline,StandardMale.xml,246,81.87290104025739,101.10530461899125,67.2209834854036,78.51575719659948,4.270121480996452,51.981504027792695,4.704335061830398,18.777875979632114,0.9660758261723295,4.408284606590097,COMPENSATING
HemorrhageClass2Saline,StandardMale.xml,247,82.07760523244862,100.54259650770376,67.27879350084882,78.36672783646713,4.286574064536767,52.02683738869423,4.704443193397577,18.77358026015478,0.9655867014545587,4.407976898848261,COMPENSATING
HemorrhageClass2Saline,StandardMale.xml,248,81.72759291926545,100.86079744399706,66.97466172913023,78.27004030075251,4.2832588734569175,52.09438026126983,4.70334909599739,18.872897893208865,0.9662423451306092,4.408175870537118,COMPENSATING
HemorrhageClass2Saline,StandardMale.xml,249,81.65820953266402,100.27561910262419,67.38251596536978,78.34688367778791,4.260380022182578,52.24178855873298,4.7080628230441866,18.8167356250732,0.9655999380876347,4.406162634132912,COMPENSATING
HemorrhageClass2Saline,StandardMale.xml,250,82.10418745663856,101.0269699309572,66.7884508534753,78.20129054596926,4.263343109847167,52.035407342402664,4.706051266614458,18.920019239817428,0.9665885169222893,4.414836310615897,COMPENSATING
HemorrhageClass2Saline,StandardMale.xml,251,82.22882996108672,101.69687373446256,66.34547619634412,78.12927537571693,4.263516574293625,51.83523317304734,4.708380553747499,18.787406284065778,0.9651991623282432,4.411134868100129,COMPENSATING
HemorrhageClass2Saline,StandardMale.xml,252,81.84113681681703,102.04407813420386,66.2228112391959,78.1632335375319,4.245689466658087,51.7727011271273,4.708382928084129,18.66916867774115,0.9656317819832202,4.415420963333775,COMPENSATING
HemorrhageClass2Saline,StandardMale.xml,253,82.01318347192695,102.58891635960146,66.12138168089318,78.27722657379594,4.260653946641154,51.78466612526256,4.708451883945381,18.607887316274066,0.9658029064384851,4.415425332324084,COMPENSATING
HemorrhageClass2Saline,StandardMale.xml,254,81.92922095066089,102.65076649634119,65.88498833940776,78.14024772505223,4.2216554548826455,51.85390085006737,4.710132857211837,18.511723707009452,0.9658691007739187,4.415552217234087,COMPENSATING
HemorrhageClass2Saline,StandardMale.xml,255,81.85164091966385,102.5823058141135,65.69096997594816,77.98808192200327,4.199595816937994,51.484830840296745,4.708785409806043,18.500807196190003,0.9674219659582093,4.418645357363975,COMPENSATING
HemorrhageClass2Saline,StandardMale.xml,256,81.70699536058896,103.01861815239386,65.79505759355061,78.20291111316503,4.169460616388411,51.29121669297803,4.711611230126122,18.512890464192957,0.9672177036169601,4.4161659344445585,COMPENSATING
HemorrhageClass2Saline,StandardMale.xml,257,82.07905131554864,102.74374763596651,65.40282324870279,77.84979804445736,4.188080424095172,51.0459951769393,4.714138059614262,18.435881606774583,0.9666324084513385,4.42136569484903,COMPENSATING
HemorrhageClass2Saline,StandardMale.xml,258,81.94266197890178,101.96893429641064,65.60193439843229,77.7242676977584,4.220973717662021,51.05320647023845,4.71652126328933,18.484396082646374,0.9672705748990204,4.426015285563597,COMPENSATING
HemorrhageClass2Saline,StandardMale.xml,259,82.2949151641848,102.08702924611846,66.07947939848196,78.0819960143608,4.218882111930751,51.47070626587167,4.711413920562753,18.62115015709423,0.9663252301763254,4.430400592023938,COMPENSATING
HemorrhageClass2Saline,StandardMale.xml,260,81.95255761209783,102.40498992698772,65.58001655342647,77.85500767794689,4.220690200514145,51.26816431441652,4.7091904255177965,18.600306471628624,0.9672635151096434,4.421002627725569,COMPENSATING
HemorrhageClass2Saline,StandardMale.xml,261,82.00247500516619,102.43579466553643,65.21115988552131,77.61937147885969,4.202679134969389,51.46261971382302,4.713451550105059,18.54418660842646,0.9678724027226797,4.41691119933143,COMPENSATING
HemorrhageClass2Saline,StandardMale.xml,262,82.02258288670782,102.68308241474644,65.77019372002509,78.07448995159888,4.16822253992831,51.24656876527567,4.717099820857404,18.53874959115563,0.9682030131586778,4.424752047084533,COMPENSATING
HemorrhageClass2Saline,StandardMale.xml,263,81.97846890037137,102.77663530385622,65.68894980484782,78.05151163785062,4.202689634285691,50.87210039551728,4.7185352239594005,18.49510345661064,0.9684995554636768,4.431465189342035,COMPENSATING
HemorrhageClass2Saline,StandardMale.xml,264,81.72794233582817,103.25981331132178,65.72297650828517,78.2352554426307,4.235188566196427,51.25896568849794,4.7126073577779275,18.478591429637195,0.9672254891289096,4.434106458555499,COMPENSATING
HemorrhageClass2Saline,StandardMale.xml,265,81.49967039718013,102.56396585864555,65.6210559262809,77.93535923706912,4.247250760961919,51.73203764219969,4.710059559930235,18.393310810640124,0.9685035203166174,4.423198658213632,COMPENSATING
HemorrhageClass2Saline,StandardMale.xml,266,81.90630550095297,102.90366991375944,65.44464479774544,77.93098650308345,4.251765207735286,51.97869445135485,4.709763656082273,18.516127454971755,0.9672321644931761,4.418510483854883,COMPENSATING
HemorrhageClass2Saline,StandardMale.xml,267,81.76554911712306,102.7660197432504,65.59132392614256,77.98288919851184,4.218364986701513,51.81523036953864,4.713399067123542,18.45616989968507,0.9661495325840703,4.4179659944897125,COMPENSATING
HemorrhageClass2Saline,StandardMale.xml,268,81.93503415080937,102.90656052827237,65.84384671837155,78.19808465500516,4.243322601429818,51.53429658561891,4.712963917212571,18.480465069507964,0.9671665891443394,4.424655473736516,COMPENSATING
HemorrhageClass2Saline,StandardMale.xml,269,81.56950925168691,102.08534798453675,66.11027509150064,78.101966055846,4.243697104257385,51.71104746946687,4.713438679397999,18.455659708014224,0.967927494552746,4.423854759246286,COMPENSATING
HemorrhageClass2Saline,StandardMale.xml,270,81.58081341237111,102.191571602811,66.17329849712183,78.17938953235155,4.248053174787653,51.90456255144074,4.71026089848814,18.600603213256285,0.969196634830926,4.424728363840247,COMPENSATING
HemorrhageClass2Saline,StandardMale.xml,271,81.64315490397075,102.51728936372896,66.45325979464432,78.4746029843392,4.225450944950628,51.944924177943705,4.705170212598145,18.581854810434614,0.9676740888441875,4.418880964686183,COMPENSATING
HemorrhageClass2Saline,StandardMale.xml,272,81.65952434573212,102.35612244510413,66.12316337939276,78.20081640129655,4.230595682731109,51.672677487329665,4.702882650215838,18.524365827409234,0.9682486284696058,4.409513650446739,COMPENSATING
HemorrhageClass2Saline,StandardMale.xml,273,81.90860191502017,102.74102986852438,66.75747565260076,78.7519937245753,4.196984013311558,51.71877729706375,4.701357568210915,18.552811688706335,0.9683070954348629,4.405304332460824,COMPENSATING
HemorrhageClass2Saline,StandardMale.xml,274,81.7804622861771,102.52868275927538,66.46777132482538,78.48807513630871,4.177219018395892,51.23438290653772,4.697217139575537,18.4848757669163,0.9675465700073527,4.402498046099863,COMPENSATING
HemorrhageClass2Saline,StandardMale.xml,275,81.72757758903404,102.54975392106303,66.18906648001064,78.3092956270281,4.20947627065044,51.090668581173354,4.694036641431081,18.522354900153307,0.9669585242830822,4.39487928961956,COMPENSATING
HemorrhageClass2Saline,StandardMale.xml,276,81.8391090246294,102.14462162345211,66.56093163143525,78.4221616287742,4.20807601296371,51.45966297557758,4.694660693648549,18.518635853151014,0.9669314677617097,4.3890268905124685,COMPENSATING
HemorrhageClass2Saline,StandardMale.xml,277,81.71510599621492,101.38173955396921,67.10763519046336,78.53233664496531,4.207436474198238,51.38743901169916,4.699754467318877,18.59014145270674,0.9660557287027275,4.390175202026706,COMPENSATING
HemorrhageClass2Saline,StandardMale.xml,278,81.64906458881872,100.74680823958937,67.04969306728476,78.2820647913863,4.237033673243971,51.44446356726803,4.701316699397021,18.724789665377934,0.966016337165364,4.399548198056248,COMPENSATING
HemorrhageClass2Saline,StandardMale.xml,279,81.74203098595295,101.301768066367,66.92179960203731,78.38178909014721,4.262700131355256,51.79249727762977,4.703486502559569,18.83685464903677,0.9668599049338105,4.40242284385195,COMPENSATING
HemorrhageClass2Saline,StandardMale.xml,280,81.68154271687251,101.16629135242695,66.97615866453582,78.37286956049952,4.229925782334323,52.01633635519432,4.7037399664727335,18.738904583398742,0.9655650497042735,4.406415474413045,COMPENSATING
HemorrhageClass2Saline,StandardMale.xml,281,81.74267365206043,101.55608506317199,66.67545720930968,78.30233316059712,4.265069255388017,51.70026645958027,4.7052449216653285,18.76281613948363,0.9645095631925267,4.406881870528279,COMPENSATING
HemorrhageClass2Saline,StandardMale.xml,282,82.16938525769567,101.38137624278136,67.0283009673783,78.47932605917931,4.243533923445278,52.04111186168319,4.709215046552908,18.694017791007738,0.965446931180385,4.409651121766707,COMPENSATING
HemorrhageClass2Saline,StandardMale.xml,283,81.89792722483544,101.38850257482763,66.9859013011978,78.45343505907441,4.201362864321494,51.59248418260454,4.704848615847227,18.724853789577526,0.9650435779612464,4.416956504223103,COMPENSATING
HemorrhageClass2Saline,StandardMale.xml,284,81.89542520023691,101.32180400106601,67.07590286972268,78.49120324683713,4.202421895532442,51.28618816907754,4.702740600405289,18.723595996386003,0.9655125573319908,4.408921883857849,COMPENSATING
HemorrhageClass2Saline,StandardMale.xml,285,81.64438303213853,102.01002076590414,67.3149995809774,78.88000664261965,4.186038235114843,51.29867815795596,4.700885208617135,18.73536825333629,0.9665897029772987,4.405042948191236,COMPENSATING
HemorrhageClass2Saline,StandardMale.xml,286,81.73471731599618,102.22274362560462,66.99856713307443,78.73995929725116,4.2131567612390555,51.25389829470597,4.699498009342634,18.613898420681,0.9671172758315535,4.401628862487954,COMPENSATING
HemorrhageClass2Saline,StandardMale.xml,287,82.16672333329034,102.23541815997791,67.31567357695408,78.95558843796202,4.2294312425545755,51.494997148484906,4.701418582811522,18.57635296772208,0.9656611885768931,4.3990762925989895,COMPENSATING
HemorrhageClass2Saline,StandardMale.xml,288,82.11617369148851,102.7833193733566,67.57889804446901,79.31370515409822,4.247606255746515,51.44501184643842,4.7020815031510725,18.57411592025685,0.9664057825030273,4.402610318384861,COMPENSATING
HemorrhageClass2Saline,StandardMale.xml,289,82.16193359555834,102.1516584088901,67.62653832139215,79.13491168389146,4.250847675436596,51.66286462165093,4.705326746597761,18.477411695511044,0.965369968773946,4.403830150696356,COMPENSATING
HemorrhageClass2Saline,StandardMale.xml,290,82.27716153068064,101.39970139649843,68.05159663378181,79.16763155468735,4.212870367796351,51.67351038203292,4.700090217130482,18.588899464436103,0.964914724463345,4.409801686910832,COMPENSATING
HemorrhageClass2Saline,StandardMale.xml,291,81.94806567523389,101.65860330879302,67.78131596412962,79.07374507901741,4.23315482154888,51.213848252563096,4.704288213265976,18.721619411298583,0.9661732551544842,4.400166007534008,COMPENSATING
HemorrhageClass2Saline,StandardMale.xml,292,82.14614958818859,101.00757687960048,67.21604020208807,78.47988576125887,4.205328518468585,51.59676937208887,4.7021958420083605,18.675923384163944,0.9666993865599124,4.4078906933282,COMPENSATING
HemorrhageClass2Saline,StandardMale.xml,293,82.14003888351971,100.78510791015009,66.75930601866679,78.10123998249456,4.237589107772748,51.20112918376875,4.700443542352019,18.79082914561657,0.966259631387629,4.404040544350401,COMPENSATING
HemorrhageClass2Saline,StandardMale.xml,294,82.33224596788328,101.1588204813142,66.92039152786357,78.33320117901378,4.248050231601908,51.54482121490961,4.701508844464414,18.8300947809088,0.9653689686390411,4.400816157327254,COMPENSATING
HemorrhageClass2Saline,StandardMale.xml,295,82.06923529991408,101.26064759309561,66.56041851637302,78.12716154194722,4.279486534060818,51.55645484688724,4.6993643495747985,18.764134743606952,0.9648397392566849,4.402776407844058,COMPENSATING
HemorrhageClass2Saline,StandardMale.xml,296,81.82250730512196,101.55617195634774,66.35335189714932,78.08762525021547,4.256809373641167,52.023855412913925,4.703752177124345,18.746162321457707,0.9658720283751867,4.3988303467532734,COMPENSATING
HemorrhageClass2Saline,StandardMale.xml,297,81.673447301661,101.00061147594556,66.60211404797266,78.06827985729696,4.239622325338129,51.91208034119355,4.708253774979167,18.694002454416047,0.9668906965253317,4.406904339211907,COMPENSATING
HemorrhageClass2Saline,StandardMale.xml,298,82.09632835408243,101.46616949230562,66.35824236300701,78.06088473943989,4.217358145501467,51.80730308871195,4.709735252444174,18.792058535046714,0.9664118746291285,4.415187679138381,COMPENSATING
HemorrhageClass2Saline,StandardMale.xml,299,82.03276787537253,101.10958239784048,66.36937828962498,77.94944632569681,4.191212833291917,51.353625451980825,4.709342643873356,18.709887833564476,0.9677313184769876,4.417913729272538,COMPENSATING
HemorrhageClass2Saline,StandardMale.xml,300,82.18376510779798,100.62805596253179,66.54312303605036,77.9047673448775,4.199329039265008,51.10989536180336,4.706020227697655,18.772825234837903,0.9681556955129568,4.417191294627104,COMPENSATING
HemorrhageClass2Saline,StandardMale.xml,301,82.17528733688314,100.90405064091006,66.02062912352108,77.64843629598407,4.192482468251096,51.11862621660107,4.707712457430526,18.857814352372408,0.9668382740542498,4.411077753736048,COMPENSATING
HemorrhageClass2Saline,StandardMale.xml,302,82.36012597981,100.2617467119066,66.15696361482286,77.5252246471841,4.227811192279803,51.05069235424039,4.706164877897491,18.809101462612677,0.9681296493809102,4.414191606764044,COMPENSATING
HemorrhageClass2Saline,StandardMale.xml,303,82.59756591186417,100.3560893876904,65.8562024717777,77.35616477708194,4.261222031064339,51.32896046655412,4.70388363849765,18.922467708185373,0.9684503694952765,4.411343922952916,COMPENSATING
HemorrhageClass2Saline,StandardMale.xml,304,82.81559515602278,99.89616358695002,66.04039454883188,77.32565089487126,4.2558842078589825,51.559109255241836,4.705804296690626,18.905816284353218,0.9696177606307396,4.407146239816404,COMPENSATING
HemorrhageClass2Saline,StandardMale.xml,305,82.99833661683317,99.61012616933512,66.57267743030017,77.58516034331183,4.222507881341106,51.39180199020257,4.709536558869572,18.986992903267645,0.9708733195946238,4.410680421502125,COMPENSATING
HemorrhageClass2Saline,StandardMale.xml,306,82.7349645495478,99.8061458048438,67.10765195043027,78.00714990190144,4.256482095311472,50.94959718537887,4.713034454701698,19.037478330281335,0.9716672037010714,4.4175481154454665,COMPENSATING
HemorrhageClass2Saline,StandardMale.xml,307,82.20915181392097,100.08074168590579,66.58459564260167,77.74997765703638,4.287602591226779,51.43914860588483,4.709837893769537,19.0028809860449,0.9727346812455839,4.423984554492073,COMPENSATING
HemorrhageClass2Saline,StandardMale.xml,308,82.20587940896472,100.21940247275374,67.12051184422641,78.15347538706885,4.304025529381584,52.03695114228875,4.708731506904442,18.95441498314496,0.9713279437827103,4.418102598428758,COMPENSATING
HemorrhageClass2Saline,StandardMale.xml,309,81.85867721236106,99.87778476673408,67.01788099535494,77.97118225248133,4.27075862284907,52.21190979479258,4.70489536485001,18.92994144016431,0.9716651023287989,4.4160667483174585,COMPENSATING
HemorrhageClass2Saline,StandardMale.xml,310,82.11690881918949,100.14370994313737,67.28535152418647,78.23813766383677,4.235378679471695,52.040981761150356,4.708065418130559,18.99023675365039,0.9724565777648474,4.409007906175649,COMPENSATING
HemorrhageClass2Saline,StandardMale.xml,311,82.35730870579752,100.30488729878692,66.71673946092191,77.91278874021025,4.244209463629154,51.53337053276876,4.704268354913145,18.943301124751358,0.970915477660651,4.414841085805342,COMPENSATING
HemorrhageClass2Saline,StandardMale.xml,312,82.151420961847,100.07299881050473,66.42379808497921,77.64019832682105,4.217165907204046,51.50314021481758,4.706464642615309,18.914853421325855,0.9719378659584623,4.407854152194989,COMPENSATING
HemorrhageClass2Saline,StandardMale.xml,313,81.96552966987808,100.53312756047805,65.86605877662537,77.42174837124293,4.227175414949966,51.32339062164701,4.707875444235016,18.95578159585667,0.9702027771288829,4.411895516661579,COMPENSATING
HemorrhageClass2Saline,StandardMale.xml,314,81.6663579589036,100.35668309616331,65.8466326190825,77.34998277810944,4.223759404335737,51.52453521845865,4.711196942179313,18.874569156528352,0.9705307164522479,4.414491516962302,COMPENSATING
HemorrhageClass2Saline,StandardMale.xml,315,81.5756193591424,99.93582456830497,66.44234562268049,77.60683860455532,4.204199510542378,51.64272419483738,4.711447938594444,18.905711495175545,0.9693791498925463,4.4206033682260095,COMPENSATING
HemorrhageClass2Saline,StandardMale.xml,316,81.35940154407639,99.61449596742584,66.76598584474536,77.71548921897218,4.2120995787260815,51.4820497599038,4.7096910681171495,18.979992764627802,0.9693099752348681,4.421065223925675,COMPENSATING
HemorrhageClass2Saline,StandardMale.xml,317,81.45218480526452,99.86898944464377,66.95122886089595,77.92381572214522,4.187961787206513,51.67796089270905,4.7063908673860615,19.03670706362534,0.9698628466001569,4.417832426185951,COMPENSATING
HemorrhageClass2Saline,StandardMale.xml,318,81.84999489985685,99.4556728163087,66.85388949466247,77.72115060187788,4.205865629389305,51.37324285607788,4.701660909064657,18.991789122550777,0.9697998003294451,4.411759763686366,COMPENSATING
HemorrhageClass2Saline,StandardMale.xml,319,81.5265926494396,99.743012691149,66.83847469977721,77.80665403023447,4.210900918423943,51.35844279783668,4.698026633921969,19.064739251409257,0.9690336417066197,4.403056220216289,COMPENSATING
HemorrhageClass2Saline,StandardMale.xml,320,81.62868007631086,99.39261632354784,66.4647685063731,77.44071777876468,4.216101579543977,51.57855193938593,4.694093832006406,19.01402394150214,0.9688755148938409,4.396368831123777,COMPENSATING
HemorrhageClass2Saline,StandardMale.xml,321,81.94294262578691,99.55546180365609,66.50438957741204,77.52141365282672,4.210501981514693,51.580966913319564,4.690143430934956,19.075868683319122,0.968586040058059,4.389132126251262,COMPENSATING
HemorrhageClass2Saline,StandardMale.xml,322,82.19881765508538,100.07695932695484,66.39859608998293,77.62471716897356,4.234420193753324,51.359794991980124,4.693389563512616,19.047126556960034,0.9686675092301825,4.381863037368596,COMPENSATING
HemorrhageClass2Saline,StandardMale.xml,323,81.79900997065552,100.0069275774035,65.9066071076037,77.27338059753697,4.269367998108029,51.48119624991159,4.69826393282037,18.955082567156698,0.9672145881302631,4.387836209663041,COMPENSATING
HemorrhageClass2Saline,StandardMale.xml,324,82.18246373198157,99.50721318158719,65.88655678299689,77.09344224919366,4.281651349516442,52.05731665476652,4.701061017917198,18.967443127569023,0.9686057786036764,4.396805482175921,COMPENSATING
HemorrhageClass2Saline,StandardMale.xml,325,82.26609332317241,99.6102946701053,66.56965002894952,77.58319824266812,4.261380119888691,51.98799187178956,4.704672386461647,19.05564240886599,0.9696710377082272,4.4019523672170795,COMPENSATING
HemorrhageClass2Saline,StandardMale.xml,326,82.11837521391156,100.06857954574325,66.77520083013268,77.8729937353362,4.256353090529032,51.73096371240882,4.705834144051216,19.03744858999978,0.9689741311243459,4.408597606134057,COMPENSATING
HemorrhageClass2Saline,StandardMale.xml,327,81.83969633123486,100.26935391421014,66.79705877720285,77.95449048953861,4.267079900034729,51.75408994481309,4.702594573808127,18.956561593349413,0.9673000563377449,4.410735343296928,COMPENSATING
HemorrhageClass2Saline,StandardMale.xml,328,81.48694271840833,100.11208297572753,66.98993712966819,78.03065241168797,4.2617057099795606,52.01190748684758,4.702706459225477,18.92112504169133,0.9682194946079534,4.40477424628102,COMPENSATING
HemorrhageClass2Saline,StandardMale.xml,329,81.37795385627334,100.04020730444856,66.68273152231676,77.8018901163607,4.288484145160481,52.13893385994349,4.704740302152912,18.948883264906822,0.9669338712572273,4.404980125387645,COMPENSATING
HemorrhageClass2Saline,StandardMale.xml,330,81.73829423912876,100.07909045607946,67.00010801303503,78.02643549404984,4.3074054796655386,52.48088844856839,4.699517746483077,18.9615692763618,0.966030751623326,4.408722577038883,COMPENSATING
HemorrhageClass2Saline,StandardMale.xml,331,81.4070236880231,99.63767816076933,67.11422345566963,77.9553750240362,4.312861747229889,52.5730213376606,4.6963536964961055,18.941865725057333,0.9668512761760413,4.401733866567335,COMPENSATING
HemorrhageClass2Saline,StandardMale.xml,332,81.31941833563599,99.59130003591736,66.79308640309635,77.72582428070335,4.333804130297614,52.88491786817432,4.694787967559502,19.007354990793047,0.9669427404021524,4.398447054418513,COMPENSATING
HemorrhageClass2Saline,StandardMale.xml,333,81.10169712680955,100.42446007261351,67.16041705485965,78.24843139411094,4.311638733380829,53.23134236543952,4.699988265380185,19.003528137371028,0.9675777567683528,4.398018177274825,COMPENSATING
HemorrhageClass2Saline,StandardMale.xml,334,80.89479151992646,100.49818439931698,66.81120924464993,78.04020096287228,4.322887896577777,53.18563025805008,4.702189926205941,18.844857161976982,0.9670893903768923,4.409958997602962,COMPENSATING
HemorrhageClass2Saline,StandardMale.xml,335,80.46561651730818,101.52489322349153,67.41824452631388,78.7871274253731,4.3558043551071375,53.48981208812059,4.709412082526444,18.820607026709176,0.9670622281338518,4.41630430229992,COMPENSATING
HemorrhageClass2Saline,StandardMale.xml,336,80.41166428690296,102.51858563886347,68.05863267279675,79.54528366148566,4.368075508395634,54.14859202922881,4.718764324291966,18.628524138123538,0.96675251811751,4.431812556664321,COMPENSATING
HemorrhageClass2Saline,StandardMale.xml,337,80.25540019634511,102.29577981536501,67.9750583736804,79.41529885424194,4.388217509907021,54.3791950720495,4.725318995735883,18.442624967118043,0.9680987357896133,4.451167615063522,COMPENSATING
HemorrhageClass2Saline,StandardMale.xml,338,79.98793168566579,102.93169931010164,68.44495504314922,79.94053646546669,4.42126898255437,54.75028302874931,4.733276128469062,18.471781641276305,0.9697307069368569,4.465304537946386,COMPENSATING
HemorrhageClass2Saline,StandardMale.xml,339,79.92867034079089,102.73919390623624,68.21167438084854,79.72084755597777,4.395682387768864,55.323714047208455,4.742444090095331,18.349707189049294,0.9711323203498397,4.481954063159703,COMPENSATING
HemorrhageClass2Saline,StandardMale.xml,340,80.06800385839605,102.55859134665465,68.61051170126353,79.92653824972724,4.375060024634817,55.14231244066857,4.748067516403449,18.374171649696592,0.971711805415727,4.500765801049798,COMPENSATING
HemorrhageClass2Saline,StandardMale.xml,341,79.94413002370631,103.53883300885096,68.34454083544733,80.0759715599152,4.405381841765002,54.900422308033185,4.758738860843621,18.39684712660688,0.9719349269658639,4.512991616890201,COMPENSATING
HemorrhageClass2Saline,StandardMale.xml,342,79.70270302145133,104.44258362020632,68.30850114349298,80.35319530239742,4.449712710783802,55.35870672653943,4.7623755747552465,18.214935954385606,0.9733084415706069,4.534444475385923,COMPENSATING
HemorrhageClass2Saline,StandardMale.xml,343,79.85135079477541,104.23015691267932,69.10072612089965,80.81053638482621,4.452234612285067,56.03706982363516,4.768872648013383,18.04681715330827,0.9736060744636743,4.542893432389851,COMPENSATING
HemorrhageClass2Saline,StandardMale.xml,344,79.32847252567285,105.20125133854496,69.28618149716873,81.25787144429414,4.480411868846708,56.03441827937749,4.777080667808227,18.075985140977203,0.9736988127921528,4.556548100728996,COMPENSATING
HemorrhageClass2Saline,StandardMale.xml,345,78.98690703350893,105.18350970775263,69.42527632362412,81.34468745166696,4.484768607349308,56.700566483245,4.782633755922558,17.896535314117372,0.9751572767789988,4.573295347213806,COMPENSATING
HemorrhageClass2Saline,StandardMale.xml,346,78.75939717905099,106.01623153795089,70.05165100538399,82.03984451623963,4.480537224692275,57.00258879368045,4.791690999044307,17.891878423247654,0.9752718948902508,4.585103394677041,COMPENSATING
HemorrhageClass2Saline,StandardMale.xml,347,78.33969210577152,105.8174388559695,69.84124930838902,81.83331249091584,4.524041620925977,57.14241635822566,4.802445067470216,17.737370588474814,0.9749707007621874,4.603307276419683,COMPENSATING
HemorrhageClass2Saline,StandardMale.xml,348,77.90725673995621,105.93595447290357,69.81885002725777,81.85788484247304,4.555624051092068,57.92589443834559,4.81228454183026,17.765171385493083,0.975431946298895,4.624583054013133,COMPENSATING
HemorrhageClass2Saline,StandardMale.xml,349,77.94654246975541,105.9742258235637,70.34891727925407,82.22402012735728,4.59556993200141,58.59032748289744,4.823480512841555,17.737206327425028,0.9753906494164104,4.644127136595136,COMPENSATING
HemorrhageClass2Saline,StandardMale.xml,350,77.53387145647338,106.79478889566785,70.05299357270198,82.30025868035727,4.6123558623666625,59.05877935883002,4.832943228907528,17.723635364885446,0.9766570751210909,4.666120131389974,COMPENSATING
HemorrhageClass2Saline,StandardMale.xml,351,77.46461666978439,107.33746396730135,69.67766080444206,82.23092852539516,4.573780581815992,59.55082858833026,4.845906057410765,17.572213856230796,0.9779317821384865,4.684878167157876,COMPENSATING
HemorrhageClass2Saline,StandardMale.xml,352,77.4792679582616,108.0197966820628,69.78867721095413,82.5323837013237,4.606771982924174,59.207271740878326,4.852330634034836,17.470055539787605,0.9784143776486449,4.710032600228123,COMPENSATING
HemorrhageClass2Saline,StandardMale.xml,353,76.93546098885263,108.29074217524833,69.85688788657447,82.66817264946576,4.61907168332017,59.61147388671316,4.863224244795474,17.343456782464393,0.9786095180678073,4.723113394999881,COMPENSATING
HemorrhageClass2Saline,StandardMale.xml,354,76.84187224454556,108.53464709682856,69.49388032900185,82.50746925161076,4.626060653429029,60.13805986087519,4.867306676947787,17.289669808155146,0.9785500757922716,4.744376334533015,COMPENSATING
HemorrhageClass2Saline,StandardMale.xml,355,76.5717751985398,109.4642158747605,69.20231872706852,82.62295110963251,4.654609121258697,60.31839681827185,4.878273418781419,17.240851042553004,0.9793472295284317,4.753066178520454,COMPENSATING
HemorrhageClass2Saline,StandardMale.xml,356,76.83283762043544,109.09381207885889,69.05564759317343,82.40170242173525,4.6277337384817985,60.856424910192715,4.8841118959548835,17.07120218426268,0.979262396437326,4.774385150769934,COMPENSATING
HemorrhageClass2Saline,StandardMale.xml,357,76.94595005747853,109.01835147152647,69.30202307039399,82.54079920410481,4.623836006142326,60.42200511416719,4.892175430754924,17.131180631964163,0.9793201853252756,4.786230313312371,COMPENSATING
HemorrhageClass2Saline,StandardMale.xml,358,77.15441233386649,108.91980643499824,69.87864069777275,82.89236261018125,4.659861890672918,60.34260298845999,4.902604185561664,17.139278743736032,0.9802725428555955,4.8021336567321455,COMPENSATING
HemorrhageClass2Saline,StandardMale.xml,359,77.11719989866904,108.6727887283264,70.03590940422303,82.91486917892415,4.668851645080261,60.650942165594316,4.906738287644108,17.15162239585431,0.978621344839755,4.822354276505637,COMPENSATING
HemorrhageClass2Saline,StandardMale.xml,360,76.59356807945711,109.04811712980228,70.25394834927003,83.18533794278078,4.696506607366681,60.81149754174486,4.916137757769491,17.190336924111126,0.979665977925875,4.830958382979961,COMPENSATING
HemorrhageClass2Saline,StandardMale.xml,361,76.0821751954242,109.44258353719644,69.98996429150688,83.1408373734034,4.6759277602812865,61.50068611987932,4.928290443458673,17.119367864540372,0.9807335476891389,4.849218549105714,COMPENSATING
HemorrhageClass2Saline,StandardMale.xml,362,75.94644757976667,109.13930763742242,69.80794783926613,82.91840110531822,4.716464142338617,61.63829132744378,4.940249747868212,17.045175824323202,0.9807607253193372,4.872513262719124,COMPENSATING
HemorrhageClass2Saline,StandardMale.xml,363,75.46079232972859,110.12884961811771,69.94785653455298,83.34152089574123,4.755676568177257,62.22446041538028,4.94858114119341,17.094284657527762,0.9813685025410996,4.895421560305129,NORMAL
HemorrhageClass2Saline,StandardMale.xml,364,75.58723756454417,110.28083036102805,69.79823691546261,83.2924347306511,4.726909627579003,63.03498273756066,4.953217024132698,16.915356813505024,0.982190869421935,4.911624604379311,NORMAL
HemorrhageClass2Saline,StandardMale.xml,365,75.41278527746363,111.13314538763422,69.98352455689745,83.7000648338097,4.750549011721702,62.64912322342082,4.9568989938428345,16.88439813723392,0.983424437812765,4.9209989758009645,NORMAL
HemorrhageClass2Saline,StandardMale.xml,366,75.51945559609266,111.35127785266,70.929348690225,84.40332507770333,4.715975680888221,63.06971195932405,4.963666079860916,16.729966427926563,0.9841249305246383,4.928590394664962,NORMAL
HemorrhageClass2Saline,StandardMale.xml,367,75.28203410058522,111.93861472109012,71.75150676556356,85.14720941740575,4.714496946113333,62.62814301287759,4.973651519737047,16.6875986387243,0.9823567422324786,4.941831941151468,NORMAL
HemorrhageClass2Saline,StandardMale.xml,368,75.01652494210275,112.78865375873471,71.9304268945227,85.54983584926003,4.7109608324507555,62.8009324758105,4.984896259199409,16.58019329421928,0.9819505971050521,4.960969661499403,NORMAL
HemorrhageClass2Saline,StandardMale.xml,369,75.10749395285265,113.09222159054715,71.61256286903253,85.43911577620408,4.729903600971332,62.969302912436206,4.994180336926493,16.426543815994734,0.9824342481141076,4.982399570376931,NORMAL
HemorrhageClass2Saline,StandardMale.xml,370,74.68765181911321,112.66858543452413,72.09302709218552,85.61821320629839,4.74849898772034,63.151949628018976,5.002495289718058,16.36946478297752,0.9817030344969699,5.000197473656584,NORMAL
HemorrhageClass2Saline,StandardMale.xml,371,74.34785965840729,112.10301565862642,72.04242100166708,85.39595255398686,4.743620572246456,63.68417343200254,5.005792004908154,16.440851530538325,0.9804904393384278,5.016188680951521,NORMAL
HemorrhageClass2Saline,StandardMale.xml,372,74.11918279254103,112.24137894737177,72.30269499358852,85.6155896448496,4.744131869532397,63.89048024876782,5.00672423557823,16.537400440091652,0.9800512720118769,5.0229232330761935,NORMAL
HemorrhageClass2Saline,StandardMale.xml,373,73.84184144220109,112.58819667730349,72.26488051801509,85.70598590444456,4.743611572154891,64.08197101981227,5.010560980542663,16.5098129279217,0.979760724934012,5.025285014059399,NORMAL
HemorrhageClass2Saline,StandardMale.xml,374,73.59390763874036,113.3339047353294,72.93701752317693,86.40264659389442,4.791428094522416,64.29625208906052,5.017204688328807,16.445537145493923,0.9788502208544907,5.032970168042622,NORMAL
HemorrhageClass2Saline,StandardMale.xml,375,73.61403318115059,112.93958671523613,72.8135791105033,86.18891497874758,4.794880695571131,65.05856357337697,5.018532614695002,16.310957873461412,0.9788188829733355,5.045799886384465,NORMAL
HemorrhageClass2Saline,StandardMale.xml,376,73.64954685013522,113.08947577710028,72.44361562119161,85.99223567316116,4.779338781467498,65.10689586187239,5.021880035733737,16.377689612481444,0.9793718458091295,5.048828270100534,NORMAL
HemorrhageClass2Saline,StandardMale.xml,377,73.80396095916544,112.83145216801876,72.16094460157717,85.7177804570577,4.770855999025958,64.9200290657386,5.032264998982133,16.348463069362722,0.9790125180471809,5.055553528716375,NORMAL
HemorrhageClass2Saline,StandardMale.xml,378,73.93908836265123,113.46908849046062,72.18607654350656,85.94708052582457,4.766637516788166,64.73007396010095,5.040759726735415,16.391323711255943,0.9802738255777738,5.075209944070771,NORMAL
HemorrhageClass2Saline,StandardMale.xml,379,74.3209497442018,113.1096302456741,72.20486251016995,85.83978508867133,4.812688926997046,64.60380337096164,5.04269362496275,16.276188802907093,0.9798080113800045,5.0913702201514575,NORMAL
HemorrhageClass2Saline,StandardMale.xml,380,74.6142660132854,113.97058801043245,72.19340166421529,86.11913044628767,4.833105978300465,64.88874240835646,5.047630391696756,16.337125460002586,0.9801739139587986,5.095440637135669,NORMAL
HemorrhageClass2Saline,StandardMale.xml,381,74.26546846752878,113.91276915784059,72.82013396519154,86.51767902940789,4.827302699845052,64.93579428872808,5.048648787105854,16.182741653082644,0.9804835509372662,5.1050198177394694,NORMAL
HemorrhageClass2Saline,StandardMale.xml,382,74.24888302307058,114.11087641673561,73.21805321646036,86.84899428321877,4.835482911131673,65.13607514736606,5.058216354123123,16.19060086057911,0.980470524957266,5.107372616016519,NORMAL
HemorrhageClass2Saline,StandardMale.xml,383,74.31771557983987,114.14700607657,73.10711087761419,86.78707594393279,4.854609957919214,65.26117926688813,5.065910130961293,16.153366171892493,0.9814691356081062,5.125440950562497,NORMAL
HemorrhageClass2Saline,StandardMale.xml,384,74.12453434414853,114.27505044221098,73.42575499814824,87.04218681283582,4.835722330954868,65.45205558078459,5.071609709933444,16.144794811838715,0.9821548533395601,5.140046160496242,NORMAL
HemorrhageClass2Saline,StandardMale.xml,385,74.2604958258003,113.80318865314334,74.14173808649835,87.36222160871334,4.8389032731956805,65.38720190004288,5.074491642361562,16.120072507334374,0.9821678165260931,5.150967182776537,NORMAL
HemorrhageClass2Saline,StandardMale.xml,386,74.46736281497147,114.26187814686647,74.24287276061636,87.58254122269973,4.867137864730556,65.34212387798918,5.076939935014248,16.20130285307818,0.9833540930887256,5.15668928016817,NORMAL
HemorrhageClass2Saline,StandardMale.xml,387,74.3207525141344,114.60165862302763,73.7872877316666,87.39207802878694,4.890412364076997,65.5379671237324,5.08237586774023,16.118358778157507,0.9828314734784054,5.161599702588845,NORMAL
HemorrhageClass2Saline,StandardMale.xml,388,74.27990480824351,114.07967952611533,74.46896446482376,87.67253615192095,4.90379214628386,65.9309928303784,5.084993357110567,16.056467168964733,0.9835508498228699,5.171994359296631,NORMAL
HemorrhageClass2Saline,StandardMale.xml,389,74.4928380430866,114.16894499042196,73.90807083621954,87.32836222095368,4.882397187080991,66.13168669213734,5.088701750751306,16.14673855420486,0.9835180050594512,5.177189976692111,NORMAL
HemorrhageClass2Saline,StandardMale.xml,390,74.35069905347973,114.45939679516323,73.94039164795758,87.44672669702614,4.874930560312366,65.74080081055439,5.0949136838490965,16.129186552483073,0.9837038871525307,5.184380523048944,NORMAL
HemorrhageClass2Saline,StandardMale.xml,391,74.16224089318531,114.40203339652618,73.46832142506051,87.11289208221574,4.846003632586528,65.77018349007739,5.097242644363656,16.07618418922263,0.9850008243822534,5.196165780156798,NORMAL
HemorrhageClass2Saline,StandardMale.xml,392,73.69264832695636,115.1938067926944,73.19696226197057,87.19591043887851,4.837971817215394,65.58154289848747,5.099950522729168,16.08462796574205,0.983935773121627,5.200794392753819,NORMAL
HemorrhageClass2Saline,StandardMale.xml,393,73.59413988375046,115.25035390322249,73.31782958118617,87.29533768853162,4.862241084914733,65.84220808034526,5.10124359429088,15.943254728094066,0.9832421532051386,5.206108999097406,NORMAL
HemorrhageClass2Saline,StandardMale.xml,394,73.7680187085636,114.8026105135572,73.92211429297083,87.54894636649962,4.8798036543726395,66.21293078596652,5.106176070961779,15.931701771964219,0.9822021469140277,5.208809355265741,NORMAL
HemorrhageClass2Saline,StandardMale.xml,395,74.04231161897697,114.59544149027266,73.64998000162655,87.29846716450858,4.856415050110537,66.30359803335878,5.109696497939294,16.009207326980025,0.9836333124042679,5.21819601682879,NORMAL
HemorrhageClass2Saline,StandardMale.xml,396,73.65843981848327,114.64555883277355,73.42593942703606,87.16581256228189,4.874967411012488,65.83910276534002,5.1118084461379825,16.04430151560376,0.982167742458588,5.224974203227379,NORMAL
HemorrhageClass2Saline,StandardMale.xml,397,73.64336856869899,114.40608898169455,73.72150978581088,87.28303618443877,4.871305454133885,66.3502431393812,5.116622765632483,16.03403304568012,0.9813544544271082,5.229150818945772,NORMAL
HemorrhageClass2Saline,StandardMale.xml,398,73.73523527853911,115.05760580091386,73.3506356308154,87.25295902084822,4.845538462535145,66.32904183232675,5.122865051315036,16.07492318063398,0.9805548696136875,5.238290516029874,NORMAL
HemorrhageClass2Saline,StandardMale.xml,399,73.46321686663391,115.14757141286698,73.26681479456609,87.22706700066638,4.884434296330869,65.96824918192408,5.125301444216736,15.958599835644335,0.9811806437062345,5.250048588040915,NORMAL
HemorrhageClass2Saline,StandardMale.xml,400,73.45133766643525,115.44866395349705,73.5860294513518,87.54024095206688,4.877325326893119,66.63814542228077,5.130852463769854,15.94143356721951,0.9816959640207733,5.2547945714863165,NORMAL
HemorrhageClass2Saline,StandardMale.xml,401,73.6092629743688,115.85315504304069,73.523750067403,87.63355172594889,4.892826077484886,66.5728234647075,5.128479084135052,15.887045732456738,0.980724496988431,5.265263128897644,NORMAL
HemorrhageClass2Saline,StandardMale.xml,402,73.17628615978559,115.65528730365888,73.33488054843049,87.44168280017328,4.912906966901624,66.64805332364881,5.13067912599471,15.814448939978163,0.9806880855236959,5.261141754599677,NORMAL
HemorrhageClass2Saline,StandardMale.xml,403,72.83240813561393,115.59615599067506,73.17471646954077,87.31519630991886,4.925996587672641,67.21846740315017,5.134648240274152,15.848207591459541,0.9813400078999607,5.265427822017717,NORMAL
HemorrhageClass2Saline,StandardMale.xml,404,73.23527605926206,115.78928991116979,73.40119289749397,87.53055856871924,4.898033631819955,67.6431083935478,5.134626472140212,15.85751753899914,0.9813612447185822,5.272961343987207,NORMAL
HemorrhageClass2Saline,StandardMale.xml,405,72.80304236720498,115.69095600864061,73.0280386542628,87.24901110572208,4.873788524147275,67.01552036178782,5.139724033176964,15.82233976647986,0.9829233463032627,5.27314374754085,NORMAL
HemorrhageClass2Saline,StandardMale.xml,406,72.80574268098025,115.7997497340643,73.511818348178,87.60779547680677,4.875385226100895,67.0610085792683,5.144768357244048,15.838641610589733,0.9829391051149649,5.282738878446072,NORMAL
HemorrhageClass2Saline,StandardMale.xml,407,72.46502144239821,115.25110442864381,74.03323889324574,87.7725274050451,4.867163326389017,67.08613926615513,5.14386302649505,15.818420111851278,0.9831041466236599,5.2922289946246295,NORMAL
HemorrhageClass2Saline,StandardMale.xml,408,72.24992969357251,115.36890185666066,74.47390581284904,88.10557116078624,4.898210423985837,67.25384374667689,5.145879459206106,15.914269617104434,0.9819864895732503,5.290764394721451,NORMAL
HemorrhageClass2Saline,StandardMale.xml,409,72.02621173779119,115.92253464220016,74.96238090083082,88.61576548128727,4.893459163574599,67.79734062826016,5.150560859318659,15.892524719361887,0.9807469633451298,5.294669500081394,NORMAL
HemorrhageClass2Saline,StandardMale.xml,410,72.3225966774923,116.09546249549574,75.59583303881988,89.09570952437849,4.868435592224612,67.91986168819535,5.155036706909438,15.793886417823003,0.9817392013810755,5.303471999488025,NORMAL
HemorrhageClass2Saline,StandardMale.xml,411,72.22410989561948,116.88667502323742,75.50929873153177,89.30175749543365,4.866678649448155,67.3997230141534,5.15911233112423,15.762472542750611,0.981718616791538,5.311890090546131,NORMAL
HemorrhageClass2Saline,StandardMale.xml,412,72.69648090730878,117.27607902994272,75.18000523257918,89.21202983170036,4.902360295734087,67.46079368801773,5.160662120960389,15.621961055978073,0.9814375905202609,5.319565763981242,NORMAL
HemorrhageClass2Saline,StandardMale.xml,413,72.85279970433005,117.42389480510833,74.80658450278094,89.01235460355673,4.879801455723587,67.53411184738871,5.158360147805195,15.55239681563793,0.980751093279492,5.322587902486655,NORMAL
HemorrhageClass2Saline,StandardMale.xml,414,72.45592955363584,117.16364110860437,74.61742641610607,88.79949798027216,4.892427891466052,67.15328864439192,5.157494970643913,15.525500112385918,0.9816138398126313,5.318516868970731,NORMAL
HemorrhageClass2Saline,StandardMale.xml,415,72.31136631678307,116.82101086839972,75.14499954431487,89.03700331900983,4.939323362875877,67.61163187987587,5.160335125596705,15.570653884877917,0.9805840414579882,5.317084264874945,NORMAL
HemorrhageClass2Saline,StandardMale.xml,416,72.72826365625512,117.2481041405868,75.68559812103163,89.53976679421669,4.9807411968829935,68.29015662910865,5.164902763553778,15.630372665404202,0.9797343967534049,5.322464575298881,NORMAL
HemorrhageClass2Saline,StandardMale.xml,417,72.9888550643465,116.87824572527512,75.91587141224426,89.56999618325455,5.003723668124985,68.46931976618112,5.1681240126292325,15.554260482687656,0.9806034588853252,5.331018553508867,NORMAL
HemorrhageClass2Saline,StandardMale.xml,418,72.8976433369499,117.01422710474942,75.58985194490414,89.3979769981859,4.990698236038904,68.54792465406777,5.168065001169404,15.618833727255282,0.9812778584902624,5.3370901678877996,NORMAL
HemorrhageClass2Saline,StandardMale.xml,419,73.13233590222653,116.45958407552102,75.60032980484227,89.22008122840185,4.968712635218645,68.46869930144305,5.1729239026803215,15.594149724427728,0.9811072238400386,5.337121083078872,NORMAL
HemorrhageClass2Saline,StandardMale.xml,420,73.37753013295445,116.30129046443967,74.99565873527338,88.76420264499548,4.989506290879508,68.03283111826511,5.175425651058843,15.691382905557125,0.982038288355507,5.346196821586897,NORMAL
HemorrhageClass2Saline,StandardMale.xml,421,73.18187562990708,116.63638970372787,74.89072800447832,88.80594857089484,4.950841310107582,68.09761579740642,5.175809627382563,15.71868232908734,0.981357995640376,5.350930765477374,NORMAL
HemorrhageClass2Saline,StandardMale.xml,422,72.99578064181992,116.3019961582313,74.6922352479153,88.56215555135397,4.978692655564171,67.79308822377669,5.1742593226595615,15.658919178947905,0.9818147213901405,5.351763542215707,NORMAL
HemorrhageClass2Saline,StandardMale.xml,423,72.94985027343459,116.39276625438535,74.60898394067728,88.53691137857997,4.991335652543904,68.27079067546069,5.170000558521742,15.717341362245312,0.9808020909503318,5.3490329318204495,NORMAL
HemorrhageClass2Saline,StandardMale.xml,424,73.08376664436959,116.43970430148939,74.27373168742797,88.32905589211511,5.016460846320862,68.46112725913237,5.170070115984021,15.700742033250723,0.9795758944394759,5.341314512990515,NORMAL
HemorrhageClass2Saline,StandardMale.xml,425,73.33013232410194,116.12375549874918,74.65666485269197,88.4790284013777,4.980334369309017,68.66127742920054,5.1722783315352245,15.691897998041437,0.9789247377093089,5.341556719083636,NORMAL
HemorrhageClass2Saline,StandardMale.xml,426,73.50909002976648,115.94801919340588,74.95531272190412,88.61954821240471,4.958642361489738,68.04829452265201,5.171583688501201,15.747121609585502,0.9805621382940801,5.3457305016494665,NORMAL
HemorrhageClass2Saline,StandardMale.xml,427,73.03942543933715,115.96680047662613,74.80143964050981,88.52322658588191,4.975904524283915,67.6599622249081,5.169621010879325,15.777615543415799,0.9813256333183099,5.344559144928962,NORMAL
HemorrhageClass2Saline,StandardMale.xml,428,73.0830919983863,115.43254881038732,74.8726215945847,88.39259733318558,4.945667037165394,68.2260277164748,5.167787403128933,15.773794402956218,0.9821034698043953,5.341050989028677,NORMAL
HemorrhageClass2Saline,StandardMale.xml,429,72.56104812536752,115.93583678763066,75.34517327496292,88.87539444585217,4.988024376281218,67.83723797003896,5.168111611885874,15.86759983251452,0.9811775237456084,5.3377769450962465,NORMAL
HemorrhageClass2Saline,StandardMale.xml,430,72.18067597760312,115.94481684267642,75.65990999086412,89.08821227480155,4.954013572563476,68.74715242267797,5.167368613888181,15.77829621065393,0.9825738262483238,5.338470198227544,NORMAL
HemorrhageClass2Saline,StandardMale.xml,431,71.92017439112787,116.50157888968066,75.96582009209196,89.47773969128819,4.927112435836996,68.63908615702007,5.173527664840731,15.776253157486043,0.9816457931448302,5.337196526576534,NORMAL
HemorrhageClass2Saline,StandardMale.xml,432,72.0195464155009,115.92415494025637,76.11326027541185,89.38355849702668,4.9284691592913985,68.52214218524352,5.176534406490457,15.677541939695566,0.9822493005445965,5.348620172453627,NORMAL
HemorrhageClass2Saline,StandardMale.xml,433,71.79561475371081,115.98125198737318,76.28843082970151,89.51937121559207,4.963350840919205,68.46461343802311,5.17298704236254,15.779028372946073,0.9812233131771493,5.354240324055761,NORMAL
HemorrhageClass2Saline,StandardMale.xml,434,72.09121397017321,116.28272202253038,76.08113775234074,89.48166584240396,5.001964594476331,69.0632352251314,5.172043772131363,15.768536292467147,0.9803990056782982,5.347797470899081,NORMAL
HemorrhageClass2Saline,StandardMale.xml,435,71.9509923775668,115.84331760497079,76.10256243646273,89.34948082596541,5.006487741628988,69.29886907983713,5.174147734950414,15.714926119485277,0.9815595249231999,5.346143607922517,NORMAL
HemorrhageClass2Saline,StandardMale.xml,436,72.16520083814733,116.52658408888627,76.24856585524178,89.67457193312327,4.986645506664756,69.46698603800591,5.1752246120138645,15.792092971465934,0.9818203640896064,5.350094241471785,NORMAL
HemorrhageClass2Saline,StandardMale.xml,437,72.38473823354687,116.35814978699034,75.65386005465324,89.22195663209894,5.0172477448054975,69.06301418070804,5.180622890605303,15.67112181694971,0.9820178467703048,5.352152350983662,NORMAL
HemorrhageClass2Saline,StandardMale.xml,438,72.05472145968405,116.4969774632849,75.77728248661151,89.35051414550264,5.01430469581225,69.2610318356351,5.185856826096791,15.700487618899363,0.9836768816318955,5.362159713236716,NORMAL
HemorrhageClass2Saline,StandardMale.xml,439,72.43984739880231,116.1066072113471,76.20744587944026,89.50716632340921,5.015056341006267,69.48810853962232,5.184585245596332,15.675633764335736,0.9842927590170356,5.371862241935702,NORMAL
HemorrhageClass2Saline,StandardMale.xml,440,72.61663254112244,116.91526158404751,76.47947758474929,89.95807225118203,4.971664917422259,69.19728340999568,5.1804711733255004,15.744194518693945,0.9835983932805537,5.369591695265546,NORMAL
HemorrhageClass2Saline,StandardMale.xml,441,72.18153366456066,116.3789599289093,76.7431713000916,89.95510084303083,4.973332793252303,68.5434378382091,5.182329927038786,15.60113929490284,0.9836773654222127,5.362088440156361,NORMAL
HemorrhageClass2Saline,StandardMale.xml,442,72.124319691474,116.80514120687234,76.12853447125157,89.68740338312516,4.97726129484143,68.9042815610338,5.183947229951455,15.695478737440117,0.9830804677333725,5.365573518789574,NORMAL
HemorrhageClass2Saline,StandardMale.xml,443,71.991635684713,116.91607184588793,75.73190275875619,89.45995912113344,5.002469937284622,68.99874041199203,5.184669992671782,15.619950946345107,0.982872235821691,5.368612181885775,NORMAL
HemorrhageClass2Saline,StandardMale.xml,444,72.14113860540301,117.46796323515264,75.95613791013831,89.79341301847641,4.965047905428543,69.40860286378926,5.186988137118024,15.600074764341205,0.9836994453348122,5.370002756603938,NORMAL
HemorrhageClass2Saline,StandardMale.xml,445,72.43195090775956,116.86917322326903,75.44101759088427,89.25040280167919,4.962155158967256,68.84362641863281,5.186697212333607,15.50237901967267,0.9840982119658906,5.374326987821272,NORMAL
HemorrhageClass2Saline,StandardMale.xml,446,72.23901959526417,117.2994346783681,75.77253791200401,89.61483683412537,4.934519799370738,68.58482493962485,5.189003194801415,15.607787246862493,0.984744136411172,5.373848377460467,NORMAL
HemorrhageClass2Saline,StandardMale.xml,447,71.96345115841977,117.97633450118342,75.8046726324323,89.86189325534934,4.963719912714995,68.4053411903827,5.191280879039875,15.531577636254632,0.9837358113423266,5.37814644771788,NORMAL
HemorrhageClass2Saline,StandardMale.xml,448,71.70711026717646,118.33434698910655,75.52867014891777,89.79722909564737,4.997377731095876,68.97334249700324,5.193909627040386,15.411845316561047,0.9823962601380838,5.382390648270981,NORMAL
HemorrhageClass2Saline,StandardMale.xml,449,72.04021440529179,117.93874815737269,75.03993173283,89.33953720767757,5.012695984947775,69.58343839501846,5.1944060656684155,15.348404935131441,0.9813078957367671,5.387279097842548,NORMAL
HemorrhageClass2Saline,StandardMale.xml,450,72.03028361315523,117.71424982065811,75.13218805472773,89.32620864337119,5.014406185972835,69.50637721309356,5.192797990926596,15.417984726614469,0.9808416003143062,5.388242226296057,NORMAL
HemorrhageClass2Saline,StandardMale.xml,451,71.73923023229217,117.81661043545218,75.48206453382703,89.59357983436874,4.988874132429745,69.53673195040273,5.192753866800655,15.457373358363341,0.9797802334768697,5.385331235903097,NORMAL
HemorrhageClass2Saline,StandardMale.xml,452,72.1079019801826,117.44697554071998,75.49024983328113,89.47582506909407,4.979168814521268,69.46115286058286,5.189149086489257,15.439079297955882,0.9814659466829637,5.385296479613691,NORMAL
HemorrhageClass2Saline,StandardMale.xml,453,72.4043719915875,117.5535126533233,76.02870908041041,89.87031027138137,4.999430220446424,69.05558180149058,5.18854783169299,15.504099610114185,0.9811896269320881,5.378708277298724,NORMAL
HemorrhageClass2Saline,StandardMale.xml,454,72.29313336139417,117.88298773500428,75.73326589762453,89.78317317675112,4.964029946801774,69.06840982232433,5.18755075981106,15.485083070999039,0.9814769136953236,5.377645356287363,NORMAL
HemorrhageClass2Saline,StandardMale.xml,455,72.58965382379596,117.41745661529545,76.11281059653939,89.88102593612474,5.005680340502487,68.73249969942736,5.192467130327386,15.426725095017154,0.9804426570754601,5.375852672505564,NORMAL
HemorrhageClass2Saline,StandardMale.xml,456,72.48202543071937,117.15176977418074,76.49692522438158,90.04854007431463,4.989511241238111,69.00193920146442,5.193000849223496,15.508691968937704,0.9793089683151502,5.38493987054051,NORMAL
HemorrhageClass2Saline,StandardMale.xml,457,72.18147719177242,117.31236454657521,76.18731970763046,89.89566798727871,4.999180290295804,68.89392584315085,5.19261990088734,15.55539297811573,0.9800178102203855,5.38596126796307,NORMAL
HemorrhageClass2Saline,StandardMale.xml,458,72.1686987948023,117.74734927190842,75.78443101288246,89.77207043255778,5.029830876373971,69.24646967792222,5.195253976095376,15.526861859244462,0.9796309810819784,5.385298307784318,NORMAL
HemorrhageClass2Saline,StandardMale.xml,459,71.76781682225287,117.62451460655925,75.47447774816747,89.52449003429807,5.012128603219474,69.62618772167616,5.198486746244587,15.449907189366634,0.981171970470418,5.39018201235125,NORMAL
HemorrhageClass2Saline,StandardMale.xml,460,72.19448598599536,116.94498084713541,75.7106001254849,89.4553936993684,5.037036850442058,69.732128588851,5.200355232018121,15.471413201922878,0.9802706524210809,5.3961661632554225,NORMAL
HemorrhageClass2Saline,StandardMale.xml,461,72.20609262777019,116.67752477408243,75.72111927409317,89.37325444075626,4.995546206818633,69.69518441829698,5.20478896455408,15.591181971649355,0.9812651408286324,5.399638743706008,NORMAL
HemorrhageClass2Saline,StandardMale.xml,462,71.86541072460892,117.39866011576662,76.2171690851592,89.94433276202834,4.9964123343816755,69.189127860035,5.205923708237454,15.638224809678865,0.9811632428340348,5.407830478280934,NORMAL
HemorrhageClass2Saline,StandardMale.xml,463,72.29097688787472,116.86492728964834,75.6933203659976,89.41718934054784,4.966306396983216,69.46923491309661,5.208174973672018,15.510787218974947,0.980177097688249,5.409950689506152,NORMAL
HemorrhageClass2Saline,StandardMale.xml,464,72.31330805602366,116.88478477536836,76.27382196471208,89.81080956826418,4.948510315889564,68.77434004153986,5.20467208182938,15.604838250888125,0.9799909063096935,5.414124344880289,NORMAL
HemorrhageClass2Saline,StandardMale.xml,465,72.5173055926187,117.27508617569055,76.51188729090096,90.09962025249749,4.939626265960162,68.54470291684277,5.20157396834959,15.601185934631921,0.9790991894860659,5.407708819262529,NORMAL
HemorrhageClass2Saline,StandardMale.xml,466,72.20518111704835,117.73113511556642,76.54160481669163,90.2714482496499,4.918951892033786,68.28152196536699,5.197662317196523,15.532155331977997,0.9794534072908706,5.40203713477905,NORMAL
HemorrhageClass2Saline,StandardMale.xml,467,72.11203661799358,117.79266933944352,77.02412878298412,90.61364230180392,4.905245302624075,68.27609188990228,5.195516834211773,15.451525005856501,0.9791766782031451,5.394867514059296,NORMAL
HemorrhageClass2Saline,StandardMale.xml,468,71.80587955666265,117.31800749822806,77.11603248658125,90.51669082379685,4.942899684793913,68.18461027374545,5.197442217983549,15.440530805932731,0.9782485402230052,5.3909468763023565,NORMAL
HemorrhageClass2Saline,StandardMale.xml,469,72.12743095925799,117.13801485111975,76.48368829662655,90.03513048145761,4.929323099719684,68.87775878978773,5.19581547850822,15.52417925426379,0.9788144847147968,5.394516101906355,NORMAL
HemorrhageClass2Saline,StandardMale.xml,470,72.26312411385094,116.88511849040664,77.00535252263114,90.29860784522297,4.900216866995499,68.4641707728595,5.194818042963876,15.555823003880615,0.9791518704837274,5.391548241398809,NORMAL
HemorrhageClass2Saline,StandardMale.xml,471,72.43037750196083,116.64810214669018,76.83169763572027,90.10383247271024,4.936843321593968,68.01054075218651,5.191266690662408,15.600338306563998,0.9781419995382785,5.389737520539354,NORMAL
HemorrhageClass2Saline,StandardMale.xml,472,72.63260759591724,117.46532035904917,76.28118113351096,90.0092275420237,4.970207873905717,68.32153492474856,5.190335676382767,15.64205475468558,0.9790683323776153,5.3832265578892144,NORMAL
HemorrhageClass2Saline,StandardMale.xml,473,72.64910695379463,117.62673689416643,75.94939481375697,89.84184217389345,4.9982874753247275,68.56524750253696,5.185986236007076,15.497703285562654,0.9782235459513743,5.38153646835938,NORMAL
HemorrhageClass2Saline,StandardMale.xml,474,72.8683586911544,117.57528330580307,75.50086541150297,89.52567137626967,5.030045238867289,68.8888991187534,5.190071269361172,15.469104109513463,0.9782479473808758,5.3735554151779965,NORMAL
HemorrhageClass2Saline,StandardMale.xml,475,72.35953795069295,117.5549930894067,75.15237268695029,89.28657948776909,5.031108573996897,69.09826770434677,5.193763759861739,15.478079960279207,0.978461139662375,5.381093811692834,NORMAL
HemorrhageClass2Saline,StandardMale.xml,476,71.93190650520103,117.84870328515399,74.85089673216468,89.18349891649446,5.003324699635402,69.50994525291797,5.190826104769443,15.481558959659672,0.978312236154296,5.387909187264663,NORMAL
HemorrhageClass2Saline,StandardMale.xml,477,72.26448716589252,117.2004070627347,75.12076514929129,89.14731245377243,4.9817518471543885,69.51425239158287,5.189212962608505,15.429620431697881,0.9785720212546337,5.382523821957017,NORMAL
HemorrhageClass2Saline,StandardMale.xml,478,72.27015054468433,116.66562722643802,74.95191025195432,88.85648257678221,4.954392916203962,68.99406976595662,5.186782086309818,15.54394869401359,0.9802293738706498,5.379575016486305,NORMAL
HemorrhageClass2Saline,StandardMale.xml,479,72.25445962029066,116.99183354798096,75.43002579922963,89.28396171548007,4.983310028493954,68.66206338300184,5.192454469978306,15.638244519274739,0.9814463477637041,5.37512086764138,NORMAL
HemorrhageClass2Saline,StandardMale.xml,480,72.10783743020181,117.1594256632076,75.47122543913125,89.36729218049003,5.017828418157105,69.02210537940034,5.192812341555305,15.580579853048013,0.9813857490963995,5.385576817999736,NORMAL
HemorrhageClass2Saline,StandardMale.xml,481,71.84395592834345,116.991861451357,75.18903509275157,89.12331054562004,5.046422193422788,69.5527577115843,5.19591188050031,15.550913428580827,0.9803409492993299,5.386252995374051,NORMAL
HemorrhageClass2Saline,StandardMale.xml,482,72.27689309777793,117.13918158534933,75.5976236763535,89.44480964601878,5.079539536178293,70.10731663966916,5.20072655122752,15.580404724680454,0.9795046295884363,5.3919735052203706,NORMAL
HemorrhageClass2Saline,StandardMale.xml,483,72.36324395815285,116.90152844011489,76.01776005965343,89.64568285314058,5.101682535308984,70.16139908619749,5.195983811487095,15.554321872275414,0.9814242543614651,5.400849449857141,NORMAL
HemorrhageClass2Saline,StandardMale.xml,484,72.08361748269358,117.50416103315679,76.3660749496708,90.0787703108328,5.075902710286478,70.35891094886118,5.199461406809793,15.596189218698878,0.9827371739610877,5.392138368573468,NORMAL
HemorrhageClass2Saline,StandardMale.xml,485,71.81967927895671,117.68078121587533,76.68425722267665,90.34976522040954,5.081001092429261,70.27296568028177,5.2034162550854655,15.48974921939573,0.9814943586898239,5.398552910088361,NORMAL
HemorrhageClass2Saline,StandardMale.xml,486,72.02281435772727,118.33406908408566,76.67413267192883,90.56077814264778,5.074679266838186,70.54639107862843,5.199804902990636,15.458502629002473,0.9832305864549051,5.405845132683167,NORMAL
HemorrhageClass2Saline,StandardMale.xml,487,72.33365190540405,118.27348297135268,76.35993203201852,90.33111567846323,5.063404478872313,70.30800383163457,5.1955097659494385,15.343126888420178,0.9825621096617216,5.3992143843618585,NORMAL
HemorrhageClass2Saline,StandardMale.xml,488,72.05757314441786,118.2682689921096,75.71279928947499,89.89795585701985,5.087846024770758,69.92581209076617,5.192677112300131,15.353751785539663,0.9816409362992367,5.391324936933218,NORMAL
HemorrhageClass2Saline,StandardMale.xml,489,72.2297352347234,118.81326419440794,76.15421290731247,90.37389666967762,5.061507289187479,70.43975718707004,5.188282194128834,15.35460578156443,0.9821620227891016,5.386126130332796,NORMAL
HemorrhageClass2Saline,StandardMale.xml,490,72.53062220831413,119.09236124625511,76.54657468673798,90.72850353991036,5.081658701523028,69.98651107045191,5.1936316748753315,15.258350370418547,0.9820026301964396,5.378052174745148,NORMAL
HemorrhageClass2Saline,StandardMale.xml,491,72.7964399683818,118.8086941902447,75.99846786480462,90.26854330661799,5.054432026845433,69.99016765933752,5.190318691589279,15.20902791941014,0.9812079532633202,5.387908349801407,NORMAL
HemorrhageClass2Saline,StandardMale.xml,492,73.01921189297698,119.11340444885418,76.54648910154037,90.7354608839783,5.058639336969676,69.45619406548211,5.187654230043397,15.259035017229127,0.9829107566278964,5.381824406667683,NORMAL
HemorrhageClass2Saline,StandardMale.xml,493,72.99722720414566,119.57440404612746,76.82187416514199,91.07271745880381,5.02822688623311,69.33282501732215,5.189356201485558,15.205195849290426,0.9820974546040874,5.376933399855455,NORMAL
HemorrhageClass2Saline,StandardMale.xml,494,72.6695783201165,119.64502975927317,76.27348558255824,90.73066697479655,5.042325756424302,68.98839695029031,5.194526195780161,15.123773611233073,0.9836694301439243,5.380076629475896,NORMAL
HemorrhageClass2Saline,StandardMale.xml,495,72.46889356390568,120.13572657827727,76.79508896369806,91.2419681685578,4.9988466505909,69.41235643989766,5.195824363573953,15.111253960897884,0.9850329406811825,5.389600953798887,NORMAL
HemorrhageClass2Saline,StandardMale.xml,496,72.76508812390416,119.48628435401389,76.77598883453778,91.01275400769649,5.033514247284787,69.04967315244721,5.192406638845684,15.024593799319586,0.9857605426656773,5.3920004103283965,NORMAL
HemorrhageClass2Saline,StandardMale.xml,497,72.42372820767231,119.97948555200686,76.28207975295709,90.84788168597368,5.059471218294957,69.23330510138824,5.18874818738141,15.139169192981928,0.9863210262194594,5.385721854511418,NORMAL
HemorrhageClass2Saline,StandardMale.xml,498,72.46490455460291,120.28096294898685,76.18083499840574,90.88087764859945,5.032377466148646,69.8121296910338,5.186995408848127,15.052070394463618,0.9849133666125872,5.37900000043355,NORMAL
HemorrhageClass2Saline,StandardMale.xml,499,72.19244134562513,119.45718675419351,75.55720123702265,90.19052974274628,5.018561374538516,69.45554339651102,5.190218057585632,14.998812337501395,0.9863223560945712,5.375784425281289,NORMAL
HemorrhageClass2Saline,StandardMale.xml,500,72.47147003314278,119.26950279539041,75.45989266911313,90.0630960445389,5.019403947129432,69.50465542758565,5.186876165843828,15.144162399094593,0.9861500231535869,5.381723760494914,NORMAL
HemorrhageClass2Saline,StandardMale.xml,501,72.68331279805058,119.32513698469509,75.7442799329754,90.27123228354863,4.989477036315056,69.29577178028536,5.183528819268315,15.177244080732754,0.9870904551397347,5.375583450745403,NORMAL
HemorrhageClass2Saline,StandardMale.xml,502,72.40124245749895,118.90929508989342,76.31277318582882,90.51161382051701,4.956469252058468,68.77298308320493,5.1814174551993935,15.167381716249182,0.986544941331008,5.369432806335762,NORMAL
HemorrhageClass2Saline,StandardMale.xml,503,72.51977165055276,118.86218477663739,76.75033752740923,90.78761994381861,4.929379175204637,68.59731533053352,5.1837184014375985,15.240735997083945,0.9867577604467114,5.3655561919941555,NORMAL
HemorrhageClass2Saline,StandardMale.xml,504,72.41723048976353,118.09833676284153,77.189780947659,90.82596621938652,4.911657715746664,68.18151262020064,5.188796703929512,15.249010744566302,0.9855840910648606,5.3697983424509435,NORMAL
HemorrhageClass2Saline,StandardMale.xml,505,72.02791378867427,117.66881781795125,76.67474765684915,90.33943771054984,4.938881905347495,68.04860548224632,5.1917957841125455,15.38379056989077,0.9862230192837397,5.379150806133577,NORMAL
HemorrhageClass2Saline,StandardMale.xml,506,71.84019977906684,117.39631832197915,76.27741448977508,89.98371576717643,4.910687276682188,68.67769850436302,5.193056226028183,15.459562796168845,0.9871406438438122,5.384677055899212,NORMAL
HemorrhageClass2Saline,StandardMale.xml,507,71.59700436337957,117.26704839119431,76.15494023988036,89.85897629031834,4.905848985388349,68.48479228935093,5.1951221048438425,15.507622419704774,0.9872661183744933,5.387003805167488,NORMAL
HemorrhageClass2Saline,StandardMale.xml,508,71.43459789320694,116.68401343971904,75.73882706868045,89.38722252569332,4.901445303482529,68.61681375901324,5.191225554189438,15.530403306021064,0.9881123528023644,5.390812386484615,NORMAL
HemorrhageClass2Saline,StandardMale.xml,509,71.38841614085747,116.69008133486842,75.7536212933552,89.3991079738596,4.927175387017446,68.69126519111582,5.187736035037743,15.63327459060859,0.9879921242576265,5.383649332524472,NORMAL
HemorrhageClass2Saline,StandardMale.xml,510,71.25167567827124,117.37883625425827,75.62313511589565,89.54170216201652,4.9322679927545146,69.0397991971085,5.186250472161457,15.632170703118216,0.9876444275947468,5.377235024989256,NORMAL
HemorrhageClass2Saline,StandardMale.xml,511,71.17266359903196,117.12311650254706,75.13875583508184,89.13354272423692,4.961208104164057,69.21016567311788,5.188928661980921,15.510574057607013,0.9861865984089362,5.374507954779151,NORMAL
HemorrhageClass2Saline,StandardMale.xml,512,71.19766735462345,117.28418163797868,75.80480133669896,89.63126143712553,4.973550278194699,69.6324836478071,5.190349896354653,15.554769394085952,0.9871141147378405,5.3796277545861475,NORMAL
HemorrhageClass2Saline,StandardMale.xml,513,71.5978297609241,117.25437741761124,75.8703550786229,89.66502919161901,5.006422841808889,69.76247080387277,5.190869719921724,15.526341497459399,0.9880900410646886,5.382242952081009,NORMAL
HemorrhageClass2Saline,StandardMale.xml,514,71.651740682161,116.7525274502285,76.36892140005585,89.83012341678007,5.0227122755481455,69.84117169928604,5.191620751513137,15.531601923891042,0.9890443402069568,5.383199473619962,NORMAL
HemorrhageClass2Saline,StandardMale.xml,515,71.95522965581581,117.14765817857379,76.46989973006562,90.02915254623501,4.989311319706158,69.99509045574457,5.194862606787263,15.62017813224653,0.9877396095366909,5.384581438461742,NORMAL
HemorrhageClass2Saline,StandardMale.xml,516,72.35083953458982,117.90884181232092,76.78483792189148,90.49283921870129,4.960829099166856,69.35105934001317,5.194507119062022,15.550437803470388,0.9889854022615086,5.390546740137733,NORMAL
HemorrhageClass2Saline,StandardMale.xml,517,72.23555771279025,118.61573009921827,76.84528848977904,90.76876902625878,4.992772261248522,68.69875510068024,5.192525169172668,15.416089363654404,0.9898991605479468,5.38989261114558,NORMAL
HemorrhageClass2Saline,StandardMale.xml,518,72.52419749310496,117.93719663965628,76.61168345763811,90.38685451831083,4.985522832559738,69.17213901193094,5.191384091700711,15.291324018922356,0.9888360477582325,5.386245647294027,NORMAL
HemorrhageClass2Saline,StandardMale.xml,519,72.3957023531895,118.46742898374661,76.88366952332119,90.74492267679634,4.997294697782158,68.85968192718775,5.192298601796779,15.411084754195048,0.9882881158168889,5.384145963384562,NORMAL
HemorrhageClass2Saline,StandardMale.xml,520,72.25552760463675,117.91998426814547,76.88535657717702,90.56356580749984,5.018325024323822,69.10094369287637,5.197310871448161,15.31749907393307,0.9892999970922608,5.38582874319658,NORMAL
HemorrhageClass2Saline,StandardMale.xml,521,72.25935531575831,117.37077298443596,76.52463586190026,90.14001490274549,5.018736237090379,69.46323988474947,5.195964574081435,15.414122727103933,0.9886888584195546,5.3950517645913205,NORMAL
HemorrhageClass2Saline,StandardMale.xml,522,72.11877695128723,117.42452781694304,76.5937441054547,90.20400534261748,4.979239283497947,69.46516175644403,5.194041370343322,15.511058178451563,0.9873254715971496,5.392574457845948,NORMAL
HemorrhageClass2Saline,StandardMale.xml,523,72.1841705540442,117.76327333536257,75.9705163729698,89.90143536043405,5.0131689307945315,69.10115498718486,5.192832736822871,15.50157048381427,0.9863522750360855,5.389035592131057,NORMAL
HemorrhageClass2Saline,StandardMale.xml,524,72.34738595227871,118.38025842776692,76.4504184250482,90.42703175928777,4.973034486156581,69.45753644836105,5.196579658798758,15.441782109660343,0.9856533179543373,5.386811599091409,NORMAL
HemorrhageClass2Saline,StandardMale.xml,525,72.10869288486558,118.32384378338904,76.63291227858204,90.52988944685104,4.944481583215551,68.84781668744742,5.200542134432662,15.332884623062801,0.9845042380977704,5.39370626836334,NORMAL
HemorrhageClass2Saline,StandardMale.xml,526,72.46836574716286,118.2061459944261,76.94953112359211,90.70173608053678,4.933425909941143,68.6911038316447,5.199666515033803,15.342841772847581,0.9849805414651506,5.4009975755134985,NORMAL
HemorrhageClass2Saline,StandardMale.xml,527,72.13381399360468,117.7778699045095,77.22672159658387,90.74377103255908,4.961563976545599,68.27924530178711,5.2022881119717495,15.36361535968775,0.9860836641953455,5.399386358038974,NORMAL
HemorrhageClass2Saline,StandardMale.xml,528,72.3663715456751,117.8253484624122,76.67334494048569,90.39067944779453,4.951570508176213,68.87687047085453,5.20217311739202,15.439205824248237,0.9849039686533125,5.404210329279309,NORMAL
HemorrhageClass2Saline,StandardMale.xml,529,72.58099592428667,118.37693618695093,76.02896261553386,90.14495380600621,4.933438619588352,68.57566128308586,5.2053286638496274,15.430825888190574,0.9859225769286769,5.403998729037724,NORMAL
HemorrhageClass2Saline,StandardMale.xml,530,72.2752714396859,118.27167315143555,76.52719670170872,90.442022184951,4.958670125961881,68.19252282710283,5.2026423823970305,15.333470996508751,0.9868193306253624,5.4098052148245745,NORMAL
HemorrhageClass2Saline,StandardMale.xml,531,72.22947429306463,118.42932444736344,76.0138968869796,90.15237274044088,4.926617100987455,68.73169117899582,5.201155776781056,15.352049857068547,0.9869559957605852,5.404862218331406,NORMAL
HemorrhageClass2Saline,StandardMale.xml,532,71.92994461610392,118.89755057568793,76.11652025782197,90.37686369711062,4.924366778757998,68.38247842419776,5.197698502117147,15.324224500999582,0.9879830787355016,5.402126731943937,NORMAL
HemorrhageClass2Saline,StandardMale.xml,533,72.14181241037355,119.05647635561995,75.84491201833796,90.24876679743195,4.925360485677672,68.58846147107914,5.194511593783585,15.241582879408476,0.9879613391120586,5.395765039455199,NORMAL
HemorrhageClass2Saline,StandardMale.xml,534,72.48804026890275,119.43229277390209,76.03999120666894,90.50409172907999,4.9495122742731645,68.43542886469848,5.19264125830806,15.213532577702306,0.9874530850993596,5.389900845030741,NORMAL
HemorrhageClass2Saline,StandardMale.xml,535,72.01561546289075,119.6564190665278,76.35637939011019,90.78972594891606,4.9169451452443615,68.45666433511585,5.197344785188155,15.14720121268742,0.9876990619068012,5.386459261615261,NORMAL
HemorrhageClass2Saline,StandardMale.xml,536,72.09369842008783,118.77363391355368,76.01737223755,90.26945946288457,4.952408427481014,68.43231506109593,5.195611681426566,15.10764306088143,0.9888843301621963,5.395114168885442,NORMAL
HemorrhageClass2Saline,StandardMale.xml,537,72.19090602707286,118.576059053369,75.86710148855406,90.1034206768257,4.946640653510699,68.79814100347747,5.193482539099677,15.263454093510894,0.9884738503167966,5.391925104013797,NORMAL
HemorrhageClass2Saline,StandardMale.xml,538,72.29805756042234,118.96240548036288,75.7593005232574,90.16033550895922,4.921928930020801,68.65296471918913,5.194118783675776,15.29832593393921,0.9886831629388058,5.388007293002186,NORMAL
HemorrhageClass2Saline,StandardMale.xml,539,72.51865605097379,118.67324152387617,75.96439400139843,90.20067650889101,4.941045923196224,68.27307378265714,5.1925737790322035,15.230136028909865,0.9872129870817754,5.389178039539342,NORMAL
HemorrhageClass2Saline,StandardMale.xml,540,72.07570930231992,119.27783891166253,76.13729151125827,90.51747397805968,4.977813341738778,68.33163460675677,5.190779015956041,15.281173288097587,0.9876693277309496,5.3863350937535515,NORMAL
HemorrhageClass2Saline,StandardMale.xml,541,72.37588457224814,118.84599643823083,75.70107448906157,90.08271513878465,5.002004827348326,69.11781349581166,5.195513155580425,15.174462223691151,0.9883721895375759,5.383032570265939,NORMAL
HemorrhageClass2Saline,StandardMale.xml,542,72.54963925446935,118.8866358579401,75.92883555091068,90.24810231992049,5.01619840055207,69.17291799229757,5.1980847358283855,15.25068215273274,0.9885687658605055,5.391743807704918,NORMAL
HemorrhageClass2Saline,StandardMale.xml,543,72.84798184039555,118.44565018014936,75.83947641740214,90.04153433831787,5.005104029130328,69.20692313874055,5.19359106194463,15.243509320329485,0.9889076299752054,5.396475743792733,NORMAL
HemorrhageClass2Saline,StandardMale.xml,544,72.75190275801297,117.95916612819397,76.13019828746269,90.07318756770646,4.982213625570864,68.8420786386726,5.194449843353894,15.321343019276384,0.9894498842990141,5.388206984676904,NORMAL
HemorrhageClass2Saline,StandardMale.xml,545,72.94082711571342,118.20458010095801,76.12367741213582,90.15064497507655,5.012214924630268,68.64339039157403,5.198299996323397,15.40720715307787,0.9902235755480809,5.389787218754865,NORMAL
HemorrhageClass2Saline,StandardMale.xml,546,72.51519277920744,117.61718559476368,75.6626779007648,89.64751379876444,4.99128099625391,68.85487545724094,5.201519359803917,15.363891738914822,0.9905946761623641,5.396871842224984,NORMAL
HemorrhageClass2Saline,StandardMale.xml,547,72.16825885771092,117.91376479012008,75.50507324809774,89.6413037621052,4.959585674106231,68.93561608159882,5.199950712462604,15.467566505377164,0.9908799803428714,5.402795757002812,NORMAL
HemorrhageClass2Saline,StandardMale.xml,548,71.98342691835147,118.32722430591788,75.36080923880495,89.68294759450926,4.945810452881846,68.82617097391051,5.197895164493011,15.415220461122551,0.9914634847372232,5.399909306553015,NORMAL
HemorrhageClass2Saline,StandardMale.xml,549,71.96286036251762,118.80172515399248,75.53620567677577,89.95804550251466,4.988568357925807,68.80497064437941,5.193775615222123,15.342245112715414,0.9921149712159353,5.396126915696163,NORMAL
HemorrhageClass2Saline,StandardMale.xml,550,71.96997453622916,119.22201682170004,75.44870601008499,90.03980961395668,4.9739586224334245,69.33609013632099,5.189813909257036,15.258496006975497,0.9926088088386797,5.38854657910122,NORMAL
HemorrhageClass2Saline,StandardMale.xml,551,71.68530943677388,118.65884128716976,75.40451497758902,89.82262374744927,4.982977592346361,69.1545182633953,5.1946945534500895,15.184314787988688,0.9918731563731942,5.3812566882100565,NORMAL
HemorrhageClass2Saline,StandardMale.xml,552,71.59545992430232,118.88336123377621,75.80921572510736,90.16726422799698,4.98425011866437,69.48815353202386,5.196429081257268,15.283714920955566,0.9903540819317216,5.390237507069282,NORMAL
HemorrhageClass2Saline,StandardMale.xml,553,71.77638977449595,118.0861624546644,75.5598669029872,89.73529875354626,5.007242238443655,69.57486981793629,5.193400653721483,15.244087289465838,0.9907194443851856,5.393429192311308,NORMAL
HemorrhageClass2Saline,StandardMale.xml,554,71.80858510418115,118.44503493330812,75.11723351767209,89.55983398955077,5.01543651554953,69.7088916822542,5.195263183723271,15.384792380127916,0.9899723233025669,5.38785661663249,NORMAL
HemorrhageClass2Saline,StandardMale.xml,555,72.2155450102999,118.2293849382612,74.66623169581004,89.1872827766271,4.989334714277287,69.7821895534521,5.194372932695744,15.321451609962727,0.9881169896384319,5.391283837282941,NORMAL
HemorrhageClass2Saline,StandardMale.xml,556,72.0342438356835,118.66895163070826,74.45164565471534,89.19074764671298,5.0048943508466275,69.14655523262479,5.1960897174426925,15.359513700496983,0.9871142382759243,5.389645696311952,NORMAL
HemorrhageClass2Saline,StandardMale.xml,557,72.18285627911375,118.37243742576761,74.18829904669684,88.91634517305377,4.99492684268718,69.47631851489375,5.197289073255208,15.281930451584207,0.9859462536787645,5.392804732747054,NORMAL
HemorrhageClass2Saline,StandardMale.xml,558,72.40878512284337,118.04615802953829,74.15017287047179,88.78216792349396,5.013828744959305,69.23939386521785,5.198469526176139,15.3342650250707,0.9853841008655936,5.395011653979969,NORMAL
HemorrhageClass2Saline,StandardMale.xml,559,72.64506418654226,118.73439569185605,74.17881269498348,89.030673693941,5.044098535478065,69.28885964940484,5.197184404970287,15.39185313638061,0.9844186679577163,5.397183792213241,NORMAL
HemorrhageClass2Saline,StandardMale.xml,560,72.88660137019693,119.23358949571244,74.27687781769788,89.26244837703607,5.016501508604151,69.46584415987942,5.1996812158004175,15.270379615333113,0.9833587660307033,5.394819055038109,NORMAL
HemorrhageClass2Saline,StandardMale.xml,561,72.91314910295051,119.21420887774606,74.08213170161174,89.12615742698985,5.003632109233463,68.94800385790926,5.201212108178914,15.182272218194575,0.9821020821365264,5.399413408755404,NORMAL
HemorrhageClass2Saline,StandardMale.xml,562,73.04885856281074,118.72964041719702,74.34916728813978,89.14265833115886,4.967035552150507,68.77404884888985,5.206061995696507,15.185692885259677,0.9828196966031703,5.4022303867198715,NORMAL
HemorrhageClass2Saline,StandardMale.xml,563,72.98158685572294,117.97154388129671,74.77084494315095,89.17107792253287,4.96476589389617,68.23374028463428,5.2043798429113535,15.271218918364617,0.9831358711917362,5.4111546105641555,NORMAL
HemorrhageClass2Saline,StandardMale.xml,564,72.78317241625967,117.48926550075898,75.14950490459961,89.26275843665273,4.979881239314172,68.25833549855741,5.2020408145551125,15.405022487323045,0.9837699124300794,5.40805930001509,NORMAL
HemorrhageClass2Saline,StandardMale.xml,565,72.7711937148653,117.22724639572877,75.37620191695457,89.32655007654597,4.953532572829477,68.59136395575406,5.205184167237434,15.49014432272466,0.9826830075124898,5.40375528006545,NORMAL
HemorrhageClass2Saline,StandardMale.xml,566,72.80641299055361,116.78287573358169,74.9863151870953,88.91850203592409,4.928219510992134,68.286146399223,5.201756130728368,15.536390532446088,0.9819675121615673,5.4095393282226105,NORMAL
HemorrhageClass2Saline,StandardMale.xml,567,72.47063024753881,116.9582961554549,74.7474341203932,88.81772146541377,4.9540500204655205,67.957047931754,5.199569230278,15.61482167903494,0.9808281936247043,5.403231436535988,NORMAL
HemorrhageClass2Saline,StandardMale.xml,568,72.3824032276832,116.67147116175875,75.4143637045461,89.16673285695032,4.946615267543322,68.52448832798082,5.194631052713856,15.583860083244303,0.9816766522428898,5.399207345446564,NORMAL
HemorrhageClass2Saline,StandardMale.xml,569,72.63858931799635,117.29690244662632,75.6860040998228,89.5563035487573,4.925653514662571,68.50381139030907,5.190961156772703,15.634484516948444,0.9819774884990938,5.390120660073887,NORMAL
HemorrhageClass2Saline,StandardMale.xml,570,72.70168360674948,116.82132525696306,75.42997011397016,89.22708849496779,4.9140434978562215,68.05512816154057,5.196570522081592,15.524096282613417,0.9816072217115697,5.38336772554803,NORMAL
HemorrhageClass2Saline,StandardMale.xml,571,72.5459118335654,116.39955567119588,75.10659256193249,88.87091359835362,4.888641769549224,67.86800997838269,5.19475039976845,15.608035361976956,0.9827832815937254,5.393689455992147,NORMAL
HemorrhageClass2Saline,StandardMale.xml,572,72.2971204921794,116.92156911118033,74.72556886755608,88.79090228209749,4.9241223314542335,67.68353513486258,5.19062902549886,15.682477432585742,0.9840165167867245,5.3903402692558515,NORMAL
HemorrhageClass2Saline,StandardMale.xml,573,72.37394570630963,116.58700526786401,74.70435135814616,88.66523599471877,4.929240487395661,68.30011839186187,5.192596357583917,15.59034238380698,0.9852305783749367,5.382756574501185,NORMAL
HemorrhageClass2Saline,StandardMale.xml,574,71.98052190208709,117.19398653087273,74.47603739109041,88.71535377101786,4.930722343468664,68.30206560945017,5.1978114194486675,15.649392694895672,0.9845276416182454,5.3863766402943405,NORMAL
HemorrhageClass2Saline,StandardMale.xml,575,71.8926250740347,117.77963581930494,75.01498663432129,89.2698696959825,4.951852449316282,68.62554338825335,5.2009555042581335,15.542260877989255,0.9834045789782961,5.39597281737556,NORMAL
HemorrhageClass2Saline,StandardMale.xml,576,72.06902474482177,117.18763424702726,75.66168914138399,89.50367084326508,4.931013584183756,68.9489351783833,5.200039383522159,15.438894141380796,0.9838043927089701,5.4017582127117,NORMAL
HemorrhageClass2Saline,StandardMale.xml,577,72.29832450854502,117.53284012998465,75.3189543878054,89.39024963519849,4.930577263075192,68.56003735006428,5.198622223737862,15.543382052152847,0.9824864368785116,5.400072469179182,NORMAL
HemorrhageClass2Saline,StandardMale.xml,578,72.39181875624786,118.06168392886559,75.96711285298989,89.99863654494845,4.910271389983587,68.37664088161227,5.2029363645017925,15.482453427660072,0.9815262227273777,5.397464769290822,NORMAL
HemorrhageClass2Saline,StandardMale.xml,579,72.24982147636102,117.41879713169466,75.68491263530292,89.5962074674335,4.907355286591378,68.06087121433059,5.204747267523996,15.389112824767373,0.982337757385718,5.40540317151838,NORMAL
HemorrhageClass2Saline,StandardMale.xml,580,72.41855950010805,117.59439888031999,75.79995104743615,89.73143365839744,4.95791999002144,68.13544663750525,5.2060661405523465,15.502581946210547,0.982065520477647,5.4087353939404075,NORMAL
HemorrhageClass2Saline,StandardMale.xml,581,72.36117007491114,117.92287052621413,75.33774798513915,89.53278883216414,4.9764588303559965,68.61124376869955,5.2030668886820495,15.471588346360491,0.9818373969679874,5.411162237467085,NORMAL
HemorrhageClass2Saline,StandardMale.xml,582,72.43673750210719,117.77076074265538,75.82240427363062,89.80518976330555,4.984260219237519,68.8781297941223,5.207699590049825,15.413613304342803,0.9807539630903901,5.4056433476044194,NORMAL
HemorrhageClass2Saline,StandardMale.xml,583,72.47228939724306,117.31739538806501,76.26188701129796,89.9470564702203,5.014505224025777,68.91269984178948,5.210778121166404,15.440460586911485,0.9798180531844345,5.414167929640554,NORMAL
HemorrhageClass2Saline,StandardMale.xml,584,72.37999622279108,117.03485208765353,76.79528853483767,90.2084763857763,4.976602315300996,69.24719308513619,5.2071434154110365,15.520479291144516,0.9806623307199025,5.419832700358697,NORMAL
HemorrhageClass2Saline,StandardMale.xml,585,72.23373618842191,116.77725995680605,76.65275318235317,90.02758877383746,5.003817967247247,68.86516813096156,5.206053245306954,15.57034800863635,0.9820789192788711,5.4131445189006016,NORMAL
HemorrhageClass2Saline,StandardMale.xml,586,72.14902150149929,116.38712529209026,76.57290067925871,89.84430888353589,5.015579551679679,69.30620542263308,5.201595687749846,15.615812860156964,0.9820494916408706,5.4111385090700885,NORMAL
HemorrhageClass2Saline,StandardMale.xml,587,72.16771329527118,115.87688066768229,76.01465773122825,89.30206537671293,5.021841831124073,69.51422560565666,5.202658765139202,15.684671386797476,0.9816991951381768,5.402936207203476,NORMAL
HemorrhageClass2Saline,StandardMale.xml,588,72.14398222479413,115.71594551380201,76.21870464734283,89.38445160282923,5.054962611091003,69.57473267686592,5.201079606791832,15.77472924691757,0.9806259385630149,5.404892364032268,NORMAL
HemorrhageClass2Saline,StandardMale.xml,589,71.8962171668526,115.92057296624084,76.26518718798819,89.4836491140724,5.057226510441521,69.9915982779353,5.200724623009757,15.803134201880834,0.9814471708249498,5.401986572397641,NORMAL
HemorrhageClass2Saline,StandardMale.xml,590,72.08776060308718,115.6245447852549,76.54521081329963,89.57165547061805,5.027348165807193,70.21631515726234,5.199080256498607,15.767017583288625,0.9827208910182662,5.401333370705677,NORMAL
HemorrhageClass2Saline,StandardMale.xml,591,72.44339925141962,115.61244512009061,76.50752895791751,89.54250101197522,5.039875204797758,69.70415439443904,5.194611576227202,15.819266373848198,0.9818955846141405,5.3983075902573034,NORMAL
HemorrhageClass2Saline,StandardMale.xml,592,72.07538395288681,116.19658877143627,76.71376364787578,89.87470535572928,5.00312385422875,69.57374932026335,5.196150928465569,15.821401957254153,0.9812064301651454,5.390084821608363,NORMAL
HemorrhageClass2Saline,StandardMale.xml,593,72.40589216783953,116.25855026258746,76.57834941837945,89.80508303311545,5.025221632484845,69.42254581866753,5.198626562377931,15.718300964658756,0.9803330445037982,5.392917366466476,NORMAL
HemorrhageClass2Saline,StandardMale.xml,594,72.26389267634637,117.06045314347891,76.91535105531523,90.29705175136979,5.028968964428565,69.42766837451666,5.2014578281233455,15.707364799854664,0.9805577074532729,5.397472752773947,NORMAL
HemorrhageClass2Saline,StandardMale.xml,595,72.342822405637,117.80951925956309,76.36935768840999,90.18274487879435,5.025018846409981,69.58442153090445,5.201644910097564,15.565829438142591,0.97955860837113,5.402682533244747,NORMAL
HemorrhageClass2Saline,StandardMale.xml,596,72.6289258710045,118.30624389151289,76.30547537221072,90.30573154531145,5.022354916955808,69.4748352864212,5.205725013488269,15.433619732687518,0.9790252853395538,5.403026780695663,NORMAL
HemorrhageClass2Saline,StandardMale.xml,597,72.57776446056108,118.59295181213547,75.82363920825374,90.08007674288098,5.010371429797394,69.21856795213759,5.206272726901614,15.345948142860884,0.9806510847383286,5.4105345333671195,NORMAL
HemorrhageClass2Saline,StandardMale.xml,598,72.4763216273794,118.36180583183265,76.41976305979261,90.40044398380596,5.04226358261594,69.11523526989679,5.208394933912943,15.295344372481704,0.9803195924436714,5.41154237470065,NORMAL
HemorrhageClass2Saline,StandardMale.xml,599,72.76085399483547,118.97798083580629,76.31385444738406,90.53522991019148,5.007307112215312,69.57644447272686,5.206851166785861,15.336141494814129,0.9812938600243024,5.41544742411557,NORMAL
HemorrhageClass2Saline,StandardMale.xml,600,72.82167605687637,118.58154344732374,76.5187687501677,90.53969364921971,5.035190977780781,68.93599665359912,5.208422121298977,15.22738698832277,0.9828967228479126,5.412606755470051,NORMAL
HemorrhageClass2Saline,StandardMale.xml,601,72.77879808443835,118.09445500623704,76.60681292222714,90.43602695023044,5.013752640547098,69.22137341014724,5.20620166146944,15.297357941803687,0.9835820127429584,5.415497451320908,NORMAL
HemorrhageClass2Saline,StandardMale.xml,602,73.02269433915579,118.29347719336756,77.08550226767998,90.82149390957585,5.012233335276948,68.99897670311861,5.207648923733654,15.38332874991244,0.9831625329363849,5.411411607992761,NORMAL
HemorrhageClass2Saline,StandardMale.xml,603,72.52963550829251,118.05212563757412,76.93439629584489,90.6403060764213,5.016255863532068,68.79173212352005,5.208708921939596,15.348201457174781,0.9830618824904321,5.414074699118148,NORMAL
HemorrhageClass2Saline,StandardMale.xml,604,72.63192385726244,118.5239457370881,76.56771541314006,90.55312552112274,5.041875936150949,69.22325895398251,5.211095642781236,15.390799857259116,0.9832850357690543,5.416025189975937,NORMAL
HemorrhageClass2Saline,StandardMale.xml,605,72.137593208548,117.96583788638856,76.70531210816597,90.45882070090683,5.012293516961785,69.44958072689829,5.212710334354298,15.30752390197947,0.982404962921059,5.420416968335196,NORMAL
HemorrhageClass2Saline,StandardMale.xml,606,71.9419442297802,117.62063745099361,77.02969392817008,90.56000843577792,5.025904566193496,69.48374319486828,5.209645477790359,15.406029591889569,0.9833732324739,5.423388144261487,NORMAL
HemorrhageClass2Saline,StandardMale.xml,607,71.57831306212128,118.10485043012153,76.43167770982583,90.32273528325773,5.05189892582811,69.80241593714409,5.21126919276918,15.466957254890946,0.984597826079325,5.417748535934903,NORMAL
HemorrhageClass2Saline,StandardMale.xml,608,71.84868212448569,118.17830895372406,76.06606880891556,90.10348219051839,5.067734605650833,70.40691504091973,5.213356375389561,15.381493964036615,0.9839928980940951,5.4207363157293305,NORMAL
HemorrhageClass2Saline,StandardMale.xml,609,72.00770625669931,118.75443583500086,75.92337109759583,90.20039267673084,5.095253790287948,70.38107006660469,5.21704668579742,15.368528580127084,0.9835113834591935,5.424576917153717,NORMAL
HemorrhageClass2Saline,StandardMale.xml,610,72.04800902737729,117.98393862033157,75.63398458502664,89.75063593012828,5.092218341317008,70.58511193802605,5.2184929569846155,15.266842542482584,0.9847407609430703,5.431367416111714,NORMAL
HemorrhageClass2Saline,StandardMale.xml,611,72.30329325270327,118.56190681009461,75.92254741265914,90.1356672118043,5.091752632883334,70.51625412796773,5.219565418835761,15.402834823561724,0.9849013339637217,5.434028683567352,NORMAL
HemorrhageClass2Saline,StandardMale.xml,612,72.33102509502012,118.88248646262095,76.48879611932577,90.6200262337575,5.063072547434813,70.30666796325741,5.2147753133046075,15.300823796110063,0.9854571994195132,5.43600210863945,NORMAL
HemorrhageClass2Saline,StandardMale.xml,613,72.02060169055939,118.32210475443324,76.44797728462986,90.40601977456431,5.044852055616396,69.94056770893943,5.21287902262431,15.244241686032836,0.9855904396340809,5.427187888960605,NORMAL
HemorrhageClass2Saline,StandardMale.xml,614,71.72092046171866,118.40183692885262,76.10135794387301,90.20151760553289,5.025326278871601,69.96807066247356,5.213946165794543,15.343148710380978,0.9845076477809068,5.423698545662761,NORMAL
HemorrhageClass2Saline,StandardMale.xml,615,71.49447170630998,118.10630188690747,75.55047460095456,89.73575036293886,5.056545340682397,69.97142545066019,5.213987178705757,15.329076030988691,0.9850326847236878,5.4256621838895285,NORMAL
HemorrhageClass2Saline,StandardMale.xml,616,71.57854919232788,118.19555887271164,75.43299793350579,89.68718491324107,5.071740422057054,70.53069396061983,5.211047415698376,15.38123778281305,0.9841899574437554,5.4257376512893085,NORMAL
HemorrhageClass2Saline,StandardMale.xml,617,71.40204054087756,117.56802715618716,75.50579085310737,89.5265362874673,5.0554646859016446,70.64676649783988,5.210534472634719,15.365483980111808,0.9830305615323323,5.420328226218759,NORMAL
HemorrhageClass2Saline,StandardMale.xml,618,71.28739066660374,117.21748063759517,75.36212217652306,89.31390833021376,5.036944936397739,70.59223325884359,5.206876635566484,15.476242939333098,0.9839459962065298,5.419384365417278,NORMAL
HemorrhageClass2Saline,StandardMale.xml,619,71.44096394030353,118.00471260211134,75.82550087766444,89.88523811914673,5.070517404680099,70.46021831608245,5.201414847107335,15.538114182706945,0.9845370851008027,5.41265362028877,NORMAL
HemorrhageClass2Saline,StandardMale.xml,620,71.49883378287473,118.57045389864913,75.9824463815081,90.17844888722178,5.070820515474808,70.74318243425425,5.205890690339397,15.399168228646726,0.9851217518148505,5.402603444357316,NORMAL
HemorrhageClass2Saline,StandardMale.xml,621,71.44642941404145,119.0857292010433,76.51849419056995,90.7075725273944,5.05226281449675,70.70003320947353,5.205822069874499,15.299315240274968,0.9844605040600624,5.410839393490146,NORMAL
HemorrhageClass2Saline,StandardMale.xml,622,71.87584347857923,119.40910534690231,76.30751916778046,90.67471456082107,5.06953081786664,70.5175809446703,5.2048121318453315,15.208369468606726,0.9831351947564767,5.410713125739228,NORMAL
HemorrhageClass2Saline,StandardMale.xml,623,72.21697452484231,118.81304844716382,76.28805835320456,90.46305505119098,5.0961316749320185,70.38095843660264,5.201101323118892,15.151293779188666,0.9846531249707452,5.408854750053514,NORMAL
HemorrhageClass2Saline,StandardMale.xml,624,72.20802358089429,118.02777555697688,75.73277679099111,89.83110971298636,5.09696123455598,70.42810159413712,5.203749088847932,15.256497452745341,0.9857757121338977,5.4020265323684775,NORMAL
HemorrhageClass2Saline,StandardMale.xml,625,72.10968286459648,117.47000937584279,75.80948140257993,89.69632406033422,5.100272980670477,70.44521740027189,5.208211567467878,15.395097631400068,0.986539309837542,5.406898656508977,NORMAL
HemorrhageClass2Saline,StandardMale.xml,626,72.2070496617855,118.14793647189403,76.12813691870114,90.13473676976544,5.0592247970627255,70.56371884882743,5.207147259136774,15.493543016843523,0.9859113795448163,5.415110013568347,NORMAL
HemorrhageClass2Saline,StandardMale.xml,627,71.83953464386555,117.50652877747379,76.46613817823156,90.14626837797897,5.055987404116291,69.99271732567273,5.207325418791325,15.373889304354844,0.9850214465646406,5.413151591697394,NORMAL
HemorrhageClass2Saline,StandardMale.xml,628,71.67554044532204,117.40775881970868,76.56762621601673,90.18100375058071,5.043176246063936,70.24670986184321,5.2019086203268206,15.487097365078801,0.9855396279889937,5.413479421287558,NORMAL
HemorrhageClass2Saline,StandardMale.xml,629,71.76222248050397,117.67534083788416,76.6429476081533,90.32041201806359,5.057905381242617,70.22337532133123,5.202612095604473,15.504530201438026,0.9860991278114004,5.403512030942679,NORMAL
HemorrhageClass2Saline,StandardMale.xml,630,71.46339578823718,118.31275614526993,76.09476192296344,90.16742666373227,5.073148247088839,70.33178875330842,5.200416751069822,15.457302140992587,0.9847707620681562,5.404806487942746,NORMAL
HemorrhageClass2Saline,StandardMale.xml,631,71.77288502241497,118.18875293872053,75.95776301337254,90.0347596551552,5.0762684519993595,70.75689632367639,5.20012330626776,15.344798734106998,0.984889494212617,5.4007668589881614,NORMAL
HemorrhageClass2Saline,StandardMale.xml,632,71.52315915163015,118.01396347537519,76.31970752552691,90.217792842143,5.069773392977668,70.54490248746866,5.204714789893746,15.366685223245078,0.9838305563799095,5.400226894485883,NORMAL
HemorrhageClass2Saline,StandardMale.xml,633,71.75142696951985,118.59215920670638,76.63616144768943,90.62149403402842,5.078830978492192,70.66769419035704,5.203069121256895,15.397535455246416,0.9852724552397033,5.408675632215784,NORMAL
HemorrhageClass2Saline,StandardMale.xml,634,71.83930496577153,118.5996763096517,76.10929269784985,90.2727539017838,5.028739220196483,70.59310479637358,5.20379027674476,15.295484266848934,0.985362127067189,5.4056474557404535,NORMAL
HemorrhageClass2Saline,StandardMale.xml,635,72.22601754499333,118.2557800991103,76.39440637140697,90.34819761397475,5.057197104922349,69.91822574698675,5.201925739447403,15.294157502835802,0.9850711364736321,5.406974445897832,NORMAL
HemorrhageClass2Saline,StandardMale.xml,636,72.30179271766929,118.24329891757424,75.94120763020356,90.04190472599379,5.027245943735469,69.95330861491894,5.205119249491295,15.354854970958476,0.9841484273612806,5.403543531645228,NORMAL
HemorrhageClass2Saline,StandardMale.xml,637,71.99217336682975,118.6342346162092,76.37081726908,90.4586230514564,5.051729924276153,69.53386103915265,5.209033635555592,15.35705789176771,0.9856994545013713,5.40941987380312,NORMAL
HemorrhageClass2Saline,StandardMale.xml,638,71.96260425768213,118.62924053786739,76.07602829241208,90.26043237423052,5.010232548703131,70.07350767374757,5.204293369950523,15.288057983136689,0.9863202969792765,5.416622691873439,NORMAL
HemorrhageClass2Saline,StandardMale.xml,639,71.95913528383718,118.31849413000445,75.62095290847759,89.85346664898654,5.021308208784618,69.59723933453645,5.199950541615671,15.288939434870272,0.9865732791928983,5.407900182085832,NORMAL
HemorrhageClass2Saline,StandardMale.xml,640,72.28663767283604,118.02597039534751,75.60626728965569,89.7461683248863,5.027779009699405,69.73339860459953,5.198011250983809,15.34378598335594,0.9866999965326142,5.399908992179483,NORMAL
HemorrhageClass2Saline,StandardMale.xml,641,72.28712068406567,117.83320960340315,75.43213189407051,89.56582446384806,5.018345601022127,69.55220226254846,5.193218581402201,15.395416241309384,0.9858025977303573,5.396340525151109,NORMAL
HemorrhageClass2Saline,StandardMale.xml,642,72.01229509725457,118.18855069393649,75.42220703474827,89.67765492114434,5.043112200786169,69.4386131453424,5.190103852019661,15.429438401675515,0.9864373439462636,5.387521587391664,NORMAL
HemorrhageClass2Saline,StandardMale.xml,643,72.31237503784077,118.11438312988498,75.32058942036649,89.58518732353932,5.021810757786749,69.95373380010551,5.191411822585946,15.366720919324173,0.9853497307523468,5.381790208648686,NORMAL
HemorrhageClass2Saline,StandardMale.xml,644,72.34105318283082,118.579452951305,75.83087865433518,90.08040341999178,4.990107397399433,69.46031549005583,5.192484675709133,15.379811448433713,0.9846114717771015,5.384196990676706,NORMAL
HemorrhageClass2Saline,StandardMale.xml,645,72.58829939488184,117.91841276470026,75.34123088444191,89.53362484452803,4.952914745024256,69.057518613252,5.193157350974916,15.297726913055968,0.9832361194716213,5.386171135724121,NORMAL
HemorrhageClass2Saline,StandardMale.xml,646,72.54717119900208,117.7951877721291,75.52668187021045,89.61618383751667,4.99168711924928,68.4198308193987,5.194220398968464,15.414400096488492,0.9835075595435461,5.387408917966406,NORMAL
HemorrhageClass2Saline,StandardMale.xml,647,72.84696842783104,117.78019937438857,75.91253490312852,89.8684230602152,4.982059237802183,68.9155631617528,5.191915576828393,15.436149231341506,0.9844433230245541,5.3893650207042985,NORMAL
HemorrhageClass2Saline,StandardMale.xml,648,72.8800205605217,117.51342545301189,75.88045369353121,89.75811094669143,4.985280509213542,68.56805251674568,5.19152982319196,15.438794674257647,0.9844943342669875,5.385123943230926,NORMAL
HemorrhageClass2Saline,StandardMale.xml,649,72.850642687743,118.0577740455519,76.26234882313933,90.19415723061019,4.996362876866453,68.58093668027033,5.1888654966571615,15.485880106118703,0.9845771751082215,5.3844141222736805,NORMAL
HemorrhageClass2Saline,StandardMale.xml,650,72.65342368340731,117.6017886737214,76.76997622175276,90.38058037240897,5.0096001228930955,68.73578066020778,5.194433117988124,15.389802916750133,0.9853187417464574,5.379511524779499,NORMAL
HemorrhageClass2Saline,StandardMale.xml,651,72.52178079697701,117.45089349236916,76.34208457147143,90.04502087843734,5.007333506240802,69.04699316134933,5.190506832912208,15.470284052402993,0.9849015621198797,5.389756442596147,NORMAL
HemorrhageClass2Saline,StandardMale.xml,652,72.06144473752154,117.10489891243124,76.79115988583307,90.22907289469913,4.995257363652602,69.12261407013145,5.190962606933836,15.496916958434653,0.984773363127592,5.382531729287468,NORMAL
HemorrhageClass2Saline,StandardMale.xml,653,71.68745666222463,117.8829017576088,76.48708148077364,90.2856882397187,5.012187613591698,69.33889586934589,5.191898926028002,15.557984787455908,0.9857804254783529,5.383370393973333,NORMAL
HemorrhageClass2Saline,StandardMale.xml,654,72.01200897066758,117.56530366092949,76.4830679725951,90.17714653537323,4.984473158189054,69.83939297624175,5.194083405270903,15.420667767241664,0.9853139164363661,5.385093304279128,NORMAL
HemorrhageClass2Saline,StandardMale.xml,655,72.13250135084384,118.08603852195272,76.44630146661771,90.32621381839604,4.976646426464658,69.24804540739257,5.198628894330337,15.476723634558915,0.9853379324104418,5.389112940131739,NORMAL
HemorrhageClass2Saline,StandardMale.xml,656,71.99080133696802,118.59073591974598,76.3780935371181,90.44897433132739,4.978324110399072,69.05921607037088,5.199780631689617,15.384814254174753,0.9853164237801615,5.39747704377352,NORMAL
HemorrhageClass2Saline,StandardMale.xml,657,71.70364341735022,118.05317077082188,75.82617224628348,89.90183842112961,4.9926878105385954,69.19070474086064,5.1969133424526435,15.295735476115743,0.9843518409590197,5.399596342822571,NORMAL
HemorrhageClass2Saline,StandardMale.xml,658,71.6471421072796,118.35114683239408,75.38859381315018,89.70944481956481,4.972088931165069,69.59092368306766,5.200271864257411,15.390615391888332,0.9850644318711794,5.394320275927363,NORMAL
HemorrhageClass2Saline,StandardMale.xml,659,71.69631771127511,118.28022649174828,75.11328067514609,89.50226261401349,4.948704212057602,69.38680631782454,5.203583777155521,15.338022801611967,0.9836266182976656,5.400500254383138,NORMAL
HemorrhageClass2Saline,StandardMale.xml,660,71.38588143612397,118.35018012688317,74.81082791079557,89.3239453161581,4.965896049073516,69.06534458286832,5.198689142807608,15.350540197801998,0.9839532357333045,5.406594468310427,NORMAL
HemorrhageClass2Saline,StandardMale.xml,661,71.14193184904697,117.97059638174449,74.56660436212859,89.03460170200056,5.00709510556643,69.5193082040536,5.199787528389712,15.338193424535781,0.9842277444900005,5.397587906323526,NORMAL
HemorrhageClass2Saline,StandardMale.xml,662,70.91236924508779,118.28141761727045,74.9291268645552,89.37989044879362,4.988826960324384,70.21497907793889,5.195662001709045,15.405189720407055,0.9841371007162166,5.399609033363374,NORMAL
HemorrhageClass2Saline,StandardMale.xml,663,71.50374391192634,118.76257353416284,74.65963791569655,89.36061645518531,5.016743424808519,70.17786240923016,5.1970172360458475,15.35032996488522,0.9850899425443488,5.392017697803471,NORMAL
HemorrhageClass2Saline,StandardMale.xml,664,71.85006242339631,118.22760659450984,75.0087131123298,89.41501093972315,4.995676160816257,70.04128175226568,5.199497592664602,15.26540624362166,0.9846107649592466,5.3945114493676485,NORMAL
HemorrhageClass2Saline,StandardMale.xml,665,71.84001761110464,118.32769650196798,74.80096893667286,89.30987812510456,4.987088709988886,69.51090018831077,5.195623464076213,15.359827577067449,0.9837489321220413,5.399075525874396,NORMAL
HemorrhageClass2Saline,StandardMale.xml,666,72.15669085186897,118.29529448447354,74.84561281571702,89.32884003863586,4.960772383522217,69.41527325252288,5.191936378335128,15.34216177040509,0.9837765695430304,5.391946785135792,NORMAL
HemorrhageClass2Saline,StandardMale.xml,667,72.2200861547354,117.6152476569636,75.32189876729343,89.41968173051683,4.966260782866611,68.84947099308359,5.188756273991298,15.347880706420355,0.9838211124467152,5.3851622198511,NORMAL
HemorrhageClass2Saline,StandardMale.xml,668,71.88445437583027,117.80532176016281,75.79460389688015,89.79817651797437,5.002509734539995,68.86587758449504,5.192403976916749,15.467908550198356,0.9843630662964439,5.379310545372142,NORMAL
HemorrhageClass2Saline,StandardMale.xml,669,71.9230346278379,117.64672548669135,75.27086451519757,89.3961515056955,5.0045609549221375,69.56606438447386,5.19030618395265,15.434360588731387,0.9853208932915775,5.38602264277772,NORMAL
HemorrhageClass2Saline,StandardMale.xml,670,72.16863055100956,117.52196743092172,75.46339789646679,89.48292107461843,5.023265314406338,69.56023686143861,5.193696650959667,15.462352732751391,0.9858853588900802,5.382162517378383,NORMAL
HemorrhageClass2Saline,StandardMale.xml,671,71.81623654469743,117.0655740863283,75.49901979011702,89.35453788885411,4.998769218139406,69.59111427257982,5.1977911713949965,15.484372452309227,0.9851643695057876,5.388401277843965,NORMAL
HemorrhageClass2Saline,StandardMale.xml,672,72.1509602584065,117.04747741205203,75.18471173298353,89.1389669593397,5.015664969382127,69.57501134898372,5.200862004402144,15.564925594902013,0.9853851886831365,5.395935559158186,NORMAL
HemorrhageClass2Saline,StandardMale.xml,673,71.81785868923492,116.46947343992487,75.46596597460824,89.13380179638045,5.028600954699851,69.51372237789994,5.198952099481871,15.568119646701188,0.984941200065822,5.401586164671157,NORMAL
HemorrhageClass2Saline,StandardMale.xml,674,71.57469817192015,116.86152136009935,75.23307589819537,89.10922438549669,5.053191689642491,69.93364400974254,5.198271500455542,15.670136989717951,0.9845428337322883,5.398071769962417,NORMAL
HemorrhageClass2Saline,StandardMale.xml,675,71.47224074831473,117.24814411371777,75.62915813637173,89.50215346215374,5.039168952865121,70.42546372164837,5.2012475878180675,15.60094077467421,0.9845267899998555,5.396819407296864,NORMAL
HemorrhageClass2Saline,StandardMale.xml,676,71.46407764552717,117.4133654079836,75.37726637853059,89.38929938834826,5.018486946529097,70.33815702580229,5.1995913992459215,15.532702098166812,0.9851811096063335,5.402295672407545,NORMAL
HemorrhageClass2Saline,StandardMale.xml,677,71.74984983161482,117.9792952815496,75.6415789268694,89.75415104509614,5.035851060986329,70.09418862499318,5.199090017932549,15.503540642080686,0.985764563208628,5.399248138316793,NORMAL
HemorrhageClass2Saline,StandardMale.xml,678,71.52463045842194,117.58196954825195,75.56436760085207,89.57023491665203,5.0181535201563925,70.07542130085048,5.199668538227397,15.403654369980273,0.9862946043359027,5.3983255521628575,NORMAL
HemorrhageClass2Saline,StandardMale.xml,679,71.77623228405976,117.15612263393281,76.17304005873588,89.83406758380153,4.976160136104053,70.04162586936422,5.195605926289841,15.473782115770739,0.9851270787959094,5.399390080894907,NORMAL
HemorrhageClass2Saline,StandardMale.xml,680,72.157483919652,117.16480924665834,75.62960386350065,89.47467232455321,4.957075368425112,69.33383457527529,5.191757654392457,15.548943832343106,0.9837301841512496,5.391914514050997,NORMAL
HemorrhageClass2Saline,StandardMale.xml,681,72.03639773647517,117.94117408799247,75.80988526567008,89.8536482064442,4.964470028990456,68.8044188212213,5.194532734277425,15.547410650578263,0.9841241307121916,5.384833351920671,NORMAL
HemorrhageClass2Saline,StandardMale.xml,682,72.38637263247114,118.39640654306115,76.00057391325431,90.13251812318993,4.964317617236361,68.98811126873865,5.191986945136711,15.410382737027671,0.9846648140219271,5.389939745417301,NORMAL
HemorrhageClass2Saline,StandardMale.xml,683,72.55946308364412,118.0502366628079,75.4408376983448,89.64397068649916,4.977028924003173,68.71293629894798,5.192785769944441,15.330034490716855,0.9838866269314661,5.3852552672578256,NORMAL
HemorrhageClass2Saline,StandardMale.xml,684,72.19363594524177,117.39481928572624,75.19364895109206,89.26070572930345,4.940109863633239,68.73062285270007,5.189937035540036,15.391133260135168,0.9854660987583783,5.386725175863065,NORMAL
HemorrhageClass2Saline,StandardMale.xml,685,72.3822740064519,117.26030862284863,75.16256943740436,89.19514916588578,4.954968977587407,68.57238046955472,5.19091905276389,15.506814021170104,0.9861396081797508,5.381483251507994,NORMAL
HemorrhageClass2Saline,StandardMale.xml,686,71.96787322273414,116.77345685142859,75.00236266682333,88.92606072835842,4.9873447860633116,68.60405472414217,5.195795214955355,15.530555069840922,0.9855927758853903,5.383290250431747,NORMAL
HemorrhageClass2Saline,StandardMale.xml,687,72.34432695150755,116.60469045867535,75.24722423315954,89.03304630833148,4.964591490168551,69.31739920538712,5.200428549413079,15.616484105900124,0.9857701003077177,5.392262822009915,NORMAL
HemorrhageClass2Saline,StandardMale.xml,688,72.09079706885038,116.63863212818434,74.86343566509365,88.78850115279054,4.935096023006166,68.74894523669401,5.198336802738577,15.646271269673147,0.9870495728823531,5.400788568987792,NORMAL
HemorrhageClass2Saline,StandardMale.xml,689,72.31669214661504,117.43799015926389,75.4483211503487,89.44487748665377,4.968787964706661,68.59218259563461,5.19921872343694,15.6402805860311,0.9874682736671986,5.396939569298402,NORMAL
HemorrhageClass2Saline,StandardMale.xml,690,72.63212996419851,117.59246410165522,75.8371057552419,89.75555853737967,4.9935408392017155,68.82081569346677,5.203893578114892,15.499194388734335,0.9871474666892851,5.398562381723751,NORMAL
HemorrhageClass2Saline,StandardMale.xml,691,72.48612059480301,117.76190795602868,75.2890671705906,89.44668076573663,4.9637021603683085,68.8716192541144,5.199257807404142,15.471929833596256,0.9873767501257538,5.407164529595059,NORMAL
HemorrhageClass2Saline,StandardMale.xml,692,72.79336030736216,118.03756267515641,75.0485201464075,89.3782009893238,4.953792660536925,68.62805707268015,5.2038716067188355,15.442023098266947,0.9872362283297839,5.398634299695203,NORMAL
HemorrhageClass2Saline,StandardMale.xml,693,72.25732703528035,118.49819680737085,74.85823110756746,89.40488634083526,4.927384633026173,68.2721913935684,5.205299029305124,15.393370211104333,0.9880206534531311,5.407124100274611,NORMAL
HemorrhageClass2Saline,StandardMale.xml,694,71.87150461380936,119.04361187515224,74.96425903386799,89.6573766476294,4.925334377285433,68.3700975632656,5.208818504843839,15.31206857212354,0.9870863626854904,5.409750684630273,NORMAL
HemorrhageClass2Saline,StandardMale.xml,695,72.25249136294788,119.17733447925563,75.57787475629398,90.1110279972812,4.935193969026751,68.64577460773032,5.205110081517899,15.215803150535528,0.987625833531405,5.41622683225391,NORMAL
HemorrhageClass2Saline,StandardMale.xml,696,72.50491644245864,118.62848411649996,75.27079565047259,89.72335847248172,4.923796718694522,68.46760130722316,5.205887470950661,15.19220119375017,0.986383870179744,5.409403003917687,NORMAL
HemorrhageClass2Saline,StandardMale.xml,697,72.09874205125993,119.142898667481,75.56745397004268,90.09260220252212,4.947014985813471,68.1357552430543,5.206555004517205,15.289072942773036,0.9870659546673521,5.410833469528896,NORMAL
HemorrhageClass2Saline,StandardMale.xml,698,72.11402231767093,118.36777291144345,75.59702996577866,89.85394428100025,4.96372186017029,68.72933563776745,5.205954299070966,15.198279093195989,0.9883568540405481,5.412061790587849,NORMAL
HemorrhageClass2Saline,StandardMale.xml,699,72.41095339656906,118.84083482507774,75.63334661489311,90.03584268495466,5.007302856951783,68.91829878549008,5.209638287900001,15.335088308959328,0.9874292546802818,5.410956439206551,NORMAL
HemorrhageClass2Saline,StandardMale.xml,700,72.11413441031678,118.84936538960272,75.14140732886756,89.71072668244595,5.030272278718935,69.20895316929067,5.208650853715105,15.25159317425673,0.9873573260370808,5.4177353058979705,NORMAL
HemorrhageClass2Saline,StandardMale.xml,701,72.0954255214081,118.60076601748032,75.46590100298026,89.84418934114694,5.000226398366047,69.71843757606253,5.212724241594728,15.250087534902608,0.9877635783581649,5.415918339284715,NORMAL
HemorrhageClass2Saline,StandardMale.xml,702,72.04618428104246,118.79506891828797,74.94284326378909,89.56025181528871,4.977056450596182,69.37189424494667,5.212516949599418,15.293965170079108,0.9870189234325663,5.423413734819247,NORMAL
HemorrhageClass2Saline,StandardMale.xml,703,72.12803496828766,118.36522693445683,75.12533853520246,89.53863466828724,4.9590818762806075,69.13189853854162,5.211229603214526,15.259670828453917,0.9871967513571122,5.423032299134283,NORMAL
HemorrhageClass2Saline,StandardMale.xml,704,71.99756548690402,118.32058966165289,74.88075294503886,89.36069851724353,4.980585992993719,68.85154915176706,5.209054829994716,15.335537672320276,0.9880840870781629,5.420663467432055,NORMAL
HemorrhageClass2Saline,StandardMale.xml,705,71.8217104147641,117.83476430362711,74.56963494056835,88.9913447282546,4.989241844717297,69.21261641265372,5.205616513257053,15.343416123318136,0.9866371063132225,5.416661691524112,NORMAL
HemorrhageClass2Saline,StandardMale.xml,706,71.66998811913588,117.48430725179422,74.65636976756333,88.93234892897362,4.981144663521861,69.45572953883789,5.201625879005219,15.429163998049097,0.9878836542818749,5.410334883303687,NORMAL
HemorrhageClass2Saline,StandardMale.xml,707,71.44944757006783,117.97283845320368,74.42617921364716,88.94173229349933,4.9836225516036965,69.47815401100134,5.206451498600611,15.491019450595388,0.9887012597619508,5.40299176179523,NORMAL
HemorrhageClass2Saline,StandardMale.xml,708,71.56285137436912,118.28481448041732,74.95350755485302,89.39727653004113,4.969805486503222,69.68351233576375,5.206557049774198,15.404793996183432,0.988608826928691,5.411871330506962,NORMAL
HemorrhageClass2Saline,StandardMale.xml,709,71.56081449802089,118.51810834312444,74.54851731184844,89.2050476556071,4.998930489092483,69.42601530618805,5.2057981712647186,15.349730420644093,0.9887098676961925,5.412065554042394,NORMAL
HemorrhageClass2Saline,StandardMale.xml,710,71.60030917847475,118.22574816193095,74.55222544881724,89.11006635318847,5.003900867415872,69.78005563306141,5.2096530208449465,15.30855419839789,0.987686387529253,5.410669150174337,NORMAL
HemorrhageClass2Saline,StandardMale.xml,711,71.28862909958528,117.66895453857163,75.16318574370938,89.33177534199679,5.040430900626108,69.8086904651555,5.205870789019062,15.360155589266352,0.9876992792142392,5.417762415825386,NORMAL
HemorrhageClass2Saline,StandardMale.xml,712,71.53688352850536,117.25220777569601,75.59788492850397,89.48265921090132,5.02345737729104,70.50153115170193,5.207133315047928,15.458429318865047,0.9874459379974989,5.410802773292909,NORMAL
HemorrhageClass2Saline,StandardMale.xml,713,71.8100532343401,117.8855611070684,75.50241989301759,89.63013363103452,5.003256568084167,70.09601146149113,5.207880088572472,15.531984864345024,0.9861849166079627,5.413125933335275,NORMAL
HemorrhageClass2Saline,StandardMale.xml,714,71.57854516989097,118.32981203299255,75.36575306879904,89.68710605686354,5.013324919567263,69.6340584096489,5.207966407216625,15.42019839370947,0.987136878222774,5.414500062955774,NORMAL
HemorrhageClass2Saline,StandardMale.xml,715,71.31201723209773,117.81785738207684,75.11414057500681,89.34871284403016,4.996901337624454,69.94006192089346,5.205243011992263,15.341788380489788,0.9862684400462182,5.414658896928637,NORMAL
HemorrhageClass2Saline,StandardMale.xml,716,71.55244278485485,117.51900704574604,75.1521098664957,89.27440892624581,5.026338356759612,69.9544061356657,5.203455452301821,15.432148059229169,0.9864277805003931,5.409647607798632,NORMAL
HemorrhageClass2Saline,StandardMale.xml,717,72.00599197045672,117.455109892929,74.87240302237447,89.06663864589265,4.984680226775964,70.11841039279834,5.205456893754633,15.484894958458828,0.9867996891181293,5.406358339180617,NORMAL
HemorrhageClass2Saline,StandardMale.xml,718,72.35725568035484,117.80011186805541,74.50097684533237,88.93402185290672,4.96007246436607,69.25527602643979,5.201050677760745,15.49617276634783,0.9853471711199775,5.410041169240351,NORMAL
HemorrhageClass2Saline,StandardMale.xml,719,72.5954489933781,117.89140658404108,74.10875460514272,88.70297193144218,4.957148703428271,68.68469013978034,5.203616633926684,15.435280131460905,0.984069166454028,5.401933340410697,NORMAL
HemorrhageClass2Saline,StandardMale.xml,720,72.29747421417997,117.42155075357539,74.5167810076631,88.81837092296719,4.99369086339404,68.46493959471037,5.201421170379505,15.419166670644966,0.9833857813530243,5.40665492768801,NORMAL
HemorrhageClass2Saline,StandardMale.xml,721,72.07089151144332,117.66659329020456,74.24859636616027,88.72126200750837,5.021612171221219,69.13462392014361,5.1965932528001,15.502095933654422,0.984005494555771,5.402615079739801,NORMAL
HemorrhageClass2Saline,StandardMale.xml,722,72.34633611448153,117.46105145462367,74.42577740674749,88.77086875603955,5.056733637232498,69.64850889271354,5.197271482880601,15.458846077739079,0.9834022541035556,5.393731282533356,NORMAL
HemorrhageClass2Saline,StandardMale.xml,723,72.23943197372417,118.18173874842928,74.84790088976442,89.29251350931938,5.023344067487674,69.85241753111141,5.198465485052442,15.495124084389417,0.9839231453799027,5.394979286128153,NORMAL
HemorrhageClass2Saline,StandardMale.xml,724,72.3047112292988,118.24996216397824,75.01142786897204,89.4242726339741,5.031398716092206,69.53618410780713,5.196684791374475,15.367923223486311,0.9835507508219041,5.3971763561866695,NORMAL
HemorrhageClass2Saline,StandardMale.xml,725,72.28121095194398,118.64718170821918,75.0578205230782,89.58760758479187,5.016481518816734,69.58138798756899,5.194547931260131,15.355881832905173,0.983077345135006,5.3938997216415085,NORMAL
HemorrhageClass2Saline,StandardMale.xml,726,71.83030993157482,119.01266755773807,75.58606531599695,90.06159939657732,5.001798257796543,69.42089266655533,5.194675834160149,15.285772829417432,0.9817560234619914,5.3899677092154175,NORMAL
HemorrhageClass2Saline,StandardMale.xml,727,72.19874023908363,119.51941649966713,75.60718440803672,90.24459510524686,4.962289477907984,69.60039564087862,5.194405884089178,15.22126480338965,0.9813941653440238,5.39020306191297,NORMAL
HemorrhageClass2Saline,StandardMale.xml,728,71.94768706042716,118.65098553370025,75.5017141086379,89.88480458365868,4.960248451335681,68.83484912286298,5.195458708487855,15.131823929061564,0.9813667282035529,5.389706329802918,NORMAL
HemorrhageClass2Saline,StandardMale.xml,729,71.68778538385203,118.90645771286258,75.42793216809517,89.92077401635098,4.955808905804055,69.00688667494792,5.193451612863511,15.285101456576431,0.9814239467251097,5.391643620218096,NORMAL
HemorrhageClass2Saline,StandardMale.xml,730,71.53602974415007,119.1702997356324,75.98709719440284,90.38149804147936,4.986297712309963,69.15791448567634,5.195821595894028,15.240010775214973,0.9810639027220407,5.387950385980485,NORMAL
HemorrhageClass2Saline,StandardMale.xml,731,71.81447479672713,119.46511800052981,75.88409796584175,90.4111046440711,5.0164003514968165,69.64692134701654,5.1929797544302625,15.193442821641767,0.9807474015818497,5.392311365280472,NORMAL
HemorrhageClass2Saline,StandardMale.xml,732,71.95761897824814,119.45778327685201,75.62427777039403,90.2354462725467,5.024037404682769,69.789135224626,5.190418956699677,15.141407580522301,0.9796456067694603,5.387082124548474,NORMAL
HemorrhageClass2Saline,StandardMale.xml,733,71.60500701192336,119.3354482807452,75.29155141391038,89.97285036952199,4.989019373979367,69.76747683135584,5.188876965954108,15.142702154707695,0.9807193082411467,5.382370029250433,NORMAL
HemorrhageClass2Saline,StandardMale.xml,734,71.85829274976952,118.8044636684579,74.95561674957246,89.5718990558676,4.989967502232951,69.62496329483788,5.188185443191032,15.164294205736088,0.9804963035121264,5.379532629304691,NORMAL
HemorrhageClass2Saline,StandardMale.xml,735,72.12354979785104,119.40708552028778,75.03475637703058,89.82553275811631,5.014617026547676,69.4355412042858,5.187432569466947,15.258012660868811,0.9818870380989504,5.3782601659931775,NORMAL
HemorrhageClass2Saline,StandardMale.xml,736,72.46246925242329,118.62020229548824,75.47895898534499,89.8593734220594,4.978381952854167,69.52275931603984,5.1881388734978096,15.15165027733488,0.9812125136687648,5.3768748114636455,NORMAL
HemorrhageClass2Saline,StandardMale.xml,737,72.65186922966414,118.99147761834362,75.9340853753206,90.28654945632827,4.951016717188381,68.82223739144305,5.191768693518959,15.290534679051154,0.9807622314369838,5.378174473620895,NORMAL
HemorrhageClass2Saline,StandardMale.xml,738,72.75068565173316,118.79512124617028,76.22697336294961,90.41635599068984,4.920218297999016,68.34805209989091,5.192035178800139,15.22500481456596,0.9819140526064758,5.384853664894033,NORMAL
HemorrhageClass2Saline,StandardMale.xml,739,72.63152072501417,119.37665422889235,76.16769394376206,90.57068070547216,4.9453543913355205,67.90422815059333,5.190793104397387,15.259661592615103,0.9816299809021969,5.3853440214830925,NORMAL
HemorrhageClass2Saline,StandardMale.xml,740,72.62037684207976,118.57395337476011,76.6728944943109,90.6399141211273,4.954303029763766,68.29606611195678,5.189062374528091,15.157021381414502,0.9823149927879982,5.383058494249481,NORMAL
HemorrhageClass2Saline,StandardMale.xml,741,72.26690050455002,119.04903948191473,77.03021650589511,91.03649083123499,4.937809366341075,68.41164657625055,5.186066183368425,15.298697584909245,0.9829284010090635,5.379873797550525,NORMAL
HemorrhageClass2Saline,StandardMale.xml,742,72.0781304411912,118.46007859245029,76.64048292805009,90.58034814951682,4.915660281470478,68.48781085524735,5.190071707635599,15.214845181304261,0.9816208264867052,5.3743605396673,NORMAL
HemorrhageClass2Saline,StandardMale.xml,743,71.69756249017166,118.80288326913434,76.5355490146765,90.62466043282912,4.934584744650135,68.36825549148487,5.189579516696358,15.318796413443428,0.9806594499912789,5.381731060126651,NORMAL
HemorrhageClass2Saline,StandardMale.xml,744,71.47854387477712,118.13650417137394,76.61499417675978,90.45549750829784,4.977760863592177,68.89377897703089,5.1953824235685815,15.25829160037039,0.9813818981986852,5.380825385077491,NORMAL
HemorrhageClass2Saline,StandardMale.xml,745,71.22088793918668,118.32286936373445,76.78432422412567,90.63050593732859,5.004038683687746,69.5893236782497,5.192009899171802,15.375907098314524,0.9808692095387082,5.391503249190299,NORMAL
HemorrhageClass2Saline,StandardMale.xml,746,71.74745756448924,118.68891776953674,77.00020072625463,90.896439740682,5.027943075759916,70.11424627345636,5.192035941341657,15.343013757312978,0.9802783852052348,5.3852975047213825,NORMAL
HemorrhageClass2Saline,StandardMale.xml,747,71.94463572581736,118.40940229390228,76.44435265139572,90.43270253223123,5.056116278368919,69.9818469376602,5.192525733645236,15.278406440449665,0.9804684046925404,5.385345424627221,NORMAL
HemorrhageClass2Saline,StandardMale.xml,748,71.79044324325756,118.6371491412737,76.01987084197556,90.22563027507493,5.023576099850174,70.1642555187824,5.19159998977703,15.327740748744041,0.9815279382783795,5.3862466859736955,NORMAL
HemorrhageClass2Saline,StandardMale.xml,749,71.64868900902631,119.02617157440604,76.51490475886884,90.68532703071457,5.0247992247357045,69.89485415665675,5.187960383345139,15.287543571268307,0.9807706254400007,5.384543235023054,NORMAL
HemorrhageClass2Saline,StandardMale.xml,750,71.54890901676413,118.57428221238729,76.29493710323327,90.38805213961794,4.98155548615226,70.02275671112848,5.190303278566852,15.218881352813263,0.9807459182676971,5.377846035884835,NORMAL
HemorrhageClass2Saline,StandardMale.xml,751,71.37910537166633,117.8330100728645,76.6884762260617,90.40332084166263,5.006092183997594,69.57927806822015,5.188466451187376,15.298639545271758,0.9817490665508698,5.382157171210432,NORMAL
HemorrhageClass2Saline,StandardMale.xml,752,71.61828600726616,117.90717103677086,76.47256714521946,90.28410177573659,5.0072067611735624,70.01210444127696,5.189364114429787,15.42947361869198,0.9821634002595437,5.378777245668182,NORMAL
HemorrhageClass2Saline,StandardMale.xml,753,71.77791040914904,117.66971878335806,76.5861237576615,90.28065543289368,4.975084512713291,69.8343344020211,5.190446518278422,15.41638425450397,0.981090241781543,5.380429025772978,NORMAL
HemorrhageClass2Saline,StandardMale.xml,754,72.08632310835046,117.19021182218276,76.9654437337642,90.37369976323706,4.9545676370047484,69.3195249070486,5.1910640753741655,15.458294430133677,0.9801991095485031,5.382420745003596,NORMAL
HemorrhageClass2Saline,StandardMale.xml,755,72.12748512859156,117.75618377857575,77.04150661460858,90.6130656692643,4.962681397595142,68.82987653701306,5.1937916926742,15.542927111734667,0.9798507831458549,5.383557104916905,NORMAL
HemorrhageClass2Saline,StandardMale.xml,756,71.99745921141344,117.93316801371864,76.40417511455358,90.2471727476086,5.002066211270388,68.89525441072888,5.19137546245553,15.443033412041355,0.9802367082979135,5.38857616304119,NORMAL
HemorrhageClass2Saline,StandardMale.xml,757,72.30973363837788,117.35296050363914,76.71790722550837,90.26292498488529,4.966647167949398,69.47132873132978,5.192645241298149,15.411795804177377,0.9819322916473447,5.384130084806898,NORMAL
HemorrhageClass2Saline,StandardMale.xml,758,72.18635101717051,117.24568575981351,76.88367144482885,90.33767621649041,4.996978604303446,68.8005574989136,5.190891451680383,15.514202070277669,0.9807995315212509,5.386466590670832,NORMAL
HemorrhageClass2Saline,StandardMale.xml,759,71.80888181231305,117.05978638787525,77.3133614913726,90.56216979020682,5.034227758479227,69.26129905292632,5.1875909234947315,15.533135996108006,0.981810898235728,5.38323946198631,NORMAL
HemorrhageClass2Saline,StandardMale.xml,760,71.86885450339014,116.73550897788138,77.19046787426265,90.37214824213557,5.00957232970795,70.0086923772059,5.189836349006011,15.565947120093593,0.9811025784089838,5.377166196941239,NORMAL
HemorrhageClass2Saline,StandardMale.xml,761,72.09198263517973,116.76534902998392,76.57720122994225,89.97325049662281,5.019387985063988,69.6635835926145,5.189228623329453,15.623181882073144,0.981290360811015,5.381297979341477,NORMAL
HemorrhageClass2Saline,StandardMale.xml,762,72.20750289598963,117.44637797031025,76.10954948027631,89.88849231028763,4.991238738860663,69.60507120303166,5.189105426792544,15.617915131362452,0.9810995057955689,5.38017971011279,NORMAL
HemorrhageClass2Saline,StandardMale.xml,763,71.89643016701892,118.2092372744708,76.02829168102154,90.08860687883796,4.980590982365995,69.17573416505189,5.188128058732134,15.497713945280758,0.9828857610647735,5.379953017541419,NORMAL
HemorrhageClass2Saline,StandardMale.xml,764,71.77492747954331,118.00505856403524,76.34198856235567,90.22967856291552,4.97762179737588,69.29236741382583,5.191335963581844,15.363069750674857,0.9833800463872241,5.3781545734913845,NORMAL
HemorrhageClass2Saline,StandardMale.xml,765,71.86624196807276,117.60396355755383,76.62065371055938,90.28175699289086,5.014692584516432,69.35250945502156,5.189569592957161,15.399107166581476,0.9848945260535009,5.384057403370662,NORMAL
HemorrhageClass2Saline,StandardMale.xml,766,71.84848801698858,117.50642585259578,76.81930091115103,90.38167589163261,5.051373194501791,69.72739792575695,5.191361190524163,15.469900186753875,0.9849557873611555,5.380807124515851,NORMAL
HemorrhageClass2Saline,StandardMale.xml,767,72.27068208769235,117.2870006592253,76.48343127044933,90.08462106670798,5.022285223231766,70.18389479225932,5.195609115847792,15.487115531256013,0.9835244265229479,5.38410382318542,NORMAL
HemorrhageClass2Saline,StandardMale.xml,768,72.47916768745877,117.63638714769466,76.15777516287639,89.98397915781581,5.023611619773443,69.4988406922382,5.196523422415544,15.525843941955706,0.9849201742146982,5.391920383120953,NORMAL
HemorrhageClass2Saline,StandardMale.xml,769,72.11608115057875,117.03194360421787,75.96602299648579,89.65466319906315,4.991541046837015,69.35085285172224,5.195472223141657,15.464177443179882,0.9851730238511693,5.3936027884227915,NORMAL
HemorrhageClass2Saline,StandardMale.xml,770,71.8814345266749,117.58119716069078,75.48030154518206,89.5139334170183,4.984650980326208,69.2511880887589,5.200013062224238,15.570861354160987,0.9858619874894987,5.391668488381587,NORMAL
HemorrhageClass2Saline,StandardMale.xml,771,72.0817912221311,118.04047366355597,75.14885071237275,89.44605836276716,5.01275069361275,69.35314730485979,5.201907968836952,15.473918441696803,0.9860217641605237,5.400024035652907,NORMAL
HemorrhageClass2Saline,StandardMale.xml,772,72.39308950260823,118.16904156630781,75.0093352946438,89.39590405186514,5.029516443455881,69.53329164440122,5.202518253033288,15.39285642345512,0.9846755005967268,5.40351083214345,NORMAL
HemorrhageClass2Saline,StandardMale.xml,773,71.96657263155615,118.52844076381288,74.9432577143668,89.47165206418215,5.050958488514852,69.4892101358155,5.201482121764079,15.370164268265063,0.9858049394273216,5.404633809275801,NORMAL
HemorrhageClass2Saline,StandardMale.xml,774,72.26846119675753,118.08375207717133,75.25076322589095,89.52842617631774,5.052358918243522,70.08462311781498,5.1964779616604675,15.306730532547139,0.9865728358786543,5.402727235701683,NORMAL
HemorrhageClass2Saline,StandardMale.xml,775,72.12578700754172,117.80060769871966,74.78821957014256,89.12568227966825,5.048583167435229,69.86157491546524,5.193255368489276,15.385217810262255,0.9864542836966261,5.393519136595206,NORMAL
HemorrhageClass2Saline,StandardMale.xml,776,71.87962343126829,117.19476465152503,75.20850181231611,89.20392275871909,5.033546290510985,69.92936042522317,5.1932508018096035,15.435192617655822,0.9866234021662519,5.387589278899652,NORMAL
HemorrhageClass2Saline,StandardMale.xml,777,71.90522747811896,116.90030217853119,75.04924493595567,88.99959735014751,5.020626330172818,69.94408259417693,5.190112328355409,15.542123540176156,0.985241237433673,5.387580875803399,NORMAL
HemorrhageClass2Saline,StandardMale.xml,778,71.97955929419774,116.39855561607287,75.03999116032058,88.82617931223801,4.984686828777225,69.76797261822966,5.190921134085762,15.59409598424505,0.9860434245631191,5.381805805859409,NORMAL
HemorrhageClass2Saline,StandardMale.xml,779,71.68756470546121,116.07554936073915,75.22395058530533,88.8411501771166,4.985754238276232,69.276176627849,5.193169524514229,15.682653941695438,0.9850482948425645,5.383294080248874,NORMAL
HemorrhageClass2Saline,StandardMale.xml,780,71.83699708608948,116.63161312747881,75.0106338038879,88.88429357841821,4.953382182423845,69.51991506897038,5.1964833781679705,15.739664345664927,0.9845146683236256,5.3874313183601075,NORMAL
HemorrhageClass2Saline,StandardMale.xml,781,72.2058549662562,116.21783533084006,75.33298446054886,88.96126808397926,4.9534712923978965,69.01108267564415,5.195247630293543,15.641519435307472,0.984015688390467,5.393529103450156,NORMAL
HemorrhageClass2Saline,StandardMale.xml,782,72.24364151078063,115.76113476204003,75.17714346951425,88.70514056702284,4.998677445032897,68.72337040490687,5.196789818739866,15.71455096008587,0.9855648671482083,5.391255217590642,NORMAL
HemorrhageClass2Saline,StandardMale.xml,783,72.15324488178989,115.5283542274624,74.72768472169246,88.32790789028243,5.024307259938358,69.23669987721863,5.194043342797724,15.795158327560799,0.9851411652356784,5.3940929813233325,NORMAL
HemorrhageClass2Saline,StandardMale.xml,784,72.33165332354763,116.31265006470014,74.41203179672466,88.37890455271649,4.985434467512986,69.61579153936025,5.1990090199614425,15.836243947710148,0.9864100673719531,5.389039221622369,NORMAL
HemorrhageClass2Saline,StandardMale.xml,785,72.56653665666494,116.95910644752354,74.01510293043881,88.32977076946706,5.002877079793404,69.00882176214769,5.195201034273681,15.69781621829569,0.9861475093217316,5.398176508701033,NORMAL
HemorrhageClass2Saline,StandardMale.xml,786,72.08203947567853,116.67402802159313,74.2939410336514,88.42063669629864,4.9787981851188485,69.03434884198056,5.195817397202168,15.583717067196151,0.985331733552471,5.391169476775005,NORMAL
HemorrhageClass2Saline,StandardMale.xml,787,72.05358930598017,117.15172685305568,74.0640251516794,88.4265923854715,4.9975210338055955,69.124689325064,5.191335704782805,15.634033232771605,0.9855542244320753,5.392303639314484,NORMAL
HemorrhageClass2Saline,StandardMale.xml,788,72.17469788644178,116.61227638577519,73.8958917693291,88.1346866414778,4.9805721222756825,69.37232379888637,5.1949203485237945,15.54971968494481,0.9858638054223562,5.38405692715744,NORMAL
HemorrhageClass2Saline,StandardMale.xml,789,71.78549873105263,116.99199922934464,73.5531320140283,88.03275441913374,4.974250013940698,69.07331679035273,5.193039598821857,15.644932358239378,0.9868509881884371,5.390652990062106,NORMAL
HemorrhageClass2Saline,StandardMale.xml,790,71.95246151320202,117.62043762507768,73.26354057006759,88.04917292173762,5.007070741594674,69.30345687626676,5.195090233219992,15.577911511581249,0.9858964972047298,5.3871922435449395,NORMAL
HemorrhageClass2Saline,StandardMale.xml,791,71.865639741274,118.3322940956392,73.10460748324729,88.18050302071126,4.99136594716797,69.56718207358055,5.199150523952202,15.46699252404132,0.9859194991814322,5.390965592993842,NORMAL
HemorrhageClass2Saline,StandardMale.xml,792,71.63912903412353,118.29415966216517,73.39440858677646,88.3609922785727,5.026623328256752,69.44659436671402,5.194433328889005,15.341350297970251,0.9850881565053822,5.398436888613723,NORMAL
HemorrhageClass2Saline,StandardMale.xml,793,71.72807613342808,118.02659247920919,73.57265342982194,88.39063311295102,4.99563959493084,70.0524528254132,5.193346214365326,15.34808100185478,0.9846368471471917,5.389756830672502,NORMAL
HemorrhageClass2Saline,StandardMale.xml,794,71.8775523441425,117.65415445252424,74.43176729101198,88.83922967818273,4.996320178105759,69.60717884341965,5.196997150291676,15.395306443893169,0.9850432603372643,5.387756443381356,NORMAL
HemorrhageClass2Saline,StandardMale.xml,795,72.20269015786008,118.24135529609023,74.99386985700023,89.4096983366969,4.959167315601283,69.49690588901184,5.197786638413852,15.461041524884006,0.9843803829655596,5.394474489795769,NORMAL
HemorrhageClass2Saline,StandardMale.xml,796,71.88731521020122,118.76904074217886,75.30041137594525,89.78995449802312,4.931626649678262,68.79426017543291,5.1967856802536545,15.357400939755596,0.9858117418885877,5.39592721807022,NORMAL
HemorrhageClass2Saline,StandardMale.xml,797,71.9977002118677,118.85441051362696,75.05552877913148,89.6551560239633,4.9199575183278546,68.7092731714769,5.193570174612231,15.264264785413161,0.9871584501100015,5.394085366141084,NORMAL
HemorrhageClass2Saline,StandardMale.xml,798,72.32590540758186,118.51501326553027,75.2171875744503,89.64979613814363,4.9071535235701385,68.48252622005153,5.190470040332926,15.2491970736377,0.9871099314485159,5.3881685501298815,NORMAL
HemorrhageClass2Saline,StandardMale.xml,799,72.50691282711296,118.96212033783253,75.07996853454229,89.70735246897237,4.935924352536085,68.07429528289506,5.191470068671684,15.309100477675912,0.9858469881259896,5.382464027673331,NORMAL
HemorrhageClass2Saline,StandardMale.xml,800,72.81157376087269,119.51515589074688,74.76225795532422,89.6798906004651,4.97909663301518,68.27939683872107,5.196323205530946,15.23018635638983,0.9852317553270998,5.384304168648423,NORMAL
HemorrhageClass2Saline,StandardMale.xml,801,72.71033263489248,119.96516257034759,74.4497612282355,89.6215616756062,4.96728714026579,68.56005406153267,5.20041356700117,15.132575923896615,0.9858944637940393,5.3932343715700135,NORMAL
HemorrhageClass2Saline,StandardMale.xml,802,72.79391918315675,120.26643454155894,74.5287672721549,89.77465636195625,4.964542085921134,68.49730399197072,5.199810544879998,15.053150023718615,0.9871242519909675,5.400761000019003,NORMAL
HemorrhageClass2Saline,StandardMale.xml,803,72.96531012521602,120.60667150541862,74.43019707225343,89.82235521664182,4.991590948711614,68.40002620846712,5.195893407203453,14.9999757074327,0.9860086456692786,5.399651385750039,NORMAL
HemorrhageClass2Saline,StandardMale.xml,804,73.00028707275828,120.4571537663241,74.3348889142008,89.7089771982419,4.99807382671535,68.59029821663687,5.19353086572171,14.939924094082507,0.9851245464171677,5.39244350446876,NORMAL
HemorrhageClass2Saline,StandardMale.xml,805,72.96886809651625,119.97139645630345,74.7563141660022,89.82800826276929,4.996458420551983,68.64050029870779,5.194071355014277,14.966313882408983,0.9854287235142856,5.388096218279545,NORMAL
HemorrhageClass2Saline,StandardMale.xml,806,72.9628574086753,119.56329442803676,75.3250064226673,90.07110242445712,4.996245530811611,68.64551898581051,5.190920510517982,15.05204974670919,0.9844742241631742,5.389090766589131,NORMAL
HemorrhageClass2Saline,StandardMale.xml,807,72.41410461389309,119.74995688634972,74.8223373712815,89.7982105429709,4.978334029846987,68.64762460456663,5.190776906636301,15.124079501885962,0.98524336286297,5.383292932828768,NORMAL
HemorrhageClass2Saline,StandardMale.xml,808,72.72963491635612,119.90521875747609,74.44007996694816,89.59512623045747,5.01538650579193,68.85933566078212,5.196370620860987,15.091133693627958,0.9863252916507196,5.383028688930247,NORMAL
HemorrhageClass2Saline,StandardMale.xml,809,72.58932886334892,119.43620352974439,74.57242931788215,89.52702072183624,4.9930809290943285,69.05674279928124,5.1957094776770045,15.063730069556254,0.9848448060061499,5.393321619989159,NORMAL
HemorrhageClass2Saline,StandardMale.xml,810,72.67076708801999,119.09996900273765,74.51565028450422,89.37708985724869,5.002922400318673,68.89941566156705,5.198477207447965,15.146510966703904,0.9851386320369526,5.392105057801771,NORMAL
HemorrhageClass2Saline,StandardMale.xml,811,72.56936206847685,119.49681539845879,75.0343698085053,89.85518500515647,5.004185291548381,68.95368806051876,5.198115059143499,15.20585615242899,0.986108577936265,5.397197926435723,NORMAL
HemorrhageClass2Saline,StandardMale.xml,812,72.10008696790537,120.01510587301448,75.17027753006877,90.11855364438401,4.995277032478174,69.04779465064887,5.200617471508572,15.135813009423838,0.9861930437878822,5.396531541386139,NORMAL
HemorrhageClass2Saline,StandardMale.xml,813,72.0948456250823,119.96123266564511,74.72692702929838,89.80502890808063,4.979200112812821,69.30869878487516,5.1995485001272,15.044335061736938,0.985511315716916,5.40113620242531,NORMAL
HemorrhageClass2Saline,StandardMale.xml,814,72.33974983613439,119.67666778222909,74.78347166553219,89.74787037109782,4.9910197798196485,69.11946807428805,5.195130066731981,15.05384364946409,0.9855213421202591,5.39916920012765,NORMAL
HemorrhageClass2Saline,StandardMale.xml,815,71.9919553342165,119.94150503067785,74.86845521832136,89.89280515577352,5.010026988910189,69.06948093633477,5.1916511609595775,15.104069175103891,0.9863158513314835,5.391038890194283,NORMAL
HemorrhageClass2Saline,StandardMale.xml,816,72.34368755088421,119.98793197450132,74.56378324406127,89.70516615420796,5.001776919495093,69.57153336246306,5.191827555820691,15.057325564814878,0.9852472774048449,5.3846373945444395,NORMAL
HemorrhageClass2Saline,StandardMale.xml,817,72.35363994759068,120.05203195787512,74.37486156709495,89.60058503068834,4.99791502885172,69.19541171756008,5.189981811319728,15.049131237990741,0.9858026584801842,5.384961976757912,NORMAL
HemorrhageClass2Saline,StandardMale.xml,818,72.6152658710137,120.22599255829542,74.8278700303524,89.96057753966674,4.968076121936774,69.14130132834075,5.186924470848254,15.03781763063412,0.9855866767056226,5.381565642920027,NORMAL
HemorrhageClass2Saline,StandardMale.xml,819,72.39409180124403,119.99777576636467,74.82650378147329,89.88359444310375,4.995611223171632,68.58027041373127,5.188086596950458,15.007113692425587,0.9868890302936293,5.375939864871226,NORMAL
HemorrhageClass2Saline,StandardMale.xml,820,72.22559798234444,119.59588073884099,75.28630561049671,90.05616398661147,5.029175688666323,69.08202500345745,5.189694055850183,15.047393814824922,0.9872165827925253,5.378078280130083,NORMAL
HemorrhageClass2Saline,StandardMale.xml,821,71.90477579358614,119.92470576139107,74.98480702947927,89.96477327344986,5.042255558745197,69.6171277407839,5.189713890559837,15.118328038215683,0.9864679095341374,5.381036147294958,NORMAL
HemorrhageClass2Saline,StandardMale.xml,822,72.13694135166028,119.62330840062305,75.25583876758364,90.04499531193011,5.006034728290006,70.02902891993173,5.1868520327794325,15.06029062543713,0.9854590970839026,5.381072644922623,NORMAL
HemorrhageClass2Saline,StandardMale.xml,823,72.2101663583622,119.08692000065464,75.29365120676327,89.89140747139373,5.033664257099126,69.40901896577574,5.18833829779103,15.113487072902123,0.9839396413545143,5.375806572389974,NORMAL
HemorrhageClass2Saline,StandardMale.xml,824,72.47823199728329,118.59223322956224,75.48328417044539,89.85293385681767,5.027239759674993,69.68322820896728,5.18837222967468,15.208159293213006,0.9827626377028221,5.378541432035133,NORMAL
HemorrhageClass2Saline,StandardMale.xml,825,72.4716249267182,118.16524243071044,75.6008098124014,89.78895401850441,5.033194828766324,69.39503318466652,5.189877421340286,15.295471201860728,0.9839172848290904,5.378603869715194,NORMAL
HemorrhageClass2Saline,StandardMale.xml,826,72.02526887137677,117.65338456872908,75.8316481497607,89.77222695608349,4.991713547589311,69.47153546223184,5.194225070914826,15.370834813344498,0.9845048435832088,5.381373556084968,NORMAL
HemorrhageClass2Saline,StandardMale.xml,827,72.29109995072582,117.41193112081436,76.35589165154288,90.04123814130004,4.956739166557745,69.32475609873278,5.193856377988859,15.461177408896921,0.9835791792796356,5.3893736175006115,NORMAL
HemorrhageClass2Saline,StandardMale.xml,828,72.37600487808784,117.6365566940804,76.54388962183911,90.24144531258621,4.970095658468513,68.69618897707804,5.197220670678392,15.503793792877545,0.9827250396340702,5.388695189766112,NORMAL
HemorrhageClass2Saline,StandardMale.xml,829,72.27211701941405,117.78981521768006,76.99775668988413,90.59510953248277,4.941526690245514,68.79027395098566,5.195435838397204,15.464147518347833,0.9825126436982484,5.394885787162478,NORMAL
HemorrhageClass2Saline,StandardMale.xml,830,72.12594205350258,117.20924592958163,76.79330579562512,90.26528584027729,4.953348466673668,68.52837921152837,5.193729095743449,15.43709748387355,0.9816151590946146,5.391601537219763,NORMAL
HemorrhageClass2Saline,StandardMale.xml,831,72.2588081831042,116.98634794200206,76.73255318752713,90.1504847723521,4.96153051351024,68.7842540454715,5.196188784537537,15.539567603570074,0.9822219572653766,5.388460979128171,NORMAL
HemorrhageClass2Saline,StandardMale.xml,832,71.8993360062047,117.42707512618607,76.80125023786543,90.34319186730565,5.005626793447975,68.77885847043984,5.196330142332907,15.578908960296337,0.9830100401331713,5.392987025001625,NORMAL
HemorrhageClass2Saline,StandardMale.xml,833,72.26469663238268,118.17518539272729,76.45172561767653,90.35954554269345,5.013585311441267,69.59185102935487,5.1947884535358915,15.501120885310893,0.9832453222151825,5.393247135901813,NORMAL
HemorrhageClass2Saline,StandardMale.xml,834,72.61273474161392,117.94999524858376,75.95430222348281,89.95286656518313,5.016787553262987,69.39912438958275,5.195402203785961,15.369079886708022,0.983781191327095,5.390410291568232,NORMAL
HemorrhageClass2Saline,StandardMale.xml,835,72.49566833941341,117.50774108607932,76.09095876304532,89.89655287072333,5.031239724314834,69.16465676170485,5.200562399869331,15.408825807647869,0.9823833846396693,5.39153964654734,NORMAL
HemorrhageClass2Saline,StandardMale.xml,836,72.0250083508194,117.74122807254085,75.62178169535595,89.66159715441758,5.054926609688433,69.42924066167542,5.203513076371121,15.486883393360932,0.9840895586742449,5.401034865717133,NORMAL
HemorrhageClass2Saline,StandardMale.xml,837,71.95170801751911,117.53894373524881,75.73872212355222,89.67212932745109,5.058614947534151,70.0858284623233,5.198345158973196,15.445673084891709,0.9832659149601815,5.406464372586832,NORMAL
HemorrhageClass2Saline,StandardMale.xml,838,71.78576323141623,117.99939297842454,75.53875014241363,89.69229775441727,5.051347172780053,70.18871018115507,5.19671671115002,15.48137614511203,0.9819229585319286,5.396954945512379,NORMAL
HemorrhageClass2Saline,StandardMale.xml,839,71.97326640003799,117.77737052466186,75.86222440073567,89.83393977537773,5.0537911967374,70.23376233185773,5.192270402250076,15.400107138932029,0.9811958724484321,5.393958456863922,NORMAL
HemorrhageClass2Saline,StandardMale.xml,840,71.84252424524503,117.57664177497303,76.08538100923673,89.91580126448216,5.079923443906653,70.11340298895001,5.19586097060114,15.439293964481987,0.9819369903556362,5.385776853525702,NORMAL
HemorrhageClass2Saline,StandardMale.xml,841,71.85626617521423,117.80446836052074,76.54581846833885,90.29870176573282,5.07224127079239,70.53302370973495,5.1945430056649355,15.474722464454004,0.9830338621843729,5.392383818239184,NORMAL
HemorrhageClass2Saline,StandardMale.xml,842,71.81348314965771,118.16706243843403,76.88380999084124,90.64489414003884,5.04657186083094,70.42933939782479,5.197228964384852,15.434511213239546,0.9826375744086508,5.38995864568272,NORMAL
HemorrhageClass2Saline,StandardMale.xml,843,71.87600129922984,117.7389995427309,77.00255153980643,90.58136754078126,5.0643349435834475,70.15396004705535,5.201330818854727,15.37051358310875,0.9823872501509643,5.394901048319088,NORMAL
HemorrhageClass2Saline,StandardMale.xml,844,72.27416908428624,117.46231194500228,76.3221564261876,90.03554159912584,5.09446004228338,70.31818544346977,5.202489520930327,15.446066419022632,0.9836233714193787,5.402448824908349,NORMAL
HemorrhageClass2Saline,StandardMale.xml,845,72.2812559737733,117.37088474035835,76.39853228869428,90.05598310591564,5.111052818305108,70.3623754742135,5.204805871913747,15.494901608618441,0.9843492391155169,5.404580939654101,NORMAL
HemorrhageClass2Saline,StandardMale.xml,846,72.08187243393047,116.78908723418147,76.24834699178722,89.7619270725853,5.096033588645406,70.55586291188104,5.201798038074397,15.511038453600491,0.9842569900718107,5.408843231223333,NORMAL
HemorrhageClass2Saline,StandardMale.xml,847,72.42761287930229,116.53396906583555,75.98194740937504,89.49928796152854,5.052227897411756,70.53501845815865,5.204503714720015,15.613725353027,0.9851497690399377,5.40330854977528,NORMAL
HemorrhageClass2Saline,StandardMale.xml,848,72.68078289163066,116.62751597168867,75.4139903742458,89.15183224006009,5.043888265308416,69.7341845130639,5.204144160657533,15.658753551698666,0.9842084292044647,5.408287235146467,NORMAL
HemorrhageClass2Saline,StandardMale.xml,849,72.89628730385944,117.11420458962674,75.51120187419214,89.37886944600368,5.0600884239902175,69.4353339907563,5.200245762345788,15.642242580766315,0.9853871166670994,5.40762562373258,NORMAL
HemorrhageClass2Saline,StandardMale.xml,850,72.99152879363342,117.83152167942544,75.78069791447088,89.79763916945573,5.022706699303848,69.45997703885591,5.202471818596101,15.55634234119561,0.9852342697592169,5.400452224547138,NORMAL
HemorrhageClass2Saline,StandardMale.xml,851,72.9827370282321,117.88260122644621,75.21139843187115,89.4351326967295,5.054270923324445,68.94053261304549,5.204144706200653,15.42973631921194,0.9854984013258458,5.40454836578664,NORMAL
HemorrhageClass2Saline,StandardMale.xml,852,72.47425774047709,117.85002220944742,74.75942928278208,89.12296025833719,5.048692480997404,69.32318109175529,5.205403156656965,15.42072081080569,0.9848959937561521,5.407626627580381,NORMAL
HemorrhageClass2Saline,StandardMale.xml,853,72.45033726454143,117.60464512218539,75.37576288593135,89.4520569646827,5.02788086524835,69.655057159959,5.201896600499842,15.426470987123826,0.9842342582522654,5.4099422882072155,NORMAL
HemorrhageClass2Saline,StandardMale.xml,854,72.22402480013828,117.56866241676018,74.99029368684118,89.18308326348085,4.996114963733685,69.42461258840473,5.199481325555064,15.469779891018621,0.9828412537344194,5.403489913393326,NORMAL
HemorrhageClass2Saline,StandardMale.xml,855,72.28177196346739,117.63903084556578,74.75683016160525,89.05089705625876,4.984657598954933,69.22133123185846,5.197707645592446,15.476130816235493,0.9819385280421251,5.399045592947852,NORMAL
HemorrhageClass2Saline,StandardMale.xml,856,72.39417832875607,117.37802061369541,74.5966965568652,88.85713790914194,4.952399441302547,69.03851590979758,5.199023560966139,15.463710832143354,0.981699526502202,5.3957818642619575,NORMAL
HemorrhageClass2Saline,StandardMale.xml,857,72.27764403062247,116.93320872100533,74.72647175285749,88.79538407557344,4.972775802676821,68.56401033802297,5.195160901909283,15.509778976377053,0.9806248174198856,5.3982032654413405,NORMAL
HemorrhageClass2Saline,StandardMale.xml,858,72.16848830244716,116.60913619113319,74.99146090158085,88.86401933143163,4.983820442913951,68.8991401153438,5.198909558867817,15.588287999883411,0.9815727342040538,5.391095629659585,NORMAL
HemorrhageClass2Saline,StandardMale.xml,859,72.23099882489534,116.50998390836948,75.49089774435384,89.16392646569238,5.003006194312611,69.11721968340713,5.200705448381192,15.645486600648393,0.981947218033675,5.397993491453706,NORMAL
HemorrhageClass2Saline,StandardMale.xml,860,72.56807135298595,117.04310552413466,75.50955327194525,89.35407068934173,4.973149625841875,69.29860896737242,5.203777554020236,15.66298691713303,0.9834503721291338,5.40129808768585,NORMAL
HemorrhageClass2Saline,StandardMale.xml,861,72.43971821093632,117.09336142799397,75.78855585137539,89.55682437691492,4.993541276208606,68.67753134480174,5.203129483119622,15.568891282210293,0.9827693561736189,5.406951034954556,NORMAL
HemorrhageClass2Saline,StandardMale.xml,862,72.13904638511549,117.70542905631922,75.95373169846718,89.87096415108452,5.027430003938787,69.02156340705545,5.201800032648472,15.560021146311808,0.983546552469758,5.40575852692977,NORMAL
HemorrhageClass2Saline,StandardMale.xml,863,72.2459860464319,118.14433224349732,76.41805303548303,90.3268127714878,5.020041109620561,69.66455199325384,5.196958751306496,15.451991589077942,0.9835887668039539,5.403312219968754,NORMAL
HemorrhageClass2Saline,StandardMale.xml,864,72.082548997589,118.07311111501632,75.97389236269265,90.00696528013387,5.038808516197722,69.49135957588787,5.198246318440368,15.374525448434106,0.9825837847862089,5.394403832252085,NORMAL
HemorrhageClass2Saline,StandardMale.xml,865,71.74993117120904,118.50909438166146,76.33306941897682,90.39174440653836,5.019711823277751,69.84613424840823,5.1998810492039125,15.387095933490718,0.9836542675066325,5.3967730701520455,NORMAL
HemorrhageClass2Saline,StandardMale.xml,866,71.82145741222531,118.31041727963766,76.19006301739275,90.23018110480771,5.026757731071787,69.88048621753232,5.200370050157233,15.310145157012109,0.9851835415295529,5.399781119968887,NORMAL
HemorrhageClass2Saline,StandardMale.xml,867,71.76087485967636,118.05094210923978,76.54442887001481,90.3799332830898,5.030473301636965,69.90853885545086,5.203183602346468,15.345211542442206,0.9849749274831865,5.400680925160591,NORMAL
HemorrhageClass2Saline,StandardMale.xml,868,72.03408231025516,118.10729388588231,76.1638419744402,90.14499261158757,5.039425612275613,70.00168749350931,5.198707999583155,15.391008749276953,0.9862695219481742,5.4058581111145365,NORMAL
HemorrhageClass2Saline,StandardMale.xml,869,72.08725486819,118.07596895105688,76.25518579705533,90.19544684838918,5.031209866710799,69.89204038900463,5.19936217924492,15.381062695608517,0.987134085734609,5.397622604465566,NORMAL
HemorrhageClass2Saline,StandardMale.xml,870,71.81237744570343,118.70527918893085,75.70872983728023,90.0409129544971,4.995754714412531,69.7510035347217,5.202553843776575,15.38659152719994,0.9877774837970792,5.398826353153508,NORMAL
HemorrhageClass2Saline,StandardMale.xml,871,71.74951645551465,118.614419906044,75.93515269440984,90.1615750982879,4.963562496132684,69.54169888743013,5.205519985601686,15.275518660062229,0.9887171930639486,5.404699299404948,NORMAL
HemorrhageClass2Saline,StandardMale.xml,872,72.11752622276059,118.73280961200359,75.34299366222199,89.80626564548253,4.940151161499538,69.20284937955526,5.201570796239405,15.29155526720597,0.9885137501798107,5.410157263843331,NORMAL
HemorrhageClass2Saline,StandardMale.xml,873,72.00820846105181,118.75580619363171,75.05499388614544,89.6219313219742,4.962639707617163,68.63214471533394,5.1996111794791195,15.270659557444523,0.9884436354509036,5.402890404613171,NORMAL
HemorrhageClass2Saline,StandardMale.xml,874,72.3372839316854,118.3933668110879,75.69803498859518,89.92981226275943,4.962391350873933,68.98818821862528,5.2044680708866045,15.266600675033152,0.9877010914419153,5.399284535702941,NORMAL
HemorrhageClass2Saline,StandardMale.xml,875,71.94757465105975,117.65851194573825,76.31722279093506,90.09765250920279,4.959733686518307,68.72804176217633,5.2003863806339625,15.330571001527069,0.9868676780831372,5.408221647326776,NORMAL
HemorrhageClass2Saline,StandardMale.xml,876,71.8524560694409,117.76707704108937,75.74370090384109,89.75149294959051,4.981362352692473,69.00077348433125,5.203563020180598,15.460272430031125,0.9862960806803902,5.400710974688396,NORMAL
HemorrhageClass2Saline,StandardMale.xml,877,72.16819951833816,118.3063977017825,75.45610624606113,89.73953673130158,5.000021186027367,69.33637754746246,5.20222082005306,15.441110757955894,0.985646833719758,5.4065562736327415,NORMAL
HemorrhageClass2Saline,StandardMale.xml,878,72.04394181018962,118.1045860858976,75.57415799237576,89.75096735688304,5.013017370523911,69.31213033374847,5.201791967215272,15.345920995443581,0.9846597962652905,5.40408650617143,NORMAL
HemorrhageClass2Saline,StandardMale.xml,879,71.94365255750103,118.68657175676631,76.03215097135326,90.25029123315761,4.983625854091536,69.5664126942263,5.206623249857715,15.381540620628385,0.9851971956998131,5.403297378855221,NORMAL
HemorrhageClass2Saline,StandardMale.xml,880,71.66128857448446,118.00634184390115,75.44722249188438,89.6335956092233,5.003512753373625,69.29169826820902,5.205960697407632,15.278820510250332,0.9849916341494787,5.412187368076571,NORMAL
HemorrhageClass2Saline,StandardMale.xml,881,72.11486065311762,117.42412547960504,75.68286704076715,89.59661985371311,4.996313565569072,69.75540612956159,5.205044392900972,15.39888066848011,0.9858590883195522,5.410968212714375,NORMAL
HemorrhageClass2Saline,StandardMale.xml,882,72.17758355918345,117.38777835878545,75.33588799828661,89.35318478511955,4.99755750461736,69.30953397806441,5.205161565817545,15.501641496105186,0.9856405367120151,5.409282131027471,NORMAL
HemorrhageClass2Saline,StandardMale.xml,883,72.02963890558065,117.01982374510024,75.53941112430608,89.36621533123747,5.004117734794792,69.27514618071652,5.208216908667911,15.50805674041342,0.9847995721260886,5.409497739602347,NORMAL
HemorrhageClass2Saline,StandardMale.xml,884,72.02564932742682,117.01017043019459,75.64893125627236,89.43601098091311,4.992927175310819,69.47060805307841,5.212342255419863,15.573000501787199,0.9850200461871765,5.415119841850862,NORMAL
HemorrhageClass2Saline,StandardMale.xml,885,72.18490592720401,116.584908588021,75.6680224114953,89.3069844703372,5.009108505777144,69.33906405071187,5.20777629796203,15.574704305887982,0.9857123229315969,5.422710846325947,NORMAL
HemorrhageClass2Saline,StandardMale.xml,886,72.53825144753264,117.42832194073269,76.04167458712023,89.83722370499105,5.005090868543192,69.40817203164555,5.202936885525858,15.649762757589107,0.9868251151695417,5.414309079012918,NORMAL
HemorrhageClass2Saline,StandardMale.xml,887,72.11144009356985,117.45692808470913,76.32680102685813,90.03684337947513,5.041246045187215,69.08290967568148,5.198482884308363,15.500900823315794,0.9870802500101383,5.405404130248943,NORMAL
HemorrhageClass2Saline,StandardMale.xml,888,72.3297180242443,117.25824032689873,75.75173002053268,89.58723345598803,5.0232389787050815,69.85252750153671,5.2013894575140345,15.495851856624974,0.9868205288338834,5.397208372363126,NORMAL
HemorrhageClass2Saline,StandardMale.xml,889,72.2800807746055,117.30232473498994,76.06147996905023,89.80842822436347,5.013826645624103,69.46379978352284,5.205884175649923,15.530920122794807,0.987569637051307,5.402556725250305,NORMAL
HemorrhageClass2Saline,StandardMale.xml,890,72.06067749809203,116.73376047586352,76.561693301532,89.95238235964251,5.0319400358695665,69.38991888371545,5.20768342008228,15.523139252076254,0.987555299036552,5.41082740588282,NORMAL
HemorrhageClass2Saline,StandardMale.xml,891,71.69881274423055,116.84497228675501,76.09858768794976,89.68071588755151,4.991817701995865,69.78085417633609,5.211972736025847,15.623490491596126,0.988277675945326,5.414138175463906,NORMAL
HemorrhageClass2Saline,StandardMale.xml,892,71.85286233565044,116.68223353678395,75.58601552942675,89.28475486521248,4.993354635435627,69.58424742426762,5.2145299014689375,15.603861675867613,0.987349153837265,5.422030897816823,NORMAL
HemorrhageClass2Saline,StandardMale.xml,893,71.58556487950602,116.53043588195607,76.06409004789685,89.55287199258326,4.95537552112841,69.4806854118893,5.209483648734531,15.632584964423604,0.9861851674100578,5.426736309383221,NORMAL
HemorrhageClass2Saline,StandardMale.xml,894,71.73410532207265,116.21470407652774,75.99254306996929,89.39993007215544,4.985943280784235,69.23343997054748,5.206337903927546,15.659377156464647,0.9866927312737424,5.417450756097022,NORMAL
HemorrhageClass2Saline,StandardMale.xml,895,71.770238661102,116.8436026863153,76.42783659597828,89.89975862609062,4.975242380396168,69.4852947487535,5.201675167766086,15.715103624532237,0.9854925987092429,5.411662306217991,NORMAL
HemorrhageClass2Saline,StandardMale.xml,896,72.15904080973455,116.49529337044136,76.37270240144929,89.74689939111332,5.0180250126928865,69.3274937074962,5.204244906638185,15.60410340949678,0.9846670550084204,5.403082457493509,NORMAL
HemorrhageClass2Saline,StandardMale.xml,897,72.08235960863749,116.86470559320864,75.98193681181868,89.60952640561534,5.0343743740213265,69.53571012416641,5.2023562598377175,15.665579787976801,0.9851204591120633,5.40781100528617,NORMAL
HemorrhageClass2Saline,StandardMale.xml,898,72.27181748956181,116.46049831266535,75.58517976848215,89.21028594987655,5.0216979693764285,69.79294753704879,5.200181535002645,15.600378759502998,0.985849279369416,5.404335727406215,NORMAL
HemorrhageClass2Saline,StandardMale.xml,899,72.42448762038164,116.68692369472446,75.48968338353697,89.22209682059946,5.035258114488446,69.49089742875874,5.199912916072884,15.671721094119317,0.9847168242331579,5.4003340405304865,NORMAL
HemorrhageClass2Saline,StandardMale.xml,900,72.64376325778711,116.15782248387083,76.06231419789802,89.42748362655563,5.026470130126605,69.53331662553165,5.201704812971756,15.631757154452577,0.9861247538857796,5.399839757838505,NORMAL
HemorrhageClass2Saline,StandardMale.xml,901,72.67336982558301,115.73170870904764,76.55624665590587,89.61473400695313,5.033940302910697,69.25616125842119,5.206130340211549,15.725143190398995,0.9858301811662957,5.403137007305304,NORMAL
HemorrhageClass2Saline,StandardMale.xml,902,72.88574219753339,116.49993790405259,76.29284683885162,89.69521052725194,5.010789123761648,69.32227959270149,5.2016229531555,15.800352007685014,0.9862268333898861,5.411280370542826,NORMAL
HemorrhageClass2Saline,StandardMale.xml,903,72.63810738737139,117.05861126807052,76.55734552232954,90.05776743757653,5.028097929407415,68.88057962175318,5.202380431896971,15.66476003067163,0.985213518261937,5.402986377971846,NORMAL
HemorrhageClass2Saline,StandardMale.xml,904,72.39236342427193,117.43561702041067,76.10775567999427,89.88370946013308,5.028166478464336,69.2800408089924,5.203918121668614,15.56615452801116,0.9861915147837912,5.404380206142427,NORMAL
HemorrhageClass2Saline,StandardMale.xml,905,71.93080913065322,116.93871203190712,75.61978279556396,89.39275920767835,5.020092273961668,69.47359997653635,5.200799009214321,15.49961324627181,0.9854461375790556,5.407209691914092,NORMAL
HemorrhageClass2Saline,StandardMale.xml,906,71.69781493259072,116.39659731740758,75.17478903386815,88.91539179504797,5.0524979856714,69.74122635477877,5.202301179150516,15.587316668918453,0.9864168437990312,5.401470247929746,NORMAL
HemorrhageClass2Saline,StandardMale.xml,907,72.11298295958969,116.77831813823964,75.5214440054052,89.27373538301669,5.015107512342165,70.3181476450729,5.205681595267546,15.682999580196727,0.9851932809833173,5.404234374048988,NORMAL
HemorrhageClass2Saline,StandardMale.xml,908,72.21761832671876,117.48172564223084,75.65695838220229,89.59854746887848,5.050469609269852,69.53700018910509,5.2091873362956616,15.615626091789458,0.9857647879901233,5.410454639984179,NORMAL
HemorrhageClass2Saline,StandardMale.xml,909,71.98083940762734,117.49636229278242,76.22068530673,89.97924430208082,5.054853429512544,69.87917443497746,5.2126797113525924,15.49147510308406,0.9850327896051618,5.41690551488829,NORMAL
HemorrhageClass2Saline,StandardMale.xml,910,71.92589935288628,118.12028937337409,76.51861071061984,90.38583693153792,5.033423555992856,70.12015592132582,5.208285557925526,15.488891743328864,0.9837521590732079,5.423331795218129,NORMAL
HemorrhageClass2Saline,StandardMale.xml,911,72.16101628161215,117.94207360283693,76.25685803005639,90.1519298876499,4.993778833847517,69.9057669242636,5.212179138283642,15.378769000116705,0.9831459254823233,5.415246162582937,NORMAL
HemorrhageClass2Saline,StandardMale.xml,912,72.08428884772425,117.93729063489313,76.7409799738075,90.47308352750271,5.003431159348054,69.24276119260172,5.207989769853511,15.41022397321486,0.983270340979089,5.422410696305727,NORMAL
HemorrhageClass2Saline,StandardMale.xml,913,71.78410795205455,118.32084943216022,76.31597632959952,90.31760069711976,5.014441449566861,69.4192192332147,5.211477035356308,15.411068164093972,0.9840548378318502,5.414701886255793,NORMAL
HemorrhageClass2Saline,StandardMale.xml,914,71.50587223376434,117.68523593480796,76.36446160397553,90.13805304758634,4.992566681490816,69.78965020422669,5.210018202799303,15.343370273984515,0.9853199460049485,5.421118764552148,NORMAL
HemorrhageClass2Saline,StandardMale.xml,915,71.31452582218647,117.9186910644134,76.841108704857,90.53363615804247,5.006724687382533,69.7468449518894,5.206881556341276,15.455555662515383,0.985894530132852,5.418434383060246,NORMAL
HemorrhageClass2Saline,StandardMale.xml,916,71.76247524494639,118.03274146860556,76.7607354303297,90.51807077642165,5.041022368733058,70.07159694041775,5.206238132014704,15.414350976761526,0.9856311804548382,5.4126626749514966,NORMAL
HemorrhageClass2Saline,StandardMale.xml,917,72.08077050136737,118.4222060963792,77.0138047070617,90.81660517016753,5.038771682211612,70.12776456367789,5.200772432120795,15.394221151073904,0.9869431800898756,5.411478717035697,NORMAL
HemorrhageClass2Saline,StandardMale.xml,918,72.32051062091986,118.34748845061353,76.97537217642196,90.76607760115247,5.0684136894461,69.84710242937395,5.19929985512439,15.325480885538603,0.9873333191951399,5.4014213437168355,NORMAL
HemorrhageClass2Saline,StandardMale.xml,919,72.1829037408194,118.49183901858977,77.41135158879689,91.10484739872786,5.026559673407023,70.01297330457226,5.199702098583363,15.338668503729927,0.988529533859036,5.398711671235526,NORMAL
HemorrhageClass2Saline,StandardMale.xml,920,71.81411434520136,118.37754150573343,77.56532311318253,91.16939591069949,5.034847399645637,69.61942445076822,5.196492100510608,15.313190717904856,0.9868653214610374,5.3994518349310265,NORMAL
HemorrhageClass2Saline,StandardMale.xml,921,71.75514063799206,117.9005836346883,77.61645153325615,91.04449556706687,5.061925296444592,70.01199426635226,5.198078747242193,15.333364158118624,0.9862939619562167,5.393545153335408,NORMAL
HemorrhageClass2Saline,StandardMale.xml,922,71.46741609788326,118.09817314229815,77.70890249091019,91.17199270803951,5.024877107064607,70.38600314952812,5.195163289320183,15.417546926890758,0.9868497195747948,5.396464724262177,NORMAL
HemorrhageClass2Saline,StandardMale.xml,923,71.63831352352624,118.07156306466395,76.98369231206117,90.67964922959543,5.024809578101501,70.1689175969057,5.1936273201501795,15.382672501200977,0.9868036443037143,5.391100022707713,NORMAL
HemorrhageClass2Saline,StandardMale.xml,924,71.97127639255429,117.99218437147485,77.46310577209259,90.97279863855334,4.984470289352747,70.03117744766926,5.189697396028829,15.38736916341892,0.9875227684633598,5.388273702995903,NORMAL
HemorrhageClass2Saline,StandardMale.xml,925,71.61073472600765,117.45856468424688,77.65971075899424,90.92599540074512,4.999922950515452,69.2800956970166,5.190104850407748,15.40137945359304,0.9878552925044574,5.381042293520373,NORMAL
HemorrhageClass2Saline,StandardMale.xml,926,71.9807008634554,117.0307200923253,77.55990445877248,90.71684300329008,5.03391847244494,69.7522707904902,5.186264799559957,15.495562997820407,0.9865517673375431,5.381792045771453,NORMAL
HemorrhageClass2Saline,StandardMale.xml,927,72.10726442482637,117.10432097387122,77.8782337441889,90.95359615408302,4.99306730963733,69.86815481470323,5.189375973663017,15.571077303252082,0.9853193080723388,5.3747260111026485,NORMAL
HemorrhageClass2Saline,StandardMale.xml,928,71.82561989048337,116.57950723007264,77.4263402634645,90.47739591900054,5.017485972305421,69.27647633956786,5.189787269837051,15.558086793253727,0.98430584577215,5.380450847815569,NORMAL
HemorrhageClass2Saline,StandardMale.xml,929,71.93006363304556,117.19133977926478,76.78633830484905,90.2546721296543,5.014929682670057,69.79336982458419,5.193595586878807,15.650716093920941,0.983523064852504,5.381207669310925,NORMAL
HemorrhageClass2Saline,StandardMale.xml,930,72.1863037703577,117.18305590947132,77.06776635410067,90.43952953922422,5.051517632180388,69.67961111943764,5.195891633851829,15.54272802800844,0.9831138588898116,5.388215310957735,NORMAL
HemorrhageClass2Saline,StandardMale.xml,931,72.53321524174916,117.38540318515713,76.507095782556,90.1331982500897,5.071573664167767,69.91659631573884,5.199151137371588,15.54419012589527,0.9840573500534703,5.3924402413442465,NORMAL
HemorrhageClass2Saline,StandardMale.xml,932,72.51102791886264,117.22732543329897,75.99240504488155,89.73737850768735,5.033344571880725,69.88246884567342,5.198370551922282,15.508475957087438,0.9847216075387843,5.398438017359885,NORMAL
HemorrhageClass2Saline,StandardMale.xml,933,72.46112045677542,117.23224278505636,76.50410811234966,90.0801530032519,4.992161583988986,69.44238025345302,5.1945005139039475,15.53637658236391,0.9857859667017248,5.397001670794333,NORMAL
HemorrhageClass2Saline,StandardMale.xml,934,72.46748670308652,117.7111829285812,75.86363023923828,89.81281446901924,4.992162448376893,68.9883284081703,5.190003724319531,15.53550867282495,0.9847613628424496,5.38988045706799,NORMAL
HemorrhageClass2Saline,StandardMale.xml,935,72.0540587324889,117.9575779376575,76.34395227888308,90.21516083180789,4.986503579087181,68.98337094882937,5.1938771004255635,15.45097603418813,0.9855981313416535,5.38160596478618,NORMAL
HemorrhageClass2Saline,StandardMale.xml,936,72.19814621143115,117.55118696740702,76.47132766522999,90.164614099289,4.990147200115497,69.23938537736296,5.193486973690206,15.407487467723701,0.9868645762314429,5.388733320890406,NORMAL
HemorrhageClass2Saline,StandardMale.xml,937,72.25065878780897,116.95659358566607,76.03194576504572,89.67349503858584,4.991449836321748,69.1699651800605,5.198510707162468,15.47921522222058,0.9870970679095247,5.38801545304268,NORMAL
HemorrhageClass2Saline,StandardMale.xml,938,72.43128848236621,116.86619206479801,75.43367608824171,89.24451474709382,4.971439172654414,69.14441794874892,5.1948048626702,15.584160585757317,0.9870199926800408,5.397259568886163,NORMAL
HemorrhageClass2Saline,StandardMale.xml,939,72.029656227929,116.80607983548886,75.8135747890959,89.47774313789355,4.978419076086573,68.76333731666256,5.1924130042530665,15.600116398188316,0.9876694768321963,5.39044048583297,NORMAL
HemorrhageClass2Saline,StandardMale.xml,940,72.15174219253959,116.63336637037911,75.46794312042928,89.18975087041255,5.005021011734679,69.16128757949613,5.194872064483368,15.610726169422875,0.9888617587628833,5.386039253878435,NORMAL
HemorrhageClass2Saline,StandardMale.xml,941,72.1037662714446,116.34080339921037,75.73463261393236,89.2700228756917,4.967801852214867,69.38517316338576,5.196730679935311,15.641209989021675,0.9879081831404763,5.390564143138688,NORMAL
HemorrhageClass2Saline,StandardMale.xml,942,72.03269395137919,116.30377661993549,76.13199851321842,89.52259121545744,4.9927607789387976,68.97539194302838,5.192425255161382,15.692847172195147,0.9883969083095538,5.393984160669696,NORMAL
HemorrhageClass2Saline,StandardMale.xml,943,72.36665662000858,116.04933077250327,76.45907870075911,89.65582939134049,4.99252939093259,69.33150895935054,5.189191549173609,15.6993823757997,0.9893105440419153,5.386061796637975,NORMAL
HemorrhageClass2Saline,StandardMale.xml,944,72.4773155150678,116.40832977593898,76.19630230864767,89.60031146441145,4.969424005745513,69.06653611015389,5.191824270645134,15.744291910246591,0.988442946846539,5.380111490372766,NORMAL
HemorrhageClass2Saline,StandardMale.xml,945,72.613973114275,116.35194107192007,75.69091313991352,89.24458911724903,4.992514175598628,68.70341030521932,5.196176828901011,15.680928808533995,0.9877942611796571,5.38495593174307,NORMAL
HemorrhageClass2Saline,StandardMale.xml,946,72.27920887686174,116.50497946446062,75.7085210624292,89.307340529773,5.024749811776003,68.8734650340042,5.192931925503823,15.690881379861485,0.9888545057406876,5.392965025568406,NORMAL
HemorrhageClass2Saline,StandardMale.xml,947,72.1925895920809,116.52291143353025,75.30645627792198,89.04527466312474,5.039040762141392,69.52170304816482,5.194817268706627,15.663870198382773,0.9899729841518298,5.3869941150752165,NORMAL
HemorrhageClass2Saline,StandardMale.xml,948,71.9194477343747,116.17457038581888,75.61860244887256,89.13725842785468,4.998615711460517,69.76171686968763,5.19159667201449,15.660705216950536,0.9906303203925609,5.390463314042016,NORMAL
HemorrhageClass2Saline,StandardMale.xml,949,71.90091252287887,115.92874586300252,75.47570905235192,88.96005465590211,5.02971270861497,69.49143046639576,5.1933049248511045,15.722187196080204,0.9910487857248156,5.384537130045267,NORMAL
HemorrhageClass2Saline,StandardMale.xml,950,72.02927340634002,116.32826396623499,75.14123744352844,88.87024628443062,5.06336815779297,69.88092288510674,5.197390273721202,15.765575072073162,0.9893245745183078,5.3876804670074705,NORMAL
HemorrhageClass2Saline,StandardMale.xml,951,72.3095460489919,116.50959688625063,75.83694190873813,89.39449356790897,5.062258925242217,70.1840326688803,5.200968826175872,15.695060374347335,0.9883163132662361,5.39519787182696,NORMAL
HemorrhageClass2Saline,StandardMale.xml,952,72.43744907351945,117.01537427128049,75.55208675200213,89.37318259176158,5.0401545621410815,69.9478287151558,5.201686033412224,15.663055226297251,0.9892266233821714,5.401782726223717,NORMAL
HemorrhageClass2Saline,StandardMale.xml,953,72.43157031502183,116.639628426692,75.69315888786986,89.34198206747723,4.995215308993451,69.58178025689061,5.206353066036726,15.573785831160013,0.9875088572749495,5.403102451247589,NORMAL
HemorrhageClass2Saline,StandardMale.xml,954,72.32986199336756,117.17552524736121,75.1695583342398,89.17154730528027,4.998341995212631,69.04798402909891,5.2056377963150275,15.64010473996169,0.9882023126663358,5.411690205845723,NORMAL
HemorrhageClass2Saline,StandardMale.xml,955,72.52710121484648,117.20582150004073,74.95575159320599,89.03910822881757,5.003241669607284,69.16504771169387,5.200311252925389,15.545519283092588,0.988641628734259,5.410374046020918,NORMAL
HemorrhageClass2Saline,StandardMale.xml,956,72.79150109106189,116.78493673619079,74.83340252933247,88.81724726495192,5.014621347617755,69.06948501334959,5.1961936615649655,15.540172013262668,0.988289809031286,5.400572733031083,NORMAL
HemorrhageClass2Saline,StandardMale.xml,957,72.49189556612669,117.21233671631595,75.39998787905002,89.33743749147199,5.032457858843221,68.99946467223482,5.191742134319942,15.614457913351192,0.9878912928174147,5.392995999165315,NORMAL
HemorrhageClass2Saline,StandardMale.xml,958,72.62019803353566,117.82876824510039,75.35692360845125,89.51420515400096,5.051325697527524,69.44678741546284,5.191106601410331,15.539022081626158,0.9875530051699003,5.384804793608607,NORMAL
HemorrhageClass2Saline,StandardMale.xml,959,72.61449704535124,118.35342421807142,74.91732538667787,89.39602499714239,5.075967868097926,69.57175418427943,5.190146739684325,15.430222298664606,0.9859470206733092,5.383635356601005,NORMAL
HemorrhageClass2Saline,StandardMale.xml,960,72.44382943113528,117.98960091053839,75.57985759947104,89.71643870316015,5.069249674461272,69.87086528605035,5.193879350413297,15.337620844450717,0.9867343766134381,5.381869125761348,NORMAL
HemorrhageClass2Saline,StandardMale.xml,961,72.0281440376468,118.52400898289869,75.91213857505008,90.11609537766628,5.024415946372277,69.92530249152621,5.198821952831729,15.401835432847914,0.9871196624158234,5.388737461067702,NORMAL
HemorrhageClass2Saline,StandardMale.xml,962,72.33342471390172,117.91778946555141,75.7611715953607,89.81337755209093,5.030696320343247,69.71610026111482,5.197571855722393,15.30751273913308,0.985975985776138,5.397832288565324,NORMAL
HemorrhageClass2Saline,StandardMale.xml,963,72.32001743353162,117.32125773780955,76.04043923579962,89.80071206980293,5.002986969156935,69.5503300028615,5.20257851564199,15.41451010840214,0.9851138483781672,5.395531998838948,NORMAL
HemorrhageClass2Saline,StandardMale.xml,964,71.95285425741457,117.37090290698696,76.56266501930234,90.16541098186389,5.008998888377799,69.22848489946291,5.20696338622532,15.519797588807268,0.9842341274912485,5.404744697828896,NORMAL
HemorrhageClass2Saline,StandardMale.xml,965,72.1574137023799,117.06043588080951,76.3198041399353,89.90001472022671,4.9891895656439536,69.59009850344451,5.20820889199273,15.511035247201796,0.9836267992779867,5.412813249207025,NORMAL
HemorrhageClass2Saline,StandardMale.xml,966,71.77957478314192,116.95415478953399,76.26569844910436,89.82851722924757,4.992763281298772,69.19043678730841,5.203779639570779,15.565832484993045,0.9843660702117729,5.415105090456414,NORMAL
HemorrhageClass2Saline,StandardMale.xml,967,71.9621777297423,117.12304249254346,75.98519528210748,89.69781101891948,5.0034027499183615,69.53159638151841,5.206476474948356,15.58459103176384,0.9857528524060668,5.406954872552815,NORMAL
HemorrhageClass2Saline,StandardMale.xml,968,72.21607044549897,117.84331395777136,75.46568799178641,89.59156331378139,5.034302025765981,69.5153110778922,5.205537385802044,15.55478245680574,0.9844331688612965,5.411917289205443,NORMAL
HemorrhageClass2Saline,StandardMale.xml,969,72.49526020645759,117.56544681581317,76.076423623637,89.90609802102905,4.998484861700555,69.68622125441729,5.202854068240905,15.427654989389003,0.9850697365093529,5.410189281757637,NORMAL
HemorrhageClass2Saline,StandardMale.xml,970,72.40254774978878,118.14149855629879,76.09226877837168,90.10867870434738,5.008868655872738,69.03740202192799,5.200557563963439,15.47669836781063,0.9864728845025533,5.4052517390880315,NORMAL
HemorrhageClass2Saline,StandardMale.xml,971,72.36272618878917,117.60971035397128,75.89746720725677,89.80154825616161,5.003196845941518,69.2343044830622,5.201959828025838,15.375025592469225,0.9857296695514575,5.401025967220722,NORMAL
HemorrhageClass2Saline,StandardMale.xml,972,71.94733469258267,118.17608177734607,75.58830880420271,89.78423312858384,5.0385671720546865,69.19751855682475,5.203249849141035,15.468885880746235,0.9854064035840407,5.4036062576576125,NORMAL
HemorrhageClass2Saline,StandardMale.xml,973,71.8311152760925,118.35986334015088,75.42825149139466,89.7387887743134,5.0409016095145045,69.95068350170335,5.204958641357796,15.3689216753781,0.9863996329587388,5.405980011101194,NORMAL
HemorrhageClass2Saline,StandardMale.xml,974,71.81793392575823,118.04329355661203,75.05377881445285,89.38361706183925,5.058604562300479,70.07146612856869,5.20127954153975,15.33648434339262,0.9855677468591227,5.409124340570781,NORMAL
HemorrhageClass2Saline,StandardMale.xml,975,71.83833139600061,118.69722009734004,75.48866241914472,89.89151497854316,5.014588514802777,70.29557605485087,5.199708444000521,15.392358714077602,0.9853901319382217,5.402354470093867,NORMAL
HemorrhageClass2Saline,StandardMale.xml,976,71.60072740012582,119.20907887302197,75.80292077553793,90.27164014136594,4.995466187648486,69.74831334876414,5.204463816423662,15.276941084735537,0.9863769337413436,5.399463511062255,NORMAL
HemorrhageClass2Saline,StandardMale.xml,977,71.82739065879652,119.29990671280872,75.41025995505159,90.0401422076373,4.975102164220979,69.70634048436395,5.199518423933405,15.186598327915526,0.9857167177114136,5.408213818737041,NORMAL
HemorrhageClass2Saline,StandardMale.xml,978,71.55985823373626,118.81173372385187,75.10095213670245,89.67121266575225,4.983415595805478,69.28065831867643,5.194903819516252,15.170567270459477,0.9851102434208204,5.399113857259421,NORMAL
HemorrhageClass2Saline,StandardMale.xml,979,71.5147200123356,118.53843340743572,75.25443296089767,89.68243310974368,4.958631155168995,69.5930797458327,5.193326885305209,15.256729500595451,0.986362730771401,5.39062257521997,NORMAL
HemorrhageClass2Saline,StandardMale.xml,980,71.52633621522385,118.47434949648303,74.91650006124775,89.43578320632618,4.960781521564033,69.32893883890941,5.192062617406307,15.304966837137982,0.9847666557523233,5.387720876193752,NORMAL
HemorrhageClass2Saline,StandardMale.xml,981,71.80299287792374,119.08445341200833,74.84135143539666,89.58905209426722,4.982438476308951,69.34576208040335,5.192436362214675,15.316277607722233,0.9841547944762267,5.385394510955795,NORMAL
HemorrhageClass2Saline,StandardMale.xml,982,72.19391183116672,119.62999246752632,75.06596933002558,89.92064370919249,4.956542981201692,69.38844955519264,5.19369343245068,15.208594644581073,0.9854430157424168,5.386082234602664,NORMAL
HemorrhageClass2Saline,StandardMale.xml,983,72.11244600693458,119.70326907790033,75.45368945236496,90.20354932754341,4.994342028339067,68.76958476266645,5.190591910685331,15.11230733923436,0.9855604741303013,5.388395355501531,NORMAL
HemorrhageClass2Saline,StandardMale.xml,984,71.93852876455539,119.36541157620944,75.92693493330596,90.40642714760712,4.990773044702436,69.28772768143504,5.187268951286736,15.099374062896967,0.9841807620015895,5.382688279947411,NORMAL
HemorrhageClass2Saline,StandardMale.xml,985,72.06272173134394,119.32177550490533,75.60209293340532,90.17532045723866,5.02685456250863,69.38185046196048,5.1860661414307065,15.159005702648404,0.9828139105943832,5.376573739477976,NORMAL
HemorrhageClass2Saline,StandardMale.xml,986,72.08208204566576,119.09010410370546,75.85471757779071,90.26651308642896,4.990269781713404,69.71804792895303,5.187298106467062,15.166707442201773,0.9820720507705184,5.3743604624981725,NORMAL
HemorrhageClass2Saline,StandardMale.xml,987,71.92140934479491,119.10912244560127,76.40387130932267,90.63895502141554,5.024240844825031,69.26264478757905,5.1869243424912765,15.207597300997037,0.9812499944802322,5.3766273875996085,NORMAL
HemorrhageClass2Saline,StandardMale.xml,988,72.21869866964977,118.79627907678307,76.2038125606963,90.4013013993919,5.003785881897925,69.79868083186065,5.186483364675774,15.204240575433964,0.9829823992513589,5.3759396286829855,NORMAL
HemorrhageClass2Saline,StandardMale.xml,989,72.4784967151127,118.12535190211801,76.45328798186951,90.34397595528567,4.9988195263218165,69.31764172745403,5.192490066823566,15.259457236229203,0.984054774213805,5.375128190330729,NORMAL
HemorrhageClass2Saline,StandardMale.xml,990,72.22266719057373,118.5385645644969,76.96445804782107,90.82249355337967,4.992883249332789,69.05449840038008,5.197054816192352,15.377875466929552,0.9830490533554936,5.386181055853564,NORMAL
HemorrhageClass2Saline,StandardMale.xml,991,72.25204853069093,117.89579072405381,76.5004717887171,90.29891143382935,4.991799696529047,69.18358567709326,5.200965558286493,15.304943687997934,0.9846649574784522,5.394580600175434,NORMAL
HemorrhageClass2Saline,StandardMale.xml,992,71.85925250827823,118.55216905426603,76.74900166762865,90.68339079650778,4.959967200442207,69.14752864174578,5.199982962896013,15.418392872648617,0.9859349774882997,5.401776713016973,NORMAL
HemorrhageClass2Saline,StandardMale.xml,993,71.81637691125904,118.56542686304356,76.91328805984097,90.79733432757516,4.985715950621596,69.07300041169509,5.196353595506793,15.302542503981433,0.9849182400702474,5.399968650215271,NORMAL
HemorrhageClass2Saline,StandardMale.xml,994,71.75507775637806,118.5744011523888,76.25665338130375,90.36256930499877,5.013717337699384,69.41741026188451,5.199990997928847,15.300202508945187,0.9843365203711443,5.3932902918250925,NORMAL
HemorrhageClass2Saline,StandardMale.xml,995,71.84689947237086,118.4557398057121,75.65870383166678,89.92438248968189,4.97208699089165,69.80401016761667,5.197618487930326,15.298618552435173,0.9857576490616502,5.39998343538943,NORMAL
HemorrhageClass2Saline,StandardMale.xml,996,72.14204634679888,118.36374660388564,75.88338275522466,90.04350403811165,5.00721775133969,69.22889639762259,5.196980470843542,15.319562206614911,0.9856727302973205,5.395617806243848,NORMAL
HemorrhageClass2Saline,StandardMale.xml,997,72.26657226128415,117.9636556173809,75.4403112389295,89.61475936507996,4.988434271858167,69.41921684722672,5.202165228605478,15.335798949749051,0.9843191162317634,5.394443798129581,NORMAL
HemorrhageClass2Saline,StandardMale.xml,998,72.41470336709985,118.08141827304284,75.58476590951237,89.75031669735586,5.01944159933475,69.09574606314105,5.203272066959678,15.40641476101754,0.9843016788319139,5.40398421296973,NORMAL
HemorrhageClass2Saline,StandardMale.xml,999,72.49492647898359,117.53926853138299,75.64858824458487,89.61214834018425,5.022874587727802,69.3514799592292,5.206463247611207,15.385629725245181,0.9833460552077307,5.40602089386109,NORMAL
HemorrhageClass2Saline,StandardMale.xml,1000,72.05201984405095,117.34095946202835,76.14386093161525,89.87622710841961,4.99066926607806,69.32967073187154,5.202579563383207,15.48131881879555,0.9827963083927466,5.411892949730115,NORMAL
HemorrhageClass2Saline,StandardMale.xml,1001,71.9782014502198,117.99534523623599,75.95413801426102,89.96787375491934,4.975099888784452,69.29111482419546,5.202669436181826,15.516320246687533,0.9842814569043918,5.404746625765803,NORMAL
HemorrhageClass2Saline,StandardMale.xml,1002,71.99324605137029,118.36891159814633,75.57942393653664,89.84258649040653,4.945975336076307,69.16179144824163,5.20498228491405,15.4008215629208,0.9844700454439603,5.404911999698596,NORMAL
HemorrhageClass2Saline,StandardMale.xml,1003,72.2924248421189,118.78311413794125,75.85080350823233,90.1615737181353,4.937252997519403,68.79927291340815,5.206438360601877,15.334887331461665,0.9850774581966381,5.409167846814528,NORMAL
HemorrhageClass2Saline,StandardMale.xml,1004,71.91608393907396,118.8031610991561,76.25631233833506,90.43859525860874,4.906637823381104,68.46132210361706,5.2061052851739005,15.261780839779327,0.9846903075665007,5.411847155422253,NORMAL
HemorrhageClass2Saline,StandardMale.xml,1005,71.91921456004646,118.48522551008047,76.71914041886637,90.64116878260441,4.887259821062758,68.38562226842708,5.202162682671049,15.25824256354366,0.9838784097114792,5.4112342670479325,NORMAL
HemorrhageClass2Saline,StandardMale.xml,1006,71.68459190388134,118.98408943557031,76.77075322345492,90.84186529416004,4.928781325014707,68.14966045658748,5.20224629235897,15.31435799805979,0.9840643740805156,5.4039795282242284,NORMAL
HemorrhageClass2Saline,StandardMale.xml,1007,71.78265595467434,119.22728531985449,76.21694741594811,90.55372671725024,4.935101413294417,68.83385231708488,5.197830691994202,15.226308824248596,0.9850957168307483,5.40413337747699,NORMAL
HemorrhageClass2Saline,StandardMale.xml,1008,72.16078154823528,119.05440101518211,75.96534358161416,90.32836272613682,4.932746334719807,68.83318690575324,5.201174527318428,15.183384901328173,0.986257242891661,5.39600828057131,NORMAL
HemorrhageClass2Saline,StandardMale.xml,1009,72.20975570959106,119.29953099418667,75.77986997367407,90.28642364717827,4.9584908745252045,68.50945719872787,5.196368212671383,15.213898874003949,0.9871004416255391,5.402161234598298,NORMAL
HemorrhageClass2Saline,StandardMale.xml,1010,71.94961972828031,119.64637337005799,75.37656713725335,90.13316921485489,4.942142610941547,68.78062115442678,5.192912036164525,15.170633584563518,0.9858231543430288,5.393317188706369,NORMAL
HemorrhageClass2Saline,StandardMale.xml,1011,71.62163609188788,119.72006479089089,75.790658097312,90.4337936618383,4.916063531889739,68.78725050265663,5.19622568154248,15.109416120085214,0.9865293406588146,5.386957516924154,NORMAL
HemorrhageClass2Saline,StandardMale.xml,1012,71.3242353852178,118.96889618481666,76.16692263727755,90.43424715312392,4.928315666212457,68.72955899507822,5.192120111754839,15.096409629958792,0.9852638279852045,5.393054918768254,NORMAL
HemorrhageClass2Saline,StandardMale.xml,1013,71.24914070501471,118.24779418765861,76.34841241860853,90.3148730082919,4.958222456997682,69.11244762307415,5.195573860973269,15.228990423594652,0.9865030276766513,5.385500305664273,NORMAL
HemorrhageClass2Saline,StandardMale.xml,1014,71.14956935320322,118.78032241710187,75.92921106973806,90.21291485219267,4.951906664583115,69.53515022005573,5.191835548640478,15.356264479382563,0.9874204367862939,5.391855511020166,NORMAL
HemorrhageClass2Saline,StandardMale.xml,1015,71.65720225971153,119.31694036322632,75.75493283843464,90.2756020133652,4.931153537283907,69.53786582207366,5.192494686281206,15.262273576778053,0.9879125716145848,5.384976684256319,NORMAL
HemorrhageClass2Saline,StandardMale.xml,1016,71.51279896567631,119.26052529151258,75.30265581051954,89.95527897085056,4.946569217248439,68.88404798060729,5.188234621148851,15.167560841712827,0.9868306894736416,5.386189556065965,NORMAL
HemorrhageClass2Saline,StandardMale.xml,1017,71.35435154642175,118.8070091734401,75.8665882625577,90.18006189951849,4.956652154387589,69.18442732279935,5.193911127940811,15.177518066922122,0.9854803727806696,5.378350657804004,NORMAL
HemorrhageClass2Saline,StandardMale.xml,1018,71.24260006450318,118.71805647645866,76.13157186380377,90.32706673468873,4.951739752688451,69.43229824529878,5.1952917729819035,15.257563380816354,0.9852609617813741,5.3887959345411005,NORMAL
HemorrhageClass2Saline,StandardMale.xml,1019,71.74609156913567,118.1868705690576,75.94189857620053,90.02355590715288,4.948533462704679,69.46163721125059,5.19281096203402,15.273263476728886,0.9844227590670861,5.391336444058387,NORMAL
HemorrhageClass2Saline,StandardMale.xml,1020,71.48239374211713,118.84337054889333,75.49706415643033,89.945832953918,4.92421008913908,69.0240792237616,5.189744889471897,15.36701746032449,0.985255733741932,5.3867715315456834,NORMAL
HemorrhageClass2Saline,StandardMale.xml,1021,71.74000457083832,118.82425686909224,75.00489095162125,89.61134625744491,4.920548633837083,68.93769204871771,5.186722068906841,15.251145620574112,0.9845861207286156,5.381129685674425,NORMAL
HemorrhageClass2Saline,StandardMale.xml,1022,71.86744535322761,118.46421380901934,75.69323420375389,89.95022740550904,4.926641836181647,68.69093539773503,5.188322872570962,15.254519173218403,0.9839909806630859,5.375567427319812,NORMAL
HemorrhageClass2Saline,StandardMale.xml,1023,72.1757659677884,117.97396622853074,75.21281112334223,89.4665294917384,4.963692091029354,68.66471353568936,5.189013292098763,15.318066550280687,0.9846090507196587,5.378513048259997,NORMAL
HemorrhageClass2Saline,StandardMale.xml,1024,71.88734282988254,118.67523793327598,75.2952863028544,89.7552701796616,4.93693922689275,68.86964984649349,5.189272324264344,15.404594944536843,0.985115954088075,5.379783481520606,NORMAL
HemorrhageClass2Saline,StandardMale.xml,1025,71.57576883834427,118.0966099709467,75.25884149046391,89.53809765062483,4.952578588038725,68.7732968844439,5.186147283423106,15.280820923075265,0.9863825538577123,5.38026012371491,NORMAL
HemorrhageClass2Saline,StandardMale.xml,1026,72.0349515649358,117.47585257574188,75.91617890404115,89.76940346127472,4.945981957702789,69.20735126852126,5.188204493785422,15.382948399976149,0.9877439949106089,5.374509770971972,NORMAL
HemorrhageClass2Saline,StandardMale.xml,1027,71.72682565524008,118.01079430547256,76.19626874284423,90.13444393038701,4.935454419527085,68.76673790833034,5.191282548463156,15.492511695681095,0.9877703530632655,5.378295220779105,NORMAL
HemorrhageClass2Saline,StandardMale.xml,1028,71.59472199545019,118.41481576635638,76.34580397138174,90.36880790303995,4.936065705074831,68.88128599983891,5.1917378202366855,15.398094811770981,0.9878583441597266,5.38395911480745,NORMAL
HemorrhageClass2Saline,StandardMale.xml,1029,71.59174131348158,118.34441963191878,76.03983969347502,90.14136633962293,4.9660167371394675,68.9926314409794,5.188478794336288,15.326785274209447,0.9868818731603066,5.384796855312198,NORMAL
HemorrhageClass2Saline,StandardMale.xml,1030,71.66356508383637,118.483668699886,75.59668846295318,89.89234854193079,4.938508931683222,69.3572722515529,5.1849285032866534,15.339210148328469,0.9854360929097089,5.378799958158613,NORMAL
HemorrhageClass2Saline,StandardMale.xml,1031,71.86703634026439,119.08773770022464,75.50323839709756,90.03140483147325,4.961031100811087,68.9679436832072,5.18266092014051,15.314632774094697,0.9857671251304083,5.372267107257562,NORMAL
HemorrhageClass2Saline,StandardMale.xml,1032,71.56820546560958,118.36704931392815,75.86354111993408,90.03137718459877,4.987624491203375,69.07970609175962,5.186974590572736,15.208014969745454,0.9848115844549091,5.368094552840928,NORMAL
HemorrhageClass2Saline,StandardMale.xml,1033,71.77615112232476,118.31027038699635,75.59357378954041,89.83247265535906,4.976761196902938,69.6373664996789,5.19161276792814,15.335216023472519,0.984966509431549,5.376032089616372,NORMAL
HemorrhageClass2Saline,StandardMale.xml,1034,72.17879243573347,117.61805058795395,75.55781781489462,89.57789540591439,5.013049927862703,69.3411539497924,5.191119672745572,15.3452374689024,0.9844128647830132,5.384566747956171,NORMAL
HemorrhageClass2Saline,StandardMale.xml,1035,72.04745211591317,117.60644956127894,75.04920734660236,89.23495475149456,5.015846018096142,69.4603456890731,5.19543331153667,15.46741383461493,0.9838689432378196,5.383659409018966,NORMAL
HemorrhageClass2Saline,StandardMale.xml,1036,72.20369786961658,117.64076440892107,74.72231431903126,89.02846434899453,5.030994418057004,69.59767580449483,5.1956729930529555,15.469461408636427,0.9827875235219758,5.391596887571922,NORMAL
HemorrhageClass2Saline,StandardMale.xml,1037,72.30679337430362,117.90708572855812,75.09489534460036,89.36562547258627,5.032645194703929,69.65627140567777,5.19577807197855,15.46340485928506,0.9840274777825417,5.392037922852619,NORMAL
HemorrhageClass2Saline,StandardMale.xml,1038,72.25652920938856,117.76594219071781,75.19487730163755,89.3852322646643,5.065969058496091,69.59470165566051,5.197285035468676,15.416399311350673,0.9836635276765372,5.392231277409795,NORMAL
HemorrhageClass2Saline,StandardMale.xml,1039,72.59225470836832,117.5421206051508,74.72325809640532,88.99621226598714,5.020796595043477,70.03441536084438,5.200871453566991,15.441311058343452,0.9833170164668712,5.395004224094077,NORMAL
HemorrhageClass2Saline,StandardMale.xml,1040,72.67854285066966,116.9335826320103,75.34289069321774,89.20645467281525,5.005328630591461,69.22860218323984,5.1967752764792055,15.480815429542346,0.9829870094830625,5.401603551973839,NORMAL
HemorrhageClass2Saline,StandardMale.xml,1041,72.44143676366126,116.8506669405439,75.61359107909239,89.35928303290956,4.984428386572484,68.97638696022598,5.198513939384835,15.588222004822665,0.9834255543185674,5.394066222271938,NORMAL
HemorrhageClass2Saline,StandardMale.xml,1042,72.68972906892019,116.37741746549159,75.42489027164739,89.07573266959545,4.973508853021831,68.91105039595523,5.193829878133172,15.602856573001617,0.9830297905581795,5.397265516462433,NORMAL
HemorrhageClass2Saline,StandardMale.xml,1043,72.53342990914446,117.07679186962595,75.57412673193866,89.40834844450109,5.009148197762543,68.58755352856569,5.191989402691362,15.686384812178307,0.9837751952362668,5.388646427677687,NORMAL
HemorrhageClass2Saline,StandardMale.xml,1044,72.50712685810807,117.86534237861618,75.47745327215821,89.60674964097754,4.999154433693897,69.1352300443197,5.193355281136379,15.562945663099203,0.9847981049232192,5.385259789376686,NORMAL
HemorrhageClass2Saline,StandardMale.xml,1045,72.09524570100814,118.12632087967697,75.34201508620653,89.60345035069668,4.999488479063373,69.03615501699855,5.196535602528036,15.423766986756126,0.9843328658367458,5.387773127045486,NORMAL
HemorrhageClass2Saline,StandardMale.xml,1046,72.16984288335723,117.920145812546,75.34251971035684,89.53506174441989,4.999312710720131,69.36316102727979,5.20028594139739,15.377704442990662,0.9852476557653788,5.393625200911728,NORMAL
HemorrhageClass2Saline,StandardMale.xml,1047,72.41135998276489,117.97969655975932,75.16460235175106,89.43630042108714,4.963206713001578,69.30232400604233,5.205225355719185,15.414094214617313,0.9849339363602531,5.400526157571161,NORMAL
HemorrhageClass2Saline,StandardMale.xml,1048,72.1175018501025,118.32212551275232,74.7731135652818,89.28945088110531,4.995639663362089,68.68019028627671,5.200754895495477,15.403583544624842,0.9844497327007329,5.409615118687775,NORMAL
HemorrhageClass2Saline,StandardMale.xml,1049,71.7500181994316,118.70593470730755,74.88759856209991,89.49371061050246,4.972999253225531,69.29935219503729,5.203651054877718,15.343145046550521,0.9849483400854218,5.401389074768485,NORMAL
HemorrhageClass2Saline,StandardMale.xml,1050,71.63680982385345,119.04876258933365,74.93780175808052,89.64145536849823,4.979789455676903,69.31639559293299,5.200359902502408,15.275402961474825,0.9846593734513434,5.406718265295499,NORMAL
HemorrhageClass2Saline,StandardMale.xml,1051,71.8026161343526,118.86004978409095,75.37874399949457,89.87251259436003,4.956927993855332,69.48809103836352,5.199197337166842,15.21489405267329,0.9852966033835311,5.408022607891336,NORMAL
HemorrhageClass2Saline,StandardMale.xml,1052,72.12856360444042,118.8665718838654,75.10728686986404,89.6937152078645,4.999631195743932,69.08091108300216,5.201683594653394,15.248201745894239,0.9851747742265409,5.398523029087045,NORMAL
HemorrhageClass2Saline,StandardMale.xml,1053,72.45498931715036,118.81055407241529,75.34949018520352,89.83651148094077,5.021209824952572,69.33863580405313,5.200886226705863,15.247050599324375,0.985359149379139,5.4030979637147105,NORMAL
HemorrhageClass2Saline,StandardMale.xml,1054,72.47392052353494,118.74648887831069,75.26305670633215,89.75753409699166,4.990205823614921,69.341053236076,5.1973200944708555,15.256937708343235,0.9858863532904913,5.401630735861648,NORMAL
HemorrhageClass2Saline,StandardMale.xml,1055,72.22823384696572,118.56831842078482,75.1320336421419,89.61079523502288,5.01792679538999,68.95491970151463,5.193178643181459,15.268245175415393,0.9849261585187984,5.3950687357723535,NORMAL
HemorrhageClass2Saline,StandardMale.xml,1056,72.11681277318559,118.95473423232204,75.40927356199212,89.92442711876876,4.996056073527336,69.47996074292203,5.1947363714556625,15.299692150795124,0.9846496603753973,5.387448097517815,NORMAL
HemorrhageClass2Saline,StandardMale.xml,1057,71.78648507106199,118.41123241888806,75.17338967996527,89.58600392627287,5.022759403232829,69.30490139729751,5.194798824966205,15.231489999436864,0.9848571470167594,5.390314455914197,NORMAL
HemorrhageClass2Saline,StandardMale.xml,1058,71.77409509024656,118.56860220759621,74.71492343459208,89.33281635892679,4.9924783027592445,69.8881508038462,5.191578994248796,15.327417732817784,0.9841437594530638,5.390429375921295,NORMAL
HemorrhageClass2Saline,StandardMale.xml,1059,72.05787524947937,118.72392868470267,74.4771061777172,89.22604701337903,5.021681288294053,69.53250015420353,5.196890169598295,15.299642062598714,0.9841697465638412,5.384504601386087,NORMAL
HemorrhageClass2Saline,StandardMale.xml,1060,71.66331123981382,119.14228242602438,74.15676636814892,89.15193838744074,5.026923008877981,69.65964249975818,5.200810535705954,15.27222703561155,0.9854378546182576,5.394277635816934,NORMAL
HemorrhageClass2Saline,StandardMale.xml,1061,71.64994803906762,118.81686864616019,74.5622687530502,89.31380205075354,4.990563464787191,70.03673762978843,5.205177350269491,15.198387859431332,0.9860755490554342,5.401491457698242,NORMAL
HemorrhageClass2Saline,StandardMale.xml,1062,71.42584981593352,118.17758935950071,75.01258311632672,89.40091853071806,5.026454511965772,69.60790533191162,5.204982967786744,15.255823189989034,0.9869764976491356,5.40952678439605,NORMAL
HemorrhageClass2Saline,StandardMale.xml,1063,71.88966518769107,118.76089993502661,74.83077732873146,89.47415153082984,5.0536980207580156,70.22141838569497,5.201965320232881,15.368655588061728,0.9856852961229763,5.409169103360943,NORMAL
HemorrhageClass2Saline,StandardMale.xml,1064,72.1550152925219,118.43249211119091,75.06935607887128,89.52373475631116,5.037745680963876,70.17901686295885,5.204291924195741,15.265701632832437,0.9848383171078353,5.4036163638064405,NORMAL
HemorrhageClass2Saline,StandardMale.xml,1065,72.06521098597136,117.88366202070357,74.78889472871754,89.15381715937954,5.0703147747138155,69.77590600834728,5.203343515011595,15.323665410296348,0.9841141623195433,5.407897521768607,NORMAL
HemorrhageClass2Saline,StandardMale.xml,1066,72.1249749951689,117.88383410583245,74.78084933087655,89.14851092252852,5.096851195382585,70.23894791615389,5.201241081776027,15.420533581276409,0.9839563339394478,5.406152364623296,NORMAL
HemorrhageClass2Saline,StandardMale.xml,1067,72.24851162993826,118.54612543416305,75.37942355977387,89.76832418457026,5.118915944150122,70.51032614987774,5.199771830478819,15.420503208357765,0.9846867945576172,5.402283700712264,NORMAL
HemorrhageClass2Saline,StandardMale.xml,1068,72.46055640688155,117.81145789869534,76.01250940489089,89.94549223615904,5.11155078254131,70.67646499425068,5.203204803571628,15.30360919918569,0.9851985073854252,5.399580147812898,NORMAL
HemorrhageClass2Saline,StandardMale.xml,1069,72.72975031498217,118.10056761698712,76.35760276392014,90.27192438160914,5.075874974421641,70.41872223905693,5.203475840659177,15.433277564081632,0.9846104411162966,5.405897123252121,NORMAL
HemorrhageClass2Saline,StandardMale.xml,1070,72.96425591438178,117.89674774827954,76.69028369019136,90.42577170955408,5.035538639969902,69.77893866698918,5.20686745713594,15.38224987790171,0.9857145299423292,5.406395855569235,NORMAL
HemorrhageClass2Saline,StandardMale.xml,1071,72.70024278282672,118.48258494766746,76.48074390037604,90.48135758280651,5.06904708992916,69.1145015899064,5.203873702480749,15.418223958465637,0.9844281502656516,5.412636731161255,NORMAL
HemorrhageClass2Saline,StandardMale.xml,1072,72.83147648151193,118.05552435848244,76.07671879253571,90.06965398118463,5.091075134522956,69.72060906855768,5.207722886343772,15.314824055689902,0.9848679309538743,5.407127956662698,NORMAL
HemorrhageClass2Saline,StandardMale.xml,1073,72.9843291638891,118.42243733523152,75.95525067592905,90.11097956236321,5.041661555832247,69.88027292461793,5.210769844328448,15.390199985124248,0.985848083952956,5.41421079689081,NORMAL
HemorrhageClass2Saline,StandardMale.xml,1074,73.15829689377587,118.33232743662111,75.85606244236419,90.01481744044983,5.063408559329745,69.17180398083234,5.21208259529988,15.325440072024417,0.9869105585857717,5.419817470241632,NORMAL
HemorrhageClass2Saline,StandardMale.xml,1075,73.20452633648932,118.74743914549266,76.11115417627668,90.32324916601534,5.055474239851579,69.29517441847513,5.2096350877857205,15.3413444133076,0.987064146581693,5.422233048639763,NORMAL
HemorrhageClass2Saline,StandardMale.xml,1076,73.2369251932962,118.99251245961337,76.0420073200367,90.35884236656226,5.010277463999444,69.16500085375769,5.204385696930735,15.26807745384645,0.9873238840677034,5.4177294174034305,NORMAL
HemorrhageClass2Saline,StandardMale.xml,1077,73.11683376822333,119.28331621632495,75.6003819977182,90.16136007058712,5.000962254404688,68.60325272042712,5.20531799869781,15.224822165722918,0.9865792419646879,5.408070071930759,NORMAL
HemorrhageClass2Saline,StandardMale.xml,1078,72.58017179325913,118.65347400116508,75.6669774200305,89.99580961374203,5.038407324024492,68.58501347929037,5.20819900881363,15.17349548281133,0.9872424608588332,5.409785589997853,NORMAL
HemorrhageClass2Saline,StandardMale.xml,1079,72.75257283305177,118.83674351163624,76.05727935857723,90.31710074293024,5.018846390724409,69.44869470321665,5.20732710706405,15.284662243610448,0.9877686799146258,5.415086904528954,NORMAL
HemorrhageClass2Saline,StandardMale.xml,1080,72.4246984260201,119.00087717763775,76.44267118773665,90.62873985103701,5.040299813044261,69.08018680698756,5.2037279011259425,15.25231528854465,0.9872907977650063,5.41348252785934,NORMAL
HemorrhageClass2Saline,StandardMale.xml,1081,72.0932250652115,119.41021702723455,76.92436453785182,91.08631536764607,5.0656823317276105,69.59356090785636,5.2006747059439995,15.223345798173415,0.988451963340217,5.406859669218427,NORMAL
HemorrhageClass2Saline,StandardMale.xml,1082,72.4148161093531,119.45046152353234,76.96770167053485,91.12862162153401,5.089486144219684,70.16088119964418,5.205362035152793,15.151097568298688,0.9872707581986869,5.401241518870588,NORMAL
HemorrhageClass2Saline,StandardMale.xml,1083,72.50063162896221,118.81628614074647,76.73523562020618,90.76225246038628,5.0718858302073695,70.19076642716394,5.202534888293084,15.143994439632916,0.9858563821997595,5.409866620986746,NORMAL
HemorrhageClass2Saline,StandardMale.xml,1084,72.3042186338833,119.34651090266499,76.18966378007217,90.57527948760311,5.079802911418907,69.91195209813044,5.201683797168913,15.2559260018337,0.9870478768063777,5.404664419631523,NORMAL
HemorrhageClass2Saline,StandardMale.xml,1085,72.21203944328654,119.4313457607301,75.70959251726191,90.28351026508464,5.086264477201947,70.16255239198458,5.198454609833317,15.162341659820353,0.9879699477904144,5.403098336361255,NORMAL
HemorrhageClass2Saline,StandardMale.xml,1086,72.39930076782872,118.96630496236314,75.73671808528663,90.14658037764546,5.045196715322144,70.31352936387516,5.202141549685276,15.147368359925618,0.9880327322358031,5.397156344817441,NORMAL
HemorrhageClass2Saline,StandardMale.xml,1087,72.72308577832766,118.54891527928336,75.98028090718026,90.1698256978813,5.03264651294382,69.67226098263414,5.201055561845754,15.229447772752483,0.9867280769109632,5.403940641653179,NORMAL
HemorrhageClass2Saline,StandardMale.xml,1088,72.42416693304214,118.15093528320068,76.12381424973347,90.13285459422254,5.06088679937274,69.26795887017899,5.199667541175791,15.303116793250215,0.9871427087684093,5.401942327560963,NORMAL
HemorrhageClass2Saline,StandardMale.xml,1089,72.31380980165522,117.44764825908283,75.66911161511368,89.59529049643673,5.038641099135135,69.84065640960249,5.2016243586951205,15.373360016016935,0.9875319445823614,5.399388246231386,NORMAL
HemorrhageClass2Saline,StandardMale.xml,1090,72.42759449448006,117.8043857328251,75.99131695170709,89.92900654541309,5.0139951623768955,69.66110256761138,5.19744727636562,15.497489740099322,0.9860057584120862,5.4029889642896,NORMAL
HemorrhageClass2Saline,StandardMale.xml,1091,72.21637479493039,117.45614903063577,76.4822090816133,90.1401890646208,5.051871251906628,69.27610538982184,5.202044600279842,15.43452579697664,0.9873269719424302,5.3953027617561915,NORMAL
HemorrhageClass2Saline,StandardMale.xml,1092,72.25573835156648,117.86759178059533,75.8801622668614,89.87597210477271,5.025258592536354,69.89699445423086,5.203077701837073,15.495989359186314,0.9865484396055574,5.403762246135235,NORMAL
HemorrhageClass2Saline,StandardMale.xml,1093,72.12513830465113,117.7024118548127,76.45591294424112,90.20474591443164,5.026660946739204,69.54631179929542,5.203636491484008,15.423369968700271,0.9857055081669547,5.405663244770187,NORMAL
HemorrhageClass2Saline,StandardMale.xml,1094,72.10545195587808,118.33983710124501,76.85581786350583,90.68382427608556,4.993665348209211,69.66630768516184,5.201518907546639,15.452524123274738,0.9857403702511599,5.406691467357417,NORMAL
HemorrhageClass2Saline,StandardMale.xml,1095,71.7997733464665,117.76348406786258,76.20825120750631,90.05999549429173,4.964738349938701,69.28509416479805,5.205114257996139,15.34001896215359,0.9866855856277879,5.402794924809246,NORMAL
HemorrhageClass2Saline,StandardMale.xml,1096,72.03432697534167,118.38800728193819,75.92329165541436,90.07819686425563,4.999587365693656,69.17740034717359,5.205834660210632,15.441744915504636,0.9873355053990415,5.4094106890086415,NORMAL
HemorrhageClass2Saline,StandardMale.xml,1097,71.83911090277896,118.08062966669976,76.40351129529637,90.29588408576417,4.984885729996226,69.41238184246102,5.210313797196903,15.331516955101854,0.9879397949386857,5.410736293076104,NORMAL
HemorrhageClass2Saline,StandardMale.xml,1098,71.58928694519568,118.56540255689355,76.54500084146844,90.5518014132768,5.010755388023128,69.38941783526168,5.205021373387341,15.385768913776207,0.9866506043346163,5.418978303009261,NORMAL
HemorrhageClass2Saline,StandardMale.xml,1099,71.44762502779648,117.8491731526089,76.19323031080408,90.07854459140569,5.025800637186451,69.90039658057333,5.203984185204019,15.300206798965608,0.9880042345289012,5.409239773077584,NORMAL
HemorrhageClass2Saline,StandardMale.xml,1100,71.88951869593782,117.2240041663072,75.99834929026512,89.74023424894581,5.0390883335577605,70.19599844655427,5.203517622488425,15.42662084512985,0.9877429948485851,5.407331254687614,NORMAL
HemorrhageClass2Saline,StandardMale.xml,1101,72.18621623948407,117.8288171008881,75.54692833461255,89.64089125670439,5.001371042755685,70.00301244274198,5.206918100019466,15.536962783930491,0.9865656419821319,5.406472737846499,NORMAL
HemorrhageClass2Saline,StandardMale.xml,1102,71.88709696327665,117.8611644912612,75.32751552315864,89.50539851252616,5.032460088443978,69.31417806108203,5.207221733300895,15.43021367564834,0.9866911023339173,5.412729918565514,NORMAL
HemorrhageClass2Saline,StandardMale.xml,1103,72.2848646954408,117.91389966280924,75.49147990551269,89.63228649127821,5.0214524526072175,69.92503620880042,5.202412670015381,15.424504381286148,0.9873606495378415,5.413288630774863,NORMAL
HemorrhageClass2Saline,StandardMale.xml,1104,72.37475429950067,118.46633149634383,74.9823871940404,89.4770352948082,5.033101644646975,69.47767435686019,5.204026157666371,15.415196656176466,0.9868544118304886,5.404439527143989,NORMAL
HemorrhageClass2Saline,StandardMale.xml,1105,72.37909366811026,119.0432438912113,75.50633250100756,90.01863629774215,5.000997121684551,69.54661931753496,5.199514876240811,15.317692779779787,0.9876982389237812,5.407408487746723,NORMAL
HemorrhageClass2Saline,StandardMale.xml,1106,72.43800710289904,118.85633722383442,76.1105817984001,90.35916694021154,5.008400723499774,69.1583239360538,5.194611718202405,15.215868099473145,0.9888918111925652,5.399107329189908,NORMAL
HemorrhageClass2Saline,StandardMale.xml,1107,72.48354809082392,119.38696930346705,75.88748665653155,90.38731420551005,5.025806018930577,69.20092038096692,5.197385737023034,15.248857010479647,0.989952847487931,5.390085082855348,NORMAL
HemorrhageClass2Saline,StandardMale.xml,1108,72.45122244121478,118.81990971974557,75.35912602121444,89.84605392072481,5.03386218985306,69.3736933488663,5.195826470416539,15.155200777142081,0.9882234447397391,5.39518952389934,NORMAL
HemorrhageClass2Saline,StandardMale.xml,1109,72.02600896034144,119.35622805217317,75.29209981466867,89.98014256050351,5.021263063777383,69.49556471049769,5.192940275425241,15.255286442385106,0.989360860258098,5.392320334834892,NORMAL
HemorrhageClass2Saline,StandardMale.xml,1110,72.31370674427099,118.62173068598833,75.79809527899837,90.07264041466169,4.991467734779612,69.6798429736484,5.196299665287629,15.160626588951768,0.9883669927904404,5.387009479672344,NORMAL
HemorrhageClass2Saline,StandardMale.xml,1111,72.45888821201493,118.76436542298076,75.36654209002201,89.83248320100826,4.991871175654408,69.09523685157575,5.1959191119098,15.290264919074701,0.9890168424986969,5.393191055431249,NORMAL
HemorrhageClass2Saline,StandardMale.xml,1112,72.22378693717066,118.9334968368335,74.9985193586935,89.64351185140683,5.006194925521202,68.98659212133542,5.19956593044911,15.265089976355345,0.9887336331823499,5.392490803411768,NORMAL
HemorrhageClass2Saline,StandardMale.xml,1113,72.17491967626202,119.3633863211767,75.0879240600043,89.8464114803951,5.010414810179611,69.3425723805785,5.198831342538537,15.235238386584385,0.9892045802861669,5.399201273468286,NORMAL
HemorrhageClass2Saline,StandardMale.xml,1114,72.39200760596555,119.36259910228736,75.11602291504431,89.86488164412533,5.003109736680503,69.43173476338727,5.194329164126158,15.15936315890707,0.9883936351503381,5.397849566459932,NORMAL
HemorrhageClass2Saline,StandardMale.xml,1115,72.29176858293594,118.81641178449223,75.44337680360209,89.90105513056547,4.975101338070932,69.17353620413374,5.1947358016655745,15.159502102553368,0.988510973809359,5.389565158255984,NORMAL
HemorrhageClass2Saline,StandardMale.xml,1116,72.25862213873279,118.42746510531771,75.43360837598934,89.76489395243213,5.010992517124538,68.91601733485257,5.194932817376634,15.255903825790408,0.987176071459175,5.390313407449822,NORMAL
HemorrhageClass2Saline,StandardMale.xml,1117,71.91397369708189,118.9413016975391,75.91000669129158,90.25377169337409,5.011376534719285,69.37277842162639,5.193292783268521,15.324552673718824,0.9856452672150406,5.39067593385893,NORMAL
HemorrhageClass2Saline,StandardMale.xml,1118,71.59079363601745,118.1938286975977,75.44973978954188,89.69776942556048,5.00385514822053,69.64955069624337,5.189773906333373,15.233860833504824,0.986076240258953,5.387658125416989,NORMAL
HemorrhageClass2Saline,StandardMale.xml,1119,71.71975273374503,117.82578568875324,75.220229313876,89.42208143883508,4.969883507715357,69.81572630591303,5.190625985312983,15.365789354947605,0.9848319953120475,5.381183079277088,NORMAL
HemorrhageClass2Saline,StandardMale.xml,1120,71.89981560338342,117.39762948414739,74.93050454623369,89.08621285887159,4.965329265423474,69.30269413217813,5.187208395795906,15.430748718012232,0.9859756942666242,5.382750980289114,NORMAL
HemorrhageClass2Saline,StandardMale.xml,1121,71.75609396614206,117.59050162900412,75.00217135311496,89.19828144507801,4.983565495746751,69.1057366469842,5.189469259939541,15.506318022889644,0.9851929052296011,5.376462311995748,NORMAL
HemorrhageClass2Saline,StandardMale.xml,1122,72.17368233063543,118.15850170153185,74.74404939037424,89.21553349409345,4.960560282735652,69.43916433694656,5.19278154461819,15.472276208803457,0.9854896399992406,5.3806225028509225,NORMAL
HemorrhageClass2Saline,StandardMale.xml,1123,72.43949170123587,117.5887401829024,74.93287868078399,89.15149918149012,4.926278346297808,68.83364584204519,5.189525483047373,15.372024547868751,0.9844656966000905,5.386717400887429,NORMAL
HemorrhageClass2Saline,StandardMale.xml,1124,72.34152127065425,117.90559320723557,75.50080536629595,89.63573464660915,4.973356632277212,68.21592371635305,5.19138185358309,15.472587102949227,0.9844685846230087,5.380725958363591,NORMAL
HemorrhageClass2Saline,StandardMale.xml,1125,72.37441346670491,118.5801769468428,75.39233682167837,89.78828353006651,4.990807704780489,68.85625393088765,5.1939738560682205,15.416662740439511,0.9841960659635229,5.38414184504933,NORMAL
HemorrhageClass2Saline,StandardMale.xml,1126,72.14866914647523,117.98712964444208,74.88039022894262,89.24930336744244,4.960984402623619,69.03982874473883,5.189614532398969,15.297599128292049,0.9856719060709899,5.3889113598676275,NORMAL
HemorrhageClass2Saline,StandardMale.xml,1127,72.40892962646501,117.58156322355327,75.19029571098324,89.32071821517324,4.978157426971811,68.85828902491119,5.189802793278363,15.402271609783005,0.9859963608811578,5.380889817080716,NORMAL
HemorrhageClass2Saline,StandardMale.xml,1128,72.56681249032555,117.19801107466265,75.04653991643006,89.09703030250759,4.978139200603306,68.86125255906511,5.190358007786,15.473853831828343,0.9844821467483379,5.381236233821875,NORMAL
HemorrhageClass2Saline,StandardMale.xml,1129,72.19695121159911,116.80563839337114,75.40169215636138,89.20300756869797,5.018158705791247,68.73819777058912,5.190843830904131,15.541550548503471,0.9856029413445325,5.382257877835221,NORMAL
HemorrhageClass2Saline,StandardMale.xml,1130,72.22943102929933,116.52785336961871,75.55531173529126,89.21282561340041,5.042448463362774,69.50740708870536,5.187085139566138,15.610804083683185,0.9840783556593239,5.3831518355278885,NORMAL
HemorrhageClass2Saline,StandardMale.xml,1131,72.29217014366756,116.99916509900999,76.18294830930415,89.78835390587277,5.064686935647799,69.77348925410364,5.190488537925813,15.659832968292367,0.9844395649238192,5.376235509584216,NORMAL
HemorrhageClass2Saline,StandardMale.xml,1132,72.28265230195098,116.82385064459132,76.14644713204508,89.70558163622717,5.054963751765431,69.99074003135975,5.1921594251993,15.576646740024449,0.9848188607179815,5.382498064887372,NORMAL
HemorrhageClass2Saline,StandardMale.xml,1133,72.37435046574785,117.4054167686274,76.11472093518395,89.87828621299843,5.064790087994897,69.88159906024758,5.193069411036586,15.607589632625007,0.9845993574579271,5.385572645894266,NORMAL
HemorrhageClass2Saline,StandardMale.xml,1134,72.15917235892636,116.8641969365086,76.5726935053239,90.00319464905213,5.049536092053207,69.92684804445403,5.193356930049572,15.504943572003011,0.9846157574679502,5.3872471006682385,NORMAL
HemorrhageClass2Saline,StandardMale.xml,1135,72.48149088612128,116.7831270732394,76.7424175730457,90.08932073977694,5.004606297417769,69.91431331527271,5.191768188410653,15.600468537095448,0.9837230836970275,5.3877761611922335,NORMAL
HemorrhageClass2Saline,StandardMale.xml,1136,72.26928930763678,116.55105776969341,76.31882402268626,89.72956860502198,5.036718709764543,69.12145323433758,5.190817897711332,15.614777317741055,0.9841314806859132,5.384852735449881,NORMAL
HemorrhageClass2Saline,StandardMale.xml,1137,72.49444914528462,116.94105436079207,75.83875149300371,89.53951911559983,5.015302161360446,69.67318627453832,5.193665909934205,15.655737406053916,0.9855803337609071,5.383104116149513,NORMAL
HemorrhageClass2Saline,StandardMale.xml,1138,72.67128531771392,117.30783396448861,76.13920025069314,89.86207815529163,5.036942918598022,69.23938289708906,5.197169906402867,15.586903249321292,0.9865675266873126,5.388344711626411,NORMAL
HemorrhageClass2Saline,StandardMale.xml,1139,72.6470758364474,117.08460571896443,76.42194895227476,89.97616787450465,5.045389515873333,69.35978786325117,5.193687153733287,15.522166876482611,0.98554064684185,5.39479237638616,NORMAL
HemorrhageClass2Saline,StandardMale.xml,1140,72.61438009267812,116.63343259814818,76.27154987775873,89.72551078455521,5.07884854702146,69.47969656837888,5.192228419985873,15.56156652353151,0.9846257179311918,5.388383802103794,NORMAL
HemorrhageClass2Saline,StandardMale.xml,1141,72.14065134485838,116.1193913346377,76.6967292544009,89.83761661447984,5.056915572827271,69.90540022684532,5.189435855866202,15.641198299861463,0.985639489938338,5.385699602430314,NORMAL
HemorrhageClass2Saline,StandardMale.xml,1142,72.43072155801858,115.68512668871976,76.09126011244415,89.28921563786935,5.043788489239702,70.01772112284118,5.191456147409801,15.731926264431198,0.9844504232444415,5.3805610363887215,NORMAL
HemorrhageClass2Saline,StandardMale.xml,1143,72.13192149655532,115.61808247032515,75.88892582334735,89.13197803900661,5.026378551711928,69.63061647007612,5.18760603972855,15.808573705416112,0.9856275059171321,5.384278552289944,NORMAL
HemorrhageClass2Saline,StandardMale.xml,1144,71.92200117466717,115.40961488116204,76.13014008195547,89.22329834835766,5.024097978925686,69.65754719690393,5.190291864978626,15.82040696843,0.9861965480661576,5.377194012154229,NORMAL
HemorrhageClass2Saline,StandardMale.xml,1145,72.27744564175865,115.62695054517039,76.06341098699554,89.25125750638715,5.048217763287553,69.7964890518461,5.187177393046643,15.857201368775144,0.984918552943288,5.382136169194235,NORMAL
HemorrhageClass2Saline,StandardMale.xml,1146,72.31561131426503,116.30080996730575,76.59282019234621,89.82881678399939,5.067687731611006,69.80475741413777,5.1836223264636425,15.818841758713438,0.9837412983416365,5.376405264183154,NORMAL
HemorrhageClass2Saline,StandardMale.xml,1147,72.36234158193137,117.01968732305907,77.01634490817804,90.35079237980506,5.031239602406387,70.00815061476061,5.182853042815438,15.699905988151059,0.9836664922997717,5.369863625876503,NORMAL
HemorrhageClass2Saline,StandardMale.xml,1148,72.30137748961823,117.46044975079916,76.41607432015525,90.09753279703655,5.038848358597922,69.53406847947454,5.182570113067582,15.573024580192955,0.9826864310810748,5.368448075628912,NORMAL
HemorrhageClass2Saline,StandardMale.xml,1149,72.5256230924076,117.43860042157301,76.26608410524469,89.99025621068746,5.05519943661691,69.6734038722022,5.181416890526379,15.495230284741698,0.9837988494853904,5.367927459760416,NORMAL
HemorrhageClass2Saline,StandardMale.xml,1150,72.30339984610656,117.51159843044653,75.7370990327452,89.66193216531231,5.037646080274085,69.69249222808644,5.185451166047468,15.499086677814821,0.9834768183971992,5.3658054278447,NORMAL
HemorrhageClass2Saline,StandardMale.xml,1151,72.38039898841845,117.08124282799015,76.07219931596768,89.74188048664183,5.026372331750492,69.6573814927636,5.183896246621905,15.486202574469678,0.9845039113098014,5.373228853165207,NORMAL
HemorrhageClass2Saline,StandardMale.xml,1152,72.24217188525553,117.0622326886232,76.01421934940937,89.69689046248065,5.051052829912726,69.46150276337917,5.188129905113638,15.562160071705213,0.9841288994803873,5.370367663299831,NORMAL
HemorrhageClass2Saline,StandardMale.xml,1153,71.82208391160155,116.67624128062278,75.42448698796701,89.1750717521856,5.068756319224647,69.86672008273307,5.193515413901761,15.565515349527022,0.9829528834759439,5.378157970997366,NORMAL
HemorrhageClass2Saline,StandardMale.xml,1154,71.70617828446429,117.50650992452223,75.08930116754142,89.22837075320169,5.024520799882847,70.41472668102023,5.196625816629691,15.633642593923948,0.9835970903927724,5.388067785558265,NORMAL
HemorrhageClass2Saline,StandardMale.xml,1155,71.87261172912203,118.12801212113808,74.66568289662311,89.15312597146144,5.031785144475027,69.97346412805923,5.199029296606427,15.487100692613074,0.9841903457469788,5.393791202872425,NORMAL
HemorrhageClass2Saline,StandardMale.xml,1156,71.91152599561315,117.82698449520676,74.70487267084202,89.07890994563027,5.042023491879374,69.92843255116435,5.199643014046737,15.37740593992047,0.9836680511956465,5.398213819528962,NORMAL
HemorrhageClass2Saline,StandardMale.xml,1157,72.12172161338425,118.42023754740245,74.26653682376997,88.9844370649808,5.018811695961583,70.02085130486859,5.199949474423674,15.430537129415828,0.9850358997169177,5.399343114135199,NORMAL
HemorrhageClass2Saline,StandardMale.xml,1158,72.25989327929804,118.29552300491709,74.11638440189239,88.84276393623395,5.019861466766274,69.57463650083027,5.202836930015472,15.325828333213519,0.9854891405962275,5.399907028451411,NORMAL
HemorrhageClass2Saline,StandardMale.xml,1159,72.37075939273845,118.8035429915919,74.67559078076775,89.3849081843758,5.009577923048318,69.47824588035353,5.199583059158041,15.347840372703635,0.9848546253105336,5.40522020323086,NORMAL
HemorrhageClass2Saline,StandardMale.xml,1160,71.93312825471254,118.47741429580228,75.1013313850758,89.5600256886513,5.027507067600941,69.2677294985967,5.195876452367063,15.258175159765319,0.9863420207375566,5.399232791814249,NORMAL
HemorrhageClass2Saline,StandardMale.xml,1161,71.77239233319578,117.85126403229454,75.2690707525129,89.46313517910679,5.025552138199425,69.82872762002386,5.198776616274664,15.315736672540975,0.9852148007045927,5.392412306063717,NORMAL
HemorrhageClass2Saline,StandardMale.xml,1162,71.43596358378758,118.28397914813493,75.46596152518406,89.73863406616768,5.001457766227666,69.93309129515424,5.201616010507993,15.426251806160598,0.9858771539277177,5.397748865273112,NORMAL
HemorrhageClass2Saline,StandardMale.xml,1163,71.92776980038384,117.70522938736853,75.00064758646441,89.23550818676578,4.991102014768617,69.91038750001638,5.202756696765041,15.349877856274464,0.9853704406096793,5.402973602883723,NORMAL
HemorrhageClass2Saline,StandardMale.xml,1164,71.57904921262315,117.951213234499,74.66777435693999,89.09558731612633,4.97612342226273,69.39430986808647,5.2049048704193455,15.452026830524048,0.9852002632955441,5.405072566923005,NORMAL
HemorrhageClass2Saline,StandardMale.xml,1165,72.04171509484829,118.38448841751115,75.41111509113412,89.73557286659313,4.984549700564281,69.48959986476473,5.208456087612753,15.408610833888352,0.9855674841819674,5.409025397267598,NORMAL
HemorrhageClass2Saline,StandardMale.xml,1166,72.06078435622518,118.47307831800828,75.30071545399598,89.69150307533342,4.9693693164702815,69.22558591113092,5.210627868805973,15.332138032493352,0.9861666740566166,5.4155599523554585,NORMAL
HemorrhageClass2Saline,StandardMale.xml,1167,72.18771306337817,118.71758152073146,75.40648353106079,89.84351619428435,4.953257603898483,69.02794015864886,5.2080565809651596,15.316501969935551,0.9863204990870563,5.419556222668696,NORMAL
HemorrhageClass2Saline,StandardMale.xml,1168,72.41196063611928,118.43903801533547,74.99380895260515,89.47555197351525,4.976411283498026,68.73495026124293,5.210696788612323,15.27334730612051,0.9849607592998734,5.414824824636009,NORMAL
HemorrhageClass2Saline,StandardMale.xml,1169,71.98703977988394,118.93136270424021,75.0835432031107,89.69948303682054,4.975244589944387,68.83796473516803,5.20853446278035,15.322510062269913,0.9850426636224877,5.419683041234478,NORMAL
HemorrhageClass2Saline,StandardMale.xml,1170,72.05998063554242,118.8484477008598,75.06496868560087,89.65946169068718,4.959635578887899,69.15658191426263,5.20784035787,15.23561505966504,0.9848095190125518,5.415704169625846,NORMAL
HemorrhageClass2Saline,StandardMale.xml,1171,72.00117195485157,119.352202318744,75.1622870412323,89.89225880040287,5.002870774055862,68.91145655860542,5.210451595770023,15.250249506397243,0.9837577875754443,5.414426954933978,NORMAL
HemorrhageClass2Saline,StandardMale.xml,1172,71.70265869777856,119.48892515268827,74.81598313421304,89.70696380703812,5.0188505853678524,69.47808257345247,5.2132486488881185,15.16133712840814,0.9827112838700174,5.419231864624345,NORMAL
HemorrhageClass2Saline,StandardMale.xml,1173,71.52667156287947,119.27666962186058,75.25090435058092,89.92615944100747,5.051866720737305,69.90777328797995,5.210882666007243,15.137205632914462,0.9842497447662697,5.424378690821797,NORMAL
HemorrhageClass2Saline,StandardMale.xml,1174,71.69375162321403,118.99872478972104,74.88396512335491,89.58888501214362,5.050703294293797,70.44809390924982,5.20541535749211,15.174668602616839,0.9832696453947474,5.42002507215248,NORMAL
HemorrhageClass2Saline,StandardMale.xml,1175,71.64643891919337,119.56879967502921,74.77901477743234,89.7089430766313,5.04282760851074,70.29972450237533,5.207894406424542,15.223725693307347,0.982334416327307,5.409964738827673,NORMAL
HemorrhageClass2Saline,StandardMale.xml,1176,71.78222806536155,118.75257231920132,75.39558783704432,89.84791599776332,5.068250883816267,70.24249298863037,5.20441901909472,15.123107829202201,0.9835049198378965,5.414526409075426,NORMAL
HemorrhageClass2Saline,StandardMale.xml,1177,71.81273834495063,118.1354018083695,75.28498687051962,89.56845851646958,5.0887993056938825,70.44061811284124,5.20324144537937,15.267171451866787,0.9838436371228014,5.408131387672475,NORMAL
HemorrhageClass2Saline,StandardMale.xml,1178,71.89929430499488,118.67989387964016,75.70662234654964,90.03104619091314,5.074996359494288,70.66405761344662,5.205182608670406,15.376101664701913,0.9842532239241985,5.40596454743323,NORMAL
HemorrhageClass2Saline,StandardMale.xml,1179,72.12711013568797,118.60667364864973,75.69421852702705,89.99837023423461,5.061007037915199,70.42804915402019,5.204258977548793,15.279999151426267,0.985411969500168,5.409536460320833,NORMAL
HemorrhageClass2Saline,StandardMale.xml,1180,71.96424200635552,118.95512388548588,75.9275515721361,90.27007567658602,5.0456559190655685,70.07767695470262,5.201246671339391,15.292922476837383,0.9850652216252284,5.407836897011597,NORMAL
HemorrhageClass2Saline,StandardMale.xml,1181,72.00351939156796,119.4842051594386,76.4041162849459,90.7641459097768,5.058451130786823,70.02261251490404,5.202606158299279,15.231421225894831,0.9861578675119895,5.40229398600537,NORMAL
HemorrhageClass2Saline,StandardMale.xml,1182,72.16864833503448,119.4105991670998,76.712021907472,90.94488099401461,5.067261901418232,70.14538714143637,5.203008224937625,15.138038708799073,0.9849366343713443,5.404795562773783,NORMAL
HemorrhageClass2Saline,StandardMale.xml,1183,72.18555983693712,118.81424682242802,76.770801993696,90.78528360327334,5.064456302488493,70.11980393213119,5.198296444411734,15.151030120849203,0.9851524339569627,5.40553540110362,NORMAL
HemorrhageClass2Saline,StandardMale.xml,1184,71.90344024334073,118.68474026775208,77.15646750823518,90.99922509474081,5.025498398242,70.07263972624453,5.202794471295911,15.256285940253584,0.9841794762149811,5.3968653063920105,NORMAL
HemorrhageClass2Saline,StandardMale.xml,1185,71.53612242454655,119.00574102980468,76.71492302722558,90.81186236141862,5.038553414098799,69.82811611592672,5.206447595995053,15.279143766926769,0.9840777700825247,5.40514207541529,NORMAL
HemorrhageClass2Saline,StandardMale.xml,1186,71.86574598261332,119.03716009321312,76.51307479541109,90.68776989467842,4.997019794160158,70.27934100505955,5.209551818040175,15.222487331279027,0.9827212972604844,5.411864149366069,NORMAL
HemorrhageClass2Saline,StandardMale.xml,1187,71.8396960430725,118.79620156261824,76.88436501027101,90.85497719438675,4.982807120250063,69.51468657339815,5.206359874769096,15.216941886051014,0.9817474261443349,5.417576193674838,NORMAL
HemorrhageClass2Saline,StandardMale.xml,1188,71.5482211270623,118.23806380257743,76.3532904858364,90.31488159141674,4.965540234537159,69.36388318640425,5.201747652893852,15.259470917431278,0.9814278702460137,5.411702734518098,NORMAL
HemorrhageClass2Saline,StandardMale.xml,1189,71.55593589056856,117.74695803557556,76.44914827398533,90.21508486118208,4.95615084658447,69.38600627281592,5.196879630207872,15.357981886321582,0.9803889873182745,5.403215836567398,NORMAL
HemorrhageClass2Saline,StandardMale.xml,1190,71.54838282625715,117.52474929954815,76.29175933499148,90.03608932317704,4.947925561245071,69.26626668509522,5.195884252784207,15.444661749965697,0.9817408877323693,5.394258242402348,NORMAL
HemorrhageClass2Saline,StandardMale.xml,1191,71.32702014204011,117.16417597012044,76.56003719619686,90.09475012083806,4.961740146049308,69.17270312949404,5.196143124171107,15.483881454219983,0.9827586418974676,5.392426659524167,NORMAL
HemorrhageClass2Saline,StandardMale.xml,1192,71.3570496377903,116.72350180316201,75.96698946445993,89.55249357736062,4.964019260822101,69.51577537480975,5.195522267571619,15.547522423494897,0.9828903655264553,5.392903005871418,NORMAL
HemorrhageClass2Saline,StandardMale.xml,1193,71.39959179755144,116.50073093319907,76.4342553798663,89.78974723097723,4.950341871460188,69.51950534509284,5.200515034167372,15.62530114097287,0.9835843348727613,5.391760574578127,NORMAL
HemorrhageClass2Saline,StandardMale.xml,1194,71.30548021698374,116.75349012248944,76.72548605164307,90.06815407525853,4.941321493183132,69.31983613958474,5.199541313523214,15.664620061518544,0.9824492502734411,5.400947708618068,NORMAL
HemorrhageClass2Saline,StandardMale.xml,1195,71.54001449058752,116.4847985636413,77.20173300870775,90.2960881936856,4.938997316886773,69.28514086155235,5.204431075223607,15.620008221188833,0.9834992679489578,5.3991559761379335,NORMAL
HemorrhageClass2Saline,StandardMale.xml,1196,71.65342422132454,116.55609286488344,77.55431693611797,90.55490891237312,4.94325748227882,69.07125908548267,5.199086796596413,15.667432114875655,0.9835132160197497,5.408153572020565,NORMAL
HemorrhageClass2Saline,StandardMale.xml,1197,71.97974517955197,116.43070566240745,77.93817804659788,90.76902058520108,4.9108545999478865,69.03332676509338,5.20349488046954,15.654848714872031,0.9835786514828369,5.398319624618219,NORMAL
HemorrhageClass2Saline,StandardMale.xml,1198,72.06171095680166,117.0903854181018,77.56662034010711,90.74120869943867,4.910835256455202,68.38688749026895,5.204537514663257,15.676979478433793,0.9839477737349235,5.406430890511595,NORMAL
HemorrhageClass2Saline,StandardMale.xml,1199,72.05878739541737,116.56094657136843,77.66955713238438,90.63335361204574,4.927751580619425,68.32295916985093,5.202181098507554,15.56054641021419,0.9837178198053136,5.408349430044456,NORMAL
HemorrhageClass2Saline,StandardMale.xml,1200,71.74651262047306,116.22555018219116,77.5411538958205,90.43595265794406,4.919726105816883,68.52876500879634,5.201326331820113,15.653992038684219,0.9841516732017292,5.4040134149992625,NORMAL
HemorrhageClass2Saline,StandardMale.xml,1201,72.1583958258233,116.17967905053371,77.57858473462979,90.44561617326443,4.917823155710895,68.67590540689771,5.1988338895168775,15.713189293601621,0.9849775836707904,5.40244056836608,NORMAL
HemorrhageClass2Saline,StandardMale.xml,1202,72.0918579986601,116.03787199937197,77.9727224753673,90.66110565003552,4.916093094194561,68.33196082868749,5.198525119978682,15.72128551992277,0.9852779169833807,5.397854253126326,NORMAL
HemorrhageClass2Saline,StandardMale.xml,1203,71.68790666134812,116.53701120151891,77.91665342447389,90.79010601682224,4.88742675880011,68.36279998307594,5.198408334374812,15.746314376605746,0.9864600309502437,5.397286089748276,NORMAL
HemorrhageClass2Saline,StandardMale.xml,1204,71.88264470911987,116.58734516274224,78.16576252308428,90.9729567363036,4.918676719104943,68.33156743769672,5.201160249346565,15.658216616635105,0.9864576876820621,5.397071193863177,NORMAL
HemorrhageClass2Saline,StandardMale.xml,1205,72.1337618022754,116.96207266826116,77.40430645792804,90.59022852803908,4.891978446699181,68.55680202986831,5.204388319577181,15.649332703660225,0.986855976644623,5.402134961861769,NORMAL
HemorrhageClass2Saline,StandardMale.xml,1206,72.2473116316487,116.87822496992314,77.61463359618575,90.70249738743155,4.932555849554141,68.04037594033667,5.202617106321222,15.583193531073483,0.985739140856323,5.408074897833188,NORMAL
HemorrhageClass2Saline,StandardMale.xml,1207,72.41685431391429,117.2858791986901,76.83502679859048,90.31864426529035,4.938549559048929,68.4399489377284,5.206770332547453,15.597992597887915,0.9855137753867526,5.404815708106662,NORMAL
HemorrhageClass2Saline,StandardMale.xml,1208,72.11850805811656,116.69748494230313,76.47426994391327,89.8820082767099,4.980441865982923,68.38044873000217,5.204807216834774,15.526041879045444,0.9842425957328504,5.4124580132909355,NORMAL
HemorrhageClass2Saline,StandardMale.xml,1209,72.18778035865951,116.57498444149073,76.67991319220454,89.97827027529993,4.961786121362652,69.11582556280449,5.20436093971463,15.629893100797453,0.9838921519706226,5.408845705997491,NORMAL
HemorrhageClass2Saline,StandardMale.xml,1210,71.97834664086167,117.3087388096423,76.84838289399079,90.33516819920796,4.943600138853346,68.83736208463652,5.200973126167188,15.651514363303857,0.9849441010202704,5.4080245164539615,NORMAL
HemorrhageClass2Saline,StandardMale.xml,1211,71.89914067260331,117.90784686614155,76.83161795385129,90.52369425794805,4.950629112538499,68.78232775794206,5.201413171168619,15.522007171873518,0.985428085719477,5.401790638589702,NORMAL
HemorrhageClass2Saline,StandardMale.xml,1212,71.9699890051827,118.17401218675192,76.81206854890944,90.59938309485693,4.922430318768574,68.92907499587035,5.1975826441894775,15.416264971038707,0.9840890058394138,5.402600360481207,NORMAL
HemorrhageClass2Saline,StandardMale.xml,1213,71.78312866017755,118.2514298227797,76.39020618936163,90.343947400501,4.934602954411287,68.53389581697087,5.2005984523746696,15.36928695683589,0.9832373995539394,5.395551850576714,NORMAL
HemorrhageClass2Saline,StandardMale.xml,1214,71.96482373819647,118.91061793489276,76.57593873194774,90.68749846626275,4.945944067857514,68.82679972782071,5.198079813487234,15.355622792035906,0.9835586772361312,5.401101205529473,NORMAL
HemorrhageClass2Saline,StandardMale.xml,1215,71.93434101163774,119.4166640234437,76.67742369059415,90.92383713487733,4.988586044977036,68.82114094693853,5.1937519710993065,15.239276498603832,0.9849901970294485,5.396466686247766,NORMAL
HemorrhageClass2Saline,StandardMale.xml,1216,71.89228150430158,119.94335067992728,76.32666702420391,90.8655615761117,5.004519372676379,69.35880580907984,5.193917403183635,15.149959677461581,0.9845753963610062,5.388503071814949,NORMAL
HemorrhageClass2Saline,StandardMale.xml,1217,72.11902492661925,120.25232437400344,75.95774048433634,90.72260178089203,4.986152386750891,69.5840907694327,5.193604361463574,15.056999808865703,0.9844559302845621,5.388807481545323,NORMAL
HemorrhageClass2Saline,StandardMale.xml,1218,71.70157679509705,119.56012067898122,75.46087679003799,90.16062475301906,4.993741379462969,69.18408145985495,5.189369447875286,15.002466143265234,0.9852117642339954,5.388231456973147,NORMAL
HemorrhageClass2Saline,StandardMale.xml,1219,72.13814823359944,119.27015002648032,75.01355387737877,89.76575259374596,4.974573273096125,69.6052927766155,5.186864235645829,15.124639666628177,0.984627250073655,5.380438839786462,NORMAL
HemorrhageClass2Saline,StandardMale.xml,1220,72.21390195690792,118.55632000051051,75.1054240564281,89.58905603778891,5.002602858317136,69.02986702683417,5.188839821079849,15.175819307162675,0.9850359448372483,5.375829026748116,NORMAL
HemorrhageClass2Saline,StandardMale.xml,1221,72.042570139028,118.14152393648622,74.73994828464555,89.20714016859245,4.9813250973567795,69.30720445288593,5.188140159397479,15.301809864540722,0.9836963694272791,5.379464279436503,NORMAL
HemorrhageClass2Saline,StandardMale.xml,1222,71.9017242460002,118.53665000286895,75.42026535675421,89.79239357212579,5.0058710973612754,69.1861078174469,5.1902840854513395,15.375021112881864,0.9845928976842189,5.3781768397905125,NORMAL
HemorrhageClass2Saline,StandardMale.xml,1223,72.01981762396125,118.58410022226644,74.99102761190028,89.52205181535567,4.969944480173347,69.59290369116432,5.186394363842131,15.305281606939225,0.9840652860908419,5.382121854172977,NORMAL
HemorrhageClass2Saline,StandardMale.xml,1224,72.29437901388016,117.9065061432631,74.66262794150896,89.07725400876033,5.007474797117755,69.0670125169943,5.186901394478658,15.296906672610177,0.9835444349106193,5.374964420890947,NORMAL
HemorrhageClass2Saline,StandardMale.xml,1225,72.34196532114565,117.30959832376833,75.03285064974796,89.12509987442141,5.011220380554942,69.30245356196494,5.185897868852999,15.4165016077962,0.9833051819215213,5.375897402301314,NORMAL
HemorrhageClass2Saline,StandardMale.xml,1226,71.95664172603246,117.74347135998055,74.82622807488849,89.13197583658584,5.017692768190223,69.31002016711311,5.1886226533195074,15.521855468162732,0.9819725117299063,5.374050826007663,NORMAL
HemorrhageClass2Saline,StandardMale.xml,1227,71.87163726755341,118.18684481855277,75.42007571272936,89.67566541467049,5.024875914070498,69.69182559143536,5.187928500482197,15.44527714604828,0.9835273308834848,5.379064671466622,NORMAL
HemorrhageClass2Saline,StandardMale.xml,1228,72.12124879343096,118.10059744235582,75.28205101546648,89.5548998244296,4.996962885538262,69.84590001726147,5.1849205808297105,15.367022005272638,0.9839306043277558,5.37778736858489,NORMAL
HemorrhageClass2Saline,StandardMale.xml,1229,71.75330569368718,118.49395992452828,74.99874969506156,89.49715310488381,5.003224163217828,69.31231321145083,5.187499901973047,15.38224461374261,0.9832849667913259,5.372252529233041,NORMAL
HemorrhageClass2Saline,StandardMale.xml,1230,71.73482938760972,118.75039035455303,75.04994888350863,89.6167627071901,4.982247154068555,69.67872779942687,5.191469610468111,15.312816379320573,0.9821035668240397,5.376998709255966,NORMAL
HemorrhageClass2Saline,StandardMale.xml,1231,71.63223015128831,118.57240454303012,75.71327245407171,89.99964981705784,5.0049603410073065,69.44008505924526,5.1902635451588495,15.267556567275516,0.9834908185642252,5.384303325513146,NORMAL
HemorrhageClass2Saline,StandardMale.xml,1232,71.9192920463011,118.01151792389717,75.51737312620943,89.68208805877201,4.991732035242904,69.79605437521886,5.1897303290568315,15.298970952750114,0.9821357315763899,5.382084058210218,NORMAL
HemorrhageClass2Saline,StandardMale.xml,1233,72.00307384624942,118.25978505623044,75.04286445412737,89.4485046548284,4.993401313471636,69.4085982116538,5.193903195906592,15.397967093567308,0.9834408524514434,5.381102893217314,NORMAL
HemorrhageClass2Saline,StandardMale.xml,1234,71.94016556478797,117.80282948896993,74.79577712959366,89.13146124938575,5.026959761953248,69.36257198602964,5.197243307517683,15.354148098507775,0.983090170777385,5.388781338893542,NORMAL
HemorrhageClass2Saline,StandardMale.xml,1235,72.08529981898326,118.09869184222873,75.51558495383674,89.70995391663406,5.031351806085847,69.81654187463366,5.195775174823484,15.43480047305301,0.9834781045374917,5.394927440957586,NORMAL
HemorrhageClass2Saline,StandardMale.xml,1236,72.44028949633794,118.2496396372717,75.47493956823322,89.73317292457938,5.000160586743175,69.75425998264001,5.195655994133097,15.382580950984554,0.9844673627408513,5.392225946387121,NORMAL
HemorrhageClass2Saline,StandardMale.xml,1237,71.99423227081071,117.8274744407044,74.9410722820061,89.23653966823888,4.977981216195192,69.10041654272382,5.193306061767042,15.355938758669076,0.984881710117433,5.3920066433300775,NORMAL
HemorrhageClass2Saline,StandardMale.xml,1238,71.7864930146372,118.17616737684767,75.60860544359805,89.79779275468125,4.967433611707691,69.18387644772078,5.196242093392681,15.430450654339005,0.9840071171351285,5.387682559033786,NORMAL
HemorrhageClass2Saline,StandardMale.xml,1239,71.57259087485922,118.84129642542,75.48997609143609,89.94041620276406,4.9376674102643054,69.22040238617271,5.191842734902188,15.368906567119094,0.9829320715435871,5.393085118030475,NORMAL
HemorrhageClass2Saline,StandardMale.xml,1240,71.48252797741263,118.31460631183826,75.65272915136639,89.87335487152367,4.967207874299245,69.02945750451016,5.187934002066719,15.251511702082272,0.9816864706936442,5.384989907616216,NORMAL
HemorrhageClass2Saline,StandardMale.xml,1241,71.33458973673521,117.82144434854008,76.15599322718492,90.0444769343033,4.989080164856393,69.45834256822769,5.187296920924736,15.344472180853833,0.9821149207344488,5.377797491989112,NORMAL
HemorrhageClass2Saline,StandardMale.xml,1242,71.19804129869226,117.17251402992906,76.54912124467295,90.09025217309166,5.02338575226095,69.84142884988763,5.183522540652834,15.43151496187047,0.9828779560729594,5.376625206096419,NORMAL
HemorrhageClass2Saline,StandardMale.xml,1243,71.24654995487302,117.67212590723331,76.01776060901094,89.90254904175173,5.055161720137522,70.3677111700048,5.182890729340767,15.546050761103961,0.9822680751359488,5.369680011120716,NORMAL
HemorrhageClass2Saline,StandardMale.xml,1244,71.63071749337998,117.9359243299946,76.54506778924781,90.34201996949675,5.0859866237819835,70.71444847885633,5.18923566023375,15.457869574260869,0.9836314991728431,5.368517422183183,NORMAL
HemorrhageClass2Saline,StandardMale.xml,1245,72.0003673244152,117.33498194687371,76.05433933068332,89.81455353608011,5.108472341209377,70.77692789765575,5.193045310486005,15.411309316062159,0.9828159623340105,5.38019265864178,NORMAL
HemorrhageClass2Saline,StandardMale.xml,1246,71.90285716330631,117.23708105066515,76.16741328614609,89.85730254098577,5.132190798552055,70.75015274919626,5.191046873146513,15.517375274409357,0.9816291739211462,5.387202753514336,NORMAL
HemorrhageClass2Saline,StandardMale.xml,1247,72.01328857837406,116.89146942033193,76.19030371700968,89.75735895145043,5.137760304966363,71.11457355646426,5.190039531690095,15.534654721942218,0.9805584672186728,5.383525451289964,NORMAL
HemorrhageClass2Saline,StandardMale.xml,1248,72.24736930382694,117.54371728570588,76.58974560685756,90.241069499807,5.15689210843853,71.09233188578281,5.19469426964208,15.595654960595475,0.9800413052926445,5.3816718535287595,NORMAL
HemorrhageClass2Saline,StandardMale.xml,1249,71.86765501789452,117.55626612897355,76.71665130964703,90.32985624942253,5.1011961447281635,71.13332985420168,5.19520463047251,15.480533616413489,0.9811917047445099,5.390236984837333,NORMAL
HemorrhageClass2Saline,StandardMale.xml,1250,72.00770234453525,117.62122815736727,76.63074789233617,90.2942413140132,5.084866083609655,70.76934593461709,5.193806278378911,15.478318753350543,0.9811178353849398,5.391176094100299,NORMAL
HemorrhageClass2Saline,StandardMale.xml,1251,72.16191388533318,117.96764484385439,76.55038349170738,90.35613727575638,5.05503536899925,70.46005834556084,5.193310961722126,15.466852995581927,0.9826917918003073,5.388603002033497,NORMAL
HemorrhageClass2Saline,StandardMale.xml,1252,72.19974997447574,117.32269295804831,76.14914326585722,89.87365982992091,5.023948984827318,69.9782272217343,5.197477470330116,15.40571066501623,0.9825640458643863,5.387691575386402,NORMAL
HemorrhageClass2Saline,StandardMale.xml,1253,72.00834067608561,117.94647113474441,76.21726293427056,90.12699900109519,5.055600758227306,69.57475679534993,5.196420234219343,15.51954427332422,0.9829104699249798,5.395358321332974,NORMAL
HemorrhageClass2Saline,StandardMale.xml,1254,71.71429302043474,117.37040035131608,76.12514024503729,89.87356028046355,5.036325064647415,70.10722670179779,5.19754607873513,15.409447811557385,0.9829732988584768,5.393412912975652,NORMAL
HemorrhageClass2Saline,StandardMale.xml,1255,71.86298356530494,117.34092354118393,76.07149706511912,89.82797255714073,5.024205617778282,70.10957254135633,5.200787328099252,15.511123947966382,0.9825864062118522,5.395484566892634,NORMAL
HemorrhageClass2Saline,StandardMale.xml,1256,71.7937171725372,116.96975908993058,75.74364441805923,89.48568264201634,5.032611703313454,69.84470088232054,5.199315306172054,15.516326586694323,0.9815266420490967,5.401448753640395,NORMAL
HemorrhageClass2Saline,StandardMale.xml,1257,72.10519261667385,117.10872297321745,75.94615227201996,89.66700917241913,5.051140228550537,70.00129013046104,5.2036361104599695,15.581836882410439,0.9805995837463665,5.398740102535735,NORMAL
HemorrhageClass2Saline,StandardMale.xml,1258,71.74320337209107,116.5670447237974,75.59284746307657,89.25091321665018,5.020064039748199,69.97646736853304,5.201637796045183,15.557309843096082,0.9803595683520125,5.40669076623934,NORMAL
HemorrhageClass2Saline,StandardMale.xml,1259,72.0422045272062,116.9923764689399,75.37004661509174,89.24415656637446,5.033844483648662,69.89010107561919,5.206486802158069,15.65291571855821,0.9822258120743043,5.403013690207345,NORMAL
HemorrhageClass2Saline,StandardMale.xml,1260,72.23646082967242,117.4465247631756,75.93892712520352,89.77479300452755,4.9900217451756,69.81842387509879,5.20396288761476,15.577844929026377,0.9834145504613853,5.411936292188674,NORMAL
HemorrhageClass2Saline,StandardMale.xml,1261,72.4201003564248,117.37689541586799,75.83301355780512,89.68097417715941,4.997746373851126,69.13840322075909,5.205199117690478,15.497688036430961,0.9834573279887059,5.407292065231527,NORMAL
HemorrhageClass2Saline,StandardMale.xml,1262,72.35406665962655,117.81573688665195,75.43177235375715,89.55976053138875,4.989846804101346,69.08727605799429,5.202052682215512,15.509977573096553,0.9843280844583607,5.409566838384251,NORMAL
HemorrhageClass2Saline,StandardMale.xml,1263,72.26943586432084,117.85954386388983,75.84171044011794,89.84765491470857,5.011808122803024,69.04421553186266,5.20411366232087,15.43252232535805,0.9842660112706146,5.403777117614782,NORMAL
HemorrhageClass2Saline,StandardMale.xml,1264,72.45412733879452,117.61435266182808,75.48572581615267,89.52860143137781,5.031846685976189,69.37406388020383,5.20576416473311,15.424790421013245,0.9834534520296386,5.407569504083975,NORMAL
HemorrhageClass2Saline,StandardMale.xml,1265,72.33178556652251,117.74149296282737,75.39579482645988,89.51102753858237,5.033807864142147,69.46913896356887,5.201586743975604,15.46806651628534,0.9849071691814464,5.410606575135402,NORMAL
HemorrhageClass2Saline,StandardMale.xml,1266,71.87938796997219,118.20643027935809,75.86794946368597,89.98077640224335,5.016493069610892,69.58894357791256,5.200651348090331,15.445626331920234,0.9854718799415356,5.402919749864402,NORMAL
HemorrhageClass2Saline,StandardMale.xml,1267,71.8239461955492,118.57227484860367,75.9285906183708,90.14315202844843,5.000383838706764,69.73866785815645,5.195831667575745,15.363565183573362,0.9862902239369761,5.401198538344978,NORMAL
HemorrhageClass2Saline,StandardMale.xml,1268,72.19357468851064,118.02019851659946,76.48014649676274,90.32683050337498,4.986752783549385,69.58837856079802,5.1974633421053795,15.298993843736039,0.9864960716848172,5.392329898069491,NORMAL
HemorrhageClass2Saline,StandardMale.xml,1269,72.24475536769775,118.53154778610009,76.99993433469015,90.84380548516013,4.964852650309638,69.13277409812696,5.196572523537662,15.396434974332834,0.9864799241397684,5.395332324144459,NORMAL
HemorrhageClass2Saline,StandardMale.xml,1270,71.95105968902887,117.92118297334324,76.96585696745733,90.61763230275263,4.965654365441277,68.82970612202556,5.200794007374378,15.306182145038193,0.9851413204586751,5.393693138849105,NORMAL
HemorrhageClass2Saline,StandardMale.xml,1271,71.64338160428537,118.00451370353558,76.29083676705488,90.19539574588178,4.985348492427965,69.06936200567193,5.200616655275742,15.413911156379104,0.9841900974143555,5.401461044099941,NORMAL
HemorrhageClass2Saline,StandardMale.xml,1272,71.3636183807757,118.65217570782276,75.99724369082683,90.21555436315882,4.9659420859671615,69.55008025216453,5.202163049174339,15.399203334122134,0.9829647919475815,5.401134700484397,NORMAL
HemorrhageClass2Saline,StandardMale.xml,1273,71.1249373421403,118.60148739435971,75.60375842590491,89.93633474872318,4.99925253480348,69.53759425179847,5.201098713654425,15.284891391581098,0.9820986245638541,5.403980202622838,NORMAL
HemorrhageClass2Saline,StandardMale.xml,1274,70.97215444977154,118.58184498937375,75.62421940903732,89.94342793581613,4.9648530782003295,70.13331108400024,5.2055618330173745,15.293837847506776,0.9834277042170312,5.402021730722062,NORMAL
HemorrhageClass2Saline,StandardMale.xml,1275,70.86241706532554,118.10142420787345,75.58701560402737,89.75848513864273,4.986305639372159,69.83753056728037,5.204864933645546,15.29730471981866,0.9838645463927996,5.410234266805473,NORMAL
HemorrhageClass2Saline,StandardMale.xml,1276,71.41994927098288,118.21199528404857,75.63851257512972,89.82967347810268,5.002915535749938,70.18749273049181,5.202230364803392,15.382098690140914,0.9824776621769161,5.408951910056254,NORMAL
HemorrhageClass2Saline,StandardMale.xml,1277,71.23924822028329,117.57664324166302,75.56007276469064,89.56559625701478,5.027132680106517,69.94087095444023,5.202310599727992,15.362582963692919,0.983910244790885,5.404104069359894,NORMAL
HemorrhageClass2Saline,StandardMale.xml,1278,71.68054063566166,117.57067535612374,75.70312488022788,89.65897503885984,5.042503977616496,70.37995748645959,5.200004972224122,15.47472220558413,0.9851403590268676,5.404251708748367,NORMAL
HemorrhageClass2Saline,StandardMale.xml,1279,71.70349409327028,117.90156548719023,75.9919861467441,89.9618459268928,5.020641657040987,70.21124436781032,5.2011348497841485,15.475775533684804,0.9860590908331968,5.400009149334064,NORMAL
HemorrhageClass2Saline,StandardMale.xml,1280,71.49734252565372,117.56192059193218,76.47288534369004,90.16923042643742,5.036553312537498,69.92874435682384,5.200622393726004,15.41737363053241,0.9872069098920306,5.402088224410699,NORMAL
HemorrhageClass2Saline,StandardMale.xml,1281,71.33521432261568,117.70945765155739,76.28958143219488,90.09620683864905,5.067342247712371,70.28629109218822,5.197969582447168,15.477320744141188,0.9881420738954321,5.40114525974262,NORMAL
HemorrhageClass2Saline,StandardMale.xml,1282,71.27474054333946,117.92291376200644,76.00582222558388,89.97818607105808,5.091681212947105,70.79037955420506,5.2001123655968335,15.451280544514052,0.9885580757053989,5.3962638513423045,NORMAL
HemorrhageClass2Saline,StandardMale.xml,1283,71.18001167403932,117.92285424185289,76.59600576230507,90.37162192215435,5.083702328896464,71.13494155936841,5.205056545154958,15.413605673252242,0.9870031885879359,5.400206762679526,NORMAL
HemorrhageClass2Saline,StandardMale.xml,1284,71.01282998915423,118.3050738197913,76.3171890023391,90.3131506081565,5.068634577749635,71.11531866749712,5.202179912309015,15.413616178522474,0.9868612161870979,5.409304492254281,NORMAL
HemorrhageClass2Saline,StandardMale.xml,1285,71.16150754300223,117.67170038985452,76.51330116902409,90.23276757596757,5.079476689900213,71.06857360141855,5.200817171823706,15.346154659794905,0.9874502738688152,5.404011232288582,NORMAL
HemorrhageClass2Saline,StandardMale.xml,1286,71.59811895516698,117.56562066989414,75.86587152542592,89.76578790691532,5.038071203375319,71.0790601330687,5.204923204128689,15.457944677814623,0.9867356918750456,5.401503668744386,NORMAL
HemorrhageClass2Saline,StandardMale.xml,1287,71.8699084517851,117.59532451889588,75.36351664207046,89.4407859343456,5.0368773680514884,70.22373565318277,5.201952502551029,15.476667682673039,0.9879469688873835,5.40905913292136,NORMAL
HemorrhageClass2Saline,StandardMale.xml,1288,71.605694656908,118.09147250692287,75.84818044778945,89.92927780083392,5.00561530301606,69.99198636694247,5.1969770503431265,15.471424971725263,0.9865128876280794,5.4035927781332465,NORMAL
HemorrhageClass2Saline,StandardMale.xml,1289,71.51248581247471,118.12923957033222,75.73503911800195,89.8664392687787,4.971074606072621,69.82513087270524,5.199854642522278,15.383855159193782,0.9869240732374724,5.394437504104976,NORMAL
HemorrhageClass2Saline,StandardMale.xml,1290,71.32365432395986,117.91537530602744,75.42617976226073,89.5892449435163,4.937680802895853,69.48136396452217,5.201616705972243,15.377189295898091,0.9859187323341856,5.399732529328995,NORMAL
HemorrhageClass2Saline,StandardMale.xml,1291,71.60364888621855,118.39642056729946,75.86741960868342,90.04375326155544,4.957257840440894,69.22653770480471,5.203651545631892,15.414936206062588,0.9870363041929564,5.40297488259972,NORMAL
HemorrhageClass2Saline,StandardMale.xml,1292,71.58798986535275,118.08149387403185,75.34589652274627,89.59109563984147,4.92332102511032,69.24190416568914,5.2060836811155715,15.330032015447479,0.9876748330145776,5.406719168326774,NORMAL
HemorrhageClass2Saline,StandardMale.xml,1293,72.00573107402623,117.89642067628928,75.10900409504801,89.3714762887951,4.900839605699437,68.84377001855489,5.204814084136021,15.385616381717455,0.9889288370500245,5.411194513661535,NORMAL
HemorrhageClass2Saline,StandardMale.xml,1294,71.87438552051285,117.47760411532487,75.41643822025648,89.43682685194594,4.891685473806433,68.2461086223917,5.208252031796861,15.418281686469303,0.9895054770793285,5.408858342441803,NORMAL
HemorrhageClass2Saline,StandardMale.xml,1295,72.16151609575472,117.07402329228536,75.08546524299253,89.08165125942347,4.899358931818074,68.23781125455484,5.203669074049941,15.492202550029749,0.9886266634205587,5.415184471528091,NORMAL
HemorrhageClass2Saline,StandardMale.xml,1296,72.18188148849029,116.74819497392164,74.84146908808297,88.81037771669587,4.916092694460307,68.10763959555085,5.207764943366457,15.563434315284729,0.9871991033080233,5.40675142217302,NORMAL
HemorrhageClass2Saline,StandardMale.xml,1297,71.91993595739748,116.69449279813192,74.58594592800232,88.62212821804552,4.9194337703804525,68.29295795039182,5.205306494987734,15.620942811630794,0.9866908326943911,5.414288185548443,NORMAL
HemorrhageClass2Saline,StandardMale.xml,1298,71.90146985150277,116.24031673573798,75.13020353130187,88.83357459944725,4.942154515718362,68.53682731071558,5.2035720106847965,15.630421212390093,0.9852576349821373,5.409764422149445,NORMAL
HemorrhageClass2Saline,StandardMale.xml,1299,71.69417902145861,116.16923291786418,75.3510502262764,88.95711112347233,4.988503227509272,68.82509896657575,5.1993045443782915,15.710583006048235,0.9853455802172023,5.406572816959086,NORMAL
HemorrhageClass2Saline,StandardMale.xml,1300,72.14203998993807,116.87500476786786,75.03305476731776,88.9803714341678,5.02675647835956,69.54788126453353,5.20035882139116,15.72312925586774,0.9867621968332162,5.398720299879249,NORMAL
HemorrhageClass2Saline,StandardMale.xml,1301,72.27334480068482,117.25625592356022,75.71351405060335,89.5610946749223,5.038692259289089,69.6540882105489,5.1986505970902686,15.59856096155581,0.987027359708924,5.400660263233572,NORMAL
HemorrhageClass2Saline,StandardMale.xml,1302,72.53096942026772,117.08880192137738,76.16904209198582,89.80896203511634,5.032111894788135,69.69367102762287,5.197109541571065,15.53127036875475,0.9871908609431088,5.397516978779635,NORMAL
HemorrhageClass2Saline,StandardMale.xml,1303,72.50275052484918,117.03119047746179,76.3178894682856,89.88898980467766,5.006431130101434,69.41197567910568,5.198215335340825,15.560825896405099,0.9884808319670216,5.394681299733479,NORMAL
HemorrhageClass2Saline,StandardMale.xml,1304,72.19770203941916,117.30791674158802,76.75667178276612,90.27375343570675,4.9902828948491855,69.12668422697637,5.20073716208752,15.570994280566886,0.9889742572403188,5.396716058496679,NORMAL
HemorrhageClass2Saline,StandardMale.xml,1305,72.25767772241268,116.77313089130442,76.51718885875658,89.9358362029392,4.975305634725059,69.17194385575111,5.197194927715219,15.522152266375846,0.987769649166544,5.401356443722598,NORMAL
HemorrhageClass2Saline,StandardMale.xml,1306,71.84129404816832,117.51006460707436,76.57410779223726,90.21942673051629,5.014263120283279,68.94510753417742,5.199811765271921,15.616541637660113,0.987034269801763,5.394838417823511,NORMAL
HemorrhageClass2Saline,StandardMale.xml,1307,71.6925637111854,117.76867643352412,76.8192410071537,90.46905281594384,5.014034212522699,69.74203451975453,5.2046024907343655,15.486473293344691,0.9873157578442,5.399653631379584,NORMAL
HemorrhageClass2Saline,StandardMale.xml,1308,71.57905653930288,117.1290283342993,77.13929946593558,90.46920908872349,4.998667570484573,69.85763391886364,5.201656985730782,15.440828466181959,0.9872485353265688,5.408468991787073,NORMAL
HemorrhageClass2Saline,StandardMale.xml,1309,71.98066628958746,117.46237862950403,76.70343390939765,90.28974881609977,5.013832933398961,69.76233043018149,5.2037195226639765,15.553725959443959,0.9873929419613392,5.4030490009334535,NORMAL
HemorrhageClass2Saline,StandardMale.xml,1310,71.88935963316167,117.27584259328634,76.55161131437664,90.1263550740132,4.972474877033404,69.6262998075464,5.2071207934510415,15.494889838845197,0.9859115676459952,5.4068442521041575,NORMAL
HemorrhageClass2Saline,StandardMale.xml,1311,71.66338768695974,117.54904707457497,76.05663368941228,89.88743815113318,4.952476680233619,69.20010483239216,5.20246904016659,15.5278133336817,0.9861165746748909,5.413102892484719,NORMAL
HemorrhageClass2Saline,StandardMale.xml,1312,71.98938185034935,118.20657320642435,75.73355120930174,89.8912252083426,4.9250562454601345,69.13690081050629,5.2045215176624735,15.479592911979811,0.9854616872025828,5.404543253229534,NORMAL
HemorrhageClass2Saline,StandardMale.xml,1313,72.16864560694837,117.82519515634732,75.37658237338815,89.52611996770787,4.914950469905051,68.55040072092632,5.202013525971185,15.363539957034709,0.9852695863091515,5.408319994142014,NORMAL
HemorrhageClass2Saline,StandardMale.xml,1314,72.24655836247152,117.52634036557998,75.78738258600004,89.70036851252668,4.892673719727885,68.28949093015986,5.206578085328045,15.430852946616053,0.9849427647975117,5.4037050666469995,NORMAL
HemorrhageClass2Saline,StandardMale.xml,1315,71.93607774427214,117.49992333893127,75.8187168558331,89.71245235019916,4.92575546793215,67.96169635547636,5.208655375309119,15.483600632051001,0.9859061524952695,5.412104261330045,NORMAL
HemorrhageClass2Saline,StandardMale.xml,1316,72.18251176435419,116.8864194035372,75.69772136078348,89.42728737503472,4.963962432797485,68.60040647559406,5.210551912933679,15.4882632208896,0.9870982980392157,5.415926659419352,NORMAL
HemorrhageClass2Saline,StandardMale.xml,1317,72.22557468355437,116.53118676533416,76.00521791934192,89.51387420133933,4.949343167203539,68.86762608603945,5.209344740905287,15.596546285431344,0.9867913367088094,5.419416457116572,NORMAL
HemorrhageClass2Saline,StandardMale.xml,1318,72.08480243848913,116.85221236925143,75.4909323772738,89.27802570793301,4.927019219118453,68.65842409572473,5.20829016148839,15.659244626013574,0.9856122827008956,5.417195153352136,NORMAL
HemorrhageClass2Saline,StandardMale.xml,1319,71.82113101599764,116.30504895218662,75.5515891701478,89.13607576416075,4.9547622040226456,68.4997029807365,5.207541853950597,15.602583805792104,0.9868404004929449,5.415254633547535,NORMAL
HemorrhageClass2Saline,StandardMale.xml,1320,72.20578245023667,117.16290064168963,75.45205270880962,89.35566868643629,4.959948443581756,69.04020812297594,5.208349327821958,15.699157809945564,0.9869581772105157,5.413877681206394,NORMAL
HemorrhageClass2Saline,StandardMale.xml,1321,72.09551048840298,116.61562006589355,76.02236211088575,89.55344809588836,4.956066271806432,68.80122959445423,5.208337838349012,15.547747518172889,0.9858842946064046,5.4153635048570035,NORMAL
HemorrhageClass2Saline,StandardMale.xml,1322,72.02723573038388,116.43565077983244,76.51543768789642,89.82217538520842,4.979694445453168,68.84071748107486,5.207767265237372,15.644342200769842,0.9857794558428747,5.415342363206181,NORMAL
HemorrhageClass2Saline,StandardMale.xml,1323,72.17309024616218,116.89450423550159,76.63595976469372,90.05547458829635,5.016519064027605,69.1785412486774,5.209502871054607,15.6761066682717,0.9849441926022742,5.414292457997178,NORMAL
HemorrhageClass2Saline,StandardMale.xml,1324,71.76932036524346,117.46278038636876,76.71837577893552,90.29984398141328,5.028434059431873,69.50652697481682,5.210717777661197,15.595119317598048,0.9853846553266407,5.417486126873467,NORMAL
HemorrhageClass2Saline,StandardMale.xml,1325,71.62020004769285,117.46356443321783,76.851244181031,90.38868426509327,5.00499190048122,69.97033013768767,5.210882324743802,15.494818929007451,0.9867092347211491,5.419721662948845,NORMAL
HemorrhageClass2Saline,StandardMale.xml,1326,71.9622588189544,116.84386961634749,77.07638697573253,90.33221452260419,5.015879159462547,69.8060253346394,5.2141810506296515,15.494680545224295,0.9862655726230193,5.420024444197436,NORMAL
HemorrhageClass2Saline,StandardMale.xml,1327,72.03802847732402,117.54111242743714,76.97215262469142,90.49513922560666,4.988871152564092,69.66552705314109,5.212276645024444,15.604056296511455,0.9871536317181968,5.426094392850773,NORMAL
HemorrhageClass2Saline,StandardMale.xml,1328,71.83343207219728,117.31814053092636,77.41914179733982,90.71880804186867,5.003031532904412,69.28049436256998,5.210122944788673,15.480993372284257,0.9864053734330019,5.4225901173702535,NORMAL
HemorrhageClass2Saline,StandardMale.xml,1329,71.79291290876169,117.92522178878222,77.52557073574172,90.99212108675522,4.969737844025302,69.61279672576859,5.210675361298945,15.520347773891094,0.9871230793221543,5.41862711762484,NORMAL
HemorrhageClass2Saline,StandardMale.xml,1330,71.70596567972417,117.4338073346024,77.64478753590588,90.90779413547139,5.0081677550620265,69.24314558491947,5.208801508734186,15.4131983079561,0.9863776283005582,5.419643613074488,NORMAL
HemorrhageClass2Saline,StandardMale.xml,1331,72.14888545404817,117.9432818558585,76.85341419894814,90.5500367512516,4.972667765950697,69.77608316083071,5.21006094602387,15.4999326546959,0.986342365189624,5.416195557902398,NORMAL
HemorrhageClass2Saline,StandardMale.xml,1332,72.24551405333789,118.27620554373907,76.35789649454644,90.33066617761065,4.966278401449673,68.99854954533234,5.2112969891612915,15.410010717305045,0.9853290971818098,5.418513034390298,NORMAL
HemorrhageClass2Saline,StandardMale.xml,1333,71.94659737096318,118.8716271728721,76.25663548903998,90.46163271698401,4.995917127867793,68.84623217818044,5.207250112197987,15.351249892634716,0.983979730218835,5.4207874635599484,NORMAL
HemorrhageClass2Saline,StandardMale.xml,1334,71.70246114473045,119.13203883919881,75.93770232395204,90.33581449570096,5.028642511493304,69.43745303777997,5.205758349254731,15.246158343946362,0.9844418186251701,5.413340850466389,NORMAL
HemorrhageClass2Saline,StandardMale.xml,1335,71.85593295357891,119.51472755787991,75.5443738529767,90.20115842127777,5.008279607035696,70.02622560622409,5.20407522244584,15.200195846160318,0.9838167349523202,5.4105958741386,NORMAL
HemorrhageClass2Saline,StandardMale.xml,1336,71.75576941278052,119.45664733824918,75.57138787891546,90.19980769869336,5.021001775738321,69.65824647643697,5.19975747707031,15.13265152438229,0.9825945130025351,5.407498771299334,NORMAL
HemorrhageClass2Saline,StandardMale.xml,1337,72.00147986458695,118.59560408585877,75.72068566900059,90.01232514128665,5.057215481970433,69.89140830316414,5.195745286642712,15.1429026471674,0.9828538487564173,5.399553736266238,NORMAL
HemorrhageClass2Saline,StandardMale.xml,1338,71.60702117628523,118.66979758154791,76.33778217896806,90.448453979828,5.070507954462424,70.13213699999703,5.200406758548571,15.294876247812581,0.9829451408849567,5.392170949479556,NORMAL
HemorrhageClass2Saline,StandardMale.xml,1339,71.54788012630407,118.49232936093945,76.14303387336311,90.25946570255522,5.09233396317303,70.60888558404027,5.205368687283313,15.281781141785064,0.9840599799244922,5.40074847186143,NORMAL
HemorrhageClass2Saline,StandardMale.xml,1340,71.98262839271598,118.66558873553566,75.98034978808617,90.20876277056934,5.044621595586525,70.92075854546931,5.203499723087713,15.313104172783898,0.9836259055408688,5.409878861497807,NORMAL
HemorrhageClass2Saline,StandardMale.xml,1341,71.66591922095354,118.52706696060733,76.22062867248255,90.32277476852414,5.056699090047332,69.99551386248149,5.207099606192499,15.282524000498915,0.9826523611495647,5.4064398013592,NORMAL
HemorrhageClass2Saline,StandardMale.xml,1342,71.80800513332706,118.98174235457957,75.93006515630795,90.28062422239849,5.065092357807804,70.39452296440929,5.2096824706099865,15.306973007961872,0.9824453576734867,5.413063906046954,NORMAL
HemorrhageClass2Saline,StandardMale.xml,1343,71.93748925468867,119.08881113429524,75.90852203013917,90.30195173152453,5.049477253849162,70.3818137730579,5.205787652355693,15.226723082589483,0.9841081598125269,5.417816606009062,NORMAL
HemorrhageClass2Saline,StandardMale.xml,1344,72.31485824455106,119.39853912040329,75.33922733987673,90.02566460005225,5.031707186872864,70.08997090883965,5.200782440058072,15.207825509296967,0.985102140852338,5.410649794447343,NORMAL
HemorrhageClass2Saline,StandardMale.xml,1345,72.11820428724008,119.1562350648766,75.5449857937094,90.08206888409846,5.0194994748305195,69.57708875600368,5.2018458030595225,15.153158711620142,0.9838380818144682,5.401439759210422,NORMAL
HemorrhageClass2Saline,StandardMale.xml,1346,72.03911050948625,119.62445072066772,76.1154647773665,90.61846009180024,5.055853380866916,69.58568522460668,5.205269220797707,15.195925227317339,0.985146591949268,5.403396441590839,NORMAL
HemorrhageClass2Saline,StandardMale.xml,1347,72.21944317127559,119.14498089188044,75.73598965462213,90.2056534003749,5.019870977090776,70.08574788037525,5.205048461452853,15.113285454121884,0.9853505489790957,5.409695834328758,NORMAL
HemorrhageClass2Saline,StandardMale.xml,1348,72.46510696122196,119.01693335265483,75.32044531333526,89.88594132644178,5.040971371720206,69.5102383714698,5.202658291812066,15.197911581879392,0.9858417071120219,5.409289617524339,NORMAL
HemorrhageClass2Saline,StandardMale.xml,1349,72.41979470082829,119.42214062156053,75.00195851553988,89.80868588421343,5.03122011269318,69.56979419200628,5.198602532952268,15.220511893229428,0.986262334258496,5.404891493068291,NORMAL
HemorrhageClass2Saline,StandardMale.xml,1350,72.13642012239409,118.85133184321472,75.42313450620293,89.89920028520686,5.039843633911433,69.48862315468519,5.194608586404458,15.148993061286621,0.9859660838045589,5.3974285364962125,NORMAL
HemorrhageClass2Saline,StandardMale.xml,1351,72.28430347439834,118.27562710359983,76.00567881945348,90.0956615808356,5.066751447192082,69.8158574769788,5.1977027482727305,15.249740457058273,0.985049968113355,5.39007932006893,NORMAL
HemorrhageClass2Saline,StandardMale.xml,1352,72.0388708318377,118.21006331027432,76.48202460106377,90.39137083746729,5.027713203159186,70.02175736237088,5.194243990703672,15.351351986960957,0.9851496027923173,5.395772852758656,NORMAL
HemorrhageClass2Saline,StandardMale.xml,1353,72.21215627058189,117.61199867686172,76.6555266753189,90.30768400916651,5.053779211910776,69.74728158152347,5.199022015347844,15.362923955867249,0.9859366533735736,5.389408431592718,NORMAL
HemorrhageClass2Saline,StandardMale.xml,1354,72.25424239951698,117.85917119098545,76.43091264745603,90.24033216196584,5.0640154290006,69.92325583642419,5.201460235561948,15.46848199317365,0.9855067142194149,5.398200421366381,NORMAL
HemorrhageClass2Saline,StandardMale.xml,1355,72.32183783335046,117.96237893509377,76.80764829069523,90.52589183882807,5.080169359198883,70.01277744382885,5.198578989929734,15.424856197550003,0.9843132694831969,5.4026869631456265,NORMAL
HemorrhageClass2Saline,StandardMale.xml,1356,71.93364280418248,117.39159472426748,77.00144457752451,90.46482795977217,5.10447389777895,70.15294233927854,5.201138785144707,15.406640094650335,0.9832164960952329,5.397385215243439,NORMAL
HemorrhageClass2Saline,StandardMale.xml,1357,71.83986094387365,117.95774666131098,77.42865408041385,90.93835160737956,5.09671946042074,70.7556968955705,5.196064517826493,15.507383154270016,0.9820447520037983,5.402095465823701,NORMAL
HemorrhageClass2Saline,StandardMale.xml,1358,71.89737166228544,118.4486775947851,77.83660219861065,91.37396066400213,5.069415401844379,70.73775617216234,5.195029420031746,15.407457688103383,0.9828189470983912,5.392758363214783,NORMAL
HemorrhageClass2Saline,StandardMale.xml,1359,72.15322726590173,118.42360852294556,77.7427369179916,91.30302745297625,5.0379460023400435,70.36231763649522,5.194379969501133,15.32080868246861,0.9831082132898578,5.3908536913254785,NORMAL
HemorrhageClass2Saline,StandardMale.xml,1360,72.09393409089928,117.87641431063624,78.06942782256043,91.3384233185857,5.059871883177312,69.77972990101482,5.194827648979731,15.325233358118421,0.9831268257953015,5.389658644658942,NORMAL
HemorrhageClass2Saline,StandardMale.xml,1361,72.15807905985821,117.3951549899643,78.0246844886453,91.14817465575163,5.076004952746723,70.0904331443999,5.197270875428585,15.42181279761346,0.983573237460154,5.390482414666598,NORMAL
HemorrhageClass2Saline,StandardMale.xml,1362,71.97653732915525,118.15269530887194,77.33493460517246,90.94085483973896,5.105634902162749,70.23329342853543,5.199554306859872,15.506754769580049,0.9836221633349249,5.394978168362485,NORMAL
HemorrhageClass2Saline,StandardMale.xml,1363,72.24374023333034,118.1277888723689,77.4230442261771,90.99129244157436,5.081709252301986,70.73515773517447,5.204401370467407,15.373049372576265,0.9832317627121047,5.3991798850315735,NORMAL
HemorrhageClass2Saline,StandardMale.xml,1364,72.46186538024097,117.70763160401309,77.53502184498605,90.92589176466173,5.09566543720049,70.23355975916141,5.206053530451846,15.377445343189933,0.9820308420722238,5.4080989126305035,NORMAL
HemorrhageClass2Saline,StandardMale.xml,1365,72.67048890712418,117.29261412146725,77.33965760552178,90.6573097775036,5.074274882387415,70.22741970389104,5.21041341230256,15.451602840774417,0.982745993765099,5.411139033762019,NORMAL
HemorrhageClass2Saline,StandardMale.xml,1366,72.82776448474681,118.06322265426162,77.23977517884592,90.84759100398449,5.051380065860617,69.80648599154472,5.211359788688014,15.524853169347445,0.984397157052959,5.419161603652405,NORMAL
HemorrhageClass2Saline,StandardMale.xml,1367,72.88388758801142,117.90328212910298,77.12751107654981,90.7194347607342,5.027183433180817,69.40972425338968,5.212415273290539,15.388841240688187,0.9835306342436391,5.420903020267554,NORMAL
HemorrhageClass2Saline,StandardMale.xml,1368,73.0086677264774,117.76592821382148,76.55210585279922,90.29004663980663,5.043746035860877,69.07744063505217,5.21222643964467,15.41707064429824,0.9845633336021603,5.422845205694113,NORMAL
HemorrhageClass2Saline,StandardMale.xml,1369,73.10567506380413,118.08685491790906,76.4362707051593,90.31979877607588,5.011018029127106,69.17768955530606,5.207624477100605,15.441313525256994,0.98518611409747,5.422497735011763,NORMAL
HemorrhageClass2Saline,StandardMale.xml,1370,72.73811543310636,117.57940123109304,76.04677131363052,89.89098128611802,5.029421887362137,68.7131759885926,5.209368046536443,15.384670160794201,0.9836986307796988,5.414029715141762,NORMAL
HemorrhageClass2Saline,StandardMale.xml,1371,72.78508381383261,117.73477782492874,76.25525690662872,90.0817638793954,5.0645839189519375,69.21771784237089,5.205095073484015,15.474235422158255,0.985153876980775,5.417238037783683,NORMAL
HemorrhageClass2Saline,StandardMale.xml,1372,72.58446111372014,118.2442663794647,76.73644583353126,90.57238601550908,5.023670190570937,69.60068035088705,5.20942928150075,15.446811549599428,0.984180472294855,5.409375387802189,NORMAL
HemorrhageClass2Saline,StandardMale.xml,1373,72.12049398013072,118.8879517870436,76.83002853277662,90.84933628419896,5.027990556309999,69.26906650730137,5.213372627512621,15.356887135343367,0.9846269157520366,5.417350715557465,NORMAL
HemorrhageClass2Saline,StandardMale.xml,1374,72.02184732375217,118.13120466066373,76.42152411455328,90.32475096325676,5.023354466167802,69.68596841186708,5.214183252311066,15.243277059657913,0.9860204120127195,5.4246068225038115,NORMAL
HemorrhageClass2Saline,StandardMale.xml,1375,72.1401246493638,117.94130800367739,76.60214754529761,90.38186769809087,5.043871487359523,69.70831378731597,5.214634410584784,15.37684245867192,0.9867720168062731,5.426098444140148,NORMAL
HemorrhageClass2Saline,StandardMale.xml,1376,72.40664099126705,118.15863980605033,76.26165259193141,90.22731499663772,5.0502868607321725,69.86133924179099,5.21213753827942,15.410359100992242,0.9854903353220917,5.426928615439845,NORMAL
HemorrhageClass2Saline,StandardMale.xml,1377,71.99903907746243,118.12490495481062,76.43345825373761,90.33060715409528,5.044372448039824,69.72747549595069,5.206397341914476,15.372000172506793,0.9856700760008555,5.42233414860266,NORMAL
HemorrhageClass2Saline,StandardMale.xml,1378,72.05731771553577,117.79344296554771,76.67695672010834,90.3824521352548,5.0620129917125745,69.97945208300044,5.20269680463605,15.377954352852433,0.9855690741138595,5.4117716773937765,NORMAL
HemorrhageClass2Saline,StandardMale.xml,1379,72.16260509559066,117.72483312701422,76.68311992793306,90.36369099429345,5.02171299241878,70.14536008665286,5.19811616305436,15.436457188622242,0.9867502150298986,5.404962360085488,NORMAL
HemorrhageClass2Saline,StandardMale.xml,1380,72.36930965401719,117.31601187489417,76.9782927451858,90.42419912175525,4.980402224341184,69.5772182312315,5.19882738797816,15.448566782620766,0.9867195259319571,5.396533572680184,NORMAL
HemorrhageClass2Saline,StandardMale.xml,1381,72.55212217809621,117.38037116555296,76.88602165656663,90.38413815956207,4.989788844553909,68.91906107914234,5.20105863610128,15.520723480362108,0.987452243306966,5.397842289717559,NORMAL
HemorrhageClass2Saline,StandardMale.xml,1382,72.1513108695424,117.80736294025478,77.34072861998739,90.82960672674318,5.0229563588720545,68.88899492529411,5.197780633964413,15.509364105430326,0.9875534805776524,5.401947984464215,NORMAL
HemorrhageClass2Saline,StandardMale.xml,1383,71.86783290730986,117.90660886742508,77.54380442054806,90.99807256950706,4.989743984422449,69.60108303872217,5.194246244579948,15.434000321709632,0.9864680052439811,5.395916169349881,NORMAL
HemorrhageClass2Saline,StandardMale.xml,1384,71.62075894622137,118.00507730816825,77.78414274671236,91.19112093386433,4.953909709117589,69.42530204927172,5.199505573810881,15.416483477045247,0.9863690749575917,5.389412578925276,NORMAL
HemorrhageClass2Saline,StandardMale.xml,1385,71.58035139899593,118.0666787191188,77.48216204049808,91.01033426670499,4.995663624217483,69.1878879108358,5.194545961589433,15.39910385825361,0.9856614097010953,5.399090211892508,NORMAL
HemorrhageClass2Saline,StandardMale.xml,1386,72.01339247758766,118.08606406342584,77.64736559868466,91.12693175359838,5.008973497921617,69.72495746988156,5.194431245298966,15.38823124738187,0.9858397407088922,5.389964084846367,NORMAL
HemorrhageClass2Saline,StandardMale.xml,1387,72.1670460288117,118.10768403330667,78.03701846457702,91.3939069874869,4.995948297090582,69.54189460767613,5.195258593209189,15.38480974612057,0.9849021172657901,5.389752996681745,NORMAL
HemorrhageClass2Saline,StandardMale.xml,1388,71.81597302605702,118.54269943981103,77.48218291221782,91.1690217547489,4.971533560376111,69.26409325888538,5.193634787460521,15.380993834829809,0.9859078269511736,5.391275390329259,NORMAL
HemorrhageClass2Saline,StandardMale.xml,1389,72.21526979945453,118.62193271647783,76.9672697900669,90.85215743220387,4.964048285583242,69.24661610220436,5.190428642904221,15.304213885066474,0.9862021793437844,5.388287443510247,NORMAL
HemorrhageClass2Saline,StandardMale.xml,1390,71.83573573260391,118.20580801542162,76.71175136937211,90.54310358472195,5.001127047996556,68.84306666880533,5.190194520119452,15.290229260818457,0.9848558206190179,5.382387852727213,NORMAL
HemorrhageClass2Saline,StandardMale.xml,1391,71.66885530731115,118.07710564578092,76.86153682396095,90.6000597645676,5.003849358569164,69.58799691608924,5.1866841034633895,15.363675012772665,0.9855653732619954,5.381957046006283,NORMAL
HemorrhageClass2Saline,StandardMale.xml,1392,72.12516907160212,118.34356960096856,76.39145648306894,90.37549418903548,4.993108304632279,69.75344949389712,5.189321964295764,15.38639090128531,0.9864816931365126,5.3754975675314185,NORMAL
HemorrhageClass2Saline,StandardMale.xml,1393,72.18643552208222,118.19076017028424,75.92964882579287,90.01668594062332,5.033421660909599,69.26288468365095,5.1895120042053495,15.339360178264604,0.9849409530838759,5.38035146578221,NORMAL
HemorrhageClass2Saline,StandardMale.xml,1394,72.23552629270175,117.57687969517761,75.48746077534037,89.51726708195278,4.997771709813932,69.69907774250409,5.190834265896834,15.366330948117529,0.9836435522921563,5.380701156096952,NORMAL
HemorrhageClass2Saline,StandardMale.xml,1395,72.30497461018531,117.43454492013983,75.3479065401083,89.37678600011881,4.979928584672501,69.23219609433244,5.195255671238074,15.47468047168528,0.9829293042688483,5.383134235064809,NORMAL
HemorrhageClass2Saline,StandardMale.xml,1396,71.85758275838165,117.32900601799976,75.9870577245128,89.76770715567511,4.972891121747631,68.96362308745675,5.191685034116086,15.499802471305465,0.9843717755390282,5.391270013642851,NORMAL
HemorrhageClass2Saline,StandardMale.xml,1397,71.62398372234688,117.72750827017033,75.75643794615802,89.74679472082879,5.00220737248666,69.23017007794316,5.1922460480819375,15.518430022153623,0.9845088859499708,5.384699724161342,NORMAL
HemorrhageClass2Saline,StandardMale.xml,1398,71.85250833842015,118.27108458171574,75.84690792026123,89.98830014074606,5.010510877969212,69.76933942324949,5.1968317222794695,15.448094621510922,0.9835603955111263,5.385732039692964,NORMAL
HemorrhageClass2Saline,StandardMale.xml,1399,72.23645228535572,118.08461996691211,75.67910417952335,89.81427610865293,5.028415418883843,69.68787324714056,5.201765046616766,15.352153739259483,0.9837705463440911,5.394170087558463,NORMAL
HemorrhageClass2Saline,StandardMale.xml,1400,72.26928434044154,118.56415888124829,75.68904467486675,89.98074941032726,4.994838474892351,69.59942906163971,5.196718895969508,15.38506462826065,0.9839095442877387,5.403247842562633,NORMAL
HemorrhageClass2Saline,StandardMale.xml,1401,71.94486439682159,117.97478416897914,75.58014368624823,89.7116905138252,5.014359377939978,69.17049270287731,5.192509884817352,15.300426306946559,0.9846729901308566,5.393962477125857,NORMAL
HemorrhageClass2Saline,StandardMale.xml,1402,72.33445866350631,118.26825048908036,75.32841205673353,89.64169153418247,5.021144066634218,69.66100569096562,5.195176628987359,15.4044505785544,0.9837484499737563,5.386217522722548,NORMAL
HemorrhageClass2Saline,StandardMale.xml,1403,72.66282861389324,118.65458668397791,75.41000081503886,89.82486277135187,5.0003951620271225,69.43494226658832,5.194839935267348,15.352653954853956,0.985173549417081,5.391124568880269,NORMAL
HemorrhageClass2Saline,StandardMale.xml,1404,72.84778833821736,119.01730327186164,75.24555246423635,89.83613606677811,5.028976275174508,68.92966572719178,5.199727057748668,15.284465855783274,0.9848792175252712,5.390505022527195,NORMAL
HemorrhageClass2Saline,StandardMale.xml,1405,72.54429991452648,118.32396381704145,74.82957222687996,89.32770275693379,5.0435151349698675,69.12690541200234,5.204197550491419,15.220446602718587,0.9838842141354134,5.399497762012292,NORMAL
HemorrhageClass2Saline,StandardMale.xml,1406,72.09156429676328,118.62667030482177,75.03209284534464,89.56361866517035,5.037150351465222,69.53796875853251,5.207605462503338,15.342820586982288,0.9853599264413366,5.40772386576951,NORMAL
HemorrhageClass2Saline,StandardMale.xml,1407,72.01415340457314,118.56518991007164,75.42278177361631,89.80358448576808,5.030577294454742,69.81903790769144,5.207147478167322,15.289393079410608,0.9868250115893924,5.413994726593737,NORMAL
HemorrhageClass2Saline,StandardMale.xml,1408,72.32205225465306,118.7758130790103,75.37717244512193,89.84338598975138,5.035809709358052,69.80136020374647,5.210684861422953,15.300244330997945,0.9874168435015577,5.4131519947330595,NORMAL
HemorrhageClass2Saline,StandardMale.xml,1409,72.43500214337423,118.96828103849431,75.74995815503028,90.15606578285163,5.010580745401306,69.62063179520091,5.212220378591001,15.263069472157758,0.9885762085343651,5.419661094146553,NORMAL
HemorrhageClass2Saline,StandardMale.xml,1410,72.61484034726648,119.38696967147199,75.8130725481593,90.33770492259686,5.017907703029705,69.22939155548707,5.2123170265315695,15.229098996539474,0.9896842128388527,5.422486582134612,NORMAL
HemorrhageClass2Saline,StandardMale.xml,1411,72.64300643527156,119.75869923084193,75.86325680174205,90.49507094477535,4.993529278226652,69.17640515683057,5.207083435205719,15.15520071218944,0.9903279106646504,5.422664422930424,NORMAL
HemorrhageClass2Saline,StandardMale.xml,1412,72.53739673019555,120.18552366694233,75.78659127366721,90.58623540475892,4.984718255568089,68.86302491457909,5.205249911986704,15.089590675240817,0.9887416149762481,5.413034149994822,NORMAL
HemorrhageClass2Saline,StandardMale.xml,1413,72.77121936962182,119.57838917950343,75.85861100701436,90.43187039784405,5.008065706371759,68.8397811699614,5.201008806207536,15.014256426679614,0.9878399859394802,5.409660304401326,NORMAL
HemorrhageClass2Saline,StandardMale.xml,1414,72.46625704686325,118.99121588446496,76.16085551819849,90.43764230695398,5.012499338166544,68.9369960357278,5.198102778464194,15.121415287603035,0.987027372599539,5.401856293033374,NORMAL
HemorrhageClass2Saline,StandardMale.xml,1415,72.7282281381552,119.07490803747893,76.53282736153618,90.71352092018377,4.973669730180734,69.22789463772898,5.197885041730293,15.225051010433404,0.9872185189110839,5.396508943845335,NORMAL
HemorrhageClass2Saline,StandardMale.xml,1416,72.58683594078511,118.7466447030958,76.60885479429119,90.65478476389272,4.963459015101763,68.55969471901135,5.196593071900642,15.21027939727231,0.9855565991662527,5.396108288913565,NORMAL
HemorrhageClass2Saline,StandardMale.xml,1417,72.79261765303082,118.21953242676665,76.36275125869821,90.31501164805435,4.936430450060435,68.54707302427742,5.196785936023686,15.268217672437352,0.9842663272922064,5.3937309496622845,NORMAL
HemorrhageClass2Saline,StandardMale.xml,1418,72.66039532760148,117.70893161956866,75.86873804042715,89.81546923347432,4.9438859344384065,68.06558955394343,5.193599222395823,15.36125266267231,0.9847948888610107,5.394085836780663,NORMAL
HemorrhageClass2Saline,StandardMale.xml,1419,72.32156215021175,117.59663541226911,75.64330367038708,89.62774758434776,4.945623274287966,68.25626048206689,5.190932820719362,15.451373388834192,0.9857459202044906,5.388222000631986,NORMAL
HemorrhageClass2Saline,StandardMale.xml,1420,71.95022881570848,117.55803289721963,76.0924455475475,89.91430799743821,4.925808762267981,68.53913232604698,5.19019517011718,15.471193599856965,0.9854881601819884,5.383315584692813,NORMAL
HemorrhageClass2Saline,StandardMale.xml,1421,71.84664019773065,118.1286850991879,75.7197404509176,89.85605533367436,4.91085062116314,68.59000338007819,5.1863816841051715,15.478006919849594,0.9851327670647428,5.3819582420598415,NORMAL
HemorrhageClass2Saline,StandardMale.xml,1422,72.0695788031447,118.67496113586384,75.3450468173222,89.78835159016941,4.898637727641044,68.49052876342236,5.18726349437663,15.377287159711576,0.9856178802824337,5.37494108904861,NORMAL
HemorrhageClass2Saline,StandardMale.xml,1423,71.86960600201094,118.48518456359538,75.48215425242815,89.8164976894839,4.93611689306187,68.170109540423,5.190425058725425,15.280869777647034,0.9850431403983358,5.376563698278646,NORMAL
HemorrhageClass2Saline,StandardMale.xml,1424,72.104756591498,118.96264701777343,75.5452330308008,90.01770435979168,4.978506046486402,68.7772727967688,5.194621257896012,15.314365225089041,0.9847062366032138,5.382381257519846,NORMAL
HemorrhageClass2Saline,StandardMale.xml,1425,71.77355367025947,118.30056443043011,75.02405220632986,89.44955628102994,4.953810725824078,69.10334097027466,5.1950513276837365,15.23009339770653,0.9855318794819015,5.3901026367389875,NORMAL
HemorrhageClass2Saline,StandardMale.xml,1426,71.60380537401248,118.51488162480055,74.94929829280257,89.47115940346856,4.998074621154393,69.06617095310106,5.197821317236053,15.346950564223665,0.9852923382913844,5.390894003351182,NORMAL
HemorrhageClass2Saline,StandardMale.xml,1427,71.5071965787357,118.43468238051918,75.38583887442044,89.73545337645335,4.978150715566605,69.73543728274254,5.194520472341039,15.309123712183156,0.9853026837187365,5.395991030183563,NORMAL
HemorrhageClass2Saline,StandardMale.xml,1428,71.39610011290334,118.75702450117677,75.89500487573393,90.18234475088154,5.0205999030349755,69.57124275313711,5.192432134891064,15.323278829116745,0.9862403107136773,5.3899171823651315,NORMAL
HemorrhageClass2Saline,StandardMale.xml,1429,71.26429855797296,118.95711703604933,76.27928509018615,90.50522907214054,5.033949197001541,70.1743612361666,5.19306056741214,15.266385644506169,0.9851847056930345,5.386074455951711,NORMAL
HemorrhageClass2Saline,StandardMale.xml,1430,71.79169993904635,118.97232749829206,76.40784085716507,90.59600307087406,5.007780543973441,70.44250339450178,5.189938371933603,15.231069436055105,0.9837850367358711,5.387230827613687,NORMAL
HemorrhageClass2Saline,StandardMale.xml,1431,72.22177737090479,119.45881366967905,76.27148186564108,90.66725913365373,5.016062170272153,69.7032234090052,5.1866522095995355,15.228384798891886,0.982535045931214,5.3814857105908676,NORMAL
HemorrhageClass2Saline,StandardMale.xml,1432,72.10741370626837,119.01642287010365,76.3995538756782,90.60517687382001,4.992438152337014,69.46265545148839,5.18608121850895,15.142520291012037,0.982669718489546,5.37543887998882,NORMAL
HemorrhageClass2Saline,StandardMale.xml,1433,72.095833858803,119.09841245228527,76.11775304569375,90.4446395145576,4.9749844885146475,69.2687930904931,5.184999662238112,15.220601993083477,0.9824091110531268,5.374388205661427,NORMAL
HemorrhageClass2Saline,StandardMale.xml,1434,72.01292148731395,118.71712282578629,75.5609843711378,89.94636385602064,4.941585736266131,69.06799144998347,5.181720329394852,15.20613088261958,0.983350531208252,5.372398046049243,NORMAL
HemorrhageClass2Saline,StandardMale.xml,1435,71.78016125985786,118.59374010238183,76.10274843728092,90.26641232564789,4.917422901731474,68.73103951412642,5.180030291188924,15.273428265494179,0.9848274000083317,5.36636378231694,NORMAL
HemorrhageClass2Saline,StandardMale.xml,1436,71.71087625686192,118.25007317436565,75.60693984279301,89.82131761998389,4.889508665156401,68.62176226144933,5.18214466321361,15.295205239741554,0.9859271231520682,5.363253961893191,NORMAL
HemorrhageClass2Saline,StandardMale.xml,1437,71.62825488686725,118.55849774559073,75.48678758501231,89.84402430520511,4.926522168315394,68.3388095951504,5.183860917754575,15.355862239640564,0.9854677713328059,5.367144594236713,NORMAL
HemorrhageClass2Saline,StandardMale.xml,1438,71.81583951822641,118.08691915323357,75.40795086136579,89.63427362532171,4.967279195575959,68.85082040568217,5.181456181575334,15.30142549388314,0.9861581327123198,5.370302655045707,NORMAL
HemorrhageClass2Saline,StandardMale.xml,1439,71.5455056278597,118.19789192202529,75.97213066700876,90.04738441868093,4.9839834705452795,69.19539152975905,5.179843199437408,15.384658823299223,0.9866795136950459,5.365877726864971,NORMAL
HemorrhageClass2Saline,StandardMale.xml,1440,71.96829199204217,117.57947044986385,76.03130022737477,89.8806903015378,4.973547462085026,69.61136955912556,5.183708354817074,15.365072198353232,0.9880141610396049,5.3629096964511795,NORMAL
HemorrhageClass2Saline,StandardMale.xml,1441,71.73563897231726,117.93796122711997,75.48019568108138,89.63278419642758,4.952405417695671,69.15088970554962,5.185515919664308,15.474223205088087,0.9870307385520699,5.370021925688652,NORMAL
HemorrhageClass2Saline,StandardMale.xml,1442,72.08521977074578,118.44006458708138,76.02945211571357,90.16632293950283,4.99675140103723,69.07906689524162,5.190623133065378,15.410949804981353,0.9867138163226964,5.373348005572208,NORMAL
HemorrhageClass2Saline,StandardMale.xml,1443,72.24363274671812,118.96354448647179,75.5072415959434,89.9926758927862,4.990704194241054,69.33813885368745,5.1956861892207895,15.322328872992703,0.9865883954184154,5.382745731900156,NORMAL
HemorrhageClass2Saline,StandardMale.xml,1444,71.81696954093559,118.98914015200631,75.80118970795667,90.19717318930655,4.962256410350307,69.14097426960346,5.1914855547448555,15.229934995037237,0.986659918638029,5.392062204973639,NORMAL
HemorrhageClass2Saline,StandardMale.xml,1445,72.08565963855595,119.14423778819591,76.11340876927422,90.45701844224811,4.95908042251952,69.13390021534818,5.194013274991608,15.225417375926474,0.9876379660315702,5.3843326643986735,NORMAL
HemorrhageClass2Saline,StandardMale.xml,1446,72.44736291446328,118.54151181197345,76.40095623730038,90.44780809552473,4.9552597562030485,68.88467625103576,5.197285668828858,15.198042739219371,0.9871295927916484,5.388983894188215,NORMAL
HemorrhageClass2Saline,StandardMale.xml,1447,72.18346512702277,118.03557537327526,75.94584630399684,89.97575599375632,4.938640289185621,68.55701816315137,5.199469912242373,15.304423500644091,0.9880967850041023,5.395005389533074,NORMAL
HemorrhageClass2Saline,StandardMale.xml,1448,72.382726043399,117.96901253842567,76.20151435656324,90.12401375051738,4.94881447895137,68.56263790155228,5.197546397432966,15.393720968655256,0.9870101887293563,5.399024591438664,NORMAL
HemorrhageClass2Saline,StandardMale.xml,1449,72.47995334524649,118.04566495043088,75.78316671175442,89.87066612464658,4.9192774002829704,68.52992471901022,5.19512474441098,15.405469267771661,0.9854667349390273,5.395485153324961,NORMAL
HemorrhageClass2Saline,StandardMale.xml,1450,72.11146414487142,118.5773426384325,76.32134284360907,90.40667610855022,4.911658150732641,68.10087429367336,5.1984207615085,15.391940164537615,0.9858566562466442,5.391029096650863,NORMAL
