scenario_name,patient_file,simulation_time_seconds,heart_rate_bpm,systolic_bp_mmhg,diastolic_bp_mmhg,map_mmhg,cardiac_output_l_min,stroke_volume_ml,blood_volume_l,systemic_vascular_resistance,spo2,cvp_mmhg,clinical_state
HemorrhageCM2,Male_22_Fit_Soldier.xml,1,72.11154143876631,117.33501505731174,75.73003518204294,89.59836180713253,4.977856859051906,69.44444444444444,5.20236471214164,15.399999999999999,0.9855300984622687,5.4,NORMAL
HemorrhageCM2,Male_22_Fit_Soldier.xml,2,72.40506606032442,116.8348672134934,75.6680630679684,89.39033111647673,4.94318837803609,69.09020994814504,5.199362019946158,15.517369430437558,0.9855037799937241,5.404351280396245,NORMAL
HemorrhageCM2,Male_22_Fit_Soldier.xml,3,71.95286881636282,116.55014663576947,75.88692801096411,89.44133421923256,4.954346578918781,68.44516808537139,5.196617436235225,15.605645215038368,0.9857312970210556,5.398826060029636,NORMAL
HemorrhageCM2,Male_22_Fit_Soldier.xml,4,72.20895661586954,116.02960716041399,76.26719742210612,89.52133400154207,4.9762752098157605,68.93172191990098,5.19529039626627,15.655898220627058,0.9846392642390925,5.393775782202182,NORMAL
HemorrhageCM2,Male_22_Fit_Soldier.xml,5,72.53684966523691,116.03236678534816,75.74709590944342,89.17551953474499,4.947170813859749,68.99485996875016,5.199141899053139,15.747773115561904,0.9849792851721206,5.391333910779329,NORMAL
HemorrhageCM2,Male_22_Fit_Soldier.xml,6,72.68523794932858,116.58519428401853,75.82028663317848,89.4085891834585,4.992052807191578,68.39087969650473,5.197995852788735,15.747286043470563,0.9851370633321292,5.398421018033304,NORMAL
HemorrhageCM2,Male_22_Fit_Soldier.xml,7,72.8245491136938,116.91736599119731,76.27545179079989,89.8227565242657,4.999298925809866,68.81257159587906,5.2002018139143305,15.649712332422528,0.983763577504143,5.3963121911043626,NORMAL
HemorrhageCM2,Male_22_Fit_Soldier.xml,8,72.45740233732555,116.74972198964184,75.73883572450063,89.40913114621436,4.97801552518737,68.79100784747362,5.1961956920587715,15.591084231880222,0.983196357197895,5.400371355529348,NORMAL
HemorrhageCM2,Male_22_Fit_Soldier.xml,9,72.4830369155097,116.7073985790474,75.61374049634631,89.31162652391335,4.957702707109036,68.82179326840863,5.194169645947634,15.620673294302142,0.9846505322770744,5.392999735454286,NORMAL
HemorrhageCM2,Male_22_Fit_Soldier.xml,10,72.513905485797,117.01206665766667,75.26449356226946,89.1803512607352,4.9816635554095905,68.55861174031041,5.191269840256428,15.628143350053424,0.984316840498702,5.389271630637618,NORMAL
HemorrhageCM2,Male_22_Fit_Soldier.xml,11,72.81236890590677,117.32415154922651,75.41925753940134,89.3875555426764,4.99887368150377,68.82149834008054,5.195396384491003,15.574369622913842,0.9851994626511686,5.3839357305782105,NORMAL
HemorrhageCM2,Male_22_Fit_Soldier.xml,12,72.44834986368147,116.74850617704146,75.26604023499323,89.09352888234264,4.980442889465595,68.79537542368904,5.19287429769971,15.519286832884838,0.9865122436411401,5.391528938527694,NORMAL
HemorrhageCM2,Male_22_Fit_Soldier.xml,13,72.66817192271247,116.63610961075321,75.53880917911367,89.23790932299352,4.9746969251796065,68.85791886448044,5.197589513295712,15.620887884472932,0.9862678868733519,5.386888074796614,NORMAL
HemorrhageCM2,Male_22_Fit_Soldier.xml,14,72.35895703466639,116.44164946679638,75.66664229006315,89.25831134897423,4.95908465232431,68.6184362361844,5.198628105073418,15.64072580879504,0.9873599808870166,5.395564490342364,NORMAL
HemorrhageCM2,Male_22_Fit_Soldier.xml,15,72.21340956742738,116.23180954412695,76.30285798132216,89.61250850225709,4.965293492833466,68.67152185054336,5.1946468898570775,15.67504790373865,0.9858126363600058,5.397475591470679,NORMAL
HemorrhageCM2,Male_22_Fit_Soldier.xml,16,71.86244428013438,116.61800185789672,76.6177664676754,89.95117826441583,4.963686493303785,68.85947535820193,5.190710177973628,15.712084520097523,0.9853925194036677,5.390149801824217,NORMAL
HemorrhageCM2,Male_22_Fit_Soldier.xml,17,72.28427600607631,116.82115100335498,77.1104710473805,90.34736436603866,4.99738299976138,69.11533984795753,5.1865677613511645,15.643921815956762,0.9860233007430587,5.382905902263472,NORMAL
HemorrhageCM2,Male_22_Fit_Soldier.xml,18,72.37811380375813,117.01142787441812,76.70017748766621,90.13726094991685,5.009008324215884,69.18927620906835,5.1837572655911295,15.608066117630838,0.9857457778851445,5.375283487710341,NORMAL
HemorrhageCM2,Male_22_Fit_Soldier.xml,19,72.27255236436343,117.76293045972203,77.06892799257872,90.63359548162649,4.988880241236622,69.25513292026984,5.185061824059314,15.574482367761496,0.9847221044193717,5.370111925857623,NORMAL
HemorrhageCM2,Male_22_Fit_Soldier.xml,20,72.55324927400432,118.309512862779,76.70145939227505,90.57081054910971,5.001476486466754,69.09641484748326,5.187345916775404,15.441842626998493,0.9837028415288417,5.372512429322043,NORMAL
HemorrhageCM2,Male_22_Fit_Soldier.xml,21,72.66297083480552,118.32827478488002,76.95338751532829,90.74501660517886,5.0037082272629245,69.02795664923171,5.183363400368235,15.34537117145749,0.9832790247647356,5.376715362813911,NORMAL
HemorrhageCM2,Male_22_Fit_Soldier.xml,22,72.15837600475773,118.8904395436237,77.29582778262785,91.16069836962647,5.029747822610375,68.96914582765785,5.182768730684397,15.342059703829353,0.9820904018465622,5.369387178860741,NORMAL
HemorrhageCM2,Male_22_Fit_Soldier.xml,23,72.432074985008,119.41153936260395,76.6463481469336,90.90141188549039,5.024666967051951,69.67712340457878,5.17983859209389,15.24283797216265,0.9831048469658854,5.368292933818411,NORMAL
HemorrhageCM2,Male_22_Fit_Soldier.xml,24,72.56642062130734,118.72542716567388,76.54073909137867,90.6023017828104,5.025367536070798,69.40045312076018,5.17910117555432,15.150864176925158,0.9843736741593508,5.362901218529839,NORMAL
HemorrhageCM2,Male_22_Fit_Soldier.xml,25,72.40225633400256,118.23670471437683,76.52435587978343,90.42847215798123,5.040385041918088,69.30349084698594,5.17778366393033,15.271962554648416,0.9838589012824754,5.361544306592867,NORMAL
HemorrhageCM2,Male_22_Fit_Soldier.xml,26,72.72545911659701,118.41872045795995,76.3884625404583,90.39854851295885,5.036414967602123,69.61226144172646,5.175770026044255,15.358221764547057,0.9831242305094955,5.359119968171145,NORMAL
HemorrhageCM2,Male_22_Fit_Soldier.xml,27,72.46442413857672,118.49315171303859,76.01895466784049,90.17702034957318,5.009184721390524,69.31110562702965,5.173417278655493,15.326096098560306,0.9836675176289396,5.355414695590806,NORMAL
HemorrhageCM2,Male_22_Fit_Soldier.xml,28,72.16339175177343,119.00279287746942,76.44828991596324,90.6331242364653,4.9736306199799,69.18963169921103,5.172922762045029,15.312959028147834,0.9842809903718026,5.351085431402677,NORMAL
HemorrhageCM2,Male_22_Fit_Soldier.xml,29,71.90516329787253,118.37019819651569,76.91823155099428,90.73555376616808,4.982824414696484,68.99876024016048,5.174814448719057,15.223007678339869,0.9851923374803845,5.350175476911879,NORMAL
HemorrhageCM2,Male_22_Fit_Soldier.xml,30,72.16835187366107,117.89327264187413,76.32665347668248,90.18219319841303,4.979594959277619,69.31239827874883,5.176063960444806,15.3346602476465,0.9850780330286616,5.353656348429215,NORMAL
HemorrhageCM2,Male_22_Fit_Soldier.xml,31,73.15191291759841,117.25093069798695,76.36661679608628,89.99472143005316,4.901373314088155,67.61122390341626,5.057475952729916,15.598355933644733,0.9839178526523996,5.116899479817786,NORMAL
HemorrhageCM2,Male_22_Fit_Soldier.xml,32,74.89407932303966,115.19188131812756,74.94648459922325,88.36161683885803,4.812768915967536,64.56533121884875,5.031444052795577,15.89124750987217,0.9819963137791113,5.064450472794466,NORMAL
HemorrhageCM2,Male_22_Fit_Soldier.xml,33,76.66176904710312,113.42163648437436,73.49407639922248,86.8032630942731,4.720167129212134,61.034891705526704,4.990454830404174,16.434187070922412,0.9788726932098611,4.97990315455935,NORMAL
HemorrhageCM2,Male_22_Fit_Soldier.xml,34,79.53942918424421,110.83967457663974,72.3407171371672,85.17370295032471,4.596282680297935,57.64686803940931,4.937403474521829,16.92615280849444,0.9756741428789765,4.867833034355371,COMPENSATING
HemorrhageCM2,Male_22_Fit_Soldier.xml,35,82.31536234278454,106.79231568498288,70.13868186421013,82.35655980446771,4.370660026010342,53.51801051361649,4.865573489718611,17.561386106779196,0.9745164786957007,4.733567517057683,COMPENSATING
HemorrhageCM2,Male_22_Fit_Soldier.xml,36,85.24257111607346,103.12139351804005,67.75750210724743,79.54546591084497,4.155411063448624,48.712987908875775,4.786947003635548,18.455261064937588,0.9728098687510385,4.564747654453903,COMPENSATING
HemorrhageCM2,Male_22_Fit_Soldier.xml,37,87.87161917163155,99.78988881877075,65.29586449675263,76.793872604092,3.9587125220200683,45.25915369681475,4.714721061513991,19.103176553328822,0.9699909846074717,4.4200679357286,COMPENSATING
HemorrhageCM2,Male_22_Fit_Soldier.xml,38,90.01324316841175,96.89124043983539,63.00631906736532,74.30129285818867,3.811196485059711,42.28143995968567,4.643611397053215,19.69118506893906,0.9682181047993921,4.287165786448041,COMPENSATING
HemorrhageCM2,Male_22_Fit_Soldier.xml,39,91.45884661735765,94.63111690379661,61.013337748404034,72.21926413353489,3.651449882081786,40.079228583949934,4.579109194675218,20.202794712157523,0.9660544546188267,4.156317687221435,COMPENSATING
HemorrhageCM2,Male_22_Fit_Soldier.xml,40,92.70462355141441,91.45931567872559,60.22674892617836,70.63760451036077,3.5178003133446882,38.078324001385496,4.519759144116885,20.601705116160076,0.9638963072251698,4.037627905163102,COMPENSATING
HemorrhageCM2,Male_22_Fit_Soldier.xml,41,93.87179625506984,89.30951086746813,59.09158120863955,69.16422442824909,3.45702172869118,36.43150720496015,4.461251862051625,21.161526067507914,0.9622011466410609,3.9284185401147784,COMPENSATING
HemorrhageCM2,Male_22_Fit_Soldier.xml,42,94.6829652715297,87.14927376087202,58.26848822291115,67.89541673556478,3.3535573826419447,35.50938993822459,4.408541743940822,21.540965284927147,0.9607485416886267,3.820759943956208,COMPENSATING
HemorrhageCM2,Male_22_Fit_Soldier.xml,43,95.21418002075124,85.3303707516109,57.93422827394009,67.06627576649703,3.319554377084264,34.32397406878537,4.357616929426805,21.922245796011023,0.9577959500750346,3.723768644431617,COMPENSATING
HemorrhageCM2,Male_22_Fit_Soldier.xml,44,95.80322771263333,84.39015787736132,57.498136583713446,66.46214368159607,3.280731826611584,33.8613820629506,4.313726501943541,22.243281050365972,0.9549132122125384,3.6300624621123045,COMPENSATING
HemorrhageCM2,Male_22_Fit_Soldier.xml,45,96.74033480491832,83.23881569399704,56.790263328292966,65.60644745019432,3.2557144412866386,33.3432618258482,4.27618985157159,22.409228040225056,0.9518111941676932,3.5493001767889645,COMPENSATING
HemorrhageCM2,Male_22_Fit_Soldier.xml,46,97.49426054468005,81.65693414132073,56.227620512050066,64.70405838847363,3.230163178062557,32.857155608761865,4.236457614019808,22.612439222351846,0.9492800164812548,3.480229405751748,COMPENSATING
HemorrhageCM2,Male_22_Fit_Soldier.xml,47,97.54346820743521,80.61631141498694,55.26184136627272,63.713331382510795,3.1812853385111506,32.42355411670233,4.20573540150702,22.891640336450358,0.9472157265141378,3.4071185592712645,COMPENSATING
HemorrhageCM2,Male_22_Fit_Soldier.xml,48,98.00551761916049,79.29302944728208,54.66896462934489,62.876986235323955,3.162954752740429,31.977402646264128,4.178754516741136,23.0753096030001,0.9449825915258722,3.3505869592163737,COMPENSATING
HemorrhageCM2,Male_22_Fit_Soldier.xml,49,98.21528193292447,78.14301206081507,53.5637693497177,61.75685025341682,3.13632699160154,31.69262181190749,4.151841001050591,23.308868050549215,0.94343697853697,3.300939734555154,COMPENSATING
HemorrhageCM2,Male_22_Fit_Soldier.xml,50,98.6411465361287,77.51312555535529,53.09740741456708,61.23598012816315,3.052328012077507,31.402866029054408,4.121460676089191,23.511845406844333,0.9438783993319494,3.2514164749769066,COMPENSATING
HemorrhageCM2,Male_22_Fit_Soldier.xml,51,99.11997311398893,76.94872648061799,53.1741341723997,61.09899827513913,3.0253383424770712,30.555004338835214,4.094237927048768,23.623019984853947,0.9420175434468174,3.1955139783861863,COMPENSATING
HemorrhageCM2,Male_22_Fit_Soldier.xml,52,99.03546698137038,76.94539372469261,53.195678040534766,61.11224993525405,3.024197035619783,30.198359170144027,4.0767000973528615,23.722636071909402,0.9405533664404445,3.1454217019751933,COMPENSATING
HemorrhageCM2,Male_22_Fit_Soldier.xml,53,98.91929632320611,75.82778956401226,53.19548316181373,60.73958529587991,3.025082231484375,30.20945669898974,4.055639042629478,23.72322430126565,0.9404380134791352,3.113150537462314,COMPENSATING
HemorrhageCM2,Male_22_Fit_Soldier.xml,54,98.74820271204915,75.99942970552685,53.296698527164274,60.86427558661847,3.0332152947347364,30.246221854947585,4.04030588016611,23.92048074328886,0.9411141477149095,3.074396325933412,COMPENSATING
HemorrhageCM2,Male_22_Fit_Soldier.xml,55,98.50430952979256,75.88025843725862,52.74711649965185,60.45816381218744,3.0366344557731337,30.360367688866713,4.0261133238730515,23.8901863646397,0.9416841647132091,3.04618194496736,COMPENSATING
HemorrhageCM2,Male_22_Fit_Soldier.xml,56,98.93339704475402,75.11742789510997,52.80833891208283,60.24470190642521,2.973780830141378,30.451835068547066,4.013754858166,23.91122001966446,0.942192193337626,3.020066380673878,COMPENSATING
HemorrhageCM2,Male_22_Fit_Soldier.xml,57,98.81405170979178,75.21392555887029,52.46988197207409,60.05122983433949,2.935062030436889,29.793647164563023,4.0016163079813065,24.04585913779308,0.9407666089442026,2.9973257059795566,COMPENSATING
HemorrhageCM2,Male_22_Fit_Soldier.xml,58,98.55732458754643,74.42624490406853,52.012745230680636,59.4839117884766,2.9462305246435485,29.48382523362901,3.9921637387311373,24.028827359918054,0.939609596501393,2.974989695381307,DECOMPENSATING
HemorrhageCM2,Male_22_Fit_Soldier.xml,59,98.8413880405399,74.02028720042544,52.39278875554396,59.601954903837786,2.9296612686806642,29.64466010252674,3.983190435551385,24.167852507535727,0.938053743943118,2.9575961282962764,DECOMPENSATING
HemorrhageCM2,Male_22_Fit_Soldier.xml,60,99.33709462326284,73.35247598891743,52.70583754335913,59.58805035854523,2.8936377972746756,29.429847469828204,3.9666262521489792,24.239503790744802,0.93757995650703,2.941084453353664,DECOMPENSATING
HemorrhageCM2,Male_22_Fit_Soldier.xml,61,99.5494604067457,72.9522879604819,52.55451157401738,59.353770369505554,2.8820863818122624,28.995375012960874,3.9541543965879997,24.35737205587822,0.9375701238775315,2.9106048845091053,DECOMPENSATING
HemorrhageCM2,Male_22_Fit_Soldier.xml,62,99.34427276097331,73.15227442243095,51.69554578468766,58.847788663935425,2.905204883503432,28.84412898790258,3.9442123011765378,24.42800499498738,0.937989603288625,2.8876555624112195,DECOMPENSATING
HemorrhageCM2,Male_22_Fit_Soldier.xml,63,99.56606138258852,73.27534236449819,51.37254736845321,58.673479033801534,2.8567976933450225,29.094565901440237,3.936322988701695,24.3927075083416,0.9372078530885468,2.869361223705164,DECOMPENSATING
HemorrhageCM2,Male_22_Fit_Soldier.xml,64,99.40521900156276,73.63229092728267,51.5141416160658,58.88685805313809,2.8332624465744893,28.619987041236303,3.925514940596924,24.37098609280524,0.9367231868010595,2.8548441879496753,DECOMPENSATING
HemorrhageCM2,Male_22_Fit_Soldier.xml,65,99.34432019141818,73.17399282054946,50.92813834426195,58.34342316969112,2.8224701865288786,28.452687555228504,3.9218818463903,24.307984892597375,0.9370840474002581,2.834956419365996,DECOMPENSATING
HemorrhageCM2,Male_22_Fit_Soldier.xml,66,99.69478458966682,73.21734975969261,50.61938676259832,58.15204109496308,2.8233138851560047,28.37281711589355,3.9091396610473446,24.388874224527864,0.9362448424937992,2.8282712033007433,DECOMPENSATING
HemorrhageCM2,Male_22_Fit_Soldier.xml,67,99.60338665377778,73.20586993553403,50.77142134707707,58.24957087656272,2.817409347018815,28.29846594831703,3.9018338231884617,24.381221751627987,0.9352530997592428,2.8048244503908277,DECOMPENSATING
HemorrhageCM2,Male_22_Fit_Soldier.xml,68,99.56319478163316,73.64541348875744,51.075174360673756,58.59858740336832,2.788667089875537,28.26833147454448,3.891538485246412,24.383247933480423,0.9352459042223432,2.791381059758322,DECOMPENSATING
HemorrhageCM2,Male_22_Fit_Soldier.xml,69,99.65809219576974,73.24091971444231,51.370113899615426,58.660382504557724,2.8102668016765064,28.027393236665073,3.8879463184144285,24.305668768626283,0.9343668499770547,2.772436723417714,DECOMPENSATING
HemorrhageCM2,Male_22_Fit_Soldier.xml,70,99.38873888867957,72.44888719673828,50.9421000246312,58.11102908200023,2.806910971011986,28.193475804571754,3.8864107856249213,24.377061669215855,0.9331026437180827,2.7658268173573477,DECOMPENSATING
HemorrhageCM2,Male_22_Fit_Soldier.xml,71,99.3404599153385,72.59739694333345,50.50389033688803,57.8683925390365,2.8216993080753454,28.22675602930447,3.881444422002312,24.51685491793987,0.9324529864417577,2.763001300624415,DECOMPENSATING
HemorrhageCM2,Male_22_Fit_Soldier.xml,72,99.4942260352284,71.85454754706775,50.78500673262663,57.808187004107005,2.8404143456963094,28.36699455315136,3.8729972481658432,24.4906430396651,0.9323987581563443,2.7538627504004154,DECOMPENSATING
HemorrhageCM2,Male_22_Fit_Soldier.xml,73,99.23598202283954,72.53237496957455,50.75348300972201,58.01311366300619,2.799051773928246,28.494160846285567,3.8666515828891614,24.621755497923363,0.9336184361854617,2.7383192001851233,DECOMPENSATING
HemorrhageCM2,Male_22_Fit_Soldier.xml,74,99.24900982310942,72.91138635364351,50.90520740047189,58.240600384862425,2.8382094000197453,28.19369187923875,3.8642758293823376,24.502119377753534,0.9350457039270716,2.7266426123952865,DECOMPENSATING
HemorrhageCM2,Male_22_Fit_Soldier.xml,75,99.60764736410755,72.98159273558396,51.10113917978273,58.394623698383135,2.833505137625784,28.532523910748566,3.8644411991503684,24.435224103256502,0.9351523506674236,2.7222710149063083,DECOMPENSATING
HemorrhageCM2,Male_22_Fit_Soldier.xml,76,99.90590069006925,73.22695401734504,50.98052893879893,58.39600396498097,2.809780187213082,28.407449199136792,3.858760052359676,24.422832720335677,0.9355198388637188,2.7225753099691588,DECOMPENSATING
HemorrhageCM2,Male_22_Fit_Soldier.xml,77,100.04497432509301,73.13218670744912,51.05657957490122,58.415115285750524,2.790446023903843,28.131952990077767,3.8518355811497607,24.37952660610201,0.9348021444684235,2.7121214952222266,DECOMPENSATING
HemorrhageCM2,Male_22_Fit_Soldier.xml,78,99.76355932525732,72.7663285078268,51.01977856834509,58.26862854817232,2.7627877941887924,27.932209785803817,3.847002541347451,24.396252977591892,0.9353664987329289,2.6993798531003383,DECOMPENSATING
HemorrhageCM2,Male_22_Fit_Soldier.xml,79,99.8809194382043,72.0857867750881,50.828238370625066,57.91408783877941,2.7711504524216224,27.7563034325235,3.844401057615405,24.46082672318227,0.9344243834535054,2.6904866305487465,DECOMPENSATING
HemorrhageCM2,Male_22_Fit_Soldier.xml,80,99.74798527272179,72.66206428254345,50.87098079286187,58.1346752894224,2.790632803706351,27.802213825260598,3.8464171550199944,24.58094191742656,0.9352338761125459,2.6856996693939097,DECOMPENSATING
HemorrhageCM2,Male_22_Fit_Soldier.xml,81,99.60733799222993,71.91210804524331,50.629916114255934,57.723980091251725,2.812157794555165,28.00195436196636,3.8482392133590873,24.479229294354855,0.9365421525992357,2.689409467706793,DECOMPENSATING
HemorrhageCM2,Male_22_Fit_Soldier.xml,82,99.52309794131615,72.28854140830363,50.65042549053806,57.86313079645992,2.818799530524875,28.221700246864664,3.8435864953946455,24.611596105653128,0.9355437989620594,2.692762216902815,DECOMPENSATING
HemorrhageCM2,Male_22_Fit_Soldier.xml,83,99.46757977572564,71.61485549659,50.41652163233844,57.48263292042229,2.830628248339961,28.29911289606403,3.8411435679667534,24.545155850267083,0.9344621385640968,2.6842008025507544,DECOMPENSATING
HemorrhageCM2,Male_22_Fit_Soldier.xml,84,99.44736868475074,71.15837393445605,50.55345510270549,57.421761379955676,2.788708267746383,28.415127504256578,3.8387930021033974,24.664060996347516,0.9346650047118893,2.679705599080001,DECOMPENSATING
HemorrhageCM2,Male_22_Fit_Soldier.xml,85,99.07859076070275,71.47670096080532,50.09042949767238,57.21918665205003,2.787147322383564,28.054475766897745,3.8331930208810876,24.74462970928155,0.9342957862215733,2.6753803490924026,DECOMPENSATING
HemorrhageCM2,Male_22_Fit_Soldier.xml,86,98.92430752352533,71.31535819518827,50.43244710020946,57.3934174652024,2.7791883950668286,28.126255661775033,3.8350580413361337,24.688445186329112,0.9353145500746816,2.665075886201172,DECOMPENSATING
HemorrhageCM2,Male_22_Fit_Soldier.xml,87,98.83048009062047,70.83005830330926,49.84406087006502,56.8393933478131,2.7851124034589048,28.092461304987207,3.839252923038513,24.71692208451141,0.9348059662432548,2.668507689506842,DECOMPENSATING
HemorrhageCM2,Male_22_Fit_Soldier.xml,88,99.07195873499289,71.38084019549035,50.083657486271775,57.182718389344636,2.8074329279028896,28.16616825025301,3.8426094395608854,24.802577214792983,0.9338862475457069,2.6762266444674507,DECOMPENSATING
HemorrhageCM2,Male_22_Fit_Soldier.xml,89,98.76585346660855,70.98651252398328,49.664460341500366,56.77181106899467,2.8200001484990445,28.305155761366372,3.841841162332045,24.705364552023084,0.9330958770706297,2.6824029330254904,DECOMPENSATING
HemorrhageCM2,Male_22_Fit_Soldier.xml,90,99.05850363284374,71.49884162887493,49.34440196185961,56.72921518419805,2.825917486236818,28.487038631817057,3.842973873859017,24.77496314176476,0.9320584061209641,2.680989234678928,DECOMPENSATING
HemorrhageCM2,Male_22_Fit_Soldier.xml,91,99.39397428628584,72.22792222159474,48.990322960728165,56.73618938101702,2.784521570075574,28.469931930113916,3.8396563346971875,24.6845373721306,0.9327923300147987,2.683073524506481,DECOMPENSATING
HemorrhageCM2,Male_22_Fit_Soldier.xml,92,99.7797317581299,72.07604072228007,49.406148485429654,56.96277923104646,2.752661809403128,28.030304564396022,3.840390623036415,24.555855099168642,0.9333172579203362,2.6769689577541707,DECOMPENSATING
HemorrhageCM2,Male_22_Fit_Soldier.xml,93,99.4105460373503,72.4681627903834,49.93544746384153,57.44635257268882,2.766996497942757,27.66459983892594,3.835370607412992,24.582662089709665,0.9348700207756498,2.678320113524638,DECOMPENSATING
HemorrhageCM2,Male_22_Fit_Soldier.xml,94,99.65286956688281,72.21882133341978,49.896253901806325,57.337109712344144,2.761035663549661,27.873682673567032,3.8346010273234077,24.51345278760241,0.9343707920379648,2.6690828388532735,DECOMPENSATING
HemorrhageCM2,Male_22_Fit_Soldier.xml,95,99.90481951721634,72.6639562838577,49.47425873360011,57.20415791701931,2.803085683229937,27.766306274293157,3.835189222624619,24.557461400293676,0.9353739078346588,2.667666743127209,DECOMPENSATING
HemorrhageCM2,Male_22_Fit_Soldier.xml,96,99.99728510315606,72.51520521653597,49.85575702479573,57.40890642204248,2.839912809096708,28.074071269156402,3.8320753613290695,24.478895357294952,0.9362352946440464,2.668749074730391,DECOMPENSATING
HemorrhageCM2,Male_22_Fit_Soldier.xml,97,99.93768093216002,72.45114736279413,49.83456311190578,57.37342452886856,2.853081629267294,28.372341137541824,3.8291936020527872,24.505149828528467,0.9371583505904966,2.6630192933445898,DECOMPENSATING
HemorrhageCM2,Male_22_Fit_Soldier.xml,98,100.12292765430773,71.83904805712221,50.35112757862541,57.51376773812434,2.8255243664298257,28.50052594881901,3.8285053848118773,24.516456000031148,0.937283458691052,2.65771660029169,DECOMPENSATING
HemorrhageCM2,Male_22_Fit_Soldier.xml,99,99.91320147082709,71.21772425539274,50.77018010326237,57.58602815397249,2.7966736977357565,28.218440417978595,3.8253463082190917,24.624491148297075,0.9379610656579856,2.6564502194345883,DECOMPENSATING
HemorrhageCM2,Male_22_Fit_Soldier.xml,100,99.71057182591461,71.86167589964778,50.96026975509843,57.92740513661488,2.7792179881397328,28.01646743812881,3.8204201300871024,24.734154414402745,0.9390351848260737,2.650637237885431,DECOMPENSATING
HemorrhageCM2,Male_22_Fit_Soldier.xml,101,99.34089199917449,72.20561778920147,50.87289619987705,57.98380339631852,2.8026377054845857,27.91128223782649,3.8226924096613746,24.62049734810888,0.9391169431332113,2.641572632533819,DECOMPENSATING
HemorrhageCM2,Male_22_Fit_Soldier.xml,102,99.36239045472627,72.61114692704106,50.32115991247343,57.751155583995974,2.7800142806284396,28.200604681975904,3.8247947859506475,24.559791817668835,0.93817307379821,2.6457538287953906,DECOMPENSATING
HemorrhageCM2,Male_22_Fit_Soldier.xml,103,99.45257930163321,72.52148380397041,50.35969664450553,57.74695903099383,2.776715126582602,27.998283948670263,3.827270548327226,24.488216176058586,0.9373784278895997,2.6496223879201795,DECOMPENSATING
HemorrhageCM2,Male_22_Fit_Soldier.xml,104,99.62345916966329,72.15907468908783,50.0582832852258,57.42521375317981,2.749467328616162,27.948743334285297,3.8240148482411254,24.50404166173577,0.9360136086919522,2.6541780106132205,DECOMPENSATING
HemorrhageCM2,Male_22_Fit_Soldier.xml,105,99.62977099125982,72.5270322232466,49.712782328747885,57.31753229358079,2.733505115152301,27.67233396437078,3.8239356024988123,24.568006646006232,0.9365730051916917,2.6481872332533705,DECOMPENSATING
HemorrhageCM2,Male_22_Fit_Soldier.xml,106,99.98753311970827,72.51917977089867,49.52529743782086,57.18992488218013,2.71039914252636,27.531978391621482,3.8209618828049976,24.503062369170674,0.9355963693040088,2.6480414140481736,DECOMPENSATING
HemorrhageCM2,Male_22_Fit_Soldier.xml,107,99.64271159319753,71.79756610343038,49.6612062654876,57.039992878135195,2.704271903000097,27.250750072336704,3.8260277021401468,24.50444832214562,0.9356754483203678,2.642569505658239,DECOMPENSATING
HemorrhageCM2,Male_22_Fit_Soldier.xml,108,99.77477628449972,71.3177278530102,50.18233671453174,57.22746709402456,2.716285723887544,27.27465922107166,3.82967272896393,24.631812687426315,0.9358103202861664,2.6518910632278896,DECOMPENSATING
HemorrhageCM2,Male_22_Fit_Soldier.xml,109,99.70048535028083,71.33413711052141,49.82131568940828,56.99225616311266,2.6915400815192134,27.3495194279664,3.8337097541520215,24.7165038413738,0.9356454033879075,2.6585982363686806,DECOMPENSATING
HemorrhageCM2,Male_22_Fit_Soldier.xml,110,99.92183603805607,71.29295233121107,49.37037795280758,56.67790274560874,2.7163341502164595,27.15097323911643,3.828549451403287,24.71360761758833,0.9345080777084103,2.6660267213207236,DECOMPENSATING
HemorrhageCM2,Male_22_Fit_Soldier.xml,111,99.89564181478073,71.12098618846247,50.07622993994445,57.091148689450456,2.6969480488357473,27.31695941547733,3.8309100873918545,24.720876705623333,0.9348330477696822,2.656531305877185,DECOMPENSATING
HemorrhageCM2,Male_22_Fit_Soldier.xml,112,100.0565167848393,70.85981887544933,50.133527427179914,57.04229124326972,2.706707698200675,27.154477895748165,3.82986475293504,24.751228623288345,0.9358935817032269,2.6608750857896935,DECOMPENSATING
HemorrhageCM2,Male_22_Fit_Soldier.xml,113,100.34766241472546,70.74090988081495,50.302238025321415,57.11512864381926,2.7278974383329513,27.20333775972244,3.83187668182128,24.797324492246428,0.9371315906288071,2.6589515775328696,DECOMPENSATING
HemorrhageCM2,Male_22_Fit_Soldier.xml,114,99.96023761182292,70.50387599274111,50.49840558495834,57.16689572088593,2.710060450245931,27.32195224939529,3.8280649881841162,24.81831185613729,0.9356530378317759,2.662653705401704,DECOMPENSATING
HemorrhageCM2,Male_22_Fit_Soldier.xml,115,99.4789512646049,70.6299642337456,50.591582518238546,57.27104309007423,2.705334135127198,27.253907821988836,3.8251346876052614,24.860148190543836,0.9361883764720663,2.6556398505194023,DECOMPENSATING
HemorrhageCM2,Male_22_Fit_Soldier.xml,116,99.6451567994936,70.74617538638947,50.786099343192674,57.43945802425827,2.7518491374396348,27.32067414880738,3.828002198845408,24.83789369411608,0.9364352183298564,2.650247837157881,DECOMPENSATING
HemorrhageCM2,Male_22_Fit_Soldier.xml,117,99.74779077004648,71.52022335349733,50.64306469395484,57.602117580469006,2.761824071689357,27.68812567324954,3.829238503513349,24.817382497665278,0.937512384116558,2.655524312558648,DECOMPENSATING
HemorrhageCM2,Male_22_Fit_Soldier.xml,118,99.96417885148597,70.99615621669635,50.20577764678,57.135903836752114,2.751515076454195,27.751518311906114,3.8313891887045397,24.68076351098036,0.9374858112945621,2.657799222967687,DECOMPENSATING
HemorrhageCM2,Male_22_Fit_Soldier.xml,119,99.71092597128467,70.60778994156955,50.44717942449747,57.16738293018816,2.773948186105122,27.612819942016866,3.835305099789065,24.773261035975008,0.9372551585015003,2.6617566747632493,DECOMPENSATING
HemorrhageCM2,Male_22_Fit_Soldier.xml,120,99.66772775478967,70.20358137791625,49.88163509717739,56.655617190757006,2.771978551418987,27.86536827969598,3.83270436533671,24.841807442948554,0.9362926348634074,2.668962299006254,DECOMPENSATING
HemorrhageCM2,Male_22_Fit_Soldier.xml,121,99.31038538029581,71.08092552290502,50.337861375710204,57.25221609144181,2.7817247542437284,27.858123017234806,3.8365962210743674,24.913150004032993,0.9376546839096277,2.664176716592608,DECOMPENSATING
HemorrhageCM2,Male_22_Fit_Soldier.xml,122,99.48258194705758,70.88581890664223,49.78560732447923,56.81901118520023,2.8046590997743897,28.025209245015738,3.8353740466627952,24.75829930594233,0.9378636407447226,2.6713380768605575,DECOMPENSATING
HemorrhageCM2,Male_22_Fit_Soldier.xml,123,99.81859753473871,70.59040729187505,49.95236237738799,56.831710682217015,2.814821648183476,28.18533480509814,3.8344618417111187,24.792735502847464,0.9363750890643306,2.6690891673784174,DECOMPENSATING
HemorrhageCM2,Male_22_Fit_Soldier.xml,124,99.63921444458114,70.54225440187426,50.2012878561623,56.981610038066286,2.841467206800156,28.195917369619256,3.8320033512542113,24.844875469851374,0.9368128492079678,2.6674106292368434,DECOMPENSATING
HemorrhageCM2,Male_22_Fit_Soldier.xml,125,99.44455338334042,71.35639882985544,50.59308285041516,57.51418817689525,2.839954733857168,28.469367747602668,3.8309916532911417,24.85337442510661,0.9360781384326288,2.6628867884102485,DECOMPENSATING
HemorrhageCM2,Male_22_Fit_Soldier.xml,126,99.31322317880748,72.10986642794884,50.447571546006785,57.668336506654136,2.8358035759575078,28.501806427201583,3.8353937792927275,24.709678437916633,0.9364316015753489,2.6610251742898203,DECOMPENSATING
HemorrhageCM2,Male_22_Fit_Soldier.xml,127,99.38115494801329,71.99508723105117,50.059247251847886,57.37119391158232,2.8199796774617245,28.496432171562713,3.8371271701257195,24.576691873613576,0.9366600484325716,2.6691254771703274,DECOMPENSATING
HemorrhageCM2,Male_22_Fit_Soldier.xml,128,99.61069032993613,71.60022987987917,50.15051678228327,57.300421148148565,2.8515337617032617,28.342489694184533,3.835538696090152,24.596950330762244,0.9370887535485304,2.672315070278856,DECOMPENSATING
HemorrhageCM2,Male_22_Fit_Soldier.xml,129,99.28776644387715,72.32919349896709,50.30264429378881,57.644827362181566,2.823817276097762,28.563667138598344,3.8312798501132725,24.666642408636655,0.9370409482296328,2.6693921369504405,DECOMPENSATING
HemorrhageCM2,Male_22_Fit_Soldier.xml,130,99.36803898801011,71.74058897455281,50.89695891826626,57.84483560369511,2.8536810605601315,28.397800329811194,3.8303922199632137,24.537980781448265,0.9356968466392521,2.6615554820428518,DECOMPENSATING
HemorrhageCM2,Male_22_Fit_Soldier.xml,131,99.6576740002917,71.78838012970587,51.09065515744422,57.98989681486477,2.84724468624029,28.639488953266362,3.82769533082674,24.641869115376842,0.9366119868677895,2.659922163719215,DECOMPENSATING
HemorrhageCM2,Male_22_Fit_Soldier.xml,132,100.01328825908236,71.4740532380145,51.063185589627466,57.86680813908981,2.8316422554421106,28.515319186221,3.831698505572036,24.63343400609814,0.9364745073617065,2.654959648145441,DECOMPENSATING
HemorrhageCM2,Male_22_Fit_Soldier.xml,133,100.22370588702177,72.06507516939266,50.70892257224373,57.8276401046267,2.8506304665012645,28.29686791955373,3.830312346873429,24.688912507761472,0.9376260426162776,2.6623258452758307,DECOMPENSATING
HemorrhageCM2,Male_22_Fit_Soldier.xml,134,100.09871040653603,72.52578174745322,50.40419645325526,57.77805821798791,2.8277749004457298,28.412616895941934,3.8307569722936132,24.584597503001316,0.938879468014135,2.6597751901389435,DECOMPENSATING
HemorrhageCM2,Male_22_Fit_Soldier.xml,135,99.98189489934343,71.99161819886812,50.44216651041656,57.62531707323375,2.8116873626996055,28.243547249430407,3.830815844374623,24.503283077373556,0.9386662582397762,2.6605933404078295,DECOMPENSATING
HemorrhageCM2,Male_22_Fit_Soldier.xml,136,99.8588178673371,71.76267522635293,50.05576112345625,57.291399157755144,2.8259313906402985,28.130981485857887,3.831068811553074,24.597562612793546,0.9375404929270308,2.6607016702664508,DECOMPENSATING
HemorrhageCM2,Male_22_Fit_Soldier.xml,137,100.01421080282215,71.17125169065532,50.38202289975148,57.311765830052764,2.8388975799378637,28.28312029639127,3.8336976651984926,24.63797090561618,0.9369622877581552,2.661167152345688,DECOMPENSATING
HemorrhageCM2,Male_22_Fit_Soldier.xml,138,100.05195126142304,71.73726260594371,50.953283491277276,57.881276529499424,2.833345744371214,28.35959855076878,3.8283724343996446,24.742356793289932,0.9367789505149472,2.666004476572378,DECOMPENSATING
HemorrhageCM2,Male_22_Fit_Soldier.xml,139,100.02404381537488,72.30529935182851,51.32946587634086,58.32141036817008,2.824131185627779,28.302680627301722,3.8283623003011726,24.642456217375717,0.936474182881364,2.656205578866194,DECOMPENSATING
HemorrhageCM2,Male_22_Fit_Soldier.xml,140,100.10700584966425,72.16297964956388,51.39815480881447,58.319763089064274,2.7932676890172146,28.229216321799733,3.827788371622248,24.542198083616206,0.937730609790626,2.656186931224801,DECOMPENSATING
HemorrhageCM2,Male_22_Fit_Soldier.xml,141,99.8678233436595,72.43319932351532,51.45283897034612,58.446292421402525,2.822305131782833,27.94248452393733,3.831088839102619,24.56731742290126,0.9385569940116646,2.6551308514739205,DECOMPENSATING
HemorrhageCM2,Male_22_Fit_Soldier.xml,142,99.70515580117213,72.14520652628,51.58375450069069,58.437571842553794,2.8400879705403024,28.24953293918608,3.8343258325819267,24.51962381784535,0.9368469749455772,2.6612040048158825,DECOMPENSATING
HemorrhageCM2,Male_22_Fit_Soldier.xml,143,99.32270396133721,72.33135358284291,51.94194105898877,58.73841190027348,2.8745454495437213,28.441950314547498,3.8360478438461487,24.570454368150717,0.9364678985711702,2.6671603603575393,DECOMPENSATING
HemorrhageCM2,Male_22_Fit_Soldier.xml,144,99.03359678185443,72.49924932038152,52.20001974782641,58.96642960534478,2.860116086869331,28.832231393833897,3.8371045186522785,24.537599527982316,0.9375274892405612,2.6703290140486926,DECOMPENSATING
HemorrhageCM2,Male_22_Fit_Soldier.xml,145,98.75493411691144,72.87477067965048,51.73271964337847,58.780069988802474,2.8421005943085103,28.774886902755235,3.8325923927347993,24.507966034315324,0.9373855864860225,2.6722733895556106,DECOMPENSATING
HemorrhageCM2,Male_22_Fit_Soldier.xml,146,98.94273409797894,73.20109352826594,51.17226779634917,58.515209706988095,2.8028135428251955,28.68334830946428,3.835693734515773,24.44168674703348,0.9375206618004547,2.663970677058649,DECOMPENSATING
HemorrhageCM2,Male_22_Fit_Soldier.xml,147,98.83641310185867,73.6575057904113,50.64543166257049,58.316123038517425,2.799330991163562,28.29496075013822,3.8323784841069015,24.384090966404337,0.9365517861079174,2.669677421425532,DECOMPENSATING
HemorrhageCM2,Male_22_Fit_Soldier.xml,148,98.56421894431595,73.90881388338845,51.09021045050561,58.69641159479989,2.813628921880881,28.28934294251525,3.8283682893117037,24.30353448487535,0.9362195866648625,2.663577066181972,DECOMPENSATING
HemorrhageCM2,Male_22_Fit_Soldier.xml,149,98.61029977111815,73.826706576447,51.16800148770704,58.72090318395369,2.8057593262528293,28.478730332893527,3.8255999580121656,24.259178762146,0.9371246708473532,2.6561979515361775,DECOMPENSATING
HemorrhageCM2,Male_22_Fit_Soldier.xml,150,98.53094866088102,73.4702172937689,51.04977506752519,58.523255809606425,2.7839690888002346,28.398784072207384,3.8262712149416123,24.27367065095708,0.9371459125093311,2.65110397603621,DECOMPENSATING
HemorrhageCM2,Male_22_Fit_Soldier.xml,151,99.1007615022534,73.03036911288316,51.53912432613222,58.70287258838253,2.79876154264236,28.226105805522213,3.823914378008606,24.336590788510684,0.9371388070421226,2.652339148413647,DECOMPENSATING
HemorrhageCM2,Male_22_Fit_Soldier.xml,152,99.32177075826942,73.27141777783892,50.856293250573955,58.328001426328946,2.807438928132997,28.222628204165986,3.823968452415658,24.414223719958507,0.9381469485185182,2.648002359100839,DECOMPENSATING
HemorrhageCM2,Male_22_Fit_Soldier.xml,153,99.18303355986477,73.56001026771371,50.9233218382712,58.46888464808537,2.7946343188631504,28.24693955344091,3.8254171091866604,24.371678779919385,0.9382246910697418,2.6481018608132034,DECOMPENSATING
HemorrhageCM2,Male_22_Fit_Soldier.xml,154,99.38270139466631,73.70558780616574,51.04501420988162,58.59853874197633,2.82241557896236,28.16742052015967,3.8266662400143465,24.320742384234652,0.9391437552926021,2.6507675179549555,DECOMPENSATING
HemorrhageCM2,Male_22_Fit_Soldier.xml,155,99.52103651163257,73.25726584313024,50.89037733071126,58.34600683485092,2.8257974744420475,28.36337159871312,3.828856612498024,24.29504803888069,0.9375495242125501,2.6530660296372632,DECOMPENSATING
HemorrhageCM2,Male_22_Fit_Soldier.xml,156,99.3533116003144,73.4755902727708,50.435691020155865,58.115657437694175,2.7929360442829236,28.36055075295555,3.8289423323780407,24.374176587628583,0.9387268294281153,2.6570965095763928,DECOMPENSATING
HemorrhageCM2,Male_22_Fit_Soldier.xml,157,99.40458359501983,73.90066945904779,50.82023081839082,58.513710365276474,2.7744340196691133,28.113092941556868,3.8318740190104528,24.335642461045317,0.938341077261997,2.6572542417700573,DECOMPENSATING
HemorrhageCM2,Male_22_Fit_Soldier.xml,158,99.66707044992961,74.04210185101991,50.569477160335055,58.39368539056334,2.747050993261687,27.93990041536045,3.8359533357253115,24.26061624799679,0.9369628956915252,2.6626488055932453,DECOMPENSATING
HemorrhageCM2,Male_22_Fit_Soldier.xml,159,100.00998588285815,74.32592924351492,50.81078958371745,58.64916947031661,2.7924950556673855,27.641394254875618,3.839750252828633,24.235653518428684,0.9376863993223117,2.6701551107112653,DECOMPENSATING
HemorrhageCM2,Male_22_Fit_Soldier.xml,160,99.81016116545605,74.4791639586266,50.171389381538056,58.27398090723424,2.796419914280726,27.957995144200016,3.838118748006693,24.185558159479584,0.9379567770103403,2.6771417754587086,DECOMPENSATING
HemorrhageCM2,Male_22_Fit_Soldier.xml,161,99.89181112245018,74.32582249236961,50.57731905895382,58.49348687009242,2.8321198541531145,28.037955646667456,3.8331532918524798,24.158512327188685,0.9368885170530649,2.674139661660975,DECOMPENSATING
HemorrhageCM2,Male_22_Fit_Soldier.xml,162,99.44080753506516,74.6100437783478,50.62233883916812,58.61824048556135,2.861064464407987,28.329209311988,3.8297150626304566,24.185577000990598,0.9353938558628474,2.6650027812594335,DECOMPENSATING
HemorrhageCM2,Male_22_Fit_Soldier.xml,163,99.71062158971972,74.89608209337041,50.35100800649753,58.53269936878849,2.8455991031189987,28.686690139363478,3.8257358371628514,24.135412120085725,0.9366678346581899,2.6586761340755585,DECOMPENSATING
HemorrhageCM2,Male_22_Fit_Soldier.xml,164,99.51593404025051,74.56504179316882,49.86556157600112,58.09872164839035,2.8705095994245697,28.488605146472825,3.8220336433588216,24.084926534680132,0.9363620984052218,2.6513540057435163,DECOMPENSATING
HemorrhageCM2,Male_22_Fit_Soldier.xml,165,99.64943466385401,74.62362145717319,50.45569510930642,58.51167055859534,2.8546533537345753,28.75123752527416,3.8246935102881383,24.14335494259185,0.9351834449098915,2.6445416402809707,DECOMPENSATING
HemorrhageCM2,Male_22_Fit_Soldier.xml,166,99.5542543768226,73.7735519476738,50.428533666971866,58.21020642720584,2.8400270553555487,28.581717629136755,3.829233231106271,24.13301566818419,0.9337336114980652,2.649436031704921,DECOMPENSATING
HemorrhageCM2,Male_22_Fit_Soldier.xml,167,99.4408436937813,73.50547427044921,50.958013536716074,58.473833781293784,2.863134585144279,28.47672001564548,3.824888306881221,24.28305241000715,0.9343585923012502,2.6577895212703195,DECOMPENSATING
HemorrhageCM2,Male_22_Fit_Soldier.xml,168,99.48713960204597,74.01713977139434,50.715020287379296,58.482393448717644,2.8465811479910212,28.70472598056493,3.821795322991526,24.330367953967706,0.933243040759289,2.6497944747398297,DECOMPENSATING
HemorrhageCM2,Male_22_Fit_Soldier.xml,169,99.76789734746916,73.73630776590366,50.865493373710216,58.48909817110803,2.8517165251170664,28.54955549560199,3.8230230144128576,24.240059310019014,0.9319142770008237,2.6441031096353242,DECOMPENSATING
HemorrhageCM2,Male_22_Fit_Soldier.xml,170,99.9487714694047,73.19286653094244,50.35407158301487,57.96700323232406,2.849998150748497,28.52838809983605,3.8188671869809907,24.28962598501744,0.9329231550899426,2.646362170905494,DECOMPENSATING
HemorrhageCM2,Male_22_Fit_Soldier.xml,171,99.63314889938296,72.6746167610089,50.79526928656577,58.08838511138015,2.8296270561868284,28.471169140149232,3.8158330814353087,24.385543026335448,0.9342574887201078,2.6387150792717886,DECOMPENSATING
HemorrhageCM2,Male_22_Fit_Soldier.xml,172,99.21128153984732,73.11669962852349,50.314615957638026,57.915310514599845,2.796082410758493,28.367744567895304,3.8140725697424753,24.477013789681752,0.9333070331796024,2.633132055550388,DECOMPENSATING
HemorrhageCM2,Male_22_Fit_Soldier.xml,173,99.39246343176954,72.34116002255927,49.73464769993456,57.27015180747613,2.819802701605019,28.173504089778945,3.8123255948862176,24.398986437428285,0.9328803948913887,2.629892557650626,DECOMPENSATING
HemorrhageCM2,Male_22_Fit_Soldier.xml,174,99.15135346563419,71.69401513776913,50.095056784582006,57.294709568977716,2.819253366504568,28.33830681371766,3.815795637116655,24.535868697447306,0.9329452922276344,2.62667796873263,DECOMPENSATING
HemorrhageCM2,Male_22_Fit_Soldier.xml,175,99.43696599181202,71.76808629706558,49.65391982910636,57.02530865175943,2.816997413101466,28.38989090721289,3.820985733768658,24.650089368717456,0.9317063578737994,2.633063154677914,DECOMPENSATING
HemorrhageCM2,Male_22_Fit_Soldier.xml,176,99.67497371579103,72.32869399592646,49.75949447793458,57.28256098393187,2.8113780835383997,28.30347099430508,3.8259469586062393,24.637015854987464,0.930618864353247,2.6426133935500378,DECOMPENSATING
HemorrhageCM2,Male_22_Fit_Soldier.xml,177,99.62644189089713,72.17191943919006,50.05023931613592,57.424132690487305,2.809084917492488,28.199233061493413,3.829968252267708,24.538068943425504,0.929656317938533,2.6517424879531113,DECOMPENSATING
HemorrhageCM2,Male_22_Fit_Soldier.xml,178,99.26815424648343,72.32291861523535,49.56232242000053,57.14918781841214,2.789876794159928,28.19052440749598,3.830901779992385,24.565739555570293,0.9301953296406996,2.659142025498749,DECOMPENSATING
HemorrhageCM2,Male_22_Fit_Soldier.xml,179,99.17032910628039,72.99703738550663,49.6895867953758,57.45873699208608,2.7875216499886575,28.106125630397006,3.831484167633718,24.53908829453973,0.92934371042959,2.6608597994367296,DECOMPENSATING
HemorrhageCM2,Male_22_Fit_Soldier.xml,180,99.39151183575392,73.39337608625368,49.94632900539382,57.76201136568044,2.8106998125581986,28.108236543049035,3.8331741213814983,24.420106749192023,0.9289077167449629,2.661931444429845,DECOMPENSATING
HemorrhageCM2,Male_22_Fit_Soldier.xml,181,99.37242133635898,72.86912493393396,49.79852115524209,57.48872241480605,2.8055553432707674,28.259150574518927,3.8316804512241647,24.35015321403529,0.9281467715094525,2.6650411094430995,DECOMPENSATING
HemorrhageCM2,Male_22_Fit_Soldier.xml,182,99.33695862964927,73.01773492000942,49.71052447082594,57.47959462055376,2.7770269182884517,28.21872686433467,3.83537616219334,24.442683217655002,0.9273628105022654,2.662292623671993,DECOMPENSATING
HemorrhageCM2,Male_22_Fit_Soldier.xml,183,99.63193052684977,72.34825390651487,49.29958376034727,56.9824738090698,2.7991888230542012,27.978088983815898,3.8376642229240443,24.416453647174055,0.9281092438387518,2.669093060142541,DECOMPENSATING
HemorrhageCM2,Male_22_Fit_Soldier.xml,184,99.67718764579327,72.4131378229705,49.216627714824426,56.94879775087312,2.7690753114612647,28.10312796961449,3.8351876283632254,24.53461663132368,0.9291229050140419,2.673303295133775,DECOMPENSATING
HemorrhageCM2,Male_22_Fit_Soldier.xml,185,99.84529637487762,72.89950570709793,49.61311689839579,57.3752465012965,2.8106639609740305,27.830700500130973,3.8353771714861513,24.523164660263753,0.9291144353137649,2.6687461411478095,DECOMPENSATING
HemorrhageCM2,Male_22_Fit_Soldier.xml,186,99.84503957575053,72.41122917788113,49.88582812389621,57.394295141891185,2.7871839416207904,28.153619996770104,3.830629642484757,24.437321030011937,0.930587824512056,2.669094917330969,DECOMPENSATING
HemorrhageCM2,Male_22_Fit_Soldier.xml,187,99.67654335218822,72.75014021001333,50.02733137731236,57.60160098821268,2.8134677519213427,27.94969253752478,3.8336310727377443,24.52350153493965,0.9323309275650921,2.6603590422489214,DECOMPENSATING
HemorrhageCM2,Male_22_Fit_Soldier.xml,188,99.8992829593205,72.84058285415979,50.23452655155579,57.76987865242379,2.7737752030162164,28.217048871651556,3.8372318131745704,24.46368394771797,0.9334994023566631,2.6658819405292418,DECOMPENSATING
HemorrhageCM2,Male_22_Fit_Soldier.xml,189,99.64086341809897,72.31397811547617,50.48937518189902,57.76424282642474,2.7619850781757154,27.820819411847378,3.8346520579598256,24.447720877053804,0.9321043860606151,2.6725076227841056,DECOMPENSATING
HemorrhageCM2,Male_22_Fit_Soldier.xml,190,99.91121937761046,72.38951809662223,50.35198099416555,57.69782669498444,2.738395676741898,27.777308234462744,3.8352120421421714,24.54066628720874,0.9308945630360511,2.6677606440312323,DECOMPENSATING
HemorrhageCM2,Male_22_Fit_Soldier.xml,191,100.03356736031584,71.96451839538591,50.25358882877561,57.49056535097905,2.733868252180032,27.510897097301882,3.833096063259634,24.5273335273322,0.9318542887276963,2.668791064669728,DECOMPENSATING
HemorrhageCM2,Male_22_Fit_Soldier.xml,192,100.15831650270262,72.08290242265872,49.764907503035616,57.204239142909984,2.7068805554570594,27.44404995801289,3.8290228367535835,24.60234571132029,0.9324260056324208,2.6648974755650237,DECOMPENSATING
HemorrhageCM2,Male_22_Fit_Soldier.xml,193,100.17815893451187,71.77368896174703,50.02602573011644,57.27524680732663,2.718129747879992,27.182171426414374,3.828121630353078,24.581451003843537,0.9319179965646779,2.6574023769722004,DECOMPENSATING
HemorrhageCM2,Male_22_Fit_Soldier.xml,194,100.25918409009415,71.27920957064457,49.9780316854312,57.078424313835654,2.7116882053966256,27.27522088928094,3.8296569011184878,24.636026988141943,0.9320910033863186,2.6557440771417733,DECOMPENSATING
HemorrhageCM2,Male_22_Fit_Soldier.xml,195,100.25527340879668,70.74707283589663,49.89409680488165,56.845088815219974,2.7313904535266134,27.20137657383441,3.8243614267225445,24.723302294349914,0.9316945371722243,2.6585691117270915,DECOMPENSATING
HemorrhageCM2,Male_22_Fit_Soldier.xml,196,99.88735275014014,70.40600823544416,49.65233186229846,56.57022398668036,2.7267736889253653,27.37283898849528,3.819489783288439,24.817224098383218,0.9326665549305916,2.648824968445491,DECOMPENSATING
HemorrhageCM2,Male_22_Fit_Soldier.xml,197,99.55769345032974,70.44518147860468,49.9767571605487,56.79956526656736,2.736542716973664,27.415349656421277,3.82326389791533,24.877421789079328,0.933738412629509,2.639860711782262,DECOMPENSATING
HemorrhageCM2,Male_22_Fit_Soldier.xml,198,99.20489579930987,71.15393142718833,49.469418679190774,56.69758959518996,2.706489606693129,27.574751550660654,3.8276143333187975,24.870507735928662,0.9348922987998113,2.6468054179475464,DECOMPENSATING
HemorrhageCM2,Male_22_Fit_Soldier.xml,199,99.31899644412196,71.37569050792894,49.8223300808378,57.00678355653485,2.7123534234328046,27.39252501348374,3.823557036494577,24.74541380906225,0.9334301649621539,2.6548106055358778,DECOMPENSATING
HemorrhageCM2,Male_22_Fit_Soldier.xml,200,99.21162136594259,71.890483672597,50.02412486176046,57.31291113203931,2.750583192830873,27.417932364883303,3.8278701070037355,24.706273468687527,0.9322867568581962,2.647344818972643,DECOMPENSATING
HemorrhageCM2,Male_22_Fit_Soldier.xml,201,99.53948303161833,71.56357909460547,50.16710336088085,57.29926193878906,2.759078665428918,27.77607756460861,3.8265982928867683,24.61541279402927,0.9319012046601219,2.6552812518363504,DECOMPENSATING
HemorrhageCM2,Male_22_Fit_Soldier.xml,202,99.40393659712946,71.40073982382579,49.78839514718212,56.99251003939668,2.765364862195418,27.77515920007635,3.8226107668417986,24.67311124953292,0.932145512015197,2.652941000886826,DECOMPENSATING
HemorrhageCM2,Male_22_Fit_Soldier.xml,203,99.74608812308861,71.27986397191452,50.125281998763505,57.176809323147175,2.795491452604394,27.860973183472904,3.8259521694350496,24.70185227994936,0.9315492359925579,2.645603598755099,DECOMPENSATING
HemorrhageCM2,Male_22_Fit_Soldier.xml,204,99.41863528896204,70.96024655929781,50.27260745732467,57.16848715798238,2.8169088635465243,28.04463526825359,3.8274311282756854,24.723186792931152,0.930823267408353,2.651752076340996,DECOMPENSATING
HemorrhageCM2,Male_22_Fit_Soldier.xml,205,99.65166268025597,71.09376849372222,50.58507792614533,57.42130811533763,2.8354480920869936,28.30697096868632,3.8267257985612426,24.779599068260424,0.9323963684555742,2.654473491982584,DECOMPENSATING
HemorrhageCM2,Male_22_Fit_Soldier.xml,206,99.67576432714203,71.40925499893935,50.70492329206262,57.60636719435486,2.859868917605037,28.41408005741903,3.827859985396044,24.756032529549095,0.9315241007167397,2.653175622654093,DECOMPENSATING
HemorrhageCM2,Male_22_Fit_Soldier.xml,207,99.29853266672185,71.41734450528666,50.42464484311028,57.42221139716907,2.8338729349526637,28.620908422927904,3.8231930347916827,24.700349356816826,0.9317907141072539,2.6552626271791038,DECOMPENSATING
HemorrhageCM2,Male_22_Fit_Soldier.xml,208,99.18337877898962,71.43807158939177,49.882183518882556,57.06747954238563,2.855899429243189,28.483034211440458,3.8191048217643924,24.698921563957835,0.9331067497139681,2.646675023505316,DECOMPENSATING
HemorrhageCM2,Male_22_Fit_Soldier.xml,209,99.52500716644658,71.68469551151499,49.94367640027965,57.19068277069143,2.8454749125337515,28.702497057862598,3.820119337904468,24.69526324645336,0.9341002642133993,2.6391523483821695,DECOMPENSATING
HemorrhageCM2,Male_22_Fit_Soldier.xml,210,99.8371755486626,71.67095580022146,50.36124139808041,57.46447953212743,2.8515681930404706,28.531025613706042,3.818724841728117,24.65173427697796,0.9340657753714874,2.641019148198626,DECOMPENSATING
HemorrhageCM2,Male_22_Fit_Soldier.xml,211,99.49674485223252,71.11582654259279,49.88216436675423,56.960051758700416,2.876633473593297,28.510881680239674,3.8176609534394217,24.654159327509753,0.9347501036687924,2.6384531513620777,DECOMPENSATING
HemorrhageCM2,Male_22_Fit_Soldier.xml,212,99.50097411161772,70.78088598807076,49.632470586102926,56.68194238675887,2.8614525265838573,28.809132096049893,3.817641969120862,24.75213929758803,0.934805013554795,2.636495502406471,DECOMPENSATING
HemorrhageCM2,Male_22_Fit_Soldier.xml,213,99.22779450152359,70.76571228508607,49.45429642410287,56.55810171109727,2.845973388959142,28.67586901674565,3.816613956255393,24.81125609797116,0.9350809465700718,2.6364605695739574,DECOMPENSATING
HemorrhageCM2,Male_22_Fit_Soldier.xml,214,99.50851853249137,71.1365562640165,49.036680208815575,56.40330556054922,2.807413790666507,28.60531035690816,3.819068260740338,24.813934247148104,0.9343936005340745,2.634568934583874,DECOMPENSATING
HemorrhageCM2,Male_22_Fit_Soldier.xml,215,99.68596130852374,71.47678714798239,49.67665220381619,56.94336385187159,2.836289224247012,28.20331809544705,3.817876156785716,24.748480514598455,0.9346569892748625,2.6390850728502206,DECOMPENSATING
HemorrhageCM2,Male_22_Fit_Soldier.xml,216,99.36539494663847,71.34759923082142,50.31505007977999,57.3258997967938,2.8473367235237634,28.41339019230507,3.8173653276833566,24.688429974345752,0.9349362237553963,2.636891495680006,DECOMPENSATING
HemorrhageCM2,Male_22_Fit_Soldier.xml,217,99.74019646294583,71.17725683390766,50.1692135859709,57.17189466861649,2.8643681160984182,28.584777420565484,3.821107610215695,24.711231561694937,0.9354183573951127,2.635951524755094,DECOMPENSATING
HemorrhageCM2,Male_22_Fit_Soldier.xml,218,99.95982340930988,71.62780009485138,50.41099549296611,57.48326369359453,2.8579107644730066,28.64488544808832,3.822879076726725,24.74129688922598,0.9351218116564208,2.64283765703878,DECOMPENSATING
HemorrhageCM2,Male_22_Fit_Soldier.xml,219,99.7659340432646,71.49875532270816,50.0181854561095,57.178375411642385,2.8273369747759993,28.537267258089777,3.827525339063909,24.66177628277334,0.9350375700695072,2.6460973127771314,DECOMPENSATING
HemorrhageCM2,Male_22_Fit_Soldier.xml,220,99.4989628167382,71.06982846887009,49.54781440898824,56.72181909561552,2.8512520903742127,28.31690879010762,3.8233348317374736,24.684552605115563,0.9358138754664588,2.6546468482015895,DECOMPENSATING
HemorrhageCM2,Male_22_Fit_Soldier.xml,221,99.76724668747462,71.7358653861643,49.08541230650627,56.63556333305895,2.8313704542185465,28.587473167794677,3.8261310472851173,24.76025792910506,0.93460863387417,2.6469359424812895,DECOMPENSATING
HemorrhageCM2,Male_22_Fit_Soldier.xml,222,99.62017897835172,71.31363196791769,49.62966096051522,56.85765129631604,2.8488821785656615,28.351667550111188,3.829131050933747,24.64270282580123,0.9336032284518495,2.6520812274747074,DECOMPENSATING
HemorrhageCM2,Male_22_Fit_Soldier.xml,223,99.54853294956072,71.28906824331865,49.92398015051323,57.04567618144837,2.8213772964059682,28.538360506658766,3.8282427374361956,24.7172267625553,0.9330363771090633,2.657601500676286,DECOMPENSATING
HemorrhageCM2,Male_22_Fit_Soldier.xml,224,99.73856463281929,71.32068792459559,50.01289379706936,57.115491839578105,2.8032889375357657,28.315641928975335,3.831069701177189,24.721562244730215,0.9330671117146144,2.655966924932562,DECOMPENSATING
HemorrhageCM2,Male_22_Fit_Soldier.xml,225,99.96341091566647,71.23507038865158,50.58710263940768,57.46975855582232,2.8416062907459403,28.114169266910473,3.8302011944509515,24.715981390572693,0.9325336572998021,2.6611687893330833,DECOMPENSATING
HemorrhageCM2,Male_22_Fit_Soldier.xml,226,99.78490671532074,71.38297954070508,51.11680574376213,57.87219700940978,2.861418873104735,28.394917520254456,3.8327979221455144,24.7310928326282,0.9316127359506936,2.659570659807998,DECOMPENSATING
HemorrhageCM2,Male_22_Fit_Soldier.xml,227,99.53326445886273,71.67271585609637,51.47368564285991,58.206695713938736,2.8576059233560103,28.608737041817633,3.828200332033179,24.70498695891797,0.9328879286335234,2.6643488694313895,DECOMPENSATING
HemorrhageCM2,Male_22_Fit_Soldier.xml,228,99.80816747392323,71.42984482599229,51.655430910695756,58.2469022157946,2.8317606058193365,28.634748190188045,3.831997509701868,24.653848678738154,0.9319655316767118,2.6558888952241713,DECOMPENSATING
HemorrhageCM2,Male_22_Fit_Soldier.xml,229,99.7022842361553,72.14140224273132,51.166525958558644,58.158151386616204,2.8236228064851163,28.34553581085653,3.8299338704989045,24.69671526509703,0.9307548501129602,2.6628760394350364,DECOMPENSATING
HemorrhageCM2,Male_22_Fit_Soldier.xml,230,99.30822183474008,72.14718085136866,50.751556932987114,57.88343157244763,2.860040116971086,28.29940949418928,3.828288506729199,24.571125821840376,0.9296455213665115,2.6590787599900434,DECOMPENSATING
HemorrhageCM2,Male_22_Fit_Soldier.xml,231,99.6876460421328,72.62431729767809,50.88236718576859,58.12968388973842,2.875357901499224,28.70909749049318,3.8244015681259294,24.57010590099563,0.9294009652047088,2.656051144497341,DECOMPENSATING
HemorrhageCM2,Male_22_Fit_Soldier.xml,232,99.91744085190975,72.84504271500651,50.384405237703355,57.871284396804406,2.8817689934043544,28.75285179071567,3.8239354308365474,24.48589161379997,0.9283310780769561,2.64889883219345,DECOMPENSATING
HemorrhageCM2,Male_22_Fit_Soldier.xml,233,99.50515228006616,72.42362492792601,50.78035984988783,57.994781542567225,2.87478807290256,28.754334838486624,3.826292896940428,24.44693371437717,0.9289142953235269,2.6480410981743576,DECOMPENSATING
HemorrhageCM2,Male_22_Fit_Soldier.xml,234,99.19316781839802,72.09677374557648,50.48921428306932,57.69173410390504,2.8286520832936426,28.79106208401229,3.8253877780462666,24.52131369273569,0.9302492639020079,2.6523790452174643,DECOMPENSATING
HemorrhageCM2,Male_22_Fit_Soldier.xml,235,99.21447795019762,71.560187433698,50.957074051441694,57.824778512193795,2.8325769812145762,28.462190234827656,3.8205211265476424,24.579002723941603,0.930641924151055,2.6507135460511666,DECOMPENSATING
HemorrhageCM2,Male_22_Fit_Soldier.xml,236,99.05978482468171,71.1324581984347,50.79886925680385,57.576732237347464,2.8374250316775687,28.491463230282008,3.8182848798843922,24.673709875582013,0.930706764615035,2.6417584749926535,DECOMPENSATING
HemorrhageCM2,Male_22_Fit_Soldier.xml,237,99.2710793393889,70.67384043380737,51.31375273298059,57.76711529992285,2.7978572786914424,28.57025284154349,3.8190823856972917,24.74920382063496,0.9310387010258755,2.63764358248814,DECOMPENSATING
HemorrhageCM2,Male_22_Fit_Soldier.xml,238,99.70324080361993,70.92506487345678,51.067094895827964,57.68641822170424,2.7957533285049663,28.17510778388914,3.8209122399275492,24.83014957198574,0.9327652324445967,2.639111064025726,DECOMPENSATING
HemorrhageCM2,Male_22_Fit_Soldier.xml,239,99.46931970505929,70.39369605346798,51.327099659005896,57.682631790493254,2.7839028537865276,28.05678411649617,3.823568489391503,24.785808614016908,0.9332953706528456,2.6424781583539936,DECOMPENSATING
HemorrhageCM2,Male_22_Fit_Soldier.xml,240,99.69208219830644,70.93128737088254,51.009351367678626,57.64999670207993,2.74959259476211,28.007530231930897,3.824143084112247,24.879594881570938,0.9343388770595679,2.64736589332034,DECOMPENSATING
HemorrhageCM2,Male_22_Fit_Soldier.xml,241,99.39733490451367,71.46724789548963,50.88746463443083,57.7473923881171,2.771934074575207,27.657822769439154,3.825528957801249,24.784710347075993,0.9352929157495772,2.648423198647331,DECOMPENSATING
HemorrhageCM2,Male_22_Fit_Soldier.xml,242,99.06642535868343,71.93609832707821,50.77156798311387,57.82641143110198,2.7591456752072125,27.919769524837324,3.8209247274272045,24.690113646501317,0.9343345901732633,2.6509733293412268,DECOMPENSATING
HemorrhageCM2,Male_22_Fit_Soldier.xml,243,98.77854386094367,72.56991019307634,50.7385343614753,58.01565963867565,2.8037141049116063,27.88424787868734,3.821680875207849,24.607361835770842,0.9336144198738414,2.6425011364626148,DECOMPENSATING
HemorrhageCM2,Male_22_Fit_Soldier.xml,244,99.11195440701277,72.09007263273797,50.51929099683515,57.70955154213609,2.825687000823499,28.34130927277384,3.8256042405443047,24.4954944340579,0.9331876639758127,2.643892515547048,DECOMPENSATING
HemorrhageCM2,Male_22_Fit_Soldier.xml,245,98.88187514602049,71.91429951300867,50.9648242158003,57.94798264820309,2.8417321097663253,28.455355760394216,3.8295023030874304,24.580185466206373,0.9329591898410592,2.65111185627576,DECOMPENSATING
HemorrhageCM2,Male_22_Fit_Soldier.xml,246,99.37290104025739,71.93863795240122,50.887650152113196,57.90464608554254,2.8701214809965334,28.650007812757508,3.829335077343908,24.61120931295012,0.9339924934469153,2.6582846376171174,DECOMPENSATING
HemorrhageCM2,Male_22_Fit_Soldier.xml,247,99.57760523244862,71.37592984110472,50.94546016755338,57.755616725403826,2.886574064536838,28.781726468859212,3.8294432076706952,24.606913593474587,0.933503368680538,2.6579769273944978,DECOMPENSATING
HemorrhageCM2,Male_22_Fit_Soldier.xml,248,99.22759291926545,71.69413077739006,50.641328395830335,57.658929189683576,2.883258873456979,28.87652655825563,3.8283491091292916,24.706231226530267,0.9341590123118684,2.6581758968009224,DECOMPENSATING
HemorrhageCM2,Male_22_Fit_Soldier.xml,249,99.15820953266402,71.10895243601018,51.04918263206596,57.73577256671403,2.8603800221826305,28.930931524890298,3.833062835126119,24.650068958395998,0.9335166052277493,2.6561626582967772,DECOMPENSATING
HemorrhageCM2,Male_22_Fit_Soldier.xml,250,99.60418745663856,71.86030326433699,50.455117520168024,57.59017943489101,2.863343109847212,28.74760476976807,3.8310512777303725,24.753352573141466,0.9345051840245491,2.6648363328477256,DECOMPENSATING
HemorrhageCM2,Male_22_Fit_Soldier.xml,251,99.72882996108672,72.5302070678369,50.01214286303379,57.51816426463483,2.863516574293665,28.66799316513017,3.833380563974635,24.62073961739091,0.933115829395675,2.6611348885544004,DECOMPENSATING
HemorrhageCM2,Male_22_Fit_Soldier.xml,252,99.34113681681703,72.87741146757337,49.88947790588287,57.55212242644637,2.8456894666581207,28.640154552245985,3.833382937493548,24.50250201106725,0.9335484490186086,2.6654209821526136,DECOMPENSATING
HemorrhageCM2,Male_22_Fit_Soldier.xml,253,99.51318347192695,73.42224969296672,49.78804834757776,57.66611546270741,2.860653946641184,28.576120357071183,3.833451892602464,24.441220649601014,0.9337195734443922,2.6654253496382507,DECOMPENSATING
HemorrhageCM2,Male_22_Fit_Soldier.xml,254,99.42922095066089,73.4840998297027,49.55165500609023,57.52913661396105,2.821655454882671,28.666031687750895,3.8351328651767385,24.34505704033715,0.9337857677527016,2.665552233163888,DECOMPENSATING
HemorrhageCM2,Male_22_Fit_Soldier.xml,255,99.35164091966385,73.4156391474717,49.357636642628776,57.37697081090975,2.799595816938017,28.345881912710237,3.8337854171341066,24.33414052951836,0.9353386329120368,2.6686453720201007,DECOMPENSATING
HemorrhageCM2,Male_22_Fit_Soldier.xml,256,99.20699536058896,73.85195148574913,49.461724260229595,57.59180000206944,2.769460616388431,28.171573014191885,3.8366112368682668,24.3462237975219,0.9351343705478276,2.666165947928847,DECOMPENSATING
HemorrhageCM2,Male_22_Fit_Soldier.xml,257,99.57905131554864,73.57708096931921,49.06948991538033,57.23868693335996,2.7880804240951886,27.94200144064583,3.839138065817334,24.269214940104042,0.9345490753610816,2.671365707255174,DECOMPENSATING
HemorrhageCM2,Male_22_Fit_Soldier.xml,258,99.44266197890178,72.80226762976105,49.268601065108555,57.113156586659386,2.8209737176620355,28.018630838655923,3.8415212689964315,24.31772941597629,0.9351872417893281,2.6760152969778,DECOMPENSATING
HemorrhageCM2,Male_22_Fit_Soldier.xml,259,99.7949151641848,72.92036257946687,49.7461460651571,57.470884903260355,2.8188821119307628,28.33680308109755,3.83641392581354,24.45448349042455,0.9342418970487518,2.680400602525511,DECOMPENSATING
HemorrhageCM2,Male_22_Fit_Soldier.xml,260,99.45255761209783,73.23832326033435,49.24668322010062,57.2438965668452,2.820690200514155,28.236689088448987,3.834190430348753,24.4336398049593,0.9351801819656181,2.671002637387482,DECOMPENSATING
HemorrhageCM2,Male_22_Fit_Soldier.xml,261,99.50247500516619,73.2691279988815,48.877826552194584,57.00826036775689,2.802679134969398,28.332023772761303,3.8384515545497537,24.37751994175745,0.9357890695635183,2.66691120822082,DECOMPENSATING
HemorrhageCM2,Male_22_Fit_Soldier.xml,262,99.52258288670782,73.51641574809011,49.43686038669758,57.46337884049509,2.7682225399283182,28.163471492293876,3.8420998249467204,24.372082924486893,0.9361196799855903,2.6747520552631654,DECOMPENSATING
HemorrhageCM2,Male_22_Fit_Soldier.xml,263,99.47846890037137,73.60996863719868,49.35561647151964,57.44040052674598,2.802689634285698,27.858670700768577,3.8435352277217523,24.32843678994215,0.9364162222777768,2.6814651968667382,DECOMPENSATING
HemorrhageCM2,Male_22_Fit_Soldier.xml,264,99.22794233582817,74.09314664466315,49.38964317495639,57.62414433152531,2.8351885661964333,28.16912718371442,3.8376073612394586,24.31192476296892,0.9351421559312214,2.6841064654785614,DECOMPENSATING
HemorrhageCM2,Male_22_Fit_Soldier.xml,265,98.99967039718013,73.39729919198597,49.28772259295158,57.324248125963045,2.847250760961924,28.511103617335603,3.8350595631149966,24.22664414397204,0.9364201871080835,2.673198664583156,DECOMPENSATING
HemorrhageCM2,Male_22_Fit_Soldier.xml,266,99.40630550095297,73.73700324709903,49.11131146441565,57.31987539197677,2.85176520773529,28.670402486561148,3.834763659012395,24.349460788303837,0.9351488312746637,2.6685104897151275,DECOMPENSATING
HemorrhageCM2,Male_22_Fit_Soldier.xml,267,99.26554911712306,73.59935307658924,49.257990592812355,57.37177808740465,2.8183649867015164,28.613759721767043,3.8383990698193853,24.2895032330173,0.9340661993563775,2.6679659998813987,DECOMPENSATING
HemorrhageCM2,Male_22_Fit_Soldier.xml,268,99.43503415080937,73.73989386161055,49.510513385040966,57.58697354389749,2.8433226014298216,28.35540786477294,3.8379639196928665,24.313798402840327,0.9350832559082,2.6746554786971073,DECOMPENSATING
HemorrhageCM2,Male_22_Fit_Soldier.xml,269,99.06950925168691,72.91868131787437,49.776941758169734,57.49085494473795,2.843697104257388,28.533397829199416,3.838438681679981,24.2889930413467,0.9358441613088354,2.67385476381025,DECOMPENSATING
HemorrhageCM2,Male_22_Fit_Soldier.xml,270,99.08081341237111,73.02490493614812,49.83996516379063,57.56827842124313,2.848053174787656,28.622797296729228,3.835260900587664,24.43393654658886,0.9371133015798656,2.674728368039296,DECOMPENSATING
HemorrhageCM2,Male_22_Fit_Soldier.xml,271,99.14315490397075,73.35062269706563,50.11992646131288,57.863491873230466,2.825450944950631,28.658208640031475,3.8301702145298004,24.415188143767278,0.9355907555865489,2.6688809685494936,DECOMPENSATING
HemorrhageCM2,Male_22_Fit_Soldier.xml,272,99.15952434573212,73.1894557784404,49.7898300460611,57.58970529018753,2.8305956827311114,28.44596619831005,3.827882651993048,24.35769916074198,0.936165295205915,2.659513654001157,DECOMPENSATING
HemorrhageCM2,Male_22_Fit_Soldier.xml,273,99.40860191502017,73.5743632018603,50.424142319268896,58.140882613466026,2.7969840133115595,28.48707253654691,3.8263575698460266,24.386145022039152,0.9362237621656038,2.6553043357310475,DECOMPENSATING
HemorrhageCM2,Male_22_Fit_Soldier.xml,274,99.2804622861771,73.362016092611,50.134437991493336,57.87696402519922,2.777219018395894,28.13558699164073,3.8222171410799115,24.318209100249177,0.9354632367329704,2.652498049108612,DECOMPENSATING
HemorrhageCM2,Male_22_Fit_Soldier.xml,275,99.22757758903404,73.38308725439838,49.85573314667845,57.69818451591843,2.809476270650442,27.992795571355305,3.8190366428151727,24.355688233486237,0.9348751910039864,2.644879292387742,DECOMPENSATING
HemorrhageCM2,Male_22_Fit_Soldier.xml,276,99.3391090246294,72.97795495678722,50.22759829810293,57.81105051766436,2.8080760129637126,28.286671819239288,3.819660694921975,24.35196918648399,0.9348481344782774,2.63902689305932,DECOMPENSATING
HemorrhageCM2,Male_22_Fit_Soldier.xml,277,99.21510599621492,72.2150728873041,50.774301857130915,57.92122553385531,2.8074364741982403,28.248462161646263,3.824754468490486,24.42347478603976,0.9339723954153053,2.640175204369922,DECOMPENSATING
HemorrhageCM2,Male_22_Fit_Soldier.xml,278,99.14906458881872,71.58014157292408,50.71635973395221,57.67095368027616,2.837033673243973,28.27176831155254,3.826316700474952,24.558122998710992,0.9339330038742709,2.649548200212112,DECOMPENSATING
HemorrhageCM2,Male_22_Fit_Soldier.xml,279,99.24203098595295,72.13510139970154,50.58846626870467,57.77067797903696,2.862700131355257,28.54578385484365,3.8284865035513134,24.67018798236986,0.93477657163934,2.6524228458354386,DECOMPENSATING
HemorrhageCM2,Male_22_Fit_Soldier.xml,280,99.18154271687251,71.99962468576135,50.64282533120309,57.76175844938918,2.8299257823343233,28.747991356192568,3.8287399673851827,24.57223791673186,0.9334817164066957,2.6564154762379424,DECOMPENSATING
HemorrhageCM2,Male_22_Fit_Soldier.xml,281,99.24267365206043,72.38941839650627,50.342123875976895,57.69122204948669,2.865069255388017,28.4760460380268,3.830244922504822,24.596149472816773,0.9324262298920901,2.6568818722072667,DECOMPENSATING
HemorrhageCM2,Male_22_Fit_Soldier.xml,282,99.66938525769567,72.21470957611552,50.69496763404545,57.868214948068804,2.843533923445278,28.76852342289446,3.8342150473252787,24.527351124340903,0.9333635978773183,2.65965112331145,DECOMPENSATING
HemorrhageCM2,Male_22_Fit_Soldier.xml,283,99.39792722483544,72.2218359081617,50.6525679678649,57.84232394796383,2.8013628643214936,28.480290685643745,3.8298486165578427,24.558187122910713,0.9329602446557597,2.666956505644335,DECOMPENSATING
HemorrhageCM2,Male_22_Fit_Soldier.xml,284,99.39542520023691,72.15513733439998,50.74256953638973,57.88009213572648,2.802421895532441,28.17624250180823,3.8277406010590878,24.556929329719207,0.9334292240242776,2.6589218851654453,DECOMPENSATING
HemorrhageCM2,Male_22_Fit_Soldier.xml,285,99.14438303213853,72.84335409923804,50.98166624764441,58.26889553150895,2.7860382351148423,28.186057674762033,3.825885209218658,24.568701586669512,0.9345063696675371,2.655042949394282,DECOMPENSATING
HemorrhageCM2,Male_22_Fit_Soldier.xml,286,99.23471731599618,73.05607695893845,50.6652337997414,58.12884818614042,2.8131567612390547,28.101293205006886,3.8244980098960624,24.447231754014233,0.9350339425199072,2.6516288635948095,DECOMPENSATING
HemorrhageCM2,Male_22_Fit_Soldier.xml,287,99.66672333329034,73.06875149331168,50.98234024362101,58.344477326851234,2.8294312425545747,28.317142209527393,3.826418583320701,24.409686301055324,0.9335778552635128,2.6490762936173464,DECOMPENSATING
HemorrhageCM2,Male_22_Fit_Soldier.xml,288,99.61617369148851,73.61665270669032,51.24556471113591,58.70259404298738,2.8476062557465136,28.358214616350534,3.827081503619539,24.40744925359011,0.9343224491880516,2.652610319321795,DECOMPENSATING
HemorrhageCM2,Male_22_Fit_Soldier.xml,289,99.66193359555834,72.98499174222377,51.293204988059024,58.52380057278061,2.8508476754365946,28.52819449769716,3.8303267470287707,24.310745028844313,0.9332866354575026,2.6538301515583758,DECOMPENSATING
HemorrhageCM2,Male_22_Fit_Soldier.xml,290,99.77716153068064,72.23303472983206,51.71826330044867,58.55652044357647,2.8128703677963496,28.54566975653689,3.82509021752703,24.422232797769375,0.9328313911455511,2.6598016877039274,DECOMPENSATING
HemorrhageCM2,Male_22_Fit_Soldier.xml,291,99.44806567523389,72.4919366421266,51.447982630796446,58.4626339679065,2.833154821548879,28.188547470969194,3.829288213630818,24.55495274463187,0.9340899218354478,2.6501660082636915,DECOMPENSATING
HemorrhageCM2,Male_22_Fit_Soldier.xml,292,99.64614958818859,71.84091021293403,50.88270686875487,57.86877465014793,2.8053285184685843,28.44171387188875,3.8271958423440315,24.509256717497234,0.9346160532397328,2.6578906939995424,DECOMPENSATING
HemorrhageCM2,Male_22_Fit_Soldier.xml,293,99.64003888351971,71.61844124348362,50.42597268533358,57.4901288713836,2.837589107772747,28.153270697636955,3.8254435426608513,24.624162478949863,0.9341762980663978,2.6540405449680655,DECOMPENSATING
HemorrhageCM2,Male_22_Fit_Soldier.xml,294,99.83224596788328,71.99215381464771,50.58705819453035,57.722090067902805,2.8480502316019076,28.435426406264654,3.8265088447485534,24.6634281142421,0.9332856353168423,2.650816157895532,DECOMPENSATING
HemorrhageCM2,Male_22_Fit_Soldier.xml,295,99.56923529991408,72.0939809264291,50.22708518303979,57.51605043083622,2.879486534060817,28.481468893742818,3.8243643498362183,24.597468076940253,0.9327564059335958,2.6527764083668988,DECOMPENSATING
HemorrhageCM2,Male_22_Fit_Soldier.xml,296,99.32250730512196,72.38950528968121,50.02001856381607,57.47651413910445,2.8568093736411666,28.816800375683837,3.8287521773648625,24.57949565479101,0.9337886950512785,2.648830347234309,DECOMPENSATING
HemorrhageCM2,Male_22_Fit_Soldier.xml,297,99.173447301661,71.83394480927902,50.2687807146394,57.457168746185936,2.8396223253381287,28.67752937277842,3.833253775200454,24.527335787749358,0.9348073632006698,2.6569043396544805,DECOMPENSATING
HemorrhageCM2,Male_22_Fit_Soldier.xml,298,99.59632835408243,72.29950282563907,50.02490902967373,57.44977362832884,2.817358145501467,28.56265521190563,3.834735252647768,24.625391868380028,0.9343285413037733,2.665187679545568,DECOMPENSATING
HemorrhageCM2,Male_22_Fit_Soldier.xml,299,99.53276787537253,71.94291573117391,50.036044956291704,57.338335214585776,2.791212833291917,28.2695262350697,3.8343426440606705,24.54322116689779,0.9356479851509945,2.667913729647168,DECOMPENSATING
HemorrhageCM2,Male_22_Fit_Soldier.xml,300,99.68376510779798,71.4613892958652,50.20978970271708,57.293656233766455,2.799329039265008,28.056581864456497,3.8310202278699927,24.606158568171217,0.9360723621863768,2.6671912949717793,DECOMPENSATING
HemorrhageCM2,Male_22_Fit_Soldier.xml,301,99.67528733688314,71.73738397424346,49.68729579018779,57.03732518487301,2.792482468251096,28.09237933718915,3.832712457589085,24.691147685705726,0.93475494072713,2.6610777540531654,DECOMPENSATING
HemorrhageCM2,Male_22_Fit_Soldier.xml,302,99.86012597981,71.09508004523998,49.82363028148957,56.91411353607304,2.827811192279803,28.034772460584467,3.8311648780433725,24.642434795946,0.9360463160532935,2.664191607055807,DECOMPENSATING
HemorrhageCM2,Male_22_Fit_Soldier.xml,303,100.09756591186417,71.18942272102379,49.52286913844442,56.74505366597088,2.861222031064339,28.299145848459688,3.828883638631867,24.755801041518694,0.9363670361672027,2.6613439232213514,DECOMPENSATING
HemorrhageCM2,Male_22_Fit_Soldier.xml,304,100.31559515602278,70.7294969202834,49.7070612154986,56.714539783760195,2.855884207858983,28.533788897997127,3.8308042968141125,24.739149617686543,0.9375344273022452,2.6571462400633763,DECOMPENSATING
HemorrhageCM2,Male_22_Fit_Soldier.xml,305,100.49833661683317,70.44345950266849,50.23934409696688,56.97404923220075,2.822507881341107,28.436744402094856,3.8345365589831846,24.82032623660097,0.9387899862657425,2.6606804217293503,DECOMPENSATING
HemorrhageCM2,Male_22_Fit_Soldier.xml,306,100.2349645495478,70.63947913817715,50.77431861709697,57.396038790790364,2.8564820953114727,28.10591641406523,3.8380344548062264,24.870811663614663,0.9395838703718342,2.667548115654524,DECOMPENSATING
HemorrhageCM2,Male_22_Fit_Soldier.xml,307,99.70915181392097,70.91407501923914,50.25126230926838,57.138866545925296,2.8876025912267798,28.460675457051604,3.8348378938657075,24.836214319378232,0.9406513479160193,2.673984554684414,DECOMPENSATING
HemorrhageCM2,Male_22_Fit_Soldier.xml,308,99.70587940896472,71.05273580608707,50.787178510893106,57.54236427595776,2.904025529381584,28.854269080141695,3.8337315069929234,24.787748316478293,0.9392446104528444,2.6681025986057207,DECOMPENSATING
HemorrhageCM2,Male_22_Fit_Soldier.xml,309,99.35867721236106,70.71111810006741,50.68454766202162,57.36007114137022,2.87075862284907,28.99788497122352,3.8298953649314167,24.763274773497645,0.9395817689986558,2.6660667484802723,DECOMPENSATING
HemorrhageCM2,Male_22_Fit_Soldier.xml,310,99.61690881918949,70.9770432764707,50.952018190853146,57.62702655272566,2.835378679471694,28.790656464961582,3.833065418205457,24.823570086983725,0.9403732444344491,2.659007906325445,DECOMPENSATING
HemorrhageCM2,Male_22_Fit_Soldier.xml,311,99.85730870579752,71.13822063212025,50.383406127588586,57.30167762909914,2.8442094636291535,28.421593668985984,3.8292683549820534,24.776634458084693,0.938832144330018,2.66484108594316,DECOMPENSATING
HemorrhageCM2,Male_22_Fit_Soldier.xml,312,99.651420961847,70.90633214383806,50.09046475164588,57.02908721570994,2.8171659072040454,28.442248464901397,3.831464642678708,24.74818675465919,0.9398545326276134,2.6578541523217867,DECOMPENSATING
HemorrhageCM2,Male_22_Fit_Soldier.xml,313,99.46552966987808,71.36646089381138,49.532725443292044,56.81063726013182,2.8271754149499655,28.255054088611118,3.832875444293347,24.789114929190003,0.9381194437978354,2.661895516778239,DECOMPENSATING
HemorrhageCM2,Male_22_Fit_Soldier.xml,314,99.1663579589036,71.19001642949664,49.513299285749184,56.738871666998335,2.823759404335737,28.385516184772307,3.836196942232981,24.707902489861688,0.9384473831210175,2.664491517069637,DECOMPENSATING
HemorrhageCM2,Male_22_Fit_Soldier.xml,315,99.0756193591424,70.7691579016383,50.10901228934717,56.995727493444214,2.8041995105423783,28.425742347481286,3.83644793864382,24.739044828508877,0.9372958165611478,2.6706033683247634,DECOMPENSATING
HemorrhageCM2,Male_22_Fit_Soldier.xml,316,98.85940154407639,70.44782930075917,50.43265251141203,57.10437810786107,2.812099578726081,28.276030836595492,3.834691068162578,24.813326097961138,0.9372266419033148,2.671065224016532,DECOMPENSATING
HemorrhageCM2,Male_22_Fit_Soldier.xml,317,98.95218480526452,70.7023227779771,50.617895527562624,57.312704611034114,2.7879617872065134,28.39579717126986,3.831390867427858,24.870040396958675,0.9377795132684613,2.667832426269544,DECOMPENSATING
HemorrhageCM2,Male_22_Fit_Soldier.xml,318,99.34999489985685,70.28900614964203,50.52055616132913,57.110039490766766,2.8058656293893067,28.16277097904534,3.8266609091031114,24.82512245588411,0.9377164669976186,2.661759763763274,DECOMPENSATING
HemorrhageCM2,Male_22_Fit_Soldier.xml,319,99.0265926494396,70.57634602448233,50.505141366443866,57.195542919123355,2.810900918423944,28.226647296279488,3.823026633957349,24.898072584742593,0.9369503083746726,2.6530562202870493,DECOMPENSATING
HemorrhageCM2,Male_22_Fit_Soldier.xml,320,99.12868007631086,70.22594965688117,50.13143517303976,56.829606667653565,2.8161015795439783,28.34609565792044,3.8190938320389565,24.84735727483547,0.9367921815617831,2.6463688311888793,DECOMPENSATING
HemorrhageCM2,Male_22_Fit_Soldier.xml,321,99.44294262578691,70.38879513698942,50.1710562440787,56.9103025417156,2.8105019815146948,28.367660154221205,3.8151434309649046,24.909202016652454,0.9365027067258993,2.639132126311159,DECOMPENSATING
HemorrhageCM2,Male_22_Fit_Soldier.xml,322,99.69881765508538,70.91029266028816,50.06526275664959,57.01360605786245,2.8344201937533247,28.2454614258537,3.8183895635401703,24.88045989029337,0.936584175897929,2.631863037423704,DECOMPENSATING
HemorrhageCM2,Male_22_Fit_Soldier.xml,323,99.29900997065552,70.84026091073683,49.573273774270355,56.66226948642585,2.86936799810803,28.394132276966932,3.823263932845721,24.78841590049003,0.9351312547979231,2.6378362097137433,DECOMPENSATING
HemorrhageCM2,Male_22_Fit_Soldier.xml,324,99.68246373198157,70.34054651492052,49.553223449663534,56.48233113808253,2.881651349516442,28.792679531239564,3.8260610179405212,24.80077646090236,0.936522445271257,2.646805482222568,DECOMPENSATING
HemorrhageCM2,Male_22_Fit_Soldier.xml,325,99.76609332317241,70.44362800343865,50.23631669561616,56.97208713155699,2.861380119888691,28.80882450694302,3.829672386483105,24.888975742199325,0.9375877043757348,2.6519523672599963,DECOMPENSATING
HemorrhageCM2,Male_22_Fit_Soldier.xml,326,99.61837521391156,70.90191287907659,50.44186749679931,57.26188262422507,2.8563530905290317,28.61281924949646,3.8308341440709577,24.870781923333112,0.9368907977917863,2.658597606173541,DECOMPENSATING
HemorrhageCM2,Male_22_Fit_Soldier.xml,327,99.33969633123486,71.10268724754349,50.46372544386948,57.34337937842748,2.8670799000347293,28.603809458468536,3.82759457382629,24.78989492668274,0.9352167230051234,2.660735343333255,DECOMPENSATING
HemorrhageCM2,Male_22_Fit_Soldier.xml,328,98.98694271840833,70.94541630906087,50.65660379633483,57.419541300576846,2.86170570997956,28.76306640340643,3.827706459242189,24.75445837502466,0.9361361612752751,2.6547742463144433,DECOMPENSATING
HemorrhageCM2,Male_22_Fit_Soldier.xml,329,98.87795385627334,70.8735406377819,50.349398188983386,57.19077900524956,2.88848414516048,28.799888197112374,3.8297403021682874,24.782216598240154,0.9348505379244966,2.6549801254183967,DECOMPENSATING
HemorrhageCM2,Male_22_Fit_Soldier.xml,330,99.23829423912876,70.9124237894128,50.66677467970165,57.4153243829387,2.9074054796655373,29.06035223647904,3.8245177464972238,24.794902609695132,0.9339474182905471,2.6587225770671763,DECOMPENSATING
HemorrhageCM2,Male_22_Fit_Soldier.xml,331,98.80302621442921,70.58336761148199,50.843809548068684,57.42366223587312,2.9189717134113877,29.28411218338171,3.8236472954012277,24.7527278349148,0.9348520414692619,2.6563210643775808,DECOMPENSATING
HemorrhageCM2,Male_22_Fit_Soldier.xml,332,98.52968690129889,70.74481605792063,50.63905537541816,57.34097560291898,2.9511203487942237,29.632744247067443,3.8264101850901615,24.776651786392392,0.9351022217116403,2.661691489479834,DECOMPENSATING
HemorrhageCM2,Male_22_Fit_Soldier.xml,333,98.06260922394829,71.86649233267492,51.16795512049402,58.067467524554324,2.9443853203895336,30.121520158369606,3.8377386820847588,24.715121685358746,0.9359619387142151,2.6735190106839726,DECOMPENSATING
HemorrhageCM2,Male_22_Fit_Soldier.xml,334,97.55744700231656,72.29649536496011,51.018263385410066,58.11100737859341,2.974539255058572,30.314171201793986,3.847653892431756,24.485194968848354,0.9357564024718645,2.7008869300545912,DECOMPENSATING
HemorrhageCM2,Male_22_Fit_Soldier.xml,335,96.7930643227574,73.73595011942902,51.85643638803887,59.149607631835586,3.0291911215592195,30.843445919365248,3.8639801534612013,24.37839564752168,0.9360630574014832,2.725440444169436,DECOMPENSATING
HemorrhageCM2,Male_22_Fit_Soldier.xml,336,96.37663529774085,75.18899693988138,52.754063001366774,60.232374314204975,3.065476194372419,31.66387633984629,3.883650065460786,24.094441877919955,0.9361316619603884,2.7615840390019617,COMPENSATING
HemorrhageCM2,Male_22_Fit_Soldier.xml,337,95.83845437828381,75.46355936464988,52.94901492127992,60.453863069069904,3.1114377492192093,32.230558792092914,3.901575291723734,23.80906905726107,0.9378947999758545,2.803680207039223,COMPENSATING
HemorrhageCM2,Male_22_Fit_Soldier.xml,338,95.17594430040232,76.62737843499282,53.71453535308827,61.35214971372312,3.1717100405042427,32.92095299959765,3.9218101169414212,23.732645816298067,0.9399769531808618,2.842372514891104,COMPENSATING
HemorrhageCM2,Male_22_Fit_Soldier.xml,339,94.713595663571,76.98679950576518,53.790333516584724,61.52248884631154,3.1744003680537136,33.782707207079994,3.944030833350905,23.500186069143506,0.941857167602561,2.885127549670851,COMPENSATING
HemorrhageCM2,Male_22_Fit_Soldier.xml,340,94.44586599573329,77.37650580946548,54.50854380043757,62.131197803446874,3.1828170182398146,34.06224049670095,3.9633625136430544,23.410588757134427,0.9429392886478615,2.931355795529009,COMPENSATING
HemorrhageCM2,Male_22_Fit_Soldier.xml,341,93.91419956662497,78.9405499530614,54.56950232420516,62.69318486715724,3.2426900963233787,34.33539862293387,3.988289496015649,23.31650373776479,0.943685116922186,2.972092887234255,COMPENSATING
HemorrhageCM2,Male_22_Fit_Soldier.xml,342,93.26682575285513,80.43737179923221,54.86558252374745,63.38951228224237,3.3168727551235477,35.16503821153739,4.006631587182392,23.01597831858043,0.9455978286929488,3.0229565002402143,COMPENSATING
HemorrhageCM2,Male_22_Fit_Soldier.xml,343,93.013400796191,80.82364317721594,55.99307842904014,64.26993334509874,3.3493681462663285,36.17140803389627,4.0281957059640625,22.728119900400948,0.946447919921878,3.0615395482912096,COMPENSATING
HemorrhageCM2,Male_22_Fit_Soldier.xml,344,92.09390704459,82.39593226200792,56.51520281430797,65.14211263020795,3.407490120574077,36.666718696190465,4.051753118700025,22.637048956284612,0.9471034693248632,3.105893002512591,COMPENSATING
HemorrhageCM2,Male_22_Fit_Soldier.xml,345,91.36240457917104,82.97920035044072,56.990863083529426,65.65364217249986,3.4416367662088416,37.62617871653641,4.072866620889017,22.337397185579754,0.9491324818277793,3.153761077146724,COMPENSATING
HemorrhageCM2,Male_22_Fit_Soldier.xml,346,90.75256367667971,84.41045882627522,57.952418286845585,66.77176513332213,3.4669354774991787,38.305740238861574,4.0976312741186245,22.21303296558279,0.949823038309652,3.1969839448256767,COMPENSATING
HemorrhageCM2,Male_22_Fit_Soldier.xml,347,89.95882269179631,84.80578617165058,58.074723805170414,66.98507792733047,3.539623248115115,38.86418828901576,4.124182388601688,21.939701125338598,0.9501010692036835,3.246781918682627,COMPENSATING
HemorrhageCM2,Male_22_Fit_Soldier.xml,348,89.16114303435779,85.51236326926445,58.381638953219856,67.42521372523473,3.5999709789005707,39.95229615305786,4.149857266316379,21.849889626220907,0.9511429461967275,3.2997285029853707,COMPENSATING
HemorrhageCM2,Male_22_Fit_Soldier.xml,349,88.84431700658618,86.13125939975795,59.23685608192284,68.20165718786788,3.6682060837330575,40.93608981318571,4.17688126549804,21.705799612186176,0.9516820103471557,3.350928641908107,COMPENSATING
HemorrhageCM2,Male_22_Fit_Soldier.xml,350,88.08488246405533,87.52386285412348,59.26127498943713,68.68213761099925,3.712758606009786,41.82366907387203,4.202123957380473,21.577820573194323,0.9535270351651057,3.404481588335864,COMPENSATING
HemorrhageCM2,Male_22_Fit_Soldier.xml,351,87.67832762864522,88.62904734534652,59.200947496147364,69.01031411254708,3.701390531572848,42.65732123838438,4.230782637432032,21.31389718062176,0.9553772567392727,3.45463132720041,COMPENSATING
HemorrhageCM2,Male_22_Fit_Soldier.xml,352,87.36517737720159,89.86358727725205,59.62119994426013,69.7019957219241,3.7610013777873688,42.801466330572616,4.252787062108601,21.101297420749756,0.9564311133446888,3.5109454563756515,COMPENSATING
HemorrhageCM2,Male_22_Fit_Soldier.xml,353,86.50303866828601,90.67581916793924,59.99253100248139,70.22029372430067,3.799311535996116,43.61416738700785,4.279116452757165,20.866441383926208,0.9571922323597414,3.554897810923263,COMPENSATING
HemorrhageCM2,Male_22_Fit_Soldier.xml,354,86.10050897471127,91.44960370654715,59.92625603044427,70.43403858914523,3.83168683704895,44.4475668047087,4.298466000035231,20.70667848621143,0.9576925843054829,3.6066949807079034,COMPENSATING
HemorrhageCM2,Male_22_Fit_Soldier.xml,355,85.53074339557422,92.89727446308301,59.924831536529126,70.91564584538042,3.8849875389048196,45.03432671020829,4.324509746282106,20.554239324888503,0.9590425615367949,3.6455388335218277,COMPENSATING
HemorrhageCM2,Male_22_Fit_Soldier.xml,356,85.50126085795233,93.03292382585019,60.06155017148856,71.05200805627577,3.8822247011311974,45.91000202492448,4.345216531124861,20.28337983486442,0.9595028997268962,3.6965944211098893,COMPENSATING
HemorrhageCM2,Male_22_Fit_Soldier.xml,357,85.3327798234735,93.45128250072842,60.584464446747084,71.54007046474086,3.901797927795526,45.97938212692732,4.367923684527229,20.244594426123776,0.9600976212969308,3.737726820856981,COMPENSATING
HemorrhageCM2,Male_22_Fit_Soldier.xml,358,85.26841064740752,93.83421203960033,61.43070783634994,72.23187590410006,3.9606543948438944,46.33600354782916,4.392757726560148,20.15639762281561,0.9615781726922101,3.782440738729113,COMPENSATING
HemorrhageCM2,Male_22_Fit_Soldier.xml,359,84.96692667019452,94.05627715498458,61.85066292315163,72.58586766709595,3.991838164180017,47.04644830049846,4.411047269177885,20.074924710522673,0.9604460074959967,3.8309722395731907,COMPENSATING
HemorrhageCM2,Male_22_Fit_Soldier.xml,360,84.18737230260128,94.88830420352105,62.32445311055256,73.17907014154206,4.041056545554857,47.581927891407325,4.4343427407911085,20.02229950936737,0.9620001606366705,3.867368349023197,COMPENSATING
HemorrhageCM2,Male_22_Fit_Soldier.xml,361,83.42818922533351,95.72713925803443,62.309315495176165,73.44859008279559,4.041418280864692,48.53030114169209,4.46012413291356,19.862456720372776,0.9635674496358207,3.9128859280154877,COMPENSATING
HemorrhageCM2,Male_22_Fit_Soldier.xml,362,83.05258388957868,95.8559957451258,62.36929317958004,73.5315273680953,4.102281632567345,48.97228733552705,4.485438558433,19.70183820278253,0.9640843150400485,3.962890883848699,COMPENSATING
HemorrhageCM2,Male_22_Fit_Soldier.xml,363,82.33474224875694,97.26556100200987,62.744414909532615,74.25146360702503,4.161217827159391,49.86554272042049,4.506846607086328,19.66694238074933,0.9651715696238422,4.011952492090966,COMPENSATING
HemorrhageCM2,Male_22_Fit_Soldier.xml,364,82.23647159325469,97.82561108772242,62.82331412241148,74.4907464441818,4.151582816857443,50.91720561140183,4.524277066471081,19.40640066816615,0.9664630709743445,4.053744689056076,COMPENSATING
HemorrhageCM2,Male_22_Fit_Soldier.xml,365,81.84455464922307,99.07422002673938,63.230526354796375,75.17842424544405,4.193774402704521,50.93569109837507,4.540469057912318,19.296183209412884,0.9681553401619813,4.088139103939932,COMPENSATING
HemorrhageCM2,Male_22_Fit_Soldier.xml,366,81.74079481694258,99.67706869915929,64.39179156426464,76.15355060922953,4.1771862286872,51.65295360751171,4.5594601536403605,19.064808258626705,0.9693040465632197,4.120178542223851,COMPENSATING
HemorrhageCM2,Male_22_Fit_Soldier.xml,367,81.29976424841072,100.63775744121638,65.42302668883431,77.16127027296167,4.19313871532863,51.59698264231277,4.581383044085267,18.947770094699045,0.9679735647919149,4.157294989847907,COMPENSATING
HemorrhageCM2,Male_22_Fit_Soldier.xml,368,80.83725754755191,101.85000992279407,65.80478634639597,77.819860871862,4.2064932969603355,52.06247223868004,4.604278939247895,18.76792206140741,0.9679946287068314,4.199735021596377,COMPENSATING
HemorrhageCM2,Male_22_Fit_Soldier.xml,369,80.73763531787532,102.5048885002714,65.68365633847814,77.95740039240923,4.241799836770295,52.514044433755245,4.624928863430285,18.544010434049884,0.968895027419248,4.243896623384515,COMPENSATING
HemorrhageCM2,Male_22_Fit_Soldier.xml,370,80.13340765638186,102.42190360327007,66.35488526668327,78.3772247122122,4.2762457752454575,53.00921499929127,4.644325978389156,18.418801149228333,0.9685701597482448,4.283858850998779,COMPENSATING
HemorrhageCM2,Male_22_Fit_Soldier.xml,371,79.61523995727059,102.18657425931151,66.48921381805074,78.38833396513766,4.286718422361252,53.77111302825214,4.658423361087244,18.424139810401307,0.9677535890649956,4.321451393309699,COMPENSATING
HemorrhageCM2,Male_22_Fit_Soldier.xml,372,79.21400683544914,102.64501950475382,66.92873370572246,78.83416230539959,4.302094985391379,54.23143040497939,4.669877450986179,18.456672328615245,0.9677002232435028,4.349229663892091,COMPENSATING
HemorrhageCM2,Male_22_Fit_Soldier.xml,373,78.76974291047685,103.30201524746981,67.06461891730824,79.1437510273621,4.315967757471566,54.682758504841765,4.6839603682889335,18.367049213888436,0.9677853691513763,4.37208378955194,COMPENSATING
HemorrhageCM2,Male_22_Fit_Soldier.xml,374,78.36033975876038,104.348252785525,67.90505243128648,80.05278588269933,4.377718617299447,55.14452270049327,4.700578061835554,18.2426675354548,0.9672405778830723,4.399716915056116,COMPENSATING
HemorrhageCM2,Male_22_Fit_Soldier.xml,375,78.22427387194432,104.24507089095698,67.94465024890698,80.04479046292364,4.394660115082086,56.118841861302506,4.711611615719503,18.04986103831724,0.9675651130109014,4.431957888433468,COMPENSATING
HemorrhageCM2,Male_22_Fit_Soldier.xml,376,78.10870384151615,104.67695672029214,67.73260494937905,80.04738887301674,4.392174745181683,56.44027035558691,4.724400416234535,18.06019342384307,0.9684642597608262,4.45386903110213,COMPENSATING
HemorrhageCM2,Male_22_Fit_Soldier.xml,377,78.11697685611139,104.69204252988523,67.60287520422239,79.96593097944333,4.396329015218059,56.533151823916,4.743966861172676,17.97634499698943,0.9684415863275015,4.478957253097461,COMPENSATING
HemorrhageCM2,Male_22_Fit_Soldier.xml,378,78.11074563702381,105.59415026447266,67.7761111369533,80.38212417945975,4.4043407077530015,56.62481470476028,4.761387725300296,17.966311356453538,0.9700301855251534,4.516465941200533,COMPENSATING
HemorrhageCM2,Male_22_Fit_Soldier.xml,379,78.35587563926195,105.49077153060107,67.93830162972905,80.4557915966864,4.462227767079556,56.766406775886935,4.771997135073052,17.7999605459217,0.9698824734173829,4.549977240372062,COMPENSATING
HemorrhageCM2,Male_22_Fit_Soldier.xml,380,78.51693735000723,106.59965929932875,68.06568158599721,80.91034082377439,4.494098020337218,57.30994288476606,4.785363646150249,17.811311202223326,0.9705574666220939,4.570907146042655,COMPENSATING
HemorrhageCM2,Male_22_Fit_Soldier.xml,381,78.04021634458564,106.7818592367001,68.82682440935287,81.47850268513528,4.499377293083161,57.61222975570653,4.794570985632468,17.608923637310742,0.9711673648832425,4.5968642147926975,COMPENSATING
HemorrhageCM2,Male_22_Fit_Soldier.xml,382,77.89989740469089,107.2123079457715,69.35485487272047,81.97400589707081,4.518280913232967,58.004603410908246,4.812091747634296,17.570314554771933,0.9714459560526761,4.615123403038867,COMPENSATING
HemorrhageCM2,Male_22_Fit_Soldier.xml,383,77.84904976760369,107.47333091761625,69.3698527886001,82.07101216493882,4.54778344326202,58.3447367833398,4.827508083281498,17.488101203683243,0.9727277271931807,4.648636855202907,COMPENSATING
HemorrhageCM2,Male_22_Fit_Soldier.xml,384,77.54010933030347,107.81904478742224,69.81039183146655,82.47994281678511,4.5389342971045465,58.74769155690768,4.840704739331685,17.43599594279646,0.9736883377508292,4.6782362192927245,COMPENSATING
HemorrhageCM2,Male_22_Fit_Soldier.xml,385,77.56410452688338,107.55784800285502,70.6443473223369,82.94884754917628,4.551827347120778,58.881690982065614,4.850863444998388,17.369140637392036,0.9739681159561102,4.703710788050188,COMPENSATING
HemorrhageCM2,Male_22_Fit_Soldier.xml,386,77.66267418548719,108.22041217804986,70.85965181807907,83.313238604736,4.589458010087809,59.051018447850886,4.860373392234237,17.4095960468415,0.9754133198534587,4.723556194608149,COMPENSATING
HemorrhageCM2,Male_22_Fit_Soldier.xml,387,77.41131554080431,108.75748598412825,70.51455105388295,83.26219603063139,4.621822590670022,59.449467660690345,4.872661038969747,17.287193305937386,0.9751419297568212,4.74217004504788,COMPENSATING
HemorrhageCM2,Male_22_Fit_Soldier.xml,388,77.26915238594479,108.42642258910615,71.30314058009863,83.67756791643447,4.6439962226123725,60.00914201291911,4.881925459964532,17.187118556366567,0.9761050269275154,4.765858565004562,COMPENSATING
HemorrhageCM2,Male_22_Fit_Soldier.xml,389,77.38409073406788,108.7004245865528,70.84569941005282,83.46394113555282,4.631108356735827,60.38589355757485,4.8920811298096325,17.24044263497869,0.97630858229159,4.783948734808764,COMPENSATING
HemorrhageCM2,Male_22_Fit_Soldier.xml,390,77.14716873180545,109.16962695707282,70.97812053862695,83.70862267810891,4.631871262832764,60.20257817456893,4.904545769432332,17.187140520101156,0.9767237302905828,4.803644694215414,COMPENSATING
HemorrhageCM2,Male_22_Fit_Soldier.xml,391,76.86703427663583,109.28521612603966,70.60290375358805,83.49700787773858,4.610905229277088,60.39733196290913,4.912937902517145,17.099547643319934,0.9782429838478814,4.827556296463776,COMPENSATING
HemorrhageCM2,Male_22_Fit_Soldier.xml,392,76.30877039881636,110.24432687070053,70.425253505654,83.69827796066951,4.610574322318127,60.3741807315901,4.921524397514948,17.074523950140826,0.9773934818637723,4.843942142325378,COMPENSATING
HemorrhageCM2,Male_22_Fit_Soldier.xml,393,76.12449720706644,110.46277375546214,70.63678469844038,83.9121143841143,4.642292902444358,60.76522021898778,4.928516443385636,16.900770757646136,0.9769088243386129,4.860654697286918,COMPENSATING
HemorrhageCM2,Male_22_Fit_Soldier.xml,394,76.21542263555297,110.17166514391371,71.32878488597048,84.27641163861823,4.667061320848804,61.27933107684405,4.938973095466798,16.857890845892918,0.9760713711458783,4.874403404275778,COMPENSATING
HemorrhageCM2,Male_22_Fit_Soldier.xml,395,76.40948139833618,110.11603349119763,71.14151152214453,84.13301884516223,4.6506429833571445,61.5323184334472,4.947847667223763,16.905088926795035,0.9776988552780316,4.894498355397728,NORMAL
HemorrhageCM2,Male_22_Fit_Soldier.xml,396,75.9480056033776,110.31275348077348,70.99956842991602,84.1039634468685,4.675937665140343,61.2466510250412,4.955148418459563,16.910862586003773,0.9764235414437125,4.911654147870541,NORMAL
HemorrhageCM2,Male_22_Fit_Soldier.xml,397,75.85787432822731,110.2151094243158,71.37456123367878,84.32141063055778,4.678797480777114,61.870155353878054,4.964990805208233,16.87222895715587,0.9757946158782189,4.925886898097271,NORMAL
HemorrhageCM2,Male_22_Fit_Soldier.xml,398,75.87714161545969,111.00382834036805,71.08052025290974,84.38828961539583,4.659338878373179,61.99116328208049,4.976104942450928,16.885678672743143,0.9751736656220036,4.944770298301659,NORMAL
HemorrhageCM2,Male_22_Fit_Soldier.xml,399,75.53490374411425,111.22652089031382,71.0710265019363,84.45619129806214,4.7043366568951885,61.782363530199994,4.983261403044783,16.742809940154967,0.9759725088632629,4.96596850569701,NORMAL
HemorrhageCM2,Male_22_Fit_Soldier.xml,400,75.45510704655472,111.65600923702559,71.46214281012777,84.86009828576037,4.7031299066306955,62.55572332588884,4.993385048087627,16.6999645105138,0.976655492112425,4.979859740121864,NORMAL
HemorrhageCM2,Male_22_Fit_Soldier.xml,401,75.54734137105952,112.18470462154505,71.46941783136543,85.04118009475864,4.724339656027447,62.62163898646965,4.9954411017929,16.620735816755865,0.9758464376358854,4.999187164213339,NORMAL
HemorrhageCM2,Male_22_Fit_Soldier.xml,402,75.05082710884622,112.10698498807531,71.34783125170368,84.93421583049422,4.749942621471023,62.82756396709421,5.001931542230735,16.524109403094876,0.9759673407856835,5.003646587071726,NORMAL
HemorrhageCM2,Male_22_Fit_Soldier.xml,403,74.64549458437602,112.16407672341849,71.25275207987707,84.88986029439087,4.768373491537099,63.48863168228767,5.01005608435572,16.534623444910856,0.9767716288496182,5.016243510180853,NORMAL
HemorrhageCM2,Male_22_Fit_Soldier.xml,404,74.98892267842882,112.46963568406873,71.54218653031735,85.18466958156782,4.74557685870329,64.008807485561,5.014058743633077,16.52144838441935,0.9769404280066539,5.031825886972937,NORMAL
HemorrhageCM2,Male_22_Fit_Soldier.xml,405,74.49919778732065,112.48005188920736,71.22993234738016,84.97997219465589,4.7263288584830665,63.52712495432943,5.023053608128696,16.46452059036651,0.9786454307181596,5.039802897444314,NORMAL
HemorrhageCM2,Male_22_Fit_Soldier.xml,406,74.44629165592461,112.6940399995441,71.77262089684666,85.41309393107915,4.732758979015499,63.66718096327618,5.031871894537129,16.459783557493772,0.9787995681490445,5.056945953032233,NORMAL
HemorrhageCM2,Male_22_Fit_Soldier.xml,407,74.05178694223599,112.2471488069528,72.35102374509874,85.6497320990501,4.729212157291066,63.800544007501635,5.0346208745964205,16.419211236189483,0.9790986010540434,5.07374469082737,NORMAL
HemorrhageCM2,Male_22_Fit_Soldier.xml,408,73.78467492902239,112.46337187304105,72.84680902202204,86.05232997236172,4.764781167635177,64.05807834124552,5.0401755635139445,16.495375613828354,0.9781106800645377,5.0793566033371285,NORMAL
HemorrhageCM2,Male_22_Fit_Soldier.xml,409,73.51064211851437,113.11221007018554,73.38859914050262,86.62980278373026,4.764403662500233,64.68574236828914,5.048282670283492,16.45458963376481,0.976996763080507,5.09011312201106,NORMAL
HemorrhageCM2,Male_22_Fit_Soldier.xml,410,73.75836170633588,113.37722791058322,74.07362167126885,87.17482375104031,4.743610534358919,64.89821968312006,5.056075089085148,16.337533334805507,0.9781106087275182,5.105548763839446,NORMAL
HemorrhageCM2,Male_22_Fit_Soldier.xml,411,73.6128050008861,114.25751645750306,74.03696993472052,87.44381877564803,4.745945410843355,64.49451181571258,5.0633614732849725,16.288304255897483,0.9782077520040986,5.120388374867616,NORMAL
HemorrhageCM2,Male_22_Fit_Soldier.xml,412,74.0396492150614,114.73308072570558,73.75592618220637,87.4149776967061,4.785584788226376,64.64474150098681,5.068019447401639,16.130560716825503,0.9780406924897734,5.134280416863742,NORMAL
HemorrhageCM2,Male_22_Fit_Soldier.xml,413,74.15193375267876,114.96423606564456,73.4291756086812,87.27419576100232,4.766853979410533,64.8215637794399,5.0687262309310395,16.044328563530687,0.9774645163274396,5.143320068738344,NORMAL
HemorrhageCM2,Male_22_Fit_Soldier.xml,414,73.71247295089331,114.78459324383157,73.28515961183328,87.1183041558327,4.783182991863519,64.53901799206702,5.070773444928074,16.00130968534048,0.9784340505363839,5.145073817539053,NORMAL
HemorrhageCM2,Male_22_Fit_Soldier.xml,415,73.52671534531643,114.5199342333905,73.85639662870969,87.41090916360329,4.83365969262196,65.06281897047795,5.076432602991558,16.03086921187976,0.9775076156291327,5.149279219664649,NORMAL
HemorrhageCM2,Male_22_Fit_Soldier.xml,416,73.90376882380392,115.02244526472634,74.43922915054975,87.96696785527529,4.878541381857979,65.80863297101774,5.083728750409641,16.075504440576296,0.9767580162714531,5.160116549010606,NORMAL
HemorrhageCM2,Male_22_Fit_Soldier.xml,417,74.12582260452065,114.72553452984843,74.71035314280529,88.04874693848633,4.904874177858259,66.07612185875229,5.089590828175406,15.984802721772994,0.9777239087886848,5.173952184601214,NORMAL
HemorrhageCM2,Male_22_Fit_Soldier.xml,418,73.9973366605669,114.93207420672752,74.42384632201185,87.9265889502504,4.895089258275867,66.23742003270297,5.092087697598651,16.035264306859663,0.9784920240260014,5.185135560746295,NORMAL
HemorrhageCM2,Male_22_Fit_Soldier.xml,419,74.19597700109372,114.44567817530988,74.47254250072402,87.79692105891931,4.876237954523032,66.23163603937877,5.099420186869715,15.996930904469956,0.9784120875936496,5.190113651457658,NORMAL
HemorrhageCM2,Male_22_Fit_Soldier.xml,420,74.40630093765088,114.35339581535985,73.90483773178867,87.3876904263124,4.90006317114905,65.87966822173408,5.104315807951956,16.080961835373092,0.9794309274415878,5.203977135373123,NORMAL
HemorrhageCM2,Male_22_Fit_Soldier.xml,421,74.17691932306914,114.75234366100469,73.83566222055333,87.47455603403712,4.864330380883566,66.01877601975826,5.107016445050916,16.09549153763198,0.9788355789548823,5.21334440081408,NORMAL
HemorrhageCM2,Male_22_Fit_Soldier.xml,422,73.9582029283864,114.47970680529421,73.67175321027054,87.27440440861176,4.895017802018203,65.78104388420594,5.107708019054828,16.023377049535323,0.9793745069246336,5.218660935006239,NORMAL
HemorrhageCM2,Male_22_Fit_Soldier.xml,423,73.88072060925975,114.63021010429983,73.62195249662939,87.2913716991862,4.910403909027978,66.31376386692264,5.105618709924529,16.069852592262414,0.978441423168434,5.2202692346260235,NORMAL
HemorrhageCM2,Male_22_Fit_Soldier.xml,424,73.98411942456688,114.73492407137383,73.31905475856325,87.1243445295001,4.938182293369691,66.56411809703971,5.107787587149968,16.041698079273836,0.9772922017155606,5.216749455322407,NORMAL
HemorrhageCM2,Male_22_Fit_Soldier.xml,425,74.20096803243693,114.47485795506262,73.7332822282275,87.31380747050586,4.9046220339864455,66.82602494865458,5.112027207534604,16.02167750677875,0.9767155298292861,5.221054471082395,NORMAL
HemorrhageCM2,Male_22_Fit_Soldier.xml,426,74.3513763503745,114.35317306602917,74.06219889057316,87.49252361572516,4.885412120973949,66.28427800266356,5.113298208244213,16.066090835060844,0.9784250040179906,5.229159541135491,NORMAL
HemorrhageCM2,Male_22_Fit_Soldier.xml,427,73.85409833199965,114.424234439698,73.93760265983005,87.4331465864527,4.905075012589001,65.96072589108444,5.113237502315703,16.08612875080143,0.9792582380043104,5.231792127801716,NORMAL
HemorrhageCM2,Male_22_Fit_Soldier.xml,428,73.87105673855983,113.94054952789847,74.03710199639094,87.33825117356012,4.877159554899739,66.56722509807724,5.113244220107342,16.072194259453987,0.9801035530936038,5.231964622985496,NORMAL
HemorrhageCM2,Male_22_Fit_Soldier.xml,429,73.32318031011982,114.49274702182183,74.53704300610998,87.85561101134726,4.921762803345949,66.23700309331983,5.11534907265585,16.156217785676287,0.9792428973071743,5.232251866636199,NORMAL
HemorrhageCM2,Male_22_Fit_Soldier.xml,430,72.9178224985736,114.54903362333047,74.8782713880304,88.10185879979709,4.88992428369705,67.18061957867512,5.116328941224921,16.05745285452312,0.9807023715840043,5.236390852901025,NORMAL
HemorrhageCM2,Male_22_Fit_Soldier.xml,431,72.63315437559298,115.15155174244408,75.20980488963949,88.52372050724102,4.865124218914739,67.117949813709,5.124154927770992,16.046258586933355,0.9798354594522732,5.238451052437057,NORMAL
HemorrhageCM2,Male_22_Fit_Soldier.xml,432,72.70915213658964,114.61838417217109,75.3820286452841,88.46081382091309,4.868513136291521,67.04715202724078,5.128774463595996,15.938696093312622,0.9804981026384664,5.253100286664706,NORMAL
HemorrhageCM2,Male_22_Fit_Soldier.xml,433,72.46261251078133,114.71828702784553,75.58117045236604,88.62687597752587,4.905360391469469,67.03961980669877,5.126787486635998,16.031621364851603,0.9795293294671762,5.261841212602677,NORMAL
HemorrhageCM2,Male_22_Fit_Soldier.xml,434,72.73634494032855,115.06115981801028,75.39706291780949,88.61842855120976,4.945875281898146,67.67569826908804,5.127353877358185,16.012848733371165,0.9787603762032818,5.258417681352725,NORMAL
HemorrhageCM2,Male_22_Fit_Soldier.xml,435,72.57497343925566,114.66180106566014,75.44091317444877,88.51454247151922,4.95223724139826,67.9588398433662,5.130918403589309,15.951229427347407,0.9799744494399595,5.259684945200307,NORMAL
HemorrhageCM2,Male_22_Fit_Soldier.xml,436,72.7687253677648,115.38380058584124,75.60860709353656,88.8670049243048,4.934173537211306,68.16704454183349,5.133408324547411,16.02064967207494,0.9802871002158366,5.266461666538879,NORMAL
HemorrhageCM2,Male_22_Fit_Soldier.xml,437,72.96847687592033,115.25282969802767,75.03488080483413,88.44086376923198,4.966496000575275,67.81158857091764,5.140173656331569,15.892185834742243,0.9805347081802681,5.271253882436195,NORMAL
HemorrhageCM2,Male_22_Fit_Soldier.xml,438,72.61932287329991,115.42789276614694,75.17859505621425,88.59502762619181,4.965216782518939,68.05173738411128,5.146730135332278,15.914304558326954,0.9822422363038635,5.283906331707689,NORMAL
HemorrhageCM2,Male_22_Fit_Soldier.xml,439,72.98593897660194,115.07257012262491,75.62838510975583,88.77644678071219,4.967577713001191,68.312077279794,5.146738023260114,15.882441182080175,0.9829050275313745,5.296167797263266,NORMAL
HemorrhageCM2,Male_22_Fit_Soldier.xml,440,73.1448211076679,115.91512324240443,75.91940011342915,89.25130782308757,4.92574281711372,68.06652697056407,5.143861733874143,15.944222187022561,0.9822560471673375,5.296372816362831,NORMAL
HemorrhageCM2,Male_22_Fit_Soldier.xml,441,72.69240615034496,115.41160912119037,76.20145484776899,89.27150627224277,4.928916192507681,67.45620864239592,5.146917930721412,15.794609456446626,0.9823789255572426,5.291264447521613,NORMAL
HemorrhageCM2,Male_22_Fit_Soldier.xml,442,72.61844378512512,115.86950313572699,75.60457715141015,89.02621914618243,4.934300838307472,67.84482556976451,5.1496936403542595,15.882606351669187,0.9818245027814756,5.297066339595183,NORMAL
HemorrhageCM2,Male_22_Fit_Soldier.xml,443,72.46956046381628,116.01110693757424,75.22512241010051,88.82045058592509,4.960917887563428,67.97248621740044,5.151537035521293,15.800943928007845,0.9816573607261733,5.302346267584797,NORMAL
HemorrhageCM2,Male_22_Fit_Soldier.xml,444,72.60339514664292,116.59266598623176,75.4659714507426,89.17486962923898,4.924858090048737,68.41165908482022,5.15493926031248,15.775134214125378,0.9825243198519424,5.30590500299285,NORMAL
HemorrhageCM2,Male_22_Fit_Soldier.xml,445,72.8790528770588,116.02257108493778,74.96692039341876,88.65213729059177,4.923282919091775,67.88425233120705,5.155697047171984,15.67169944733892,0.982961539243298,5.312326657498025,NORMAL
HemorrhageCM2,Male_22_Fit_Soldier.xml,446,72.6714638185758,116.48058697721586,75.31398319935874,89.03618445864446,4.89692194018456,67.66127032577283,5.159017518379847,15.77155678709294,0.9836446616090481,5.313877024617332,NORMAL
HemorrhageCM2,Male_22_Fit_Soldier.xml,447,72.38171817380669,117.18433139519708,75.36115089307994,89.30221106045232,4.927354655437948,67.51096580182448,5.162276577785492,15.689978257451902,0.9826723202963328,5.320137845209114,NORMAL
HemorrhageCM2,Male_22_Fit_Soldier.xml,448,72.11166485879156,117.56830845778366,75.09968857137693,89.25589520017917,4.962204666567426,68.10224123919701,5.165854661352895,15.565053022825627,0.981367578062876,5.326280716895997,NORMAL
HemorrhageCM2,Male_22_Fit_Soldier.xml,449,72.43150611985229,117.19782302483837,74.62501365861077,88.81595011401997,4.97867602873244,68.73497010493674,5.167269435640129,15.496589961638303,0.9803128859690635,5.333005837785976,NORMAL
HemorrhageCM2,Male_22_Fit_Soldier.xml,450,72.40874725948501,116.99761481071626,74.73087244916029,88.81978656967894,4.981501534936492,68.68905891801616,5.166549703112022,15.561311728602838,0.9798791630944387,5.335745650666908,NORMAL
HemorrhageCM2,Male_22_Fit_Soldier.xml,451,72.1052863644872,117.12346925753442,75.09390547419308,89.1037600686402,4.957048222738752,68.74581902844582,5.167364902007147,15.596001593946891,0.9788493047677747,5.3345533063160815,NORMAL
HemorrhageCM2,Male_22_Fit_Soldier.xml,452,72.46195736493632,116.77655800572937,75.1148160136864,89.00206334436739,4.948386281017837,68.69387573874475,5.164591368560756,15.573162804954002,0.9805654970255856,5.336181043756689,NORMAL
HemorrhageCM2,Male_22_Fit_Soldier.xml,453,72.74682006019552,116.90507381840081,75.66558333285383,89.41208016136949,4.969656857355242,68.31833779940739,5.164794197259287,15.633787377098681,0.9803186603361859,5.331201008431318,NORMAL
HemorrhageCM2,Male_22_Fit_Soldier.xml,454,72.62435464694055,117.25580707627746,75.38204472873754,89.33996551125085,4.935232669724295,68.35753837725356,5.164574928975584,15.610519202744403,0.9806344665646897,5.33169369461641,NORMAL
HemorrhageCM2,Male_22_Fit_Soldier.xml,455,72.91001638400674,116.81083722769844,75.7731037394851,89.45234823555622,4.977827149656745,68.04544134384574,5.170243678266979,15.548048972536556,0.9796277971665787,5.33140576838475,NORMAL
HemorrhageCM2,Male_22_Fit_Soldier.xml,456,72.7918852569534,116.56503759746379,76.16835520542013,89.63391600276802,4.962571185903294,68.33836998476022,5.171505178674215,15.626038404281095,0.9785207937283434,5.341948529441948,NORMAL
HemorrhageCM2,Male_22_Fit_Soldier.xml,457,72.48117860460385,116.74486761665038,75.8695214268726,89.49463682346519,4.973123434422131,68.25168092198109,5.171828215490824,15.668892364100696,0.9792554484225133,5.3443778971700375,NORMAL
HemorrhageCM2,Male_22_Fit_Soldier.xml,458,72.45857482663443,117.1984569967052,75.4770513387687,89.38418655808087,5.004628265319719,68.62166875675426,5.175143254580883,15.636640314285106,0.9788935879597804,5.345076864755331,NORMAL
HemorrhageCM2,Male_22_Fit_Soldier.xml,459,72.04818958738832,117.0936170655907,75.17717512522512,89.14932243868031,4.9877522315782485,69.02022709705226,5.179034717422362,15.556086697560342,0.9804587294136032,5.3512779547068,NORMAL
HemorrhageCM2,Male_22_Fit_Soldier.xml,460,72.46566703857395,116.43148811400086,75.42304419492957,89.09252550128667,5.013459630924584,69.14288616040787,5.181540350560293,15.57411174854979,0.979580773434294,5.358536400339766,NORMAL
HemorrhageCM2,Male_22_Fit_Soldier.xml,461,72.46838330797227,116.18086626115787,75.44299050685544,89.02228242495624,4.972741940154536,69.1280655065117,5.186590387539851,15.690513674234268,0.9805978596714441,5.36324158967755,NORMAL
HemorrhageCM2,Male_22_Fit_Soldier.xml,462,72.11910249350872,116.91828394035832,75.94815842693056,89.60486693140648,4.9743556802078315,68.64237458895175,5.188321272439909,15.734300044760523,0.9805178201881248,5.372625606685844,NORMAL
HemorrhageCM2,Male_22_Fit_Soldier.xml,463,72.53635165131598,116.40029966090825,75.43312889390315,89.08885248290484,4.944972845686356,68.93734329081968,5.191149173564415,15.60371274472297,0.9795528183509703,5.375899089290945,NORMAL
HemorrhageCM2,Male_22_Fit_Soldier.xml,464,72.55063847787731,116.43538940129278,76.02216055522976,89.49323683725076,4.92787616137186,68.26457118568344,5.188204048289343,15.694717325703241,0.9793870784132256,5.381188277800215,NORMAL
HemorrhageCM2,Male_22_Fit_Soldier.xml,465,72.74685539777083,116.84042368954574,76.26847629865986,89.79245876228849,4.91966857929756,68.0524400633723,5.185645448040191,15.688118431860882,0.978515143741388,5.375851778643732,NORMAL
HemorrhageCM2,Male_22_Fit_Soldier.xml,466,72.4272053844549,117.31072252110566,76.30617376379361,89.97435668289762,4.899648495997822,67.8072422682155,5.182255652603744,15.61623785087015,0.9788884962558022,5.371223805593493,NORMAL
HemorrhageCM2,Male_22_Fit_Soldier.xml,467,72.32678206412763,117.38603947430119,76.79641605850442,90.32629053043668,4.886574747038891,67.81570775089538,5.180614944318405,15.53285097888497,0.9786302755737218,5.36506373427256,NORMAL
HemorrhageCM2,Male_22_Fit_Soldier.xml,468,72.01358480966928,116.92470851489598,76.8957850559153,90.23875954224219,4.92484122270109,67.73906534723733,5.1830285795601,15.519190602599146,0.9777200401474789,5.362119599455458,NORMAL
HemorrhageCM2,Male_22_Fit_Soldier.xml,469,72.32832682412119,116.75760971493075,76.27066142036072,89.76631085188407,4.911856664324433,68.44334480533027,5.1818741080019315,15.60026028150159,0.9783033011295664,5.366633360893777,NORMAL
HemorrhageCM2,Male_22_Fit_Soldier.xml,470,72.45743382886728,116.51718449396849,76.79930948462578,90.03860115440668,4.883323049368582,68.04659787355932,5.181333478967459,15.629409803168247,0.9786574364705257,5.364579113405975,NORMAL
HemorrhageCM2,Male_22_Fit_Soldier.xml,471,72.61831698680503,116.29223044023166,76.6324094801035,89.85234980014623,4.9205033491045995,67.60841568866171,5.178223976944616,15.6715126478557,0.9776637667019598,5.36365209310377,NORMAL
HemorrhageCM2,Male_22_Fit_Soldier.xml,472,72.8143856915751,117.1211154961574,76.08842641029158,89.76598943891352,4.954403589361476,67.93251205929111,5.17772034546341,15.710895727263935,0.9786057702439057,5.3579958960505,NORMAL
HemorrhageCM2,Male_22_Fit_Soldier.xml,473,72.82492565463009,117.29381639241141,75.76295933277417,89.60657835265326,4.9830013167953116,68.1892122872527,5.173784293259588,15.564287385913655,0.9777761413839666,5.357132582864404,NORMAL
HemorrhageCM2,Male_22_Fit_Soldier.xml,474,73.03841336936847,117.2532772217622,75.3205420044401,89.29812041021414,5.0152602201696945,68.52447111825694,5.178269177626306,15.533505326321636,0.9778152040172644,5.349951231708264,NORMAL
HemorrhageCM2,Male_22_Fit_Soldier.xml,475,72.52401757342403,117.24354360761754,74.97796097714837,89.06648852063809,5.016808265820345,68.74615336364855,5.182348424556435,15.540369856637035,0.9780425773678475,5.358263141082224,NORMAL
HemorrhageCM2,Male_22_Fit_Soldier.xml,476,72.09099384450785,117.54746432053918,74.6822029119804,88.97062338149999,4.98949321128504,69.16648546486344,5.179784859475371,15.541806752582636,0.9779073904935136,5.365826696676518,NORMAL
HemorrhageCM2,Male_22_Fit_Soldier.xml,477,72.41835900185302,116.90904387605782,74.95760176475224,88.9414158018541,4.968373808893487,69.18040433887991,5.17853355512525,15.487893069033255,0.978180442980248,5.361165006990506,NORMAL
HemorrhageCM2,Male_22_Fit_Soldier.xml,478,72.41897786183613,116.38381605236357,74.79409599447264,88.65733601376962,4.941453462174985,68.67342648430339,5.176452665158088,15.600310928828481,0.97985062842842,5.358916174182845,NORMAL
HemorrhageCM2,Male_22_Fit_Soldier.xml,479,72.39840779763149,116.71926123532548,75.27738530414257,89.0913439478702,4.970794780199527,68.3525894750191,5.182463571338992,15.692758981805834,0.9810800148135962,5.355139070362753,NORMAL
HemorrhageCM2,Male_22_Fit_Soldier.xml,480,72.24706642496095,116.8957893269826,75.32358909084525,89.18098916955769,5.005723468482534,68.72201009163291,5.183148876630632,15.633307120293015,0.9810314220491617,5.36624988815039,NORMAL
HemorrhageCM2,Male_22_Fit_Soldier.xml,481,71.97862045372847,116.73686813621738,75.04623883627339,88.94311526958805,5.034714091182365,69.2610091256621,5.186565123283725,15.60191209160875,0.9799982348680553,5.367559480940882,NORMAL
HemorrhageCM2,Male_22_Fit_Soldier.xml,482,72.40714279489411,116.89254794007364,75.45950883499913,89.27052187002397,5.06821527116823,69.8232643007455,5.191686126669377,15.629731453735593,0.9791731473546378,5.3738926561040845,NORMAL
HemorrhageCM2,Male_22_Fit_Soldier.xml,483,72.48922356228657,116.66298040275579,75.88417315873234,89.47710890674016,5.0907295238503565,69.88789306063642,5.187239684043559,15.602031479747232,0.981103636355202,5.3833611949700675,NORMAL
HemorrhageCM2,Male_22_Fit_Soldier.xml,484,72.2054669841441,117.27343352651236,76.23686754594992,89.91572287280407,5.065308781242126,70.0942810475984,5.191003869362789,15.642334720027765,0.9824270642546976,5.3752232936794595,NORMAL
HemorrhageCM2,Male_22_Fit_Soldier.xml,485,71.93753407859538,117.4576178529427,76.55928573943439,90.19206311060383,5.070754473679101,70.0163246301893,5.195235918221858,15.534381891982255,0.981194413004825,5.382192236361146,NORMAL
HemorrhageCM2,Male_22_Fit_Soldier.xml,486,72.13680541745688,118.11822188317011,76.55325823941612,90.40824612066746,5.0647685721979085,70.29697094507533,5.1918926846291775,15.501672069185581,0.9829404717816517,5.390020695960249,NORMAL
HemorrhageCM2,Male_22_Fit_Soldier.xml,487,72.44390589368555,118.06471208051559,76.24302033314974,90.18358424893836,5.053818695440935,70.06766758852858,5.187856881304384,15.384881066587596,0.982281503891403,5.38390861507175,NORMAL
HemorrhageCM2,Male_22_Fit_Soldier.xml,488,72.16421257702609,118.06634242264936,75.59972041057723,89.75526108126795,5.078574500692966,69.69472263275247,5.1852750641707575,15.39413709943171,0.9813695278678263,5.376520840674472,NORMAL
HemorrhageCM2,Male_22_Fit_Soldier.xml,489,72.33287861088836,118.6179575630776,76.04484119376748,90.23587998353752,5.052539721817165,70.21479719812332,5.181122763504422,15.393667107830499,0.9818995103328731,5.3718072690839715,NORMAL
HemorrhageCM2,Male_22_Fit_Soldier.xml,490,72.63038414239894,118.90345752593063,76.44078860335628,90.59501157754774,5.07298512597487,69.76996472930053,5.186706911845505,15.296131114483444,0.9817487222186794,5.364202648685495,NORMAL
HemorrhageCM2,Male_22_Fit_Soldier.xml,491,72.89293131724386,118.62598346876662,75.89614986077692,90.13942773010682,5.0460428049217985,69.78141670299726,5.183620906549902,15.245570063705756,0.9809623678118764,5.374512779722654,NORMAL
HemorrhageCM2,Male_22_Fit_Soldier.xml,492,73.1125398791536,118.93668369577499,76.44752547981604,90.61057821846902,5.050525146450537,69.25556618950841,5.181175985188533,15.294379167844966,0.982673220983218,5.368867916957955,NORMAL
HemorrhageCM2,Male_22_Fit_Soldier.xml,493,73.08749553500125,119.4034768871054,76.72615495608964,90.95192893309489,5.020378710517082,69.13940362591158,5.1830903025762876,15.23938128109484,0.981867704977414,5.364401602036914,NORMAL
HemorrhageCM2,Male_22_Fit_Soldier.xml,494,72.75688730308367,119.479706257862,76.18090442176798,90.61383836713266,5.034734874509279,68.8016746636974,5.188465684181356,15.156838311515306,0.9834472113853013,5.3679556062782865,NORMAL
HemorrhageCM2,Male_22_Fit_Soldier.xml,495,72.55334021794825,119.9758230248694,76.70554297378965,91.1289696574829,4.991504627383172,69.23058807921323,5.189962508550368,15.143234671579457,0.9848180059969843,5.3778772437517155,NORMAL
HemorrhageCM2,Male_22_Fit_Soldier.xml,496,72.84676628732596,119.33162306170254,76.68937851084343,90.90346002779647,5.026412924225855,68.87386672672291,5.186736930109002,15.055526057781854,0.9855526533453322,5.380660992855033,NORMAL
HemorrhageCM2,Male_22_Fit_Soldier.xml,497,72.50272864239167,119.8298946591404,76.19830885295187,90.74217078834805,5.0526027042956345,69.06362308354328,5.183264327880152,15.169087371555221,0.9861199513710798,5.374754135508901,NORMAL
HemorrhageCM2,Male_22_Fit_Soldier.xml,498,72.54131504700855,120.13627622819588,76.0998104347628,90.77863236590716,5.025734128820383,69.6467602157648,5.181691307792569,15.081007738621812,0.9847188829072165,5.368391798322433,NORMAL
HemorrhageCM2,Male_22_Fit_Soldier.xml,499,72.26634680412562,119.31724342767869,75.47883297417435,90.0916364586758,5.012135831712184,69.29602747285266,5.1850878237001465,15.026801002804358,0.9861342475187699,5.365523957510318,NORMAL
HemorrhageCM2,Male_22_Fit_Soldier.xml,500,72.54295258251796,119.13414735626559,75.38409362320323,89.96744486755735,5.0131890586521655,69.34983836805804,5.181914100839285,15.171233486919558,0.9859680807700868,5.371799630485828,NORMAL
HemorrhageCM2,Male_22_Fit_Soldier.xml,501,72.75245187070975,119.19421902418743,75.67096587509111,90.17871692478988,4.983465896116014,69.14669635901959,5.178729411527423,15.203427672834286,0.9869144768559018,5.365984635263619,NORMAL
HemorrhageCM2,Male_22_Fit_Soldier.xml,502,72.4681148817473,118.78266913020838,76.2418626484052,90.42213147567293,4.950655180474722,68.62961568683015,5.1767753736680895,15.192706908186189,0.98637473167486,5.360148643273154,NORMAL
HemorrhageCM2,Male_22_Fit_Soldier.xml,503,72.58445173596402,118.73971010930295,76.68175171370194,90.70107117890228,4.923755711558635,68.45835812387439,5.179228489715799,15.265230930550834,0.9865931303502452,5.356576368550556,NORMAL
HemorrhageCM2,Male_22_Fit_Soldier.xml,504,72.47979010975385,117.97987729235199,77.12344364418486,90.74225486024056,4.90621861116704,68.0476454373265,5.1844539745547715,15.27270263866421,0.9854248576544532,5.3611128837014626,NORMAL
HemorrhageCM2,Male_22_Fit_Soldier.xml,505,72.08842246036896,117.55424191053696,76.61058514869714,90.25847073597708,4.93362111582524,67.9190839395461,5.187595413030359,15.406705751373629,0.9860690056773926,5.370750063969204,NORMAL
HemorrhageCM2,Male_22_Fit_Soldier.xml,506,71.89872474054872,117.285498659334,76.21535547869378,89.90540320557385,4.905598956354463,68.55135475963475,5.188993547242873,15.481726728697875,0.9869916789550173,5.376551698328592,NORMAL
HemorrhageCM2,Male_22_Fit_Soldier.xml,507,71.65361064840494,117.15986182899854,76.09491576505071,89.78323111969999,4.900927480042484,68.36247775210286,5.191192605244169,15.529059732143926,0.9871220367225051,5.37914480596814,NORMAL
HemorrhageCM2,Male_22_Fit_Soldier.xml,508,71.48934840347195,116.58034087080026,75.68077043008591,89.3139605769907,4.896685144272984,68.49807667196856,5.187424868543254,15.551137819804822,0.9879729943286709,5.3832110151922485,NORMAL
HemorrhageCM2,Male_22_Fit_Soldier.xml,509,71.4413717158954,116.58980755684853,75.69746797766405,89.32824783739221,4.922571284388757,68.57614927689694,5.184059941150206,15.653329346212569,0.9878573341484167,5.376297144749399,NORMAL
HemorrhageCM2,Male_22_Fit_Soldier.xml,510,71.30289516305821,117.28184984153948,75.56882272477313,89.47316509702858,4.927814830563463,68.92814597606989,5.182694886191461,15.651567985661975,0.9875140561091801,5.3701238530492645,NORMAL
HemorrhageCM2,Male_22_Fit_Soldier.xml,511,71.22220390937632,117.02930968249468,75.08622401585251,89.0672525713999,4.956900933994543,69.10188274724466,5.185489633910624,15.529335421617489,0.9860605007130251,5.367629898638556,NORMAL
HemorrhageCM2,Male_22_Fit_Soldier.xml,512,71.2382275302194,117.20139740984114,75.75844216894194,89.572760582575,4.969816487564284,69.54058618655186,5.1871858377868225,15.57132623971346,0.9869980992570199,5.373299637450486,NORMAL
HemorrhageCM2,Male_22_Fit_Soldier.xml,513,71.63103762403475,117.18132059269699,75.82944325667093,89.61340236867962,5.003186101229088,69.68466623689635,5.187958645508831,15.540952862442246,0.987983301669549,5.376420803255224,NORMAL
HemorrhageCM2,Male_22_Fit_Soldier.xml,514,71.67892898093369,116.68805502852902,76.33281684390415,89.78456290544578,5.019906416672292,69.77555303734961,5.188942433758985,15.544496408230938,0.9889461352226376,5.377842838111658,NORMAL
HemorrhageCM2,Male_22_Fit_Soldier.xml,515,71.97748955214487,117.09076146612188,76.43803757109255,89.98894553610232,4.986878982656863,69.93946486065484,5.192398435496952,15.631557474736914,0.9876492565893793,5.379653095881121,NORMAL
HemorrhageCM2,Male_22_Fit_Soldier.xml,516,72.36906439627475,117.85863063981485,76.75671966528809,90.457356656797,4.958720559934079,69.30420772651318,5.192239972029682,15.560480037971601,0.9889022735369891,5.386012446073053,NORMAL
HemorrhageCM2,Male_22_Fit_Soldier.xml,517,72.2504789675223,118.57141889500653,76.82047421542048,90.7374557752825,4.990944415186871,68.65929683949128,5.19043929320842,15.424951604496751,0.9898226784292575,5.385720859217084,NORMAL
HemorrhageCM2,Male_22_Fit_Soldier.xml,518,72.5364139832286,117.89809213918963,76.58978493737679,90.3592206713144,4.983938313204749,69.13849095999477,5.189464993170196,15.299144919015685,0.9887656808121135,5.382407450232996,NORMAL
HemorrhageCM2,Male_22_Fit_Soldier.xml,519,72.4057043693484,118.43291938320768,76.8643441470194,90.72053589241548,4.995921112971592,68.83121224405411,5.190532945912655,15.417986674302835,0.9882233751011376,5.380614651616314,NORMAL
HemorrhageCM2,Male_22_Fit_Soldier.xml,520,72.26371656285883,117.88952965256043,76.8683019924494,90.54204454581975,5.01713429400811,69.07665857554386,5.195686389613815,15.323589997050078,0.9892404327583347,5.382579779527889,NORMAL
HemorrhageCM2,Male_22_Fit_Soldier.xml,521,72.2660598676904,117.34389688051276,76.50958524370328,90.1210224559731,5.017704019295126,69.44249739690842,5.194469978643078,15.419497947888573,0.9886340565868148,5.3920625737146075,NORMAL
HemorrhageCM2,Male_22_Fit_Soldier.xml,522,72.12426617413963,117.40080973847728,76.58046198151388,90.18724456716835,4.978344476703512,69.44749137610819,5.192666276158131,15.515801794144714,0.9872750514770259,5.389824269475566,NORMAL
HemorrhageCM2,Male_22_Fit_Soldier.xml,523,72.18866474960396,117.74234220458126,75.95879493973227,89.88664402801527,5.01239324255989,69.08608957641324,5.191567589098198,15.505756709970532,0.9863058862861808,5.38650529668171,NORMAL
HemorrhageCM2,Male_22_Fit_Soldier.xml,524,72.35106548839383,118.36178676968483,76.44007429652223,90.4139784542431,4.972362059168874,69.44467517230004,5.19541566670099,15.44547644127676,0.9856106382440859,5.384483614895874,NORMAL
HemorrhageCM2,Male_22_Fit_Soldier.xml,525,72.11170543424008,118.30754260234599,76.62378361719793,90.51836994558062,4.943898671120713,68.83688367236333,5.199471210004439,15.33614485927141,0.9844649708687356,5.391564419506894,NORMAL
HemorrhageCM2,Male_22_Fit_Soldier.xml,526,72.47083221398094,118.19176025264714,76.94147510819589,90.6915701563463,4.93292059632863,68.68174436005214,5.1986812169951255,15.345718921203371,0.9849444138703991,5.399026979436144,NORMAL
HemorrhageCM2,Male_22_Fit_Soldier.xml,527,72.13583336584007,117.76517453194819,77.21961218794954,90.73479963594909,4.961125931342469,68.27128892190193,5.20138159401452,15.366154434200013,0.9860504252035804,5.397573322124515,NORMAL
HemorrhageCM2,Male_22_Fit_Soldier.xml,528,72.36802486782612,117.81414483544968,76.66707090938668,90.38276221807435,4.951190776470528,68.87002538595304,5.20133908060871,15.441446549640737,0.9848733873045912,5.402542255712689,NORMAL
HemorrhageCM2,Male_22_Fit_Soldier.xml,529,72.58234954997646,118.3670490208588,76.02342580252225,90.1379668753011,4.933109438564859,68.56982450390204,5.204561312965548,15.432803321409,0.985894440729594,5.4024640272695645,NORMAL
HemorrhageCM2,Male_22_Fit_Soldier.xml,530,72.27637969466628,118.26294775798391,76.52231048137578,90.43585624024516,4.9583847662075975,68.18754282633496,5.201936385502072,15.335216075199078,0.9867934440725473,5.4083932210346575,NORMAL
HemorrhageCM2,Male_22_Fit_Soldier.xml,531,72.35122782011399,118.29106531754032,75.93647177427863,90.05466962203252,4.919269883576332,68.51446702726108,5.183120331468012,15.379701683033172,0.9868344554890228,5.368791327705317,NORMAL
HemorrhageCM2,Male_22_Fit_Soldier.xml,532,72.27132030222431,118.51441932760852,75.9019667588975,90.10611761513451,4.903797947666321,67.77702690559018,5.175774719033483,15.400850750615465,0.9876758093010365,5.35827916577661,NORMAL
HemorrhageCM2,Male_22_Fit_Soldier.xml,533,72.78384567679744,118.32668722452182,75.436230104923,89.73304914478928,4.886230284540632,67.44267865856153,5.166345181072848,15.387540705628103,0.9873854671054002,5.3394322140337245,NORMAL
HemorrhageCM2,Male_22_Fit_Soldier.xml,534,73.49707730708181,118.26602013765518,75.38687853037065,89.67992573279882,4.887191786308057,66.63885979653932,5.156066162897312,15.446787104951689,0.9865323633031687,5.316750654209244,NORMAL
HemorrhageCM2,Male_22_Fit_Soldier.xml,535,73.44597594011606,117.97439209182959,75.41444428427917,89.60109355346265,4.827421664792478,65.91784061922141,5.150368142045848,15.483606607627063,0.9863633394946343,5.2925059753306485,NORMAL
HemorrhageCM2,Male_22_Fit_Soldier.xml,536,73.98985551846756,116.5058963355494,74.74743919386759,88.66692490776153,4.832203428688618,65.05026936903536,5.136399966211316,15.561190576482286,0.987069065258002,5.276690738454942,NORMAL
HemorrhageCM2,Male_22_Fit_Soldier.xml,537,74.46842514387153,115.79143368213616,74.30771128066365,88.13561874782116,4.799838524538131,64.71644721830411,5.123014014161129,15.820379167757462,0.9862173850212349,5.2509880541367,NORMAL
HemorrhageCM2,Male_22_Fit_Soldier.xml,538,74.88780948975648,115.72162823262205,73.94446526452252,87.87018625388903,4.752070336698265,64.001846309185,5.113293493824762,15.946481383487374,0.9860207736874343,5.226356713300158,NORMAL
HemorrhageCM2,Male_22_Fit_Soldier.xml,539,75.36404258605076,115.0299116580089,73.92412927651274,87.62605673701147,4.751200190482321,63.1577187704448,5.102219805469847,15.95880200208332,0.984177129762097,5.208470092414629,NORMAL
HemorrhageCM2,Male_22_Fit_Soldier.xml,540,75.1303917506695,115.27925760717135,73.8980859807432,87.69180985621925,4.770641199607274,62.82146870411164,5.091658230166294,16.080889548995824,0.9842898632009831,5.188093522174057,NORMAL
HemorrhageCM2,Male_22_Fit_Soldier.xml,541,75.60192402128756,114.53390683951532,73.28630431378089,87.03550515569236,4.779812803810681,63.20493669228072,5.088326513166763,16.036880143434253,0.9846765911129574,5.168659285438615,NORMAL
HemorrhageCM2,Male_22_Fit_Soldier.xml,542,75.91597394972875,114.29787616063706,73.35913012042097,87.005378800493,4.780985973766571,62.98755568167928,5.08347714707869,16.168434092193348,0.9845823102118373,5.162528630205527,NORMAL
HemorrhageCM2,Male_22_Fit_Soldier.xml,543,76.32918056824589,113.61272997780503,73.13304110408932,86.62627072866123,4.758604502523428,62.78765746867213,5.072155872967203,16.21009336079835,0.9846535727620959,5.153605365837878,NORMAL
HemorrhageCM2,Male_22_Fit_Soldier.xml,544,76.32714420176806,112.91077503641722,73.30309927606771,86.50565786285088,4.725929561576519,62.254765898091875,5.06673295892162,16.331021237631735,0.9849496217611942,5.132773215812357,NORMAL
HemorrhageCM2,Male_22_Fit_Soldier.xml,545,76.5930642230827,112.96603661666,73.19009306092893,86.44874091283928,4.747448861415467,61.88473588691863,5.064803673073489,16.45491584993747,0.9854967931764091,5.122794572255049,NORMAL
HemorrhageCM2,Male_22_Fit_Soldier.xml,546,76.23046860423132,112.21083321304661,72.63512056700324,85.82702478235103,4.719162075369198,61.95247746640308,5.062705696150153,16.445162215258236,0.9856594854827541,5.119244514917456,NORMAL
HemorrhageCM2,Male_22_Fit_Soldier.xml,547,75.93514641951322,112.35932157620456,72.39458504830505,85.71616389093822,4.681092723407463,61.87202628586746,5.056244859469589,16.578455148160266,0.9857530447635805,5.1153840510167825,NORMAL
HemorrhageCM2,Male_22_Fit_Soldier.xml,548,75.79257059627402,112.64209139128604,72.17713480661111,85.66545366816942,4.661791996604926,61.63447238967258,5.04968828002311,16.55224704404892,0.9861601353339473,5.103495537613213,NORMAL
HemorrhageCM2,Male_22_Fit_Soldier.xml,549,75.80660042221346,113.00125898327879,72.2879446211761,85.85904940854365,4.6997599629782405,61.50870837308332,5.041427581881841,16.502338346858153,0.9866493132592385,5.0914308490156,NORMAL
HemorrhageCM2,Male_22_Fit_Soldier.xml,550,75.84203971762803,113.31976940972912,72.14344745938128,85.86888810949722,4.680997935511115,61.9333702656592,5.033655835028412,16.43894548936968,0.9869938198039616,5.076230430643973,NORMAL
HemorrhageCM2,Male_22_Fit_Soldier.xml,551,75.58056526639568,112.66677224504812,72.0489563140009,85.58822829101665,4.686417375277838,61.695315192425014,5.035031072382638,16.382728596413017,0.9861207761142119,5.061929726075153,NORMAL
HemorrhageCM2,Male_22_Fit_Soldier.xml,552,75.50970265080804,112.81202488126145,72.40926736769912,85.87685320555323,4.684569548462609,61.93198393361757,5.0335404702067486,16.49798219145852,0.984475295644236,5.064460284968243,NORMAL
HemorrhageCM2,Male_22_Fit_Soldier.xml,553,75.70617765738606,111.94487294625151,72.12074477827599,85.39545416760116,4.704856703071274,61.95832427835085,5.0275447798435895,16.472345191148417,0.9847243589372,5.061717444555521,NORMAL
HemorrhageCM2,Male_22_Fit_Soldier.xml,554,75.75110028466456,112.24201198148911,71.64354066465346,85.176364436932,4.710706105651144,62.05890398187915,5.026677296254315,16.625396970491717,0.9838702374615372,5.0506848416945775,NORMAL
HemorrhageCM2,Male_22_Fit_Soldier.xml,555,76.16848042072654,111.97188241385041,71.16203028214001,84.76531432604348,4.68257158447462,62.09568972356317,5.023275311470467,16.572952114844888,0.9819164586834188,5.049088594832387,NORMAL
HemorrhageCM2,Male_22_Fit_Soldier.xml,556,75.9957106088188,112.36337105223107,70.92052053076813,84.73480403792244,4.696369101082557,61.496663076144394,5.022681189603878,16.620629816192423,0.9808231334436434,5.042828640634323,NORMAL
HemorrhageCM2,Male_22_Fit_Soldier.xml,557,76.15130794126429,112.02442811349455,70.63341383182394,84.43041859238082,4.684874050071861,61.768512291011874,5.0217544086938775,16.55153231403882,0.979571816856592,5.0417354036243935,NORMAL
HemorrhageCM2,Male_22_Fit_Soldier.xml,558,76.38295552843752,111.66070549110978,70.57431944895184,84.26978146300449,4.702451759205316,61.534240998944526,5.02097872139852,16.611355532756402,0.9789329949115613,5.04003004442473,NORMAL
HemorrhageCM2,Male_22_Fit_Soldier.xml,559,76.62391670326267,112.31589962232258,70.58445489604475,84.4949364714707,4.731573635957163,61.58098667388215,5.017893864312439,16.675552350287305,0.9778970229971419,5.038602710897546,NORMAL
HemorrhageCM2,Male_22_Fit_Soldier.xml,560,76.86928727528573,112.7859326123284,70.66618996300282,84.70610417944468,4.702981508007893,61.752155551929825,5.018734838198157,16.559910992009925,0.9767722220511464,5.032926299833589,NORMAL
HemorrhageCM2,Male_22_Fit_Soldier.xml,561,76.89897352098501,112.74081766646202,70.45703262329269,84.55162763768247,4.689249477506961,61.26733487028678,5.018742287044411,16.476950460451384,0.9754558281770398,5.034473766486398,NORMAL
HemorrhageCM2,Male_22_Fit_Soldier.xml,562,77.0372525779128,112.23353874125115,70.71135034961011,84.55207981349047,4.65190512456156,61.09280015500857,5.022190538849161,16.484913220448853,0.9761185068101517,5.03448747302518,NORMAL
HemorrhageCM2,Male_22_Fit_Soldier.xml,563,76.97208467896724,111.45540029063052,71.1218045323779,84.56633645179544,4.648987218600546,60.581545683562716,5.0192188189550615,16.574447636497858,0.9763841379919135,5.0408325626515715,NORMAL
HemorrhageCM2,Male_22_Fit_Soldier.xml,564,76.7753926919286,110.95543498243023,71.49055981433553,84.64551820370043,4.663540612408064,60.5906979711093,5.015693331582944,16.711788590988796,0.9769716770511302,5.035364334070753,NORMAL
HemorrhageCM2,Male_22_Fit_Soldier.xml,565,76.76482421530498,110.6778072185216,71.70851597771856,84.6982797246529,4.636704802491513,60.88264622202803,5.017745089274523,16.800032158166097,0.9758419880633672,5.028877124139628,NORMAL
HemorrhageCM2,Male_22_Fit_Soldier.xml,566,76.80119808538186,110.21966196326079,71.3109154757156,84.28049763823067,4.610969446779086,60.58592560371452,5.013312736891186,16.84903328651027,0.9750871294676464,5.032652540548247,NORMAL
HemorrhageCM2,Male_22_Fit_Soldier.xml,567,76.46636064430031,110.38292634937677,71.06522702898944,84.17112680245188,4.636433879024961,60.27135537538166,5.010201821230171,16.929895640250567,0.9739115949972652,5.024496618440331,NORMAL
HemorrhageCM2,Male_22_Fit_Soldier.xml,568,76.3789075722084,110.08537369177716,71.72614912135641,84.51255731149666,4.628681781844631,60.77667776842065,5.00441350863244,16.90107957724062,0.9747267333480967,5.018772257283732,NORMAL
HemorrhageCM2,Male_22_Fit_Soldier.xml,569,76.63572731735697,110.70133784647797,71.99248792373972,84.8954378979858,4.607444930239893,60.74564024927378,4.999961450701954,16.953597436978114,0.9749969134784278,5.008121247932388,NORMAL
HemorrhageCM2,Male_22_Fit_Soldier.xml,570,76.6993403988107,110.21740594376618,71.73177529857989,84.56031884697532,4.595596436429471,60.33813483630194,5.0048511922412215,16.844880145252795,0.97459844169352,4.99992906586729,NORMAL
HemorrhageCM2,Male_22_Fit_Soldier.xml,571,76.54399337716505,109.78826334961168,71.40426886184532,84.19893369110078,4.569987977678044,60.162958176210466,5.002368984098205,16.9302938262938,0.9757485517253682,5.008926624651657,NORMAL
HemorrhageCM2,Male_22_Fit_Soldier.xml,572,76.295549792926,110.30377013253158,71.01960143951277,84.1143243371857,4.605289329529571,59.97265973186636,4.997638461458834,17.006037228315492,0.9769579119035314,5.004359141175799,NORMAL
HemorrhageCM2,Male_22_Fit_Soldier.xml,573,76.37265972652702,109.96346418450963,70.9951683514677,83.98460029581501,4.610252132236221,60.53404214994896,4.999045349988593,16.91505060047786,0.9781500074176946,4.9956545593105375,NORMAL
HemorrhageCM2,Male_22_Fit_Soldier.xml,574,75.97946903089124,110.56537805790131,70.76401664622641,84.0311371167847,4.611599316023342,60.54033913666695,5.003744778890577,16.975114389489956,0.9774268608972633,4.99824335917816,NORMAL
HemorrhageCM2,Male_22_Fit_Soldier.xml,575,75.89176305600762,111.1465553906923,71.3004615942982,84.5824928597629,4.63261267744262,60.81219962390848,5.006414458472651,16.868876963711784,0.9762852043770641,5.006890725804595,NORMAL
HemorrhageCM2,Male_22_Fit_Soldier.xml,576,76.06831898415331,110.55060733141275,71.94495406863984,84.81350515623082,4.611672609145248,61.109688544759145,5.005061863856944,16.7662995245037,0.9766679109120678,5.011803173381269,NORMAL
HemorrhageCM2,Male_22_Fit_Soldier.xml,577,76.29774668058144,110.89233045181489,71.60026896803032,84.69762279595851,4.6111485572496935,60.75487079121973,5.003243128717466,16.8714839877868,0.9753342157017828,5.0093142791383904,NORMAL
HemorrhageCM2,Male_22_Fit_Soldier.xml,578,76.39134567072409,111.41810072352838,72.24670625800104,85.30383774651015,4.590766632277718,60.59923245476512,5.0071878023188106,16.811170068727513,0.9743595206221498,5.0059676449248585,NORMAL
HemorrhageCM2,Male_22_Fit_Soldier.xml,579,76.24943414669389,110.77250154815218,71.96298710851912,84.89949192173013,4.587784601191182,60.30687941090296,5.008658779141688,16.718371941475873,0.975157732183106,5.013226194753763,NORMAL
HemorrhageCM2,Male_22_Fit_Soldier.xml,580,76.41824238139797,110.9457096314127,72.07668506804806,85.03302658916961,4.638292153360051,60.364905573031244,5.009664904968961,16.832319795992007,0.974873237433701,5.0159329227736364,NORMAL
HemorrhageCM2,Male_22_Fit_Soldier.xml,581,76.36091044007082,111.27206887503658,71.61329906047972,84.83288899866534,4.656781450529335,60.829142028220495,5.006377911783122,16.801748676596,0.9746338361655869,5.017784283669231,NORMAL
HemorrhageCM2,Male_22_Fit_Soldier.xml,582,76.43652493107885,111.11809490301732,72.09691140343331,85.10397256996131,4.664539891535799,61.07664352973462,5.010745878360676,16.744146472270415,0.9735400262493138,5.011735924226121,NORMAL
HemorrhageCM2,Male_22_Fit_Soldier.xml,583,76.47211535880494,110.66308440788471,72.535472862397,85.2446767108929,4.694747665760329,61.11520552745271,5.0135808417121535,16.771322782947543,0.9725945699269285,5.019773370732052,NORMAL
HemorrhageCM2,Male_22_Fit_Soldier.xml,584,76.37985373216958,110.37908927604039,73.06806136033431,85.50507066556968,4.656812482682655,61.43470708815532,5.00972204279492,16.851631853467147,0.9734300643352807,5.024989955126463,NORMAL
HemorrhageCM2,Male_22_Fit_Soldier.xml,585,76.23361952696807,110.12021590845035,72.92480851527398,85.32327764633277,4.684000156705657,61.06458282497862,5.0084256970289065,16.90175681830749,0.9748385720272035,5.017889422344506,NORMAL
HemorrhageCM2,Male_22_Fit_Soldier.xml,586,76.14892598717933,109.72895055627778,72.84432282720371,85.13919873689507,4.695737487694741,61.46987123035002,5.003778448705606,16.94744780731946,0.974801709632612,5.015504030981608,NORMAL
HemorrhageCM2,Male_22_Fit_Soldier.xml,587,76.16763509476007,109.2177081036914,72.28552109539335,84.59625009815936,4.701978742365105,61.659530475225296,5.00466700216502,17.016505899595654,0.9744445728236427,5.006952681255111,NORMAL
HemorrhageCM2,Male_22_Fit_Soldier.xml,588,76.14391819963079,109.05589236953436,72.48907488655296,84.67801404754675,4.7350812964200815,61.718186682626445,5.002927274050688,17.1067398757711,0.9733650228628976,5.008587698549979,NORMAL
HemorrhageCM2,Male_22_Fit_Soldier.xml,589,75.8961647474824,109.25974271260648,72.53512224595295,84.77666240150413,4.737329396130324,62.11092384869502,5.00242455895136,17.135300252607706,0.9741804649305775,5.005386444280848,NORMAL
HemorrhageCM2,Male_22_Fit_Soldier.xml,590,76.08771768573675,108.96302873501145,72.8147618251633,84.86418412844601,4.707437355137016,62.30255421955623,5.000644273066907,17.099320793337316,0.9754488578880101,5.004461403842278,NORMAL
HemorrhageCM2,Male_22_Fit_Soldier.xml,591,76.44336411366498,108.95032385646384,72.77674105028652,84.83460198567896,4.719952521056675,61.8334754180484,4.996050540935254,17.15169062657355,0.974618650190264,5.001185519673408,NORMAL
HemorrhageCM2,Male_22_Fit_Soldier.xml,592,76.07535518452649,109.5339334088733,72.98267664484051,85.16642889951811,4.683190877984897,61.73977207168317,4.997474839908061,17.153933029766748,0.973924986333449,4.992732644493348,NORMAL
HemorrhageCM2,Male_22_Fit_Soldier.xml,593,76.40586861429821,109.59542355936763,72.84699846457633,85.09647349617343,4.705279733897807,61.56536564478645,4.999844619706059,17.05092630530272,0.9730474518166239,4.9953534811227325,NORMAL
HemorrhageCM2,Male_22_Fit_Soldier.xml,594,76.26387339233776,110.39691048358934,73.18376716577706,85.58814827171449,4.709019331259407,61.59796862221675,5.002578494964789,17.04007333183258,0.9732682976347888,4.999714086456834,NORMAL
HemorrhageCM2,Male_22_Fit_Soldier.xml,595,76.3428066172261,111.14560951920086,72.63756823380713,85.47358199560504,4.705062508302518,61.73446087035231,5.002675973365695,16.898611386215038,0.9722656866223046,5.004744659781007,NORMAL
HemorrhageCM2,Male_22_Fit_Soldier.xml,596,76.62891294454697,111.64201020377054,72.573504507075,85.59633973930684,4.702392766485509,61.637192769700675,5.006673637489242,16.76646647023599,0.9717291324588334,5.004924028697609,NORMAL
HemorrhageCM2,Male_22_Fit_Soldier.xml,597,76.57775387727278,111.92843224183356,72.09150824888467,85.37048291320096,4.690404240718208,61.418248701267075,5.007145503115292,16.678852056921265,0.9733519590727552,5.012280085794476,NORMAL
HemorrhageCM2,Male_22_Fit_Soldier.xml,598,76.4763129625158,111.69703397105744,72.68749081775849,85.69067186885813,4.722292025678064,61.31598971657368,5.009197926793559,16.628298744636748,0.973017731683998,5.013148360461882,NORMAL
HemorrhageCM2,Male_22_Fit_Soldier.xml,599,76.76084690064518,112.31298632946984,72.58145752383564,85.82530045904704,4.687331768877268,61.7445182208328,5.007589955900659,16.66914039608142,0.9739894828565788,5.016925002345166,NORMAL
HemorrhageCM2,Male_22_Fit_Soldier.xml,600,76.82167024864461,111.91635245696911,72.7862617955691,85.82962534936911,4.7152123520961124,61.16127149528128,5.009101840097635,16.560425186393697,0.9755900304730176,5.013966193067368,NORMAL
HemorrhageCM2,Male_22_Fit_Soldier.xml,601,76.77879332906039,111.42909061934496,72.87420886556757,85.7258361168267,4.693771169468682,61.43677175029928,5.006827032953665,16.630430819182102,0.9762731902746367,5.016748194289358,NORMAL
HemorrhageCM2,Male_22_Fit_Soldier.xml,602,77.0226904457816,111.62795978456826,73.35281251875239,86.111194940691,4.692249397589574,61.22238395495683,5.008224293274783,16.7164322316723,0.9758517506875032,5.01256234707502,NORMAL
HemorrhageCM2,Male_22_Fit_Soldier.xml,603,76.52963232066733,111.38647318741567,73.20163092375617,85.92991167830934,4.696269787595903,61.0461095904207,5.00923828747226,16.68133194720647,0.9757492971563924,5.015133430183475,NORMAL
HemorrhageCM2,Male_22_Fit_Soldier.xml,604,76.63192124745568,111.85817411334848,72.8348833038459,85.84264690701343,4.721888006614162,61.41412030871337,5.01158268258286,16.72395418200704,0.9759707915165858,5.016999269579186,NORMAL
HemorrhageCM2,Male_22_Fit_Soldier.xml,605,76.13759107181895,111.2999610923327,72.97242110349471,85.7482677664407,4.6923039805795845,61.63713651123459,5.013158432603485,16.640699260790644,0.9750891923899558,5.02131316483357,NORMAL
HemorrhageCM2,Male_22_Fit_Soldier.xml,606,75.94194248037442,110.95466784445942,73.29675094851095,85.84938991382711,4.705913636872518,61.627942874994424,5.010057748081729,16.739223513196407,0.9760560576986637,5.024212684844226,NORMAL
HemorrhageCM2,Male_22_Fit_Soldier.xml,607,75.57831162982897,111.43879891686268,72.6986888624009,85.61205888055483,4.73190678899929,61.91324883002156,5.0116484997480715,16.800167557542714,0.9772793593371174,5.018507149892686,NORMAL
HemorrhageCM2,Male_22_Fit_Soldier.xml,608,75.84868095182394,111.5121851580344,72.33303948332937,85.39275470823105,4.747741422060152,62.454727569249464,5.013705354656921,16.71471872317455,0.9766732426848915,5.021434274264049,NORMAL
HemorrhageCM2,Male_22_Fit_Soldier.xml,609,76.00770529660507,112.08824825028991,72.19030605015772,85.48962011686845,4.775259699282541,62.45343249797505,5.017367762223175,16.701766097069275,0.9761906344235595,5.025219070005228,NORMAL
HemorrhageCM2,Male_22_Fit_Soldier.xml,610,76.0480082413186,111.3176947420069,71.90088801316483,85.03982358944552,4.772223463693831,62.66030567816588,5.018788361556801,16.600091318147516,0.9774190057225471,5.031958225256085,NORMAL
HemorrhageCM2,Male_22_Fit_Soldier.xml,611,76.30329260913284,111.89561325283022,72.18942302059108,85.42481976467079,4.771757073358596,62.5984999594674,5.019837204162457,16.736093535014604,0.9775786530084114,5.034572254220743,NORMAL
HemorrhageCM2,Male_22_Fit_Soldier.xml,612,76.33102456810923,112.21614906384612,72.75564717601185,85.90914780528993,4.743076396784682,62.42160472525658,5.0150253678764125,16.63409127586503,0.9781336667470825,5.03650221778306,NORMAL
HemorrhageCM2,Male_22_Fit_Soldier.xml,613,76.02060125916124,111.65572866566124,72.71480667491753,85.69511400516544,4.724855392532725,62.077044921452305,5.013109083936452,16.577516903787235,0.9782661233440707,5.027648011584889,NORMAL
HemorrhageCM2,Male_22_Fit_Soldier.xml,614,75.72092010851972,111.73542669627795,72.3681682136312,85.49058770784679,4.705329171570621,62.0768040288429,5.014157832419802,16.67643075689591,0.9771826105279194,5.024121878913279,NORMAL
HemorrhageCM2,Male_22_Fit_Soldier.xml,615,75.49447141713514,111.43986152253271,71.81726799690469,85.02479917211403,4.736547848299248,62.05442360969734,5.01418192140209,16.662364103863645,0.97770698415274,5.026051669282195,NORMAL
HemorrhageCM2,Male_22_Fit_Soldier.xml,616,75.57854895557156,111.52909191711663,71.69977643837258,84.97621493128726,4.751742595854683,62.56467216555718,5.011226587628427,16.714531173932052,0.976863646590823,5.0260959951494115,NORMAL
HemorrhageCM2,Male_22_Fit_Soldier.xml,617,75.40204034703788,110.90153673392263,71.77255621663925,84.81554972240038,4.735466570318767,62.681852012336854,5.0106993187682205,16.698782064564714,0.9757036891928688,5.020657918485762,NORMAL
HemorrhageCM2,Male_22_Fit_Soldier.xml,618,75.28739050790124,110.55096950606749,71.62887594286757,84.60290713060087,4.7169465699572966,62.61496082144754,5.007028301330886,16.809545165638635,0.9766186072745193,5.019687696946081,NORMAL
HemorrhageCM2,Male_22_Fit_Soldier.xml,619,75.44096381036891,111.33818319472306,72.09224440952701,85.17422400459236,4.750518820776778,62.48001594999349,5.001554386346763,16.8714200641846,0.9772092208807048,5.012932698767626,NORMAL
HemorrhageCM2,Male_22_Fit_Soldier.xml,620,75.49883367649325,111.9039083628705,72.24918088147206,85.46742337527154,4.750821743057723,62.761276990675846,5.006019072637255,16.732477335802454,0.9777934503086024,5.002860208953031,NORMAL
HemorrhageCM2,Male_22_Fit_Soldier.xml,621,75.44642932694366,112.41916943201014,72.78522071991136,85.99653695727763,4.732263878661249,62.72541200774162,5.005940187290579,16.6326271940816,0.9771318002311342,5.011075628322308,NORMAL
HemorrhageCM2,Male_22_Fit_Soldier.xml,622,75.87584340726958,112.7425330170661,72.57423866307217,85.96367011440347,4.749531740367326,62.54808921042371,5.004920805114267,16.54168393457397,0.9758061207728138,5.010930472277099,NORMAL
HemorrhageCM2,Male_22_Fit_Soldier.xml,623,76.21697446645892,112.14646503245784,72.5547716409692,85.75200277146541,4.776132474627476,62.455581449540865,5.0012013073529955,16.48461046212986,0.977323710428286,5.009054718521721,NORMAL
HemorrhageCM2,Male_22_Fit_Soldier.xml,624,76.208023533094,111.36118235990764,71.99948460063231,85.12005052039076,4.776961927794298,62.52930503393372,5.0038410787840695,16.58981609215919,0.9784459842622202,5.002210512240753,NORMAL
HemorrhageCM2,Male_22_Fit_Soldier.xml,625,76.10968282546091,110.8034075458683,72.07618437779419,84.98525876715223,4.780273581623453,62.544760853568576,5.008296202294824,16.728417997394967,0.9792092936890673,5.007067926162868,NORMAL
HemorrhageCM2,Male_22_Fit_Soldier.xml,626,76.207049629744,111.48132702340737,72.39483562754859,85.42366609283485,4.739225318015579,62.648671804113995,5.007225126936588,16.826864906540855,0.9785810981688845,5.015265749167975,NORMAL
HemorrhageCM2,Male_22_Fit_Soldier.xml,627,75.83953461763218,110.83991260567375,72.73283312202352,85.43519294990693,4.735987855718806,62.115938892371595,5.007397060625624,16.707212538714852,0.9776909211676682,5.013294875365991,NORMAL
HemorrhageCM2,Male_22_Fit_Soldier.xml,628,75.67554042384398,110.74113671460539,72.83431783715888,85.46992412964104,4.723176637548176,62.32530005944013,5.001974533996321,16.82042178609946,0.9782088780818259,5.0136112486265585,NORMAL
HemorrhageCM2,Male_22_Fit_Soldier.xml,629,75.76222246291923,111.00871349665915,72.9096362970673,85.60932869693124,4.737905720611652,62.2891536468443,5.002672739107944,16.83785566968303,0.9787681713448813,5.003633317949621,NORMAL
HemorrhageCM2,Male_22_Fit_Soldier.xml,630,75.46339577384002,111.64612418318372,72.36144802419516,85.45634007719134,4.753148541280355,62.39927390672792,5.000472545786474,16.79062853340983,0.9774396155578595,5.00491807737605,NORMAL
HemorrhageCM2,Male_22_Fit_Soldier.xml,631,75.77288501062758,111.52211689873862,72.22444683098266,85.32367018690131,4.756268707027483,62.77619201804363,5.000174639885182,16.67812594210338,0.9775581728536042,5.0008695262230045,NORMAL
HemorrhageCM2,Male_22_Fit_Soldier.xml,632,75.52315914197945,111.34732383666297,72.58638932784805,85.50670083078636,4.749773614055912,62.60205605427842,5.0047620191017375,16.700013150987523,0.9764990741523122,5.0003213529018655,NORMAL
HemorrhageCM2,Male_22_Fit_Soldier.xml,633,75.75142696161852,111.9255163921258,72.9028414715243,85.91039977839147,4.758831170140036,62.69687277840979,5.003112574225915,16.73086401816253,0.9779408250058633,5.008762538153823,NORMAL
HemorrhageCM2,Male_22_Fit_Soldier.xml,634,75.83930495930247,111.93303069237712,72.37597115217609,85.56165766557643,4.708739386331764,62.645872840261696,5.003830255406205,16.62881339030385,0.978030360661032,5.005727413063344,NORMAL
HemorrhageCM2,Male_22_Fit_Soldier.xml,635,76.22601753969691,111.58913200846693,72.66108344064669,85.6370996299201,4.737197248941353,62.01411165422938,5.00196252159157,16.627487120964474,0.9777392447828954,5.007048010186166,NORMAL
HemorrhageCM2,Male_22_Fit_Soldier.xml,636,76.30179271333294,111.5766486441906,72.20788347710872,85.33080519946935,4.707246068582361,62.08020058506711,5.005153090697594,16.688185025635203,0.9768164204031663,5.003611214057827,NORMAL
HemorrhageCM2,Male_22_Fit_Soldier.xml,637,75.99217336327945,111.96758241656403,72.63749203727872,85.74752216370716,4.731730032503164,61.689163498442184,5.009064770968432,16.690388331696745,0.97836734149215,5.0094821446288,NORMAL
HemorrhageCM2,Male_22_Fit_Soldier.xml,638,75.96260425477539,111.96258663830238,72.34270210865569,85.54933028520459,4.690232642522735,62.17423722017617,5.004322015913203,16.62138876304969,0.9789880863983264,5.016679983798799,NORMAL
HemorrhageCM2,Male_22_Fit_Soldier.xml,639,75.95913528145734,111.65183873026545,71.88762588462376,85.14236349983766,4.70130829011476,61.720528315179884,4.999976897173636,16.622270514818073,0.9792409788416242,5.007952893201763,NORMAL
HemorrhageCM2,Male_22_Fit_Soldier.xml,640,76.28663767088757,111.35931367170961,71.87293952441847,85.03506424018218,4.707779080202707,61.849223522811954,4.998035499267709,16.67711732808352,0.9793676135886549,4.999957488747283,NORMAL
HemorrhageCM2,Male_22_Fit_Soldier.xml,641,76.2871206824704,111.16655171142858,71.69880347456474,84.85471955351936,4.698345662139882,61.70526494909865,4.993240890900367,16.7287478197043,0.9784701387974593,4.996385144147441,NORMAL
HemorrhageCM2,Male_22_Fit_Soldier.xml,642,76.01229509594847,111.52189177090843,71.68887803785255,84.96654928220451,4.723112253767799,61.59767636953374,4.990124377748841,16.762770186281127,0.9791048151001669,4.987562638850024,NORMAL
HemorrhageCM2,Male_22_Fit_Soldier.xml,643,76.31237503677143,111.4477232969554,71.58725991392592,84.87408104160241,4.701810803715353,62.06247784129246,4.991430707168434,16.70005288591009,0.9780171375830021,4.981827977813664,NORMAL
HemorrhageCM2,Male_22_Fit_Soldier.xml,644,76.34105318195532,111.91279231539013,72.09754869822285,85.36929657061195,4.670107437213925,61.62036618970749,4.992502050363775,16.713143575616687,0.9772788194275118,4.98423173998599,NORMAL
HemorrhageCM2,Male_22_Fit_Soldier.xml,645,76.58829939416503,111.25175142015338,71.60790053149566,84.82251749438157,4.6329147795385595,61.24110470615131,4.9931733364288755,16.631059181965345,0.9759034126735777,4.98620310663204,NORMAL
HemorrhageCM2,Male_22_Fit_Soldier.xml,646,76.54717119841521,111.12852580221666,71.7933511670595,84.90507604544521,4.671687149168966,60.65745611955725,4.994235106296094,16.74773249047098,0.9761748026505067,4.987438332621666,NORMAL
HemorrhageCM2,Male_22_Fit_Soldier.xml,647,76.84696842735056,111.11353685259297,72.17920389092298,85.15731487814631,4.662059263738898,61.12383104790756,4.991929108223034,16.769481735700627,0.9771105200418936,4.9893920834935805,NORMAL
HemorrhageCM2,Male_22_Fit_Soldier.xml,648,76.88002056012832,110.8467624441811,72.14712240858596,85.04700242045101,4.665280531697507,60.81938203668154,4.991542272676021,16.772127276023806,0.9771614888798286,4.985148842199049,NORMAL
HemorrhageCM2,Male_22_Fit_Soldier.xml,649,76.85064268742093,111.39111060691405,72.52901729750215,85.48304840063945,4.676362896357305,60.834327520861514,4.9888769507354365,16.81921279384627,0.9772442907070407,4.984437030430231,NORMAL
HemorrhageCM2,Male_22_Fit_Soldier.xml,650,76.65342368314361,110.93512485578017,73.03664448370567,85.66947127439717,4.689600139789285,60.97866639412421,4.994443656248866,16.72313568033838,0.9779858214506435,4.979532601300983,NORMAL
HemorrhageCM2,Male_22_Fit_Soldier.xml,651,76.5217807967611,110.78422933969387,72.60875264597327,85.33391154388013,4.6873335208877345,61.25724822298119,4.990516528580144,16.80361688293805,0.9775686087994092,4.989775833932018,NORMAL
HemorrhageCM2,Male_22_Fit_Soldier.xml,652,76.06144473734477,110.43823446435418,73.05782779490991,85.51796335139133,4.675257376349704,61.317925957781426,4.990971527378966,16.830249848050066,0.9774403794229707,4.982549570177728,NORMAL
HemorrhageCM2,Male_22_Fit_Soldier.xml,653,75.68745666207991,111.2162370488406,72.75374924386344,85.57457851218916,4.692187624598535,61.48415341777718,4.9919071332337195,16.89131772920955,0.9784474138189633,4.983386808384768,NORMAL
HemorrhageCM2,Male_22_Fit_Soldier.xml,654,76.01200897054909,110.89863872210213,72.74973560685179,85.46603664526857,4.6644731677306375,61.926466767255974,4.994090956264683,16.754000755007134,0.977980879057348,4.985108406266688,NORMAL
HemorrhageCM2,Male_22_Fit_Soldier.xml,655,76.13250135074682,111.41937338009889,72.71296898717958,85.61510378481935,4.656646434736045,61.39390132166416,4.998635841579989,16.810056662929682,0.9780048713682231,4.989126834631042,NORMAL
HemorrhageCM2,Male_22_Fit_Soldier.xml,656,75.99080133688858,111.92407059872191,72.64476095734464,85.73786417113706,4.658324117569354,61.22517662894929,4.999787023467856,16.718147318379568,0.9779833409667473,4.997489827329998,NORMAL
HemorrhageCM2,Male_22_Fit_Soldier.xml,657,75.70364341728518,111.38650529168065,72.0928395779644,85.19072814920315,4.672687816754355,61.337784281905606,4.996919223172512,16.62906857194399,0.9770187381151388,4.9996081042623075,NORMAL
HemorrhageCM2,Male_22_Fit_Soldier.xml,658,75.64714210722634,111.68448121371493,71.65526106668987,84.99833444903156,4.652088936553373,61.69250088023333,5.0002772747808795,16.723948515624162,0.9777313105983795,4.9943310969742996,NORMAL
HemorrhageCM2,Male_22_Fit_Soldier.xml,659,75.6963177112315,111.61356074992736,71.37994785972639,84.79115215646004,4.628704216728604,61.49434159421366,5.003588755077418,16.671355949976153,0.9762934800694416,5.000510210226931,NORMAL
HemorrhageCM2,Male_22_Fit_Soldier.xml,660,75.38588143608825,111.68351427639001,71.07749503451942,84.61283478180961,4.645896053122704,61.194049238729875,4.998693722716846,16.68387336790063,0.9766200819053373,5.006603628128902,NORMAL
HemorrhageCM2,Male_22_Fit_Soldier.xml,661,75.14193184901772,111.3039304353484,70.8332714321468,84.32349109988067,4.687095109076582,61.597461943344285,4.999791742109625,16.671526613814997,0.9768945763095768,4.997596333763353,NORMAL
HemorrhageCM2,Male_22_Fit_Soldier.xml,662,74.91236924506384,111.61475158624035,71.19579388717835,84.66877978686568,4.668826963367257,62.23516398455403,4.995665878518516,16.738522926613076,0.9768039193308953,4.999616786982317,NORMAL
HemorrhageCM2,Male_22_Fit_Soldier.xml,663,75.50374391190674,112.09590742844347,70.9263048964937,84.64950574047695,4.696743427446319,62.180055726650416,4.997020802882748,16.683663186029094,0.9777567490099353,4.992024831477272,NORMAL
HemorrhageCM2,Male_22_Fit_Soldier.xml,664,75.85006242338027,111.56094042287742,71.27538005621565,84.70390017843624,4.675676163102907,62.10192800083189,4.99950087431297,16.598739477948143,0.9772775602471286,4.994518012664384,NORMAL
HemorrhageCM2,Male_22_Fit_Soldier.xml,665,75.84001761109151,111.66103027216752,71.0676358479846,84.59876732271225,4.667088711971133,61.62917456166614,4.995626483338465,16.693160823027544,0.9764157171259388,4.9990815643988995,NORMAL
HemorrhageCM2,Male_22_Fit_Soldier.xml,666,76.15669085185822,111.62862820333996,71.11227969828221,84.61772919996812,4.640772385240583,61.53773495034614,4.991939156190498,16.675495026631808,0.9764433450852054,4.991952340846533,NORMAL
HemorrhageCM2,Male_22_Fit_Soldier.xml,667,76.2200861547266,110.94858133052868,71.58856562448987,84.70857085983614,4.646260784356223,61.028490105390475,4.9887588297416166,16.68121397170734,0.9764878792836852,4.985167331351738,NORMAL
HemorrhageCM2,Male_22_Fit_Soldier.xml,668,75.88445437582308,111.1386553937496,72.06127073168875,85.08706561904236,4.682509735831307,61.04936388375889,4.992406328320555,16.801241823481,0.9770298251242386,4.979315248179754,NORMAL
HemorrhageCM2,Male_22_Fit_Soldier.xml,669,75.92303462783201,110.98005908499744,71.53753133024897,84.68504058183179,4.6845609560415475,61.68435554194306,4.990308347348588,16.767693869070172,0.9779876447505753,4.986026969569595,NORMAL
HemorrhageCM2,Male_22_Fit_Soldier.xml,670,76.16863055100474,110.85530099809269,71.73006469408251,84.77181012875258,4.703265315376729,61.68211346815491,4.993698641380016,16.7956860193172,0.9785521035694575,4.982166498219081,NORMAL
HemorrhageCM2,Male_22_Fit_Soldier.xml,671,75.8162365446935,110.39890762602262,71.76568657234583,84.64342692357143,4.678769218980618,61.73217443972319,4.997793002670122,16.817705744370365,0.977831107947613,4.988404940394215,NORMAL
HemorrhageCM2,Male_22_Fit_Soldier.xml,672,76.15096025840327,110.3808109274983,71.45137850163343,84.42785597692172,4.695664970111354,61.68702695499681,5.000863689256595,16.89825889181276,0.9780519213861371,4.995938928867087,NORMAL
HemorrhageCM2,Male_22_Fit_Soldier.xml,673,75.81785868923228,109.8028069339723,71.73263273127479,84.42269079884063,4.708600955332002,61.65735560296424,4.9989536496227975,16.901452947891702,0.9776079274888487,5.00158926495301,NORMAL
HemorrhageCM2,Male_22_Fit_Soldier.xml,674,75.57469817191799,110.19485483526238,71.49974264428666,84.3981133746119,4.7331916901904885,62.02688521414866,4.998272926654043,17.003470294685346,0.9772095562975047,4.99807462235942,NORMAL
HemorrhageCM2,Male_22_Fit_Soldier.xml,675,75.47224074831297,110.58147757221538,71.89582487313038,84.79104243949205,4.719168953340168,62.47189334338251,5.001248899984033,16.93427408297469,0.9771935080956706,4.9968220316287955,NORMAL
HemorrhageCM2,Male_22_Fit_Soldier.xml,676,75.46407764552573,110.74669885177401,71.64393310705321,84.67818835529349,4.698486946940905,62.38037905612346,4.99959260649689,16.86603540940873,0.977847823590101,5.002298086909482,NORMAL
HemorrhageCM2,Male_22_Fit_Soldier.xml,677,75.74984983161364,111.31262871236095,71.90824564812375,85.04304000286949,4.715851061343316,62.148621795110714,4.99909112865706,16.836873955918417,0.978431273409129,4.999250359765815,NORMAL
HemorrhageCM2,Male_22_Fit_Soldier.xml,678,75.52463045842097,110.91530296760934,71.8310343156922,84.85912386633125,4.698153520465857,62.15537188440651,4.999669560143279,16.736987686108797,0.9789613110556304,4.998327595994622,NORMAL
HemorrhageCM2,Male_22_Fit_Soldier.xml,679,75.77623228405896,110.48945604318212,72.43970676791547,85.12295652633769,4.6561601363723195,62.10404948434614,4.99560686649784,16.807115433920877,0.9777937823131713,4.999391961310906,NORMAL
HemorrhageCM2,Male_22_Fit_Soldier.xml,680,76.15748391965134,110.49814264698728,71.89627056768484,84.76356126078565,4.6370753686576665,61.45516676702453,4.9917585194255745,16.882277152277318,0.9763968847221004,4.991916244117233,NORMAL
HemorrhageCM2,Male_22_Fit_Soldier.xml,681,76.03639773647463,111.27450748044922,72.07655196544584,85.14253713711364,4.6444700291920515,60.985871773268414,4.994533530146313,16.88074397208691,0.9767908285722136,4.984834943658447,NORMAL
HemorrhageCM2,Male_22_Fit_Soldier.xml,682,76.38637263247068,111.72973992857071,72.26724060913966,85.42140704895002,4.644317617411119,61.14970520530145,4.991987677371436,16.74371605992576,0.9773315093878661,4.9899412098867515,NORMAL
HemorrhageCM2,Male_22_Fit_Soldier.xml,683,76.55946308364375,111.3835700421866,71.70750439079686,84.93285960792677,4.657028924154667,60.918382959540594,4.992786443632911,16.663367814841116,0.976553320002738,4.985256614634764,NORMAL
HemorrhageCM2,Male_22_Fit_Soldier.xml,684,76.19363594524145,110.72815265969447,71.46031564051425,84.54959464690766,4.620109863764566,60.94959137014854,4.98993765536335,16.724466585341524,0.9781327897184545,4.9867264155096915,NORMAL
HemorrhageCM2,Male_22_Fit_Soldier.xml,685,76.38227400645164,110.59364199204212,71.4292361241527,84.48403808011584,4.63496897770125,60.7690591966795,4.9909196230288675,16.840147347331403,0.9788062971974332,4.981484392037949,NORMAL
HemorrhageCM2,Male_22_Fit_Soldier.xml,686,75.96787322273393,110.1067902164084,71.269029351212,84.2149496396108,4.667344786162,60.81486574465451,4.995795739624462,16.863888396844963,0.9782594631159842,4.983291299769961,NORMAL
HemorrhageCM2,Male_22_Fit_Soldier.xml,687,76.34432695150738,109.9380238199366,71.51389091546582,84.32193521695608,4.644591490254102,61.45586788941936,5.000429032131961,16.949817433647873,0.9784367858941109,4.992263787447678,NORMAL
HemorrhageCM2,Male_22_Fit_Soldier.xml,688,76.09079706885024,109.97196548616398,71.13010234556222,84.07739005909615,4.615096023080328,60.94898620878021,4.998337246861388,16.97960459807722,0.9797162569560084,5.000789457233413,NORMAL
HemorrhageCM2,Male_22_Fit_Soldier.xml,689,76.31669214661491,110.7713235143475,71.71498782919551,84.73376639091283,4.648787964770951,60.77918358453954,4.999219132049651,16.973613915014376,0.9801349563490679,4.996940386523825,NORMAL
HemorrhageCM2,Male_22_Fit_Soldier.xml,690,76.6321299641984,110.92579745418311,72.1037724326575,85.0444474398327,4.673540839257447,61.01477269113718,5.003893954056735,16.832527718228757,0.9798141480906495,4.998563133607437,NORMAL
HemorrhageCM2,Male_22_Fit_Soldier.xml,691,76.48612059480293,111.09524130630113,71.55573384674317,84.73556966659582,4.643702160416621,61.08926707762951,4.999258153287334,16.805263163541767,0.9800434303489968,5.0071652213614435,NORMAL
HemorrhageCM2,Male_22_Fit_Soldier.xml,692,76.7933603073621,111.37089602343848,71.31518682144544,84.66708988877645,4.633792660578806,60.84627988461394,5.0038719249467345,16.775356428610532,0.9799029074691029,4.998634936151001,NORMAL
HemorrhageCM2,Male_22_Fit_Soldier.xml,693,76.2573270352803,111.83153015389638,71.12489778162175,84.69377523904663,4.607384633062479,60.53452330178639,5.005299322088925,16.72670354179923,0.980687331595192,5.007124685842214,NORMAL
HemorrhageCM2,Male_22_Fit_Soldier.xml,694,75.87150461380931,112.37694522012765,71.23092570705421,84.94626554474536,4.605334377316907,60.582732615286126,5.008818774217939,16.645401903128455,0.9797530399100295,5.0097512233784744,NORMAL
HemorrhageCM2,Male_22_Fit_Soldier.xml,695,76.25249136294784,112.51066782286307,71.84454142871414,85.39991689343044,4.615193969054035,60.811468135081576,5.005110329354036,16.549136481814042,0.9802925099117832,5.016227327926185,NORMAL
HemorrhageCM2,Male_22_Fit_Soldier.xml,696,76.5049164424586,111.96181745890016,71.5374623222167,85.01224736777785,4.603796718718173,60.67471393244163,5.0058876989709145,16.525534525270132,0.9790505457834567,5.009403459958193,NORMAL
HemorrhageCM2,Male_22_Fit_Soldier.xml,697,76.0987420512599,112.47623200881583,71.83412064119017,85.38149109706539,4.6270149858339735,60.381315659228065,5.0065552143059655,16.62240627450607,0.9797326295564981,5.010833889106417,NORMAL
HemorrhageCM2,Male_22_Fit_Soldier.xml,698,76.1140223176709,111.70110625183807,71.86369663639964,85.14283317487912,4.643721860188063,60.90979371537872,5.005954492085944,16.531612425117068,0.9810235282722609,5.012062176617803,NORMAL
HemorrhageCM2,Male_22_Fit_Soldier.xml,699,76.41095339656903,112.17416816464264,71.90001328504945,85.32473157824718,4.6873028569671895,61.09010923782033,5.009638465482352,16.668421641046347,0.9800959283071269,5.010956794371253,NORMAL
HemorrhageCM2,Male_22_Fit_Soldier.xml,700,76.11413441031677,112.1826987284354,71.40807399861384,84.99961557522103,4.710272278732291,61.39046366602639,5.008651017098756,16.584926506490195,0.9800239991074209,5.017735632665271,NORMAL
HemorrhageCM2,Male_22_Fit_Soldier.xml,701,76.09542552140809,111.9340993556668,71.73256767236468,85.13307823346538,4.680226398377625,61.84819661740147,5.012724391914944,16.58342086726531,0.9804302509164955,5.015918639925147,NORMAL
HemorrhageCM2,Male_22_Fit_Soldier.xml,702,76.04618428104246,112.12840225590419,71.20950993285416,84.84914070720417,4.657056450606219,61.518289086973446,5.012517087900693,16.627298502555863,0.9796855955198255,5.0234140114217976,NORMAL
HemorrhageCM2,Male_22_Fit_Soldier.xml,703,76.12803496828766,111.6985602715698,71.39200520398572,84.82752355984708,4.639081876289309,61.28675446348664,5.011229730457841,16.593004161031324,0.9798634230109647,5.023032553620913,NORMAL
HemorrhageCM2,Male_22_Fit_Soldier.xml,704,75.99756548690402,111.65392299832175,71.1474196135734,84.64958740848952,4.660585993001262,61.02804798114783,5.009054947064217,16.668871004986507,0.9807507583332621,5.020663701571058,NORMAL
HemorrhageCM2,Male_22_Fit_Soldier.xml,705,75.8217104147641,111.16809763990403,70.8363016088834,84.28023361922361,4.669241844723835,61.359114842551676,5.005616620966194,16.67674945606275,0.979303777201451,5.016661906942394,NORMAL
HemorrhageCM2,Male_22_Fit_Soldier.xml,706,75.66998811913588,110.81764058772526,70.9230364356847,84.22123781969822,4.661144663527529,61.57450124625754,5.001625978102412,16.76249733086289,0.9805503248325659,5.010335081498074,NORMAL
HemorrhageCM2,Male_22_Fit_Soldier.xml,707,75.44944757006783,111.30617178882949,70.69284588159759,84.23062118400823,4.66362255160861,61.58281368262346,5.00645158977443,16.824352783470225,0.9813679300020924,5.0029919441428685,NORMAL
HemorrhageCM2,Male_22_Fit_Soldier.xml,708,75.56285137436912,111.61814781577375,71.2201742226526,84.68616542035966,4.64980548650748,61.75842925858872,5.006557133658162,16.738127329112146,0.9812754968831133,5.011871498274889,NORMAL
HemorrhageCM2,Male_22_Fit_Soldier.xml,709,75.56081449802089,111.85144167824315,70.8151839795149,84.49393654575765,4.678930489096174,61.5242765030786,5.005798248441691,16.683063753620353,0.9813765373877403,5.012065708396339,NORMAL
HemorrhageCM2,Male_22_Fit_Soldier.xml,710,75.60030917847475,111.55908149683987,70.81889211636621,84.39895524319077,4.683900867419072,61.859420338258275,5.009653091851189,16.641887531416106,0.9803530569789446,5.010669292186822,NORMAL
HemorrhageCM2,Male_22_Fit_Soldier.xml,711,75.28862909958528,111.0022878732954,71.42985241115467,84.62066423186825,4.720430900628882,61.889926100489305,5.005870854347958,16.6934889223216,0.9803659484414123,5.01776254648318,NORMAL
HemorrhageCM2,Male_22_Fit_Soldier.xml,712,75.53688352850536,110.5855411102564,71.86455159585778,84.77154810065731,4.703457377293445,62.519226038667284,5.007133375153415,16.79176265195297,0.9801126070199453,5.010802893503882,NORMAL
HemorrhageCM2,Male_22_Fit_Soldier.xml,713,75.8100532343401,111.21889444148461,71.76908656029065,84.91902252068863,4.683256568086252,62.15661133108832,5.00788014387219,16.865318197461782,0.9788515854420514,5.01312604393471,NORMAL
HemorrhageCM2,Male_22_Fit_Soldier.xml,714,75.57854516989097,111.66314536728152,71.63241973600084,84.97599494642773,4.69332491956907,61.742433386725715,5.007966458094821,16.753531726851676,0.9798035468835652,5.014500164712167,NORMAL
HemorrhageCM2,Male_22_Fit_Soldier.xml,715,75.31201723209773,111.15119071625351,71.38080724214574,84.637601733515,4.6769013376260204,62.01248664202602,5.005243058802463,16.675121713654455,0.9789351085475679,5.014658990549037,NORMAL
HemorrhageCM2,Male_22_Fit_Soldier.xml,716,75.55244278485485,110.85234037982362,71.41877653357913,84.56329781566063,4.70633835676097,62.003138290286735,5.003455495369283,16.765481392413655,0.9790944488550498,5.009647693933557,NORMAL
HemorrhageCM2,Male_22_Fit_Soldier.xml,717,76.00599197045672,110.78844322691913,71.13906968940893,84.35552753524566,4.664680226777142,62.17916288027263,5.0054569333786105,16.8182282916608,0.9794663573378217,5.006358418428572,NORMAL
HemorrhageCM2,Male_22_Fit_Soldier.xml,718,76.35725568035484,111.13344520196836,70.76764351232362,84.2229107422052,4.640072464367091,61.40024222647181,5.001050714216564,16.82950609956524,0.9780138392154968,5.01004124215199,NORMAL
HemorrhageCM2,Male_22_Fit_Soldier.xml,719,76.5954489933781,111.22473991788593,70.37542127209582,83.99186082069252,4.6371487034291565,60.889182192263625,5.003616667467657,16.768613464691935,0.9767358344353025,5.001933407492643,NORMAL
HemorrhageCM2,Male_22_Fit_Soldier.xml,720,76.29747421417997,110.75488408736014,70.78344767458253,84.10725981217507,4.673690863394807,60.700799544620516,5.001421201238689,16.752500003888017,0.9760524492291887,5.006654989406378,NORMAL
HemorrhageCM2,Male_22_Fit_Soldier.xml,721,76.07089151144332,110.99992662393626,70.51526303305,84.01015089667875,4.701612171221884,61.31050652782432,4.996593281191919,16.835429266908083,0.9766721623352292,5.00261513652344,NORMAL
HemorrhageCM2,Male_22_Fit_Soldier.xml,722,76.34633611448153,110.79438478830856,70.69244407361101,84.05975764517686,4.736733637233075,61.77828206036943,4.997271509002336,16.792179411002103,0.97606892179404,4.993731334776825,NORMAL
HemorrhageCM2,Male_22_Fit_Soldier.xml,723,76.23943197372417,111.51507208207286,71.11456755660481,84.5814023984275,4.703344067488174,61.99476509150456,4.998465509085598,16.8284574176607,0.9765898129885271,4.994979334194465,NORMAL
HemorrhageCM2,Male_22_Fit_Soldier.xml,724,76.3047112292988,111.58329549758537,71.27809453579201,84.71316152305646,4.711398716092639,61.68610669671985,4.996684813486045,16.701256556764886,0.9762174183552137,4.99717640040981,NORMAL
HemorrhageCM2,Male_22_Fit_Soldier.xml,725,76.28121095194398,111.98051504179413,71.32448718988017,84.87649647385149,4.69648151881711,61.7344416244813,4.994547951603758,16.68921516619018,0.9757440125990227,4.993899762328763,NORMAL
HemorrhageCM2,Male_22_Fit_Soldier.xml,726,75.83030993157482,112.34600089128463,71.85273198278301,85.35048828561689,4.681798257796868,61.580387355265046,4.994675852877189,16.61910616270812,0.9744226908622555,4.989967746649498,NORMAL
HemorrhageCM2,Male_22_Fit_Soldier.xml,727,76.19874023908363,112.85274983318864,71.87385107480875,85.53348399426872,4.642289477908265,61.7122708579049,4.994405901309686,16.55459813668535,0.9740608326856327,4.990203096353987,NORMAL
HemorrhageCM2,Male_22_Fit_Soldier.xml,728,75.94768706042716,111.98431886719965,71.76838077539756,85.17369347266492,4.640248451335924,61.018171389149316,4.995458724331488,16.465157262361686,0.9740333954911964,4.9897063614901835,NORMAL
HemorrhageCM2,Male_22_Fit_Soldier.xml,729,75.68778538385203,112.23979104634246,71.6945988348439,85.20966290534342,4.635808905804265,61.15999679784539,4.993451627440357,16.618434789880453,0.9740906139631026,4.991643649371788,NORMAL
HemorrhageCM2,Male_22_Fit_Soldier.xml,730,75.53602974415007,112.50363306909506,72.25376386114193,85.67038693045964,4.666297712310145,61.2810045995449,4.995821609305374,16.57334410852244,0.9737305699143528,4.987950412803176,NORMAL
HemorrhageCM2,Male_22_Fit_Soldier.xml,731,75.81447479672713,112.79845133397727,72.15076463257233,85.69999353304064,4.696400351496974,61.73120288157051,4.992979766769296,16.526776154952277,0.9734140687321335,4.992311389958539,NORMAL
HemorrhageCM2,Male_22_Fit_Soldier.xml,732,75.95761897824814,112.79111661028605,71.89094443711711,85.52433516150676,4.704037404682906,61.8897085692805,4.990418968052135,16.474740913835493,0.9723122738810762,4.987082147253391,NORMAL
HemorrhageCM2,Male_22_Fit_Soldier.xml,733,75.60500701192336,112.6687816141674,71.55821808062684,85.2617392584737,4.669019373979486,61.881377564369686,4.988876976398874,16.476035488023253,0.9733859753171864,4.982370050139965,NORMAL
HemorrhageCM2,Male_22_Fit_Soldier.xml,734,75.85829274976952,112.13779700186966,71.22228341628306,84.86078794481193,4.669967502233054,61.716312574801115,4.98818545280068,16.497627539053735,0.9731629705554344,4.979532648523987,NORMAL
HemorrhageCM2,Male_22_Fit_Soldier.xml,735,76.12354979785104,112.74041885369031,71.30142304373602,85.11442164705412,4.694617026547765,61.55848776723167,4.987432578308249,16.591345994188305,0.9745537051121439,4.978260183675783,NORMAL
HemorrhageCM2,Male_22_Fit_Soldier.xml,736,76.46246925242329,111.95353562888265,71.74562565204587,85.14826231099147,4.658381952854244,61.66360073988387,4.9881388816322,16.484983610656,0.9738791806542516,4.976874827732427,NORMAL
HemorrhageCM2,Male_22_Fit_Soldier.xml,737,76.65186922966414,112.32481095173085,72.20075204201747,85.57543834525526,4.631016717188448,61.02831795640611,4.99176870100296,16.62386801237371,0.9734288983969791,4.9781744885888966,NORMAL
HemorrhageCM2,Male_22_Fit_Soldier.xml,738,76.75068565173316,112.12845457955117,72.49364002964293,85.70524487961235,4.600218297999074,60.59470727734437,4.992035185685752,16.55833814788978,0.9745807195430178,4.984853678665258,NORMAL
HemorrhageCM2,Male_22_Fit_Soldier.xml,739,76.63152072501417,112.70998756226764,72.43436061045226,85.85956959439072,4.625354391335571,60.182242526548244,4.990793110732457,16.592994925940044,0.9742966478171609,4.985344034153233,NORMAL
HemorrhageCM2,Male_22_Fit_Soldier.xml,740,76.62037684207976,111.90728670813047,72.93956116099832,85.92880301004237,4.63430302976381,60.54375078082685,4.989062380356637,16.49035471474043,0.9749816596831093,4.983058505906573,NORMAL
HemorrhageCM2,Male_22_Fit_Soldier.xml,741,76.26690050455002,112.38237281528075,73.2968831725801,86.32537972014698,4.617809366341113,60.65236395692129,4.9860661887309465,16.632030918236044,0.9755950678859093,4.979873808275569,NORMAL
HemorrhageCM2,Male_22_Fit_Soldier.xml,742,76.0781304411912,111.79341192581246,72.90714959473293,85.8692370384261,4.5956602814705105,60.69506906309571,4.990071712569357,16.548178514631825,0.974287493346746,4.974360549534817,NORMAL
HemorrhageCM2,Male_22_Fit_Soldier.xml,743,75.69756249017166,112.13621660249312,72.80221568135744,85.913549321736,4.6145847446501636,60.56596698129654,4.989579521235635,16.65212974677167,0.9733261168358582,4.981731069205205,NORMAL
HemorrhageCM2,Male_22_Fit_Soldier.xml,744,75.47854387477712,111.46983750472974,72.88166084343904,85.7443863972026,4.657760863592202,61.0316487610029,4.995382427744919,16.59162493369923,0.9740485650290394,4.980825393430166,NORMAL
HemorrhageCM2,Male_22_Fit_Soldier.xml,745,75.22088793918668,111.65620269708762,73.05099089080345,85.91939482623151,4.684038683687767,61.67172403775213,4.9920099030142175,16.70924043164389,0.9735358763559746,4.991503256875131,NORMAL
HemorrhageCM2,Male_22_Fit_Soldier.xml,746,75.74745756448924,112.02225110288758,73.2668673929311,86.18532862958327,4.707943075759934,62.146622631356124,4.99203594487685,16.67634709064281,0.97294505201046,4.985297511791769,NORMAL
HemorrhageCM2,Male_22_Fit_Soldier.xml,747,75.94463572581736,111.74273562725105,72.71101931807104,85.72159142113104,4.736116278368935,62.06653125175888,4.992525736897771,16.61173977377991,0.973135071486687,4.985345431132291,NORMAL
HemorrhageCM2,Male_22_Fit_Soldier.xml,748,75.79044324325756,111.97048247462065,72.28653750864986,85.51451916397346,4.703576099850187,62.25615704781009,4.9915999927695065,16.661074082074652,0.9741946050623334,4.986246691958648,NORMAL
HemorrhageCM2,Male_22_Fit_Soldier.xml,749,75.64868900902631,112.3595049077514,72.78157142554224,85.97421591961196,4.704799224735716,61.9878010755824,4.987960386098351,16.620876904599236,0.9734372922145769,4.984543240529478,NORMAL
HemorrhageCM2,Male_22_Fit_Soldier.xml,750,75.54890901676413,111.90761554573125,72.56160376990587,85.67694102851434,4.66155548615227,62.096825719826825,4.990303281099929,16.552214686144474,0.9734125850336453,4.977846040950988,NORMAL
HemorrhageCM2,Male_22_Fit_Soldier.xml,751,75.37910537166633,111.1663434062072,72.95514289273359,85.69220973055813,4.686092183997602,61.668240793758734,4.98846645351792,16.631972878603214,0.9744157333088799,4.982157175871519,NORMAL
HemorrhageCM2,Male_22_Fit_Soldier.xml,752,75.61828600726616,111.24050437011246,72.73923381189074,85.57299066463132,4.687206761173569,62.06356467286014,4.989364116573991,16.76280695202366,0.9748300670102504,4.97877724995659,NORMAL
HemorrhageCM2,Male_22_Fit_Soldier.xml,753,75.77791040914904,111.00305211669868,72.85279042433224,85.56954432178772,4.655084512713297,61.91575466590421,4.990446520251184,16.749717587835846,0.9737569085255302,4.980429029718502,NORMAL
HemorrhageCM2,Male_22_Fit_Soldier.xml,754,76.08632310835046,110.52354515552253,73.23211040043446,85.66258865213048,4.6345676370047535,61.44175481501051,4.991064077189194,16.791627763465723,0.9728657762863081,4.982420748633654,NORMAL
HemorrhageCM2,Male_22_Fit_Soldier.xml,755,76.12748512859156,111.08951711191476,73.30817328127843,85.9019545581572,4.642681397595146,61.004002727601424,4.9937916943441065,16.876260445066865,0.9725174498779721,4.9835571082567185,NORMAL
HemorrhageCM2,Male_22_Fit_Soldier.xml,756,75.99745921141344,111.26650134705699,72.67084178122306,85.53606163650103,4.682066211270391,61.06940984064271,4.991375463991918,16.776366745373686,0.9729033750247975,4.988576166113967,NORMAL
HemorrhageCM2,Male_22_Fit_Soldier.xml,757,76.30973363837788,110.6862938369769,72.98457389217751,85.5518138737773,4.646647167949402,61.60420135902965,4.992645242711695,16.745129137509824,0.974598958369414,4.984130087633989,NORMAL
HemorrhageCM2,Male_22_Fit_Soldier.xml,758,76.18635101717051,110.57901909315075,73.15033811149769,85.62656510538204,4.676978604303449,60.99499395685315,4.990891452980907,16.847535403610223,0.9734661982388905,4.9864665932718815,NORMAL
HemorrhageCM2,Male_22_Fit_Soldier.xml,759,75.80888181231305,110.39311972121203,73.58002815804119,85.85105867909813,4.71422775847923,61.42118038126587,4.987590924691272,16.86646932944065,0.9744775649492919,4.983239464379391,NORMAL
HemorrhageCM2,Male_22_Fit_Soldier.xml,760,75.86885450339014,110.06884231121776,73.45713454093101,85.66103713102659,4.689572329707952,62.09720930374248,4.989836350106882,16.899280453426318,0.973769245118798,4.97716619914298,NORMAL
HemorrhageCM2,Male_22_Fit_Soldier.xml,761,76.09198263517973,110.09868236331995,72.8438678966104,85.26213938551359,4.699387985063989,61.7754084580693,4.989228624342303,16.956515215405936,0.9739570275173792,4.981297981367177,NORMAL
HemorrhageCM2,Male_22_Fit_Soldier.xml,762,76.20750289598963,110.77971130364597,72.3762161469443,85.17738119917819,4.671238738860664,61.738914724897754,4.989105427724411,16.951248464695308,0.9737661724987592,4.980179711976524,NORMAL
HemorrhageCM2,Male_22_Fit_Soldier.xml,763,75.89643016701892,111.54257060780623,72.29495834768937,85.37749576772832,4.660590982365996,61.34189136344044,4.988128059589493,16.831047278613674,0.9755524277650435,4.979953019256138,NORMAL
HemorrhageCM2,Male_22_Fit_Soldier.xml,764,75.77492747954331,111.33839189737043,72.60865522902337,85.51856745180572,4.65762179737588,61.42609772508352,4.991335964370653,16.69640308400782,0.9760467130848073,4.978154575069002,NORMAL
HemorrhageCM2,Male_22_Fit_Soldier.xml,765,75.86624196807276,110.9372968908888,72.88732037722696,85.5706458817809,4.694692584516432,61.47274535175096,4.9895695936829005,16.732440499914482,0.9775611927486122,4.98405740482214,NORMAL
HemorrhageCM2,Male_22_Fit_Soldier.xml,766,75.84848801698858,110.83975918593057,73.08596757781851,85.67056478052253,4.73137319450179,61.83563696835188,4.991361191191876,16.803233520086916,0.9776224540539925,4.9808071258512765,NORMAL
HemorrhageCM2,Male_22_Fit_Soldier.xml,767,76.27068208769235,110.62033399255992,72.75009793711672,85.37350995559778,4.702285223231765,62.266556564090145,4.995609116462117,16.82044886458909,0.9761910932136925,4.9841038244140705,NORMAL
HemorrhageCM2,Male_22_Fit_Soldier.xml,768,76.47916768745877,110.96972048102914,72.4244418295437,85.27286804670551,4.703611619773443,61.65335805730905,4.996523422980752,16.85917727528881,0.9775868409035177,4.991920384251367,NORMAL
HemorrhageCM2,Male_22_Fit_Soldier.xml,769,76.11608115057875,110.36527693755221,72.23268966315301,84.94355208795274,4.671541046837015,61.53064926431814,4.995472223661673,16.797510776513015,0.9778396905382175,4.993602789462823,NORMAL
HemorrhageCM2,Male_22_Fit_Soldier.xml,770,75.8814345266749,110.914530494025,71.74696821184921,84.80282230590781,4.664650980326208,61.40567334075422,5.000013062702676,16.904194687494144,0.9785286541749173,4.991668489338462,NORMAL
HemorrhageCM2,Male_22_Fit_Soldier.xml,771,76.0817912221311,111.3738069968901,71.41551737903984,84.73494725165659,4.69275069361275,61.4824022045055,5.001907969277136,16.80725177502998,0.9786884308444429,5.000024036533274,NORMAL
HemorrhageCM2,Male_22_Fit_Soldier.xml,772,76.39308950260823,111.50237489964184,71.27600196131084,84.6847929407545,4.709516443455881,61.6700468486484,5.002518253438277,16.726189756788315,0.9773421672792666,5.0035108329534275,NORMAL
HemorrhageCM2,Male_22_Fit_Soldier.xml,773,75.96657263155615,111.86177409714684,71.20992438103379,84.76054095307147,4.730958488514852,61.65453419099904,5.001482122136687,16.703497601598272,0.9784716061085923,5.004633810021016,NORMAL
HemorrhageCM2,Male_22_Fit_Soldier.xml,774,76.26846119675753,111.41708541050521,71.51742989255791,84.81731506520701,4.732358918243522,62.18258686104621,4.996477962003283,16.64006386588036,0.9792395025587574,5.002727236387313,NORMAL
HemorrhageCM2,Male_22_Fit_Soldier.xml,775,76.12578700754172,111.13394103205347,71.0548862368095,84.41457116855749,4.728583167435229,61.99686889665042,4.9932553688046815,16.718551143595494,0.9791209503756548,4.993519137226016,NORMAL
HemorrhageCM2,Male_22_Fit_Soldier.xml,776,75.87962343126829,110.52809798485879,71.47516847898302,84.49281164760828,4.713546290510985,62.04901990701182,4.99325080209979,16.768525950989073,0.9792900688442921,4.987589279480025,NORMAL
HemorrhageCM2,Male_22_Fit_Soldier.xml,777,75.90522747811896,110.2336355118649,71.31591160262255,84.28848623903667,4.700626330172818,62.04204148983387,4.990112328622392,16.875456873509414,0.9779079041108039,4.987580876337367,NORMAL
HemorrhageCM2,Male_22_Fit_Soldier.xml,778,75.97955929419774,109.73188894940654,71.30665782698745,84.11506820112714,4.664686828777224,61.87739175349094,4.9909211343313995,16.927429317578316,0.9787100912394133,4.981805806350684,NORMAL
HemorrhageCM2,Male_22_Fit_Soldier.xml,779,75.68756470546121,109.40888269407277,71.49061725197217,84.13003906600571,4.665754238276231,61.41780531509344,4.993169524740226,17.015987275028714,0.9777149615180889,4.983294080700869,NORMAL
HemorrhageCM2,Male_22_Fit_Soldier.xml,780,75.83699708608948,109.9649464608124,71.27730047055472,84.17318246730729,4.633382182423845,61.62386938748121,4.996483378375898,17.072997678998213,0.9771813349984417,4.987431318775963,NORMAL
HemorrhageCM2,Male_22_Fit_Soldier.xml,781,76.2058549662562,109.55116866417362,71.59965112721565,84.25015697286831,4.633471292397896,61.154598178838356,4.995247630484846,16.974852768640762,0.9766823550646316,4.993529103832762,NORMAL
HemorrhageCM2,Male_22_Fit_Soldier.xml,782,76.24364151078063,109.09446809537356,71.44381013618103,83.99402945591187,4.678677445032896,60.91314477569452,4.996789818915873,17.047884293419166,0.9782315338217734,4.991255217942655,NORMAL
HemorrhageCM2,Male_22_Fit_Soldier.xml,783,76.15324488178989,108.8616875607959,70.99435138835922,83.61679677917145,4.704307259938358,61.40269858749248,4.994043342959658,17.1284916608941,0.9778078319086919,4.994092981647199,NORMAL
HemorrhageCM2,Male_22_Fit_Soldier.xml,784,76.33165332354763,109.64598339803361,70.67869846339141,83.66779344160548,4.665434467512986,61.75425458904659,4.999009020110429,17.169577281043452,0.9790767340444592,4.989039221920342,NORMAL
HemorrhageCM2,Male_22_Fit_Soldier.xml,785,76.56653665666494,110.292439780857,70.28176959710555,83.61865965835604,4.682877079793403,61.19417257743991,4.995201034410755,17.031149551629,0.9788141759937706,4.998176508975181,NORMAL
HemorrhageCM2,Male_22_Fit_Soldier.xml,786,76.08203947567853,110.00736135492657,70.56060770031813,83.7095255851876,4.658798185118848,61.23801808354909,4.995817397328282,16.91705040052946,0.9779984002240805,4.991169477027233,NORMAL
HemorrhageCM2,Male_22_Fit_Soldier.xml,787,76.05358930598017,110.4850601863891,70.33069181834614,83.71548127436046,4.677521033805595,61.28295193574941,4.991335704898836,16.96736656610492,0.9782208911032897,4.992303639546545,NORMAL
HemorrhageCM2,Male_22_Fit_Soldier.xml,788,76.17469788644178,109.9456097191086,70.16255843599583,83.42357553036676,4.660572122275682,61.515158530503996,4.994920348630548,16.883053018278126,0.978530472093207,4.984056927370947,NORMAL
HemorrhageCM2,Male_22_Fit_Soldier.xml,789,75.78549873105263,110.32533256267804,69.81979868069502,83.32164330802269,4.654250013940698,61.2420909645063,4.993039598920075,16.978265691572698,0.9795176548589534,4.990652990258543,NORMAL
HemorrhageCM2,Male_22_Fit_Soldier.xml,790,75.95246151320202,110.95377095841108,69.5302072367343,83.33806181062656,4.687070741594674,61.427179906523975,4.995090233310357,16.91124484491457,0.9785631638749384,4.987192243725669,NORMAL
HemorrhageCM2,Male_22_Fit_Soldier.xml,791,75.865639741274,111.66562742897258,69.371274149914,83.46939190960019,4.67136594716797,61.69119165965192,4.9991505240353415,16.80032585737464,0.9785861658513575,4.990965593160121,NORMAL
HemorrhageCM2,Male_22_Fit_Soldier.xml,792,75.63912903412353,111.62749299549854,69.66107525344316,83.64988116746161,4.706623328256752,61.56958269358618,4.994433328965497,16.674683631303576,0.9777548231750469,4.998436888766708,NORMAL
HemorrhageCM2,Male_22_Fit_Soldier.xml,793,75.72807613342808,111.35992581254254,69.83932009648863,83.67952200183994,4.67563959493084,62.124133323857244,4.993346214435703,16.68141433518811,0.9773035138166166,4.9897568308132545,NORMAL
HemorrhageCM2,Male_22_Fit_Soldier.xml,794,75.8775523441425,110.9874877858576,70.69843395767867,84.12811856707165,4.676320178105759,61.709982957891825,4.9969971503564246,16.728639777226498,0.9777099270064686,4.987756443510854,NORMAL
HemorrhageCM2,Male_22_Fit_Soldier.xml,795,76.20269015786008,111.57468862942359,71.26053652366693,84.69858722558581,4.6391673156012825,61.61825494949793,4.997786638473425,16.794374858217335,0.977047049634561,4.994474489914914,NORMAL
HemorrhageCM2,Male_22_Fit_Soldier.xml,796,75.88731521020122,112.10237407551222,71.56707804261193,85.07884338691203,4.611626649678262,60.98004593496028,4.996785680308464,16.690734273088925,0.9784784085574023,4.995927218179839,NORMAL
HemorrhageCM2,Male_22_Fit_Soldier.xml,797,75.9977002118677,112.1877438469603,71.32219544579816,84.9440449128522,4.599957518327854,60.87295659883921,4.993570174662658,16.59759811874649,0.9798251167786444,4.994085366241938,NORMAL
HemorrhageCM2,Male_22_Fit_Soldier.xml,798,76.32590540758186,111.84834659886361,71.48385424111699,84.93868502703253,4.587153523570138,60.66746280005243,4.990470040379321,16.58253040697103,0.9797765981170008,4.988168550222673,NORMAL
HemorrhageCM2,Male_22_Fit_Soldier.xml,799,76.50691282711296,112.29545367116587,71.34663520120897,84.99624135786127,4.6159243525360845,60.308177422641265,4.991470068714371,16.642433811009244,0.9785136547943291,4.982464027758704,NORMAL
HemorrhageCM2,Male_22_Fit_Soldier.xml,800,76.81157376087269,112.84848922408023,71.0289246219909,84.968779489354,4.65909663301518,60.517604096807595,4.996323205570219,16.56351968972316,0.9778984219953056,4.98430416872697,NORMAL
HemorrhageCM2,Male_22_Fit_Soldier.xml,801,76.71033263489248,113.29849590368093,70.71642789490218,84.9104505644951,4.64728714026579,60.808871660020614,5.000413567037302,16.465909257229946,0.9785611304621221,4.993234371642279,NORMAL
HemorrhageCM2,Male_22_Fit_Soldier.xml,802,76.79391918315675,113.59976787489228,70.79543393882157,85.06354525084514,4.644542085921134,60.74100953536762,4.999810544913242,16.386483357051947,0.9797909186589372,5.00076100008549,NORMAL
HemorrhageCM2,Male_22_Fit_Soldier.xml,803,76.96531012521602,113.94000483875196,70.69686373892011,85.11124410553073,4.671590948711613,60.655733214658845,4.995893407234039,16.333309040766032,0.9786753123371441,4.999651385811211,NORMAL
HemorrhageCM2,Male_22_Fit_Soldier.xml,804,77.00028707275828,113.79048709965744,70.60155558086748,84.9978660871308,4.67807382671535,60.85024553106147,4.99353086574985,16.27325742741584,0.9777912130849374,4.99244350452504,NORMAL
HemorrhageCM2,Male_22_Fit_Soldier.xml,805,76.96886809651625,113.3047297896368,71.02298083266886,85.11689715165818,4.676458420551983,60.9007189166885,4.994071355040167,16.299647215742315,0.9780953901819671,4.988096218331325,NORMAL
HemorrhageCM2,Male_22_Fit_Soldier.xml,806,76.9628574086753,112.89662776137008,71.59167308933397,85.359991313346,4.67624553081161,60.90288357109203,4.990920510541802,16.385383080042523,0.9771408908307746,4.989090766636771,NORMAL
HemorrhageCM2,Male_22_Fit_Soldier.xml,807,76.41410461389309,113.08329021968305,71.08900403794817,85.0870994318598,4.658334029846987,60.904383303061806,4.9907769066582155,16.457412835219294,0.9779100295304958,4.9832929328725974,NORMAL
HemorrhageCM2,Male_22_Fit_Soldier.xml,808,76.72963491635612,113.23855209080942,70.70674663361483,84.88401511934636,4.695386505791929,61.05942959410199,4.99637062088115,16.424467026961292,0.9789919583181766,4.983028688970572,NORMAL
HemorrhageCM2,Male_22_Fit_Soldier.xml,809,76.58932886334892,112.76953686307772,70.83909598454882,84.81590961072511,4.673080929094328,61.27283408514602,4.995709477695555,16.39706340288959,0.9775114726735437,4.99332162002626,NORMAL
HemorrhageCM2,Male_22_Fit_Soldier.xml,810,76.67076708801999,112.43330233607098,70.78231695117088,84.66597874613758,4.682922400318673,61.11204404469651,4.998477207465032,16.479844300037236,0.9778052987042882,4.992105057835905,NORMAL
HemorrhageCM2,Male_22_Fit_Soldier.xml,811,76.56936206847685,112.83014873179212,71.30103647517197,85.14407389404535,4.68418529154838,61.170263462283806,4.9981150591592005,16.539189485762325,0.9787752446035471,4.997197926467127,NORMAL
HemorrhageCM2,Male_22_Fit_Soldier.xml,812,76.10008696790537,113.3484392063478,71.43694419673544,85.4074425332729,4.675277032478173,61.25099638654914,5.000617471523018,16.469146342757174,0.9788597104551151,4.996531541415031,NORMAL
HemorrhageCM2,Male_22_Fit_Soldier.xml,813,76.0948456250823,113.29456599897844,70.99359369596505,85.0939177969695,4.659200112812821,61.4588100786603,4.999548500140491,16.377668395070273,0.9781779823841036,5.001136202451891,NORMAL
HemorrhageCM2,Male_22_Fit_Soldier.xml,814,76.33974983613439,113.01000111556242,71.05013833219886,85.03675925998671,4.671019779819648,61.279085931301196,4.995130066744208,16.387176982797424,0.9781880087874051,4.999169200152105,NORMAL
HemorrhageCM2,Male_22_Fit_Soldier.xml,815,75.9919553342165,113.27483836401117,71.13512188498802,85.18169404466241,4.690026988910189,61.252329928796165,4.991651160970827,16.437402508437224,0.9789825179985912,4.991038890216782,NORMAL
HemorrhageCM2,Male_22_Fit_Soldier.xml,816,76.34368755088421,113.32126530783465,70.83044991072794,84.99405504309684,4.681776919495093,61.69866510681053,4.991827555831041,16.39065889814821,0.9779139440719172,4.984637394565141,NORMAL
HemorrhageCM2,Male_22_Fit_Soldier.xml,817,76.35363994759068,113.38536529120844,70.64152823376162,84.88947391957723,4.67791502885172,61.37198760452513,4.989981811329252,16.382464571324075,0.9784693251472242,4.98496197677696,NORMAL
HemorrhageCM2,Male_22_Fit_Soldier.xml,818,76.6152658710137,113.55932589162875,71.09453669701907,85.24946642855562,4.648076121936774,61.32154992638475,4.986924470857017,16.371150963967455,0.9782533433726327,4.981565642937552,NORMAL
HemorrhageCM2,Male_22_Fit_Soldier.xml,819,76.39409180124403,113.331109099698,71.09317044813996,85.17248333199264,4.675611223171631,60.81174688452912,4.98808659695852,16.340447025758923,0.979555696960612,4.97593986488735,NORMAL
HemorrhageCM2,Male_22_Fit_Soldier.xml,820,76.22559798234444,112.92921407217432,71.55297227716338,85.34505287550036,4.709175688666322,61.26877349365954,4.9896940558576,16.380727148158257,0.9798832494594828,4.978078280144917,NORMAL
HemorrhageCM2,Male_22_Fit_Soldier.xml,821,75.90477579358614,113.2580390947244,71.25147369614594,85.25366216233876,4.722255558745196,61.761633402758015,4.989713890566661,16.451661371549015,0.9791345762010716,4.9810361473086076,NORMAL
HemorrhageCM2,Male_22_Fit_Soldier.xml,822,76.13694135166028,112.95664173395637,71.5225054342503,85.333884200819,4.6860347282900054,62.1246557065145,4.986852032785712,16.393623958770466,0.9781257637508153,4.981072644935182,NORMAL
HemorrhageCM2,Male_22_Fit_Soldier.xml,823,76.2101663583622,112.42025333398797,71.56031787342994,85.18029636028261,4.713664257099126,61.55697003042061,4.988338297796807,16.446820406235457,0.9766063080214074,4.975806572401529,NORMAL
HemorrhageCM2,Male_22_Fit_Soldier.xml,824,76.47823199728329,111.92556656289557,71.74995083711205,85.14182274570656,4.707239759674993,61.82295979954041,4.988372229679996,16.54149262654634,0.9754293043696971,4.978541432045764,NORMAL
HemorrhageCM2,Male_22_Fit_Soldier.xml,825,76.4716249267182,111.49857576404376,71.86747647906806,85.07784290739329,4.713194828766324,61.5724378113073,4.989877421345177,16.628804535194064,0.9765839514959487,4.978603869724976,NORMAL
HemorrhageCM2,Male_22_Fit_Soldier.xml,826,76.02526887137677,110.98671790206241,72.09831481642736,85.06111584497238,4.67171354758931,61.644380036766655,4.9942250709193265,16.704168146677834,0.9771715102500518,4.981373556093969,NORMAL
HemorrhageCM2,Male_22_Fit_Soldier.xml,827,76.29109995072582,110.74526445414769,72.62255831820954,85.33012703018892,4.636739166557745,61.46769722502627,4.993856377993,16.794510742230255,0.9762458459464645,4.9893736175088925,NORMAL
HemorrhageCM2,Male_22_Fit_Soldier.xml,828,76.37600487808784,110.96989002741373,72.81055628850578,85.5303342014751,4.650095658468513,60.894539379748664,4.997220670682201,16.83712712621088,0.9753917063008861,4.988695189773731,NORMAL
HemorrhageCM2,Male_22_Fit_Soldier.xml,829,76.27211701941405,111.12314855101339,73.2644233565508,85.88399842137166,4.621526690245513,60.99079957059551,4.9954358384007085,16.797480851681165,0.9751793103650525,4.994885787169487,NORMAL
HemorrhageCM2,Male_22_Fit_Soldier.xml,830,76.12594205350258,110.54257926291496,73.05997246229178,85.55417472916618,4.6333484666736675,60.73394512710425,4.993729095746674,16.770430817206886,0.9742818257614076,4.991601537226213,NORMAL
HemorrhageCM2,Male_22_Fit_Soldier.xml,831,76.23503733199702,110.34536267359351,73.01360143721834,85.4575218493434,4.642927077208869,61.001518570121604,4.996713035715843,16.867764657251783,0.9749078464752553,4.989509481484783,NORMAL
HemorrhageCM2,Male_22_Fit_Soldier.xml,832,75.83311167835623,110.83359307407252,73.10890028868184,85.68379788381206,4.689584786247201,61.075168841714635,4.997843792054193,16.897605370719045,0.9757322072896253,4.996014324444198,NORMAL
HemorrhageCM2,Male_22_Fit_Soldier.xml,833,76.14147654030012,111.64764990931275,72.79630574696438,85.7467538010805,4.701070245614686,61.909124622487184,4.9977028344969305,16.806627981993802,0.9760188495170935,4.999075897823891,NORMAL
HemorrhageCM2,Male_22_Fit_Soldier.xml,834,76.42134170901738,111.50389489787362,72.34448602708513,85.39762231734795,4.708593578058597,61.86863392911967,5.000079681780427,16.65829995685005,0.9766193655202311,4.999765247557164,NORMAL
HemorrhageCM2,Male_22_Fit_Soldier.xml,835,76.22765640923039,111.15598266229361,72.53397404572532,85.40797691791475,4.728013842361024,61.80114294748979,5.007320816082984,16.67917749240501,0.975297859900842,5.005056478974646,NORMAL
HemorrhageCM2,Male_22_Fit_Soldier.xml,836,75.67414458186806,111.49446494134496,72.12359434188625,85.24721787503915,4.757189623625983,62.18324672725255,5.012629817209703,16.73623601960011,0.9770905058383311,5.019268347394297,NORMAL
HemorrhageCM2,Male_22_Fit_Soldier.xml,837,75.51354897339081,111.40586477508536,72.30419790586069,85.33808686226891,4.766779573662651,62.92185180312338,5.010060883770414,16.672288876924398,0.9763621582027507,5.029895822181269,NORMAL
HemorrhageCM2,Male_22_Fit_Soldier.xml,838,75.25730897192743,111.98697677839968,72.1717970703997,85.44352363973303,4.765733700311452,63.17210268117755,5.011238765657984,16.683859385117003,0.9751221005305581,5.025999054528306,NORMAL
HemorrhageCM2,Male_22_Fit_Soldier.xml,839,75.35267790238771,111.89110894741134,72.56591791747537,85.67431492745403,4.774641020802509,63.36579125935787,5.009775943565631,16.577359454382133,0.9745044089633397,5.028969539495034,NORMAL
HemorrhageCM2,Male_22_Fit_Soldier.xml,840,75.12889273377924,111.82073650932979,72.86207406047652,85.84829487676095,4.807410756730652,63.43121825078468,5.016499827113045,16.590475017610636,0.9753604150944096,5.027054566549513,NORMAL
HemorrhageCM2,Male_22_Fit_Soldier.xml,841,75.04942492788133,112.18200366205457,73.3972382371978,86.32549337881672,4.80648315754859,63.99220839724252,5.018440293704252,16.599215404147238,0.9765767627458178,5.040178394317817,NORMAL
HemorrhageCM2,Male_22_Fit_Soldier.xml,842,74.91385405969285,112.68015687935424,73.81114287775657,86.76748087828912,4.787637013822882,64.06397811433092,5.024487481511054,16.5318923250555,0.9763037200366146,5.044475679935122,NORMAL
HemorrhageCM2,Male_22_Fit_Soldier.xml,843,74.88446987098196,112.38893926033928,74.00651778166713,86.80065827455785,4.812251179922021,63.966864512581594,5.032033232100594,16.440525639587072,0.9761796719699822,5.056305874810823,NORMAL
HemorrhageCM2,Male_22_Fit_Soldier.xml,844,75.19198268861014,112.24966758465098,73.40307558439088,86.35193958447758,4.8492207855353495,64.29791094848038,5.03670036684845,16.488595291092892,0.9775444357697124,5.070870516744595,NORMAL
HemorrhageCM2,Male_22_Fit_Soldier.xml,845,75.10994112706747,112.29561403011563,73.55638069095838,86.46945847067747,4.872622683187286,64.5336646461765,5.042573383906078,16.509955750666986,0.978400714555238,5.080115963638763,NORMAL
HemorrhageCM2,Male_22_Fit_Soldier.xml,846,74.82316763338845,111.85062490008417,73.48280808469275,86.2720803564899,4.864353189286983,64.88578212869439,5.043155815234239,16.498730920419952,0.9784401085676737,5.091558785543016,NORMAL
HemorrhageCM2,Male_22_Fit_Soldier.xml,847,75.08341415610795,111.73130559513409,73.29245586578223,86.10540577556618,4.827217983626416,65.01680012172523,5.049472245264349,16.574258047167294,0.9794652818265653,5.093245610863949,NORMAL
HemorrhageCM2,Male_22_Fit_Soldier.xml,848,75.25309975892245,111.95926655371402,72.79977070018,85.85293598469134,4.825453277378931,64.42451319442755,5.052732211968643,16.592403435293598,0.9786566577525406,5.105463337768688,NORMAL
HemorrhageCM2,Male_22_Fit_Soldier.xml,849,75.38720719799218,112.57866940704257,72.97130217194501,86.17375791697754,4.848119544386023,64.30628049100821,5.052451648667268,16.54934961728315,0.9799679991655554,5.1120373963755394,NORMAL
HemorrhageCM2,Male_22_Fit_Soldier.xml,850,75.4031884525093,113.4267385842153,73.31401938115322,86.6849257821739,4.817084469279419,64.49446126487535,5.058284556532771,16.437298960237637,0.9799474034835631,5.112077700420478,NORMAL
HemorrhageCM2,Male_22_Fit_Soldier.xml,851,75.31729953311458,113.60639171285654,72.81672110426095,86.41327797379282,4.854867483268869,64.14523136399448,5.063545067348368,16.284978221929876,0.9803430812345968,5.123349088082071,NORMAL
HemorrhageCM2,Male_22_Fit_Soldier.xml,852,74.73389417909195,113.70003148834782,72.43543447896631,86.19030014876014,4.855373485537561,64.66098492539015,5.068364625930966,16.25071895502561,0.9798712476295335,5.133549566128382,NORMAL
HemorrhageCM2,Male_22_Fit_Soldier.xml,853,74.63721216269764,113.57837700622902,73.1210527409958,86.60682749607354,4.840507117288565,65.0999127334849,5.068386248033941,16.2317246103151,0.9793388786618502,5.142921583275413,NORMAL
HemorrhageCM2,Male_22_Fit_Soldier.xml,854,74.34028462417616,113.6635096418387,72.80340813288517,86.42344196920301,4.814543805703952,65.01443830197958,5.069460599403621,16.250810446002916,0.9780738271088676,5.14344846109044,NORMAL
HemorrhageCM2,Male_22_Fit_Soldier.xml,855,74.32953612278956,113.85230138003949,72.63626166091055,86.37494156728687,4.8087440944169035,64.94196419172837,5.071133091878315,16.233476709340753,0.9772974610726081,5.145896485519591,NORMAL
HemorrhageCM2,Male_22_Fit_Soldier.xml,856,74.37553221161708,113.70696044157913,72.5409028604801,86.26292205417978,4.781997375622409,64.89913692309626,5.075847477576418,16.19792286656661,0.9771830701112466,5.149429697482516,NORMAL
HemorrhageCM2,Male_22_Fit_Soldier.xml,857,74.19463369142133,113.37502152768005,72.73388692459537,86.28093179229026,4.807738527626123,64.57054441951296,5.075331931342951,16.221416415042107,0.976231088499121,5.158545324308676,NORMAL
HemorrhageCM2,Male_22_Fit_Soldier.xml,858,74.0231164883994,113.16100032932795,73.06050481896993,86.42733665575594,4.824001586724459,65.01693713409291,5.082373225381755,16.27791517224446,0.9772997353095656,5.158022962687459,NORMAL
HemorrhageCM2,Male_22_Fit_Soldier.xml,859,74.02522208695831,113.16906697731991,73.6199842629661,86.80301183441738,4.848260255821126,65.34676816619509,5.0874046441603396,16.313669986858308,0.9777928552122445,5.171391883012001,NORMAL
HemorrhageCM2,Male_22_Fit_Soldier.xml,860,74.30379803256177,113.80657685527038,73.69709721738126,87.06692376334429,4.8233324688563135,65.64489046520325,5.09365297871089,16.310292650905886,0.9794124710344584,5.181048937067159,NORMAL
HemorrhageCM2,Male_22_Fit_Soldier.xml,861,74.11880713205846,113.95840273561407,74.03297898364265,87.34145356763312,4.84851053805624,65.16617822627575,5.09612004070931,16.195883020686274,0.9788456766185747,5.192932150133931,NORMAL
HemorrhageCM2,Male_22_Fit_Soldier.xml,862,73.76330611307253,114.66924348093713,74.2534677762532,87.72539301114784,4.887045430276781,65.6087633944597,5.097843189348994,16.167258261388227,0.9797348015487777,5.197844840330815,NORMAL
HemorrhageCM2,Male_22_Fit_Soldier.xml,863,73.81717459935267,115.20415198838695,74.7715520926212,88.24908539120979,4.884164825959333,66.33507747245379,5.095990857796306,16.040027640100014,0.9798866107085807,5.201376432948374,NORMAL
HemorrhageCM2,Male_22_Fit_Soldier.xml,864,73.60237391843712,115.22620385254646,74.3796242957095,87.99515081465516,4.90730524517565,66.27494553620753,5.100202899546285,15.943906900928077,0.9789888594267595,5.198316994463918,NORMAL
HemorrhageCM2,Male_22_Fit_Soldier.xml,865,73.22004988475406,115.7527685848855,74.78952697278226,88.44394084348333,4.892449055502394,66.71923656285615,5.104697063848366,15.93836109284591,0.9801641880435962,5.206405099440953,NORMAL
HemorrhageCM2,Male_22_Fit_Soldier.xml,866,73.24347780556245,115.64202661598037,74.69576424574463,88.34451836915655,4.903605856282981,66.84126723568902,5.107980124163964,15.843823289743568,0.9817959109098,5.215001267982348,NORMAL
HemorrhageCM2,Male_22_Fit_Soldier.xml,867,73.13635603632221,115.46788901669723,75.09791913819096,88.55457576435971,4.911305706029032,66.96811109697919,5.113522236483204,15.861822160950716,0.9816873440682004,5.221358193434064,NORMAL
HemorrhageCM2,Male_22_Fit_Soldier.xml,868,73.36453547721499,115.60703243766731,74.7636955634398,88.3781411881823,4.9241187470206595,67.15159162926709,5.11170975502281,15.89106103891995,0.983079586314295,5.231861621993847,NORMAL
HemorrhageCM2,Male_22_Fit_Soldier.xml,869,73.37414432305233,115.65600710185099,74.90000716150004,88.48534047495036,4.919643292036276,67.14348318401696,5.114961842445788,15.865055065449695,0.9840394067186411,5.228821930867301,NORMAL
HemorrhageCM2,Male_22_Fit_Soldier.xml,870,73.05712163707913,116.36318048464419,74.39715456287972,88.38582987013454,4.8878111229897,67.09448567678321,5.120686572615684,15.855011268057272,0.9847756838545134,5.235091810831726,NORMAL
HemorrhageCM2,Male_22_Fit_Soldier.xml,871,72.95348909525485,116.34780472905773,74.66584819529753,88.55983370655093,4.859127719016065,66.96592678767378,5.126121438442621,15.728841695459485,0.9858059130014497,5.245902205086818,NORMAL
HemorrhageCM2,Male_22_Fit_Soldier.xml,872,73.28205743256817,116.53935602511949,74.11465965356687,88.25622511075107,4.839114159410162,66.71344090052573,5.124577245475508,15.73024598458279,0.985690653318468,5.256170162315536,NORMAL
HemorrhageCM2,Male_22_Fit_Soldier.xml,873,73.13458593951485,116.63325043824116,73.86636266312672,88.1219919214982,4.86489254997526,66.24145030952312,5.124959610963981,15.695170708522632,0.9857064112720154,5.253587267582894,NORMAL
HemorrhageCM2,Male_22_Fit_Soldier.xml,874,73.42675413054714,116.33950350827547,74.5478715390202,88.47841552877196,4.86782918465154,66.66627869513191,5.132096270545289,15.677373335595638,0.985047458762734,5.2545409350203105,NORMAL
HemorrhageCM2,Male_22_Fit_Soldier.xml,875,73.00134395181263,115.67119404304589,75.20432476542732,88.69328119130017,4.868254696692239,66.4929035855107,5.1302330094395625,15.728034582065543,0.9842953878060094,5.267914904937976,NORMAL
HemorrhageCM2,Male_22_Fit_Soldier.xml,876,72.87169195318513,115.84421554239036,74.66689846456963,88.3926708238432,4.892867715827144,66.82441387820207,5.13556767858078,15.844844729770927,0.9838029181550637,5.264720291488761,NORMAL
HemorrhageCM2,Male_22_Fit_Soldier.xml,877,73.1540317233544,116.44596121306625,74.41426181238,88.42482827927542,4.914415018299847,67.22342714587978,5.1363241028394695,15.813198055699143,0.9832306207552599,5.274762839205561,NORMAL
HemorrhageCM2,Male_22_Fit_Soldier.xml,878,72.99746347290338,116.30460020567176,74.56616589944929,88.47897733485678,4.930206671315872,67.27493225482989,5.137935509744388,15.705918171488747,0.9823183928246916,5.27637359122966,NORMAL
HemorrhageCM2,Male_22_Fit_Soldier.xml,879,72.8659213335148,116.94511833617818,75.0569370558239,89.01966414927533,4.903520446110395,67.58905787024311,5.144749766454355,15.72983130474601,0.9829285013083567,5.279550412048501,NORMAL
HemorrhageCM2,Male_22_Fit_Soldier.xml,880,72.55332773716376,116.321558138506,74.50374361686308,88.44301512407739,4.926025220124883,67.37946393927062,5.146014012711287,15.615777251329362,0.9827935890439462,5.292293998683881,NORMAL
HemorrhageCM2,Male_22_Fit_Soldier.xml,881,72.9776601678735,115.79420321191577,74.77011057086115,88.44480811787936,4.92135918688064,67.8936109333762,5.146969466849912,15.724865122017965,0.9837296743643468,5.294818360612254,NORMAL
HemorrhageCM2,Male_22_Fit_Soldier.xml,882,73.01210113212525,115.81096270827936,74.45287123400318,88.23890172542858,4.925054190811941,67.52225966041101,5.148904512905813,15.817004626206405,0.9835777781052517,5.296768025204006,NORMAL
HemorrhageCM2,Male_22_Fit_Soldier.xml,883,72.83680100564096,115.49441228019653,74.68518070395999,88.28825789603883,4.933985960016003,67.54733764995565,5.153725012055387,15.813139033394162,0.9828015359169627,5.300513946377299,NORMAL
HemorrhageCM2,Male_22_Fit_Soldier.xml,884,72.8063521814051,115.5345119948143,74.82256253245939,88.39321235324435,4.925089910430744,67.79389328620266,5.159563976425175,15.86813218886326,0.9830848426240381,5.309563283861486,NORMAL
HemorrhageCM2,Male_22_Fit_Soldier.xml,885,72.94001648745157,115.15740215366937,74.86861880825838,88.2982132567287,4.943491151245736,67.71798244441591,5.156661281421876,15.860205592758309,0.983838105658458,5.320480813245638,NORMAL
HemorrhageCM2,Male_22_Fit_Soldier.xml,886,73.26860833222196,116.0474154335746,75.26836694311169,88.86138310659932,4.941621187481991,67.84176583110698,5.153435961461856,15.925944059020726,0.985010081287195,5.315307230884914,NORMAL
HemorrhageCM2,Male_22_Fit_Soldier.xml,887,72.81785449966584,116.12111719581783,75.578746929079,89.09287035132527,4.9798540969799046,67.5764505719673,5.150548066303681,15.768063001094054,0.9853226400166334,5.30953449423958,NORMAL
HemorrhageCM2,Male_22_Fit_Soldier.xml,888,73.01297461343317,115.96606731272519,75.02811313259548,88.67409785930538,4.963857053294454,68.38073269767082,5.1549739381663695,15.754286459459683,0.9851186264578023,5.304377333667796,NORMAL
HemorrhageCM2,Male_22_Fit_Soldier.xml,889,72.94093853254408,116.05237721410555,75.36150935735495,88.92513197627181,4.956389198688064,68.04679727538941,5.1609423194346835,15.780909626971685,0.9859217689900815,5.312673012819825,NORMAL
HemorrhageCM2,Male_22_Fit_Soldier.xml,890,72.69987056742363,115.52467022715713,75.8846027622564,89.09795858388998,4.9763836250170845,68.01881942569666,5.164170753929877,15.764957301817532,0.985959834610964,5.323802073578014,NORMAL
HemorrhageCM2,Male_22_Fit_Soldier.xml,891,72.31705123187639,115.67541405350093,75.44363507732746,88.85422806938529,4.938080924096564,68.44769379933716,5.169845937889502,15.857402138246943,0.9867330266803268,5.329884579191216,NORMAL
HemorrhageCM2,Male_22_Fit_Soldier.xml,892,72.45083309493273,115.5509238403282,74.9524820994115,88.4852960130504,4.941378065173394,68.2907556320229,5.173746787134259,15.830123615158765,0.9858537729783269,5.340464669147465,NORMAL
HemorrhageCM2,Male_22_Fit_Soldier.xml,893,72.16393226769253,115.43613184818226,75.45127978898351,88.77956380871643,4.905101650849467,68.23224692194991,5.170003157099046,15.851445771178366,0.9847375493834235,5.347775326112252,NORMAL
HemorrhageCM2,Male_22_Fit_Soldier.xml,894,72.29351193395593,115.15620227775207,75.39978206265491,88.65192213435397,4.937316461693073,68.02385332896492,5.168120080957264,15.871077516219778,0.9852914110981655,5.341015110156459,NORMAL
HemorrhageCM2,Male_22_Fit_Soldier.xml,895,72.31130603924125,115.81973800081242,75.85447237209667,89.17622758166858,4.92820876513825,68.31513577981134,5.164681149316822,15.91987656163281,0.9841361513661033,5.3376742693194625,NORMAL
HemorrhageCM2,Male_22_Fit_Soldier.xml,896,72.68237013199611,115.50493786141277,75.81810331639328,89.04704816473311,4.972532499350683,68.19701221552941,5.168436900311689,15.8021745113025,0.9833540947764491,5.331466444840517,NORMAL
HemorrhageCM2,Male_22_Fit_Soldier.xml,897,72.58853235367253,115.90676740866492,75.4454914284742,88.9325834218711,4.990372551539779,68.44536257362272,5.16769752602646,15.857167424885546,0.9838496388723172,5.3384935376636555,NORMAL
HemorrhageCM2,Male_22_Fit_Soldier.xml,898,72.76139608085795,115.53392060739773,75.06629625353229,88.55550437148743,4.979138064425122,68.73544752410176,5.166636367262277,15.785694300556521,0.9846192898856027,5.33724539192548,NORMAL
HemorrhageCM2,Male_22_Fit_Soldier.xml,899,72.89801604952001,115.79068357528374,74.98778891665017,88.58875380286136,4.994092939760291,68.47198283834567,5.1674466209478656,15.85096911800746,0.9835263934119073,5.33540145028045,NORMAL
HemorrhageCM2,Male_22_Fit_Soldier.xml,900,73.10176768752872,115.29092997724878,75.57685439418967,88.81487958854271,4.986654034066624,68.54901436396516,5.170283689387247,15.805135655776986,0.9849726460210143,5.336997510669487,NORMAL
HemorrhageCM2,Male_22_Fit_Soldier.xml,901,73.11635917339804,114.89320575556292,76.08668500195442,89.02219191982392,4.9954291208632835,68.30795146479264,5.175721658533342,15.892843781095939,0.9847151961714282,5.3423196439488905,NORMAL
HemorrhageCM2,Male_22_Fit_Soldier.xml,902,73.31420870017583,115.68889737477635,75.8386641424569,89.12207521989671,4.973540130520369,68.40488476853666,5.172194934009448,15.962560113540263,0.9851478060211976,5.352424332250722,NORMAL
HemorrhageCM2,Male_22_Fit_Soldier.xml,903,73.05252714708844,116.27413600698331,76.11803937612069,89.50340491974157,4.992069793147864,67.99769803826284,5.1739022248299005,15.821655082889071,0.9841693173361444,5.3460299638377045,NORMAL
HemorrhageCM2,Male_22_Fit_Soldier.xml,904,72.79319693722434,116.676838911359,75.68283993892533,89.34750626306989,4.993319216037671,68.42137082421624,5.176359783724125,15.717910149821495,0.9851810423924933,5.349263530253451,NORMAL
HemorrhageCM2,Male_22_Fit_Soldier.xml,905,72.31850179810823,116.20479109032237,75.20878706827651,88.87412174229179,4.986387207524135,68.63959692486246,5.174131483489002,15.646397434588756,0.9844683283024607,5.353874640463454,NORMAL
HemorrhageCM2,Male_22_Fit_Soldier.xml,906,72.07279755543514,115.6867208066601,74.77725818784957,88.41374572745308,5.019897700623311,68.92881780173282,5.176496273388934,15.729291971067948,0.9854706639211065,5.349860436406582,NORMAL
HemorrhageCM2,Male_22_Fit_Soldier.xml,907,72.47567221669546,116.09169971042455,75.13693768582876,88.78852502736069,4.983575816548348,69.52725656492481,5.180711960547858,15.820323265759745,0.984277727710262,5.354295104609612,NORMAL
HemorrhageCM2,Male_22_Fit_Soldier.xml,908,72.56841723767873,116.81760450311779,75.28505054429898,89.12923519723859,5.01997149353256,68.77928182850725,5.185026445851738,15.748450319612068,0.9848788886738461,5.362132859096333,NORMAL
HemorrhageCM2,Male_22_Fit_Soldier.xml,909,72.32013778036408,116.85400239060765,75.86096376151212,89.52530997121063,5.025355029266976,69.14544377649734,5.189301839573124,15.619947083519014,0.984175600973248,5.370149771329354,NORMAL
HemorrhageCM2,Male_22_Fit_Soldier.xml,910,72.25407421662194,117.49897861110837,76.17067668375103,89.94677732620347,5.004892114194984,69.40737288486548,5.185665759565688,15.613153895782009,0.9829227664666804,5.378092198498452,NORMAL
HemorrhageCM2,Male_22_Fit_Soldier.xml,911,72.47843230567308,117.34112307352622,75.92032573364237,89.72725818027033,4.966182665023562,69.21676027628692,5.190293227920383,15.498959105978846,0.982343442102337,5.371474341856418,NORMAL
HemorrhageCM2,Male_22_Fit_Soldier.xml,912,72.39129874663914,117.35603387963893,76.41547619086512,90.06232875378973,4.976739614774862,68.58082681556571,5.18681430161151,15.5264753242657,0.982493907143549,5.380059759821725,NORMAL
HemorrhageCM2,Male_22_Fit_Soldier.xml,913,72.0810528773914,117.7586417202828,76.00114001094813,89.92030724739303,4.988624883552448,68.77761571928697,5.190989282927928,15.523509706469458,0.9833036202428096,5.373726381399035,NORMAL
HemorrhageCM2,Male_22_Fit_Soldier.xml,914,71.79308215313748,117.14145356571704,76.05994347728459,89.75378017342874,4.967596418724522,69.16540585353057,5.190196139778539,15.4521267478027,0.9845931370275205,5.381474638510619,NORMAL
HemorrhageCM2,Male_22_Fit_Soldier.xml,915,71.59231988585124,117.39273069069701,76.54657089557581,90.16195749394954,4.982572991324495,69.1412376676548,5.18770383688867,15.560747737258659,0.9851913470862564,5.380078944155034,NORMAL
HemorrhageCM2,Male_22_Fit_Soldier.xml,916,72.0311621403861,117.52401943983746,76.47585109421955,90.15857387609219,5.017662411013054,69.48327219998365,5.187684071867472,15.516095382515147,0.9849508649161064,5.3755545546570325,NORMAL
HemorrhageCM2,Male_22_Fit_Soldier.xml,917,72.3406487962643,117.93015782313881,76.73825767404706,90.46889105707764,5.016177513007789,69.56135061582293,5.18282198995992,15.49263080572198,0.9862849972106434,5.375577832713947,NORMAL
HemorrhageCM2,Male_22_Fit_Soldier.xml,918,72.57186909488945,117.87156778820852,76.70885660547513,90.42976033305293,5.046560208814548,69.30214237992969,5.1819336143082175,15.420665018019605,0.9866965570318802,5.366688862084491,NORMAL
HemorrhageCM2,Male_22_Fit_Soldier.xml,919,72.42602170627475,118.03151766997009,77.15357163356985,90.77955364570326,5.005422603533741,69.48668956361749,5.182901249255225,15.430732773453865,0.9879135027170042,5.3651099725792495,NORMAL
HemorrhageCM2,Male_22_Fit_Soldier.xml,920,72.0492619577034,117.93230844308663,77.31599259810031,90.85476454642908,5.014403257992961,69.11082410924809,5.180238422086177,15.402237330434218,0.9862693532521416,5.366944478082164,NORMAL
HemorrhageCM2,Male_22_Fit_Soldier.xml,921,71.9825791964291,117.46994453920873,77.37529363978757,90.74017727292795,5.0421513697648175,69.51671531008591,5.182354591280674,15.41949197721454,0.985717409570961,5.36209684141237,NORMAL
HemorrhageCM2,Male_22_Fit_Soldier.xml,922,71.68739833481274,117.68164986162682,77.47564945373423,90.87764958969844,5.0057514262541005,69.90544792183792,5.179951562781959,15.500851583025025,0.9862919562683933,5.366041271185729,NORMAL
HemorrhageCM2,Male_22_Fit_Soldier.xml,923,71.85108388600057,117.66869308750155,76.75808512485021,90.39495444573399,5.006310893869291,69.70318794597382,5.178911469042246,15.463246496633456,0.9862640630964233,5.361668320491846,NORMAL
HemorrhageCM2,Male_22_Fit_Soldier.xml,924,72.17707131374225,117.60252031887701,77.24489390263778,90.6974360413842,4.966578048678194,69.58194300071719,5.17546138943819,15.465301973938487,0.9870007815550363,5.359801689814624,NORMAL
HemorrhageCM2,Male_22_Fit_Soldier.xml,925,71.80978288791279,117.08167381711853,77.44865187340234,90.6596591879744,4.982617273870293,68.84926059532889,5.176333164921893,15.47675762701871,0.9873503307033092,5.353498922548663,NORMAL
HemorrhageCM2,Male_22_Fit_Soldier.xml,926,72.17322345102295,116.6661838346392,77.35576415446825,90.4592373811919,5.017180131755617,69.3325459350005,5.172942404072647,15.568470249357627,0.9860632795030083,5.355147254796833,NORMAL
HemorrhageCM2,Male_22_Fit_Soldier.xml,927,72.29347537172066,116.7517344511448,77.6807852914621,90.70443501135634,4.976877706964207,69.46355938732357,5.176488314562762,15.641594607797366,0.984846760571996,5.348950692902138,NORMAL
HemorrhageCM2,Male_22_Fit_Soldier.xml,928,72.00572611680876,116.23847882264663,77.23536435530593,90.23640251108617,5.001827119216128,68.88714764260507,5.1773202565749745,15.626292474738928,0.9838487219525405,5.355516821291415,NORMAL
HemorrhageCM2,Male_22_Fit_Soldier.xml,929,72.10426527527467,116.86149068993706,76.60162281482552,90.02157877319603,4.999784180284852,69.41431832527745,5.181535577911946,15.716685911786488,0.983080864523719,5.357087651377203,NORMAL
HemorrhageCM2,Male_22_Fit_Soldier.xml,930,72.3547944037224,116.86401974504939,76.88910610202439,90.21407731636606,5.036868651868061,69.31365783387292,5.184225422957372,15.606535260892826,0.9826860978236814,5.36488288916882,NORMAL
HemorrhageCM2,Male_22_Fit_Soldier.xml,931,72.6961820953412,117.07682555150306,76.3342923077097,89.9151367223075,5.05740492887125,69.56310607926335,5.187865940327079,15.605905652626083,0.9836435594951715,5.369869847255227,NORMAL
HemorrhageCM2,Male_22_Fit_Soldier.xml,932,72.66865208368293,116.92886354345092,75.82526638656664,89.5264654388614,5.019640338052181,69.5419539683885,5.1874539935464075,15.568168335057049,0.9843213337316689,5.376604900608136,NORMAL
HemorrhageCM2,Male_22_Fit_Soldier.xml,933,72.61357708696296,116.94356508002147,76.34244859753012,89.8761540916939,4.978906624114761,69.11384736644412,5.183940615452169,15.594112123370888,0.9853987704251594,5.375881873890776,NORMAL
HemorrhageCM2,Male_22_Fit_Soldier.xml,934,72.61494521055059,117.43196871040519,75.7072702770597,89.61550308817486,4.9793420340733086,68.6712883147209,5.1797888912285215,15.59135151646015,0.9843868189624458,5.3694507908859705,NORMAL
HemorrhageCM2,Male_22_Fit_Soldier.xml,935,72.19668297516061,117.68751701438651,76.19271816185132,90.02431777936305,4.974103464748729,68.6767359687922,5.18399611040017,15.504988218842328,0.9852358283740558,5.361843984735394,NORMAL
HemorrhageCM2,Male_22_Fit_Soldier.xml,936,72.33609467534369,117.28997930956817,76.32505137684022,89.98002735441621,4.978153607097566,68.94090379212521,5.183928965126448,15.459728999291471,0.9865141159174383,5.36961730376289,NORMAL
HemorrhageCM2,Male_22_Fit_Soldier.xml,937,72.38408476320859,116.70394899390318,75.8904647936585,89.49495952707339,4.979849437640555,68.88185009299823,5.189265167899903,15.529744140573158,0.9867580648032306,5.36952437451755,NORMAL
HemorrhageCM2,Male_22_Fit_Soldier.xml,938,72.5603402340498,116.62182984830933,75.29683324700805,89.07183211410847,4.960219078187372,68.86594272999663,5.185861619066884,15.633033029055053,0.9866920737479192,5.379373081679532,NORMAL
HemorrhageCM2,Male_22_Fit_Soldier.xml,939,72.15447715999746,116.56972850092377,75.68121804173946,89.31072152813422,4.9675668182568415,68.49518173239922,5.183762210576218,15.647386665101333,0.9873522810640452,5.373138898479274,NORMAL
HemorrhageCM2,Male_22_Fit_Soldier.xml,940,72.27247100774996,116.40476332086068,75.33992541269897,89.02820471541955,4.994524531664156,68.90006035718052,5.186504192608774,15.656446779326561,0.9885549367941481,5.369303510129246,NORMAL
HemorrhageCM2,Male_22_Fit_Soldier.xml,941,72.22053712533814,116.11969464316032,75.61081171054435,89.113772688083,4.957649486330383,69.13248383086646,5.188636509348483,15.685431740231685,0.9876113968856259,5.374375801965032,NORMAL
HemorrhageCM2,Male_22_Fit_Soldier.xml,942,72.14563660135657,116.08991648938796,76.01223684011183,89.37146338987054,4.982941246016751,68.73148184806584,5.184595863253452,15.735619198304652,0.988109830606263,5.3783253768538355,NORMAL
HemorrhageCM2,Male_22_Fit_Soldier.xml,943,72.47589656951789,115.84248165060298,76.34324319249495,89.5096560118643,4.983031779567746,69.09485347346664,5.181618301824925,15.74075220017976,0.9890328583057969,5.370915301940608,NORMAL
HemorrhageCM2,Male_22_Fit_Soldier.xml,944,72.58297415306548,116.20826183332848,76.0842642607858,89.45893011830003,4.960237762230128,68.83887882462277,5.184498813089581,15.784305498768692,0.9881743467361687,5.365460575261659,NORMAL
HemorrhageCM2,Male_22_Fit_Soldier.xml,945,72.71616785011481,116.15843201173004,75.58254806620712,89.10784271471476,4.983629092198517,68.48399307897115,5.189091076864068,15.719630620571998,0.9875344502716358,5.370784427669184,NORMAL
HemorrhageCM2,Male_22_Fit_Soldier.xml,946,72.37805327076154,116.31781427562579,75.60370855668172,89.17507712966308,5.01615601539059,68.66132689085704,5.186078056607464,15.72831441762845,0.9886031972144877,5.379257287775689,NORMAL
HemorrhageCM2,Male_22_Fit_Soldier.xml,947,72.28819348131219,116.34188215216192,75.20507988035574,88.91734730429113,5.030728703335209,69.31487595790217,5.188187714134196,15.70007605465644,0.989729900484174,5.373735005930355,NORMAL
HemorrhageCM2,Male_22_Fit_Soldier.xml,948,72.01191735531529,115.99947586437362,75.52054951686324,89.01352496603337,4.990576153854014,69.56115815259393,5.185184108428777,15.695724121239586,0.9903951930610848,5.377638186870589,NORMAL
HemorrhageCM2,Male_22_Fit_Soldier.xml,949,71.99035062906412,115.75939154699465,75.38087063538752,88.84037760592324,5.021936718622893,69.297172004096,5.187102266558924,15.756058059281777,0.9908213549207691,5.372131813460905,NORMAL
HemorrhageCM2,Male_22_Fit_Soldier.xml,950,72.11577938264398,116.16446167824826,75.04950816225589,88.75449266758667,5.055847094698949,69.69251778883417,5.191390665077869,15.798335529670506,0.9891045888680524,5.375681249720806,NORMAL
HemorrhageCM2,Male_22_Fit_Soldier.xml,951,72.39321602206505,116.35116461701227,75.74821983796467,89.28253476431387,5.054984431598561,70.0017109299887,5.19516563422307,15.726746828195008,0.9881035295613002,5.383591487921356,NORMAL
HemorrhageCM2,Male_22_Fit_Soldier.xml,952,72.518376018606,116.86213597756834,75.46627330752334,89.26489419753834,5.033118554483154,69.77230118670705,5.196072840742851,15.69370288503968,0.9890208063176279,5.390556340884972,NORMAL
HemorrhageCM2,Male_22_Fit_Soldier.xml,953,72.50984415927509,116.49141383585255,75.61015871699979,89.23724375661737,4.988409968858323,69.41264196421123,5.2009236638804515,15.6034287493279,0.9873097791958863,5.392243646935039,NORMAL
HemorrhageCM2,Male_22_Fit_Soldier.xml,954,72.40556971577816,117.03216966822363,75.08927920992278,89.07024269602306,4.991759760452064,68.88493203880063,5.200386177838347,15.668775855789203,0.988009753322191,5.401186968892361,NORMAL
HemorrhageCM2,Male_22_Fit_Soldier.xml,955,72.60032694289465,117.06716564001854,74.87810431159359,88.94112475440191,4.9968752259853995,69.00703576639832,5.195231606740153,15.573250455097025,0.9884553750408004,5.400214753650445,NORMAL
HemorrhageCM2,Male_22_Fit_Soldier.xml,956,72.86232619420109,116.65082652436976,74.75830081071273,88.72247604859841,5.008463620684082,68.91708200983338,5.1912803654394155,15.566994055626871,0.988109654840016,5.390746140779983,NORMAL
HemorrhageCM2,Male_22_Fit_Soldier.xml,957,72.56039874620245,117.08262313233311,75.32734827201966,89.24577322545748,5.026502006072095,68.85255810775244,5.186989749086453,15.640400630147758,0.9877170386921869,5.383491228698336,NORMAL
HemorrhageCM2,Male_22_Fit_Soldier.xml,958,72.68645541224016,117.70330715362536,75.28666539722526,89.42554598269196,5.045565100715122,69.3038026812075,5.186509865064161,15.564114299921163,0.9873844581705408,5.375611320916267,NORMAL
HemorrhageCM2,Male_22_Fit_Soldier.xml,959,72.67858224881078,118.23207620870718,74.84937050143392,89.31027240385835,5.070396126008502,69.43354273351633,5.185700561667816,15.454491900537453,0.9857839941460372,5.374743000567987,NORMAL
HemorrhageCM2,Male_22_Fit_Soldier.xml,960,72.5058136717247,117.87223114296476,75.51413052962984,89.63349740074148,5.063860595714419,69.73691697811681,5.189578806080079,15.36109479796544,0.9865766899878868,5.3732680370949115,NORMAL
HemorrhageCM2,Male_22_Fit_Soldier.xml,961,72.08809619312157,118.41048703708735,75.84856628539576,90.03587320262629,5.019203542563338,69.79544686971762,5.194662278085619,15.424539822010182,0.9869671410084662,5.380418111575482,NORMAL
HemorrhageCM2,Male_22_Fit_Soldier.xml,962,72.39141140393598,117.80798919688664,75.69968344490846,89.73578536223452,5.0256547993892235,69.59007366346061,5.193548441825811,15.329472792866033,0.9858284605999301,5.38978546077216,NORMAL
HemorrhageCM2,Male_22_Fit_Soldier.xml,963,72.37610309374678,117.21505713695464,75.98096689932092,89.72566364519882,4.9981107288605084,69.4289816102365,5.198686904188824,15.43575022857312,0.9849711559582179,5.387748775932614,NORMAL
HemorrhageCM2,Male_22_Fit_Soldier.xml,964,72.00710121098115,117.26818396434109,76.50514241142069,90.09282292906083,5.004282510202323,69.1113354069547,5.203199264273311,15.54034137733644,0.9840961096863418,5.397216453924878,NORMAL
HemorrhageCM2,Male_22_Fit_Soldier.xml,965,72.20988222927184,116.96108445540497,76.26416734170878,89.82980637960752,4.984627808692501,69.47605037582012,5.204568087350582,15.530905532282706,0.9834933031077747,5.405531639922728,NORMAL
HemorrhageCM2,Male_22_Fit_Soldier.xml,966,71.83032318712058,116.85806048222867,76.21188563701341,89.76061058541849,4.9883510764905505,69.08066192031977,5.200258116235287,15.585051346454112,0.9842369476894717,5.40806204378543,NORMAL
HemorrhageCM2,Male_22_Fit_Soldier.xml,967,72.01126240314437,117.03009852336807,75.93314665936929,89.63213061403555,4.9991351943560325,69.42472788016224,5.203070328687015,15.603179825598918,0.9856279603764844,5.400142580030133,NORMAL
HemorrhageCM2,Male_22_Fit_Soldier.xml,968,72.2635459319005,117.75341704729544,75.41534572191992,89.52803616371176,5.0301743772876195,69.412169148861,5.202242839876685,15.572761838900922,0.9843123688440334,5.405328197354724,NORMAL
HemorrhageCM2,Male_22_Fit_Soldier.xml,969,72.54117926128347,117.47849707039853,76.02773176620482,89.8446535342694,4.99449253361021,69.58663703368946,5.199667469268039,15.44504493847193,0.9849528945470145,5.403816083811906,NORMAL
HemorrhageCM2,Male_22_Fit_Soldier.xml,970,72.44696139893537,118.05739935711291,76.0451732268276,90.04924860358938,5.0050072118437265,68.94178219177847,5.197475377907116,15.493518207647803,0.9863598710138214,5.399087366975385,NORMAL
HemorrhageCM2,Male_22_Fit_Soldier.xml,971,72.40568378532498,117.5283682496379,75.85191562883008,89.74406650243269,4.999461995086803,69.14160370786861,5.198978636318914,15.391294013335902,0.9856203591888701,5.395063583806875,NORMAL
HemorrhageCM2,Male_22_Fit_Soldier.xml,972,71.98888397159017,118.09740638011365,75.54425058175258,89.72863584787294,5.034954764158859,69.10783584684488,5.200366344930897,15.48462096019272,0.9853006750963356,5.397839249237336,NORMAL
HemorrhageCM2,Male_22_Fit_Soldier.xml,973,71.87130240771202,118.28376722546402,75.38563766717003,89.68501418660136,5.037407630422066,69.86310915242576,5.202169625872656,15.384140898315472,0.9862973690576169,5.4004019801309155,NORMAL
HemorrhageCM2,Male_22_Fit_Soldier.xml,974,71.85680356649286,117.96969216597412,75.01256203569562,89.33160541245512,5.055225129455313,69.98658386493449,5.198581920571781,15.351204621520202,0.9854688340902972,5.403729098634843,NORMAL
HemorrhageCM2,Male_22_Fit_Soldier.xml,975,71.87592673833913,118.62603164435966,75.4487968854757,89.84120847177036,5.01131987293385,70.21334558038274,5.197099224502166,15.406596404673678,0.9852944605566153,5.397136031097157,NORMAL
HemorrhageCM2,Male_22_Fit_Soldier.xml,976,71.6370902205388,119.14022425253857,75.76436218806722,90.22298287622434,4.9923047045969735,69.66907257686357,5.201940103213588,15.290712008832216,0.9862843975903076,5.394416084642108,NORMAL
HemorrhageCM2,Male_22_Fit_Soldier.xml,977,71.8625613641589,119.23330941299685,75.37296546715693,89.99308011577024,4.9720443269042,69.62950892537587,5.1970774165086615,15.1999177878779,0.9856272141058396,5.4033318038875535,NORMAL
HemorrhageCM2,Male_22_Fit_Soldier.xml,978,71.59387590622809,118.74731974120628,75.0648803064209,89.62569345134936,4.980458006313139,69.20673765007358,5.192542808967286,15.183450066988595,0.985023673034025,5.394391836161487,NORMAL
HemorrhageCM2,Male_22_Fit_Soldier.xml,979,71.54762245287064,118.47613116454303,75.21954370487776,89.63840619143285,4.955770526987411,69.5212194489643,5.191043251330509,15.269189949173988,0.9862789975256621,5.386055307270571,NORMAL
HemorrhageCM2,Male_22_Fit_Soldier.xml,980,71.55815998545451,118.41408976248874,74.88275461021094,89.39319966097021,4.95801467592413,69.25951484408507,5.189853825423525,15.317018783936838,0.9846856667129545,5.383303292228188,NORMAL
HemorrhageCM2,Male_22_Fit_Soldier.xml,981,71.83377334086889,119.02616922569071,74.80871229105878,89.54786460260276,4.979762338653996,69.27861478289245,5.19029996056517,15.327934444985758,0.9840764597490781,5.381121707656785,NORMAL
HemorrhageCM2,Male_22_Fit_Soldier.xml,982,72.22368319050754,119.5736190628919,75.03440022343028,89.88080650325082,4.95395457777082,69.32368970242305,5.191627049694533,15.219869325507958,0.9853672483746914,5.381949469090371,NORMAL
HemorrhageCM2,Male_22_Fit_Soldier.xml,983,72.14124134502227,119.64874381221827,75.42315530358297,90.16501813979474,4.991838482862809,68.7074717183815,5.188593252983951,15.123212392370771,0.9854871900145841,5.384398040098771,NORMAL
HemorrhageCM2,Male_22_Fit_Soldier.xml,984,71.96638007917264,119.31267386040501,75.89740181245546,90.36915916177198,4.988351575206584,69.2273945010682,5.185335799870277,15.109921606057853,0.9841098797829861,5.378821977114493,NORMAL
HemorrhageCM2,Male_22_Fit_Soldier.xml,985,72.08965997126134,119.27076673623503,75.57352802294993,90.13927426071163,5.02451247822288,69.32334382726012,5.1841963501475945,15.169207456382463,0.9827453515806691,5.372834156911752,NORMAL
HemorrhageCM2,Male_22_Fit_Soldier.xml,986,72.10813714503252,119.04076760063906,75.8270891360735,90.23164862426202,4.988004480081341,69.6614169754981,5.185489599413013,15.176574742815053,0.9820057388452034,5.3707434483900744,NORMAL
HemorrhageCM2,Male_22_Fit_Soldier.xml,987,71.9466102564021,119.06140338483853,76.3771486352955,90.60523355180985,5.022049808612145,69.2080410043359,5.185175111715263,15.217141113149586,0.9811858560184451,5.373128926047581,NORMAL
HemorrhageCM2,Male_22_Fit_Soldier.xml,988,72.24307339710306,118.75012443233503,76.17796595980538,90.3686854506486,5.00166667639443,69.7455884510226,5.184791467960488,15.213471504323572,0.9829203630384652,5.372555835252413,NORMAL
HemorrhageCM2,Male_22_Fit_Soldier.xml,989,72.50207234395037,118.08071038638538,76.4282887330592,90.31242928416793,4.996769796637174,69.26661953298314,5.190853625537985,15.268385539375732,0.9839947713666672,5.371855307759567,NORMAL
HemorrhageCM2,Male_22_Fit_Soldier.xml,990,72.24546991836452,118.49538657127988,76.94027837161951,90.79198110483964,4.990900717778924,69.00537620242974,5.195472013214106,15.386511065572954,0.9829910172462913,5.383015449897071,NORMAL
HemorrhageCM2,Male_22_Fit_Soldier.xml,991,72.2741036961451,117.85402827343026,76.47708481636789,90.26939930205535,4.989882160089359,69.13589614857202,5.199434635991778,15.313296178122645,0.9846088236609793,5.391518755586004,NORMAL
HemorrhageCM2,Male_22_Fit_Soldier.xml,992,71.8805846194043,118.5117757392765,76.72638141123448,90.6548461872485,4.958112528323546,69.10142811171644,5.198502221214901,15.426471535646524,0.985880683626659,5.398815229654749,NORMAL
HemorrhageCM2,Male_22_Fit_Soldier.xml,993,71.83700967259745,118.52635779812424,76.89140938348612,90.76972552169883,4.983922081886502,69.02823276508728,5.1949213900418165,15.310356316965297,0.9848657258698651,5.3971042392853175,NORMAL
HemorrhageCM2,Male_22_Fit_Soldier.xml,994,71.77503409534198,118.53661292349483,76.2354919731231,90.33586562324702,5.011982278975949,69.37399308284446,5.198605738134833,15.307760154723983,0.9842857275120306,5.390519772237065,NORMAL
HemorrhageCM2,Male_22_Fit_Soldier.xml,995,71.86620156472344,118.41919042207603,75.63823617683057,89.89855425857905,4.9704088141584535,69.76188274186207,5.196278635353505,15.305928429162385,0.9857085211338336,5.397303730235789,NORMAL
HemorrhageCM2,Male_22_Fit_Soldier.xml,996,72.16071564129528,118.32839545135734,75.8635861098088,90.01852255699164,5.005594591783361,69.1883416678812,5.195684537418013,15.326632437120573,0.9856252127383845,5.393025939392791,NORMAL
HemorrhageCM2,Male_22_Fit_Soldier.xml,997,72.28462950350571,117.92946341329713,75.42116360464257,89.59059687419409,4.986864325801178,69.38007508638054,5.2009117750051885,15.342637390565804,0.9842731562664195,5.391936890929003,NORMAL
HemorrhageCM2,Male_22_Fit_Soldier.xml,998,72.43216862250685,118.04834702257632,75.56624600925112,89.72694634702619,5.017923122231147,69.058018854208,5.202059701004121,15.413029011110844,0.9842572254135435,5.401559481058616,NORMAL
HemorrhageCM2,Male_22_Fit_Soldier.xml,999,72.51181915521228,117.50728148532245,75.63067549879096,89.58954416096813,5.02140589222464,69.31499076465818,5.205290622723095,15.392027134457287,0.9833030589618333,5.403675644084865,NORMAL
HemorrhageCM2,Male_22_Fit_Soldier.xml,1000,72.06835871247957,117.31002107594267,76.12653543540728,89.85436398225241,4.989248720140398,69.29441445398268,5.201445377096453,15.487506496012688,0.9827547215622323,5.409624577156608,NORMAL
HemorrhageCM2,Male_22_Fit_Soldier.xml,1001,71.9940046668276,117.96542113097709,75.93738051531604,89.94672738720305,4.973725913881814,69.25685098232282,5.201572428698193,15.522305067739314,0.9842412332966587,5.402552610798537,NORMAL
HemorrhageCM2,Male_22_Fit_Soldier.xml,1002,72.00853117691277,118.33996852164688,75.56321581369696,89.8221333830136,4.944646405428593,69.12865030628426,5.203921237706894,15.406610178220689,0.984431140379698,5.402789905284285,NORMAL
HemorrhageCM2,Male_22_Fit_Soldier.xml,1003,72.30720886164148,118.7551199282648,75.83512675081352,90.14179114329728,4.935967634400316,68.76729795499993,5.205412095065465,15.340486173396958,0.985039828460303,5.407115315741704,NORMAL
HemorrhageCM2,Male_22_Fit_Soldier.xml,1004,71.93038328078605,118.77608464875848,76.2411495261124,90.4194612336611,4.905394599477189,68.43056692798388,5.205112661316816,15.267196129858851,0.9846539113584076,5.409861907708084,NORMAL
HemorrhageCM2,Male_22_Fit_Soldier.xml,1005,71.93304511357668,118.4590367312429,76.70447470271733,90.6226620455592,4.886057354886241,68.35576232782222,5.201202597852263,15.263480319311174,0.9838432066014571,5.409314097410361,NORMAL
HemorrhageCM2,Male_22_Fit_Soldier.xml,1006,71.69796903793434,118.95875922696568,76.75656830663632,90.82396528007945,4.927618280368369,68.12082416048324,5.201317680065184,15.319424039780717,0.9840303249630769,5.4021223036366575,NORMAL
HemorrhageCM2,Male_22_Fit_Soldier.xml,1007,71.79559453410872,119.20278553420972,76.20322753598704,90.5364135353946,4.933976497786791,68.80576317931933,5.196932520657133,15.23120878137755,0.9850627838817224,5.402337034802851,NORMAL
HemorrhageCM2,Male_22_Fit_Soldier.xml,1008,72.17329595058158,119.03070442800066,75.95207349279255,90.31161713786192,4.931658298329055,68.80604896037796,5.200305799170728,15.188124218764463,0.9862253895262453,5.39427082427591,NORMAL
HemorrhageCM2,Male_22_Fit_Soldier.xml,1009,72.2218598410283,119.2766112734964,75.7670349300875,90.27022704455713,4.9574385082100765,68.48337574293542,5.195527962639946,15.218482818142,0.9870696324577197,5.400480734535423,NORMAL
HemorrhageCM2,Male_22_Fit_Soldier.xml,1010,71.96132703908876,119.62420504715084,75.36415287642534,90.1175036000005,4.941124745297879,68.75536464498497,5.192099330799954,15.175067249144949,0.9857933551463278,5.391691777977227,NORMAL
HemorrhageCM2,Male_22_Fit_Soldier.xml,1011,71.63295959139515,119.69862323202179,75.77865082434529,90.41864162690412,4.915079035850994,68.76274853540586,5.1954396179835545,15.113704431859034,0.9865005183283206,5.385385389806302,NORMAL
HemorrhageCM2,Male_22_Fit_Soldier.xml,1012,71.33350628249687,118.94997407552809,76.15632625607594,90.42087552922666,4.927462228354077,68.7087691333497,5.1913968983679055,15.100194051816507,0.9852373101610169,5.391608491994386,NORMAL
HemorrhageCM2,Male_22_Fit_Soldier.xml,1013,71.25673107372572,118.23109548482108,76.33906114501951,90.30307259162004,4.957482630579442,69.0947521869016,5.194908472536036,15.232330164162157,0.9864786301006194,5.384169528789807,NORMAL
HemorrhageCM2,Male_22_Fit_Soldier.xml,1014,71.15578382149413,118.76558586357058,75.92095859976054,90.20250102103056,4.951265325411491,69.52011392419371,5.1912233617252435,15.359211790088821,0.9873979899327353,5.390631137189697,NORMAL
HemorrhageCM2,Male_22_Fit_Soldier.xml,1015,71.66229023601531,119.30393540038018,75.74765005924081,90.2664118396206,4.9305975745297825,69.52510765497775,5.191931447129135,15.264874569347281,0.9878919195123422,5.383850205952177,NORMAL
HemorrhageCM2,Male_22_Fit_Soldier.xml,1016,71.51696464834716,119.24904845208263,75.29622878043878,89.94716867098673,4.946087265423803,68.87332763318248,5.187716416112888,15.169856209598816,0.9868116886223229,5.385153145994039,NORMAL
HemorrhageCM2,Male_22_Fit_Soldier.xml,1017,71.35776211893193,118.7968808981917,75.86091642841862,90.17290458500965,4.9562343610020685,69.17529728667844,5.19343435629184,15.1795437219718,0.9854628911535406,5.3773971145060635,NORMAL
HemorrhageCM2,Male_22_Fit_Soldier.xml,1018,71.24539240510286,118.70911830492344,76.12656648774406,90.32075042680385,4.951377576835881,69.42451845017357,5.194853121889214,15.259351015123396,0.9852448779079754,5.387918632355722,NORMAL
HemorrhageCM2,Male_22_Fit_Soldier.xml,1019,71.7483777442577,118.178982660363,75.93748134733156,90.0179817850087,4.9482195004622636,69.45501421777678,5.192407383546221,15.274841058467805,0.9844079611892,5.390529287082789,NORMAL
HemorrhageCM2,Male_22_Fit_Soldier.xml,1020,71.48426550399645,118.83640949390248,75.49316596563546,89.94091380839113,4.923937922209774,69.01848873388263,5.1893735793383335,15.36840967132266,0.9852421190370346,5.386028911278556,NORMAL
HemorrhageCM2,Male_22_Fit_Soldier.xml,1021,71.74153703985137,118.81811375962408,75.0014508103191,89.60700512675409,4.920312698341025,68.93291989030338,5.18638044709236,15.252374242467743,0.984573594595418,5.380446442045464,NORMAL
HemorrhageCM2,Male_22_Fit_Soldier.xml,1022,71.86870003273673,118.45879253394145,75.69019828971028,89.94639637112067,4.926437308914347,68.68688582394212,5.188008565328634,15.255603428233982,0.9839794560642005,5.374938812835156,NORMAL
HemorrhageCM2,Male_22_Fit_Soldier.xml,1023,72.17679321248777,117.96918197006644,75.21013193860223,89.46314861575696,4.963514790861436,68.661266227158,5.188724115475981,15.319023401973546,0.9845984475768232,5.377934695014433,NORMAL
HemorrhageCM2,Male_22_Fit_Soldier.xml,1024,71.88818386670886,118.67101584000007,75.29292193061988,89.75228656707995,4.936785529295559,68.86671658356663,5.189006268927712,15.405439363192023,0.9851061987257317,5.379251370847342,NORMAL
HemorrhageCM2,Male_22_Fit_Soldier.xml,1025,71.57645742105845,118.09288398670829,75.25675493929039,89.53546462176303,4.952445350988476,68.77078545293733,5.185902500696656,15.281566119922948,0.9863735784910757,5.37977055826201,NORMAL
HemorrhageCM2,Male_22_Fit_Soldier.xml,1026,72.03551532877992,117.4725644061924,75.91433752909343,89.76707982145976,4.945866457448499,69.20519481512852,5.187979282805154,15.383606033886045,0.9877357371746656,5.374059349011436,NORMAL
HemorrhageCM2,Male_22_Fit_Soldier.xml,1027,71.72728722603674,118.00789250602998,76.19464373515638,90.13239332544758,4.935354294909226,68.76490718467747,5.191075344358647,15.493092055569612,0.9877627555794334,5.377880812570087,NORMAL
HemorrhageCM2,Male_22_Fit_Soldier.xml,1028,71.59509989765614,118.41225493733639,76.34436990713054,90.36699825053249,4.935978909256388,68.8797140945505,5.191547183257644,15.398606977574982,0.9878513541371616,5.383577840849366,NORMAL
HemorrhageCM2,Male_22_Fit_Soldier.xml,1029,71.59205071363925,118.34215970824059,76.03857413621522,90.13976932689035,4.965941495762669,68.99128373991884,5.1883033998484995,15.327237258945086,0.9868754420290876,5.38444606633662,NORMAL
HemorrhageCM2,Male_22_Fit_Soldier.xml,1030,71.66381839926046,118.48167432423992,75.59557161259136,89.89093918314087,4.938443706596528,69.35611697074678,5.184767132567806,15.339609023457687,0.9854301759833511,5.378477216720919,NORMAL
HemorrhageCM2,Male_22_Fit_Soldier.xml,1031,71.86724373739231,119.08597766989439,75.50225278011261,90.03016107670653,4.9609745586249225,68.96695593585481,5.1825124519119505,15.314984780160747,0.985761681295361,5.371970170800443,NORMAL
HemorrhageCM2,Male_22_Fit_Soldier.xml,1032,71.56837526801631,118.36549609261326,75.86267131599773,90.03027957486957,4.987575476031785,69.07886113465253,5.1868379932083,15.208325614008434,0.9848065758848797,5.367821358112057,NORMAL
HemorrhageCM2,Male_22_Fit_Soldier.xml,1033,71.7762901447771,118.30889967399692,75.59280619026072,89.83150401817278,4.9767187067339345,69.63663832395055,5.1914870922859375,15.335490166072407,0.9849619013246682,5.375780738331967,NORMAL
HemorrhageCM2,Male_22_Fit_Soldier.xml,1034,72.17890625769056,117.61684093797761,75.55714041090785,89.57704058659778,5.013013094074236,69.3405311664291,5.1910040455729085,15.345479398897666,0.9844086251200155,5.384335493610845,NORMAL
HemorrhageCM2,Male_22_Fit_Soldier.xml,1035,72.04754530544982,117.60538204892161,75.04860953968223,89.23420037609536,5.015814087698956,69.45981339177023,5.195326929402281,15.467627337086395,0.9838650425595586,5.3834466447501885,NORMAL
HemorrhageCM2,Male_22_Fit_Soldier.xml,1036,72.20377416675609,117.63982233257225,74.7217867562759,89.02779861504135,5.030966738301354,69.59721785959344,5.195575116764394,15.469649823906192,0.9827839347247286,5.3914011349947994,NORMAL
HemorrhageCM2,Male_22_Fit_Soldier.xml,1037,72.30685584111811,117.90625434909829,75.09442977210284,89.36503796443466,5.032621199735485,69.65587861897228,5.1956880214459344,15.463571135177025,0.9840241759296792,5.391857821787388,NORMAL
HemorrhageCM2,Male_22_Fit_Soldier.xml,1038,72.25658035289064,117.76520850091964,75.19446643535056,89.38471379054026,5.065948257788242,69.59436449844067,5.197202184979109,15.416546049310305,0.9836604898252531,5.392065576430662,NORMAL
HemorrhageCM2,Male_22_Fit_Soldier.xml,1039,72.59229658112629,117.54147312617646,74.72289550817969,88.99575471417862,5.020778563369545,70.03412503834515,5.200795227436816,15.441440554138321,0.9833142215087648,5.394851771833727,NORMAL
HemorrhageCM2,Male_22_Fit_Soldier.xml,1040,72.67857713318433,116.93301123382095,75.34257071023171,89.20605088476145,5.005312999331833,69.22835379243855,5.196705145053889,15.480929709180216,0.9829844379974676,5.401463289123205,NORMAL
HemorrhageCM2,Male_22_Fit_Soldier.xml,1041,72.44146483181032,116.85016268341165,75.61330869509834,89.35892669120278,4.984414836178967,68.97617351785885,5.198449415358683,15.588322856249114,0.9834231884376085,5.393937174219634,NORMAL
HemorrhageCM2,Male_22_Fit_Soldier.xml,1042,72.689752049177,116.37697246013427,75.4246410686473,89.07541819914296,4.9734971064851585,68.91086618002262,5.193770513163302,15.60294557407308,0.9830276138426176,5.397146786522692,NORMAL
HemorrhageCM2,Male_22_Fit_Soldier.xml,1043,72.53344872378743,117.07639915377648,75.57390681106298,89.40807092530082,5.009138014949503,68.5873954178036,5.191934784282408,15.6864633553482,0.9837731925612717,5.388537190859777,NORMAL
HemorrhageCM2,Male_22_Fit_Soldier.xml,1044,72.50714226223488,117.86499580809541,75.47725919266662,89.60650473114289,4.999145606438315,69.13509348072026,5.193305029774284,15.563014977203355,0.9847962623732757,5.385159286652497,NORMAL
HemorrhageCM2,Male_22_Fit_Soldier.xml,1045,72.09525831284049,118.12601503226587,75.34184381165633,89.60323421852618,4.999480826910594,69.03603732314883,5.196489369043014,15.423828156238347,0.9843311706089616,5.387680660075441,NORMAL
HemorrhageCM2,Male_22_Fit_Soldier.xml,1046,72.16985320905222,117.91987590315304,75.3423685610968,89.53487100844889,4.999306077238002,69.36305905849734,5.200243404537726,15.377758424869253,0.9852460960805244,5.3935401271924,NORMAL
HemorrhageCM2,Male_22_Fit_Soldier.xml,1047,72.41136843672892,117.97945836555606,75.16446896299726,89.43613209718353,4.963200962582522,69.30223617154525,5.205186219919035,15.414141853457966,0.9849325013809143,5.400447885970861,NORMAL
HemorrhageCM2,Male_22_Fit_Soldier.xml,1048,72.11750877162284,118.32191530710573,74.77299585011974,89.28930233578174,4.995634678450895,68.68011480211749,5.200718888821137,15.403625585754162,0.9844484124560071,5.409543105339095,NORMAL
HemorrhageCM2,Male_22_Fit_Soldier.xml,1049,71.75002386629316,118.70574920147553,74.88749467883402,89.49357951971452,4.972994931916185,69.29928680991775,5.203617927138103,15.343182147716924,0.9849471254016359,5.401322819289254,NORMAL
HemorrhageCM2,Male_22_Fit_Soldier.xml,1050,71.6368144634873,119.04859888101147,74.93771008142014,89.64133968128391,4.979785709629333,69.31633893674271,5.200329423510605,15.275435703139259,0.9846582558883106,5.406657307311894,NORMAL
HemorrhageCM2,Male_22_Fit_Soldier.xml,1051,71.80261993296351,118.85990531200369,75.37866309512575,89.87241050075173,4.956924746489482,69.48804206773094,5.195489117482154,15.214922947090741,0.9852955751759048,5.400606168521961,NORMAL
HemorrhageCM2,Male_22_Fit_Soldier.xml,1052,72.12856671448,118.86644438769589,75.10721547200914,89.69362511057139,4.9996283806742445,69.08086890619836,5.198271867844278,15.24822724512814,0.9851738282298572,5.391699575468813,NORMAL
HemorrhageCM2,Male_22_Fit_Soldier.xml,1053,72.45499186343541,118.8104415574406,75.34942717681773,89.83643197035869,5.021207384630873,69.33859951158882,5.197747286510895,15.247073102319312,0.985358279020174,5.396820083324775,NORMAL
HemorrhageCM2,Male_22_Fit_Soldier.xml,1054,72.47392260825681,118.74638958419403,75.26300110162686,89.75746392914925,4.990203708153972,69.34102200850661,5.19443213007662,15.256957567166566,0.9858855525215868,5.395854807073176,NORMAL
HemorrhageCM2,Male_22_Fit_Soldier.xml,1055,72.22823555379162,118.56823079403442,75.13198457116172,89.6107333121193,5.017924961543646,68.95489274207408,5.190521587670894,15.268262700765472,0.9849254217758404,5.389754624751223,NORMAL
HemorrhageCM2,Male_22_Fit_Soldier.xml,1056,72.11681417061644,118.95465690198623,75.4092302570041,89.92437247199814,4.996054483806468,69.47993737559136,5.192291762373807,15.299707616862285,0.9846489825391537,5.382558879354104,NORMAL
HemorrhageCM2,Male_22_Fit_Soldier.xml,1057,71.78648621518161,118.41116417510622,75.17335146344746,89.58595570066704,5.022758025138942,69.30488118266321,5.192549676034492,15.23150364819323,0.9848565233773096,5.385816158050771,NORMAL
HemorrhageCM2,Male_22_Fit_Soldier.xml,1058,71.77409602697249,118.56854198267013,74.71488970863349,89.33277379997904,4.99247710812011,69.88813325978984,5.1895096773365035,15.327429777803001,0.9841431856770713,5.38629074209671,NORMAL
HemorrhageCM2,Male_22_Fit_Soldier.xml,1059,72.05787601640569,118.72387553639194,74.47707641466322,89.22600945523946,5.021680252687789,69.53248499118914,5.194986306131042,15.29965269226086,0.9841692186644441,5.380696874451582,NORMAL
HemorrhageCM2,Male_22_Fit_Soldier.xml,1060,71.66331186771998,119.14223552280478,74.15674010234596,89.1519052424989,5.026922111133798,69.65962943219296,5.199058896756691,15.27223641625547,0.9854373689273659,5.390774357918408,NORMAL
HemorrhageCM2,Male_22_Fit_Soldier.xml,1061,71.6499485531537,118.81682725421416,74.56224557356045,89.31377280044502,4.9905626865525985,70.0367262774432,5.203565764637774,15.198396137820538,0.9860751021982419,5.398268286434808,NORMAL
HemorrhageCM2,Male_22_Fit_Soldier.xml,1062,71.42585023683161,118.17755283123655,75.01256266049882,89.4008927174114,5.026453837331403,69.60789551600298,5.203500237427586,15.255830495641865,0.9869760865206718,5.4065613236777335,NORMAL
HemorrhageCM2,Male_22_Fit_Soldier.xml,1063,71.88966553229328,118.76086769894664,74.83075927652669,89.47412875066668,5.053697435932391,70.22140987143925,5.200601142447536,15.368662035277723,0.9856849178665295,5.4064407477902545,NORMAL
HemorrhageCM2,Male_22_Fit_Soldier.xml,1064,72.15501557465832,118.43246366295017,75.06934014785648,89.5237146528877,5.037745173991467,70.17900953748375,5.203036820043773,15.265707322480585,0.984837969095104,5.4011061555025055,NORMAL
HemorrhageCM2,Male_22_Fit_Soldier.xml,1065,72.06521121696512,117.88363691521923,74.78888066964633,89.15379941817064,5.070314335230639,69.77589969169047,5.2021887634468,15.323670431393216,0.9841138421323736,5.4055880186390155,NORMAL
HemorrhageCM2,Male_22_Fit_Soldier.xml,1066,72.12497518429059,117.88381195032028,74.78083692378976,89.1484952659666,5.096850814404331,70.23894244435083,5.200178659048552,15.420538012378845,0.9839560393530307,5.404027519168345,NORMAL
HemorrhageCM2,Male_22_Fit_Soldier.xml,1067,72.248511784778,118.54610588199218,75.37941261055822,89.76831036770287,5.118915613888493,70.51032141799915,5.19879435438243,15.420507118791939,0.9846865235250295,5.400328748519486,NORMAL
HemorrhageCM2,Male_22_Fit_Soldier.xml,1068,72.4605565336536,117.81144064396511,76.012499742242,89.94548004281637,5.111550496244804,70.67646090502437,5.202305482148712,15.303612650131733,0.9851982580234068,5.397781504967066,NORMAL
HemorrhageCM2,Male_22_Fit_Soldier.xml,1069,72.72975041877434,118.10055238974115,76.35759423666242,90.271913621022,5.075874726237527,70.4187187090298,5.202648425007067,15.433280609530826,0.9846102116921642,5.4042422919479005,NORMAL
HemorrhageCM2,Male_22_Fit_Soldier.xml,1070,72.96425599935962,117.89673431028214,76.69027616491285,90.42576221336928,5.035538424824578,69.778935621773,5.206106197986639,15.38225256550119,0.9857143188619376,5.404873337270633,NORMAL
HemorrhageCM2,Male_22_Fit_Soldier.xml,1071,73.12320442855207,118.91341777919952,76.6765757550334,90.75552309642211,5.093452621803567,69.04856672585812,5.203173310252349,15.332057392159225,0.9845079116476869,5.411235946704455,NORMAL
HemorrhageCM2,Male_22_Fit_Soldier.xml,1072,74.0236913405425,119.29742237888753,76.64121678908292,90.85995198568446,5.161043187494795,69.54228873379648,5.207078494385982,15.066444451608884,0.9851012261386604,5.405839172747118,NORMAL
HemorrhageCM2,Male_22_Fit_Soldier.xml,1073,75.22931686170809,120.8109425631344,77.04093389647419,91.63093678536093,5.175532469779484,69.57317634942343,5.210176975106851,14.912498939543672,0.9863025926407903,5.413025058447616,NORMAL
HemorrhageCM2,Male_22_Fit_Soldier.xml,1074,76.68818366686752,122.16355466414511,77.59752850445271,92.45287055768351,5.277081169566497,68.77230557029056,5.211537129283944,14.559194626519618,0.9876485491068969,5.418726538209761,NORMAL
HemorrhageCM2,Male_22_Fit_Soldier.xml,1075,78.20936107325953,124.28270875949612,78.6271850604877,93.84569296015718,5.36273089534342,68.78776411648894,5.209133234824389,14.234290490506908,0.988142908565557,5.421229342717099,NORMAL
HemorrhageCM2,Male_22_Fit_Soldier.xml,1076,79.87230676327117,126.46243889208095,79.43742775631416,95.11243146823642,5.423065778471276,68.5854109163836,5.203923969916697,13.774092167352933,0.9887961265178961,5.416805963375355,NORMAL
HemorrhageCM2,Male_22_Fit_Soldier.xml,1077,81.08719417487696,128.4605712986513,79.77186098985953,96.00143109279013,5.505233631770247,68.07818899591445,5.204893189337461,13.389371149257647,0.9884135039201919,5.40722045321006,NORMAL
HemorrhageCM2,Male_22_Fit_Soldier.xml,1078,81.64352042820984,129.3374413286857,80.52332568394598,96.7946975655259,5.62198334681408,68.12105987524406,5.207808165334359,13.036702017307203,0.9894097968381856,5.409003903039309,NORMAL
HemorrhageCM2,Male_22_Fit_Soldier.xml,1079,82.71078454326152,130.8503797286271,81.51802263350876,97.96214166521487,5.671169857979611,68.97241415264133,5.206967513703953,12.881935000212273,0.9902424587892783,5.414367717808759,NORMAL
HemorrhageCM2,Male_22_Fit_Soldier.xml,1080,83.11556205573835,132.1879420710492,82.43679118782742,99.02050814890136,5.752218920571007,68.76079295839666,5.203397059263447,12.614902309862362,0.9900465177138824,5.41282084413435,NORMAL
HemorrhageCM2,Male_22_Fit_Soldier.xml,1081,83.38393335273298,133.63282909299113,83.38918784580633,100.1370682615346,5.82926358272722,69.32837962652853,5.204050494394802,12.378823385022098,0.9914670815996871,5.413611246120032,NORMAL
HemorrhageCM2,Male_22_Fit_Soldier.xml,1082,84.19663566528763,134.5869407613637,83.84791918971545,100.76092638026488,5.897852165649643,69.94317043846563,5.208467910461923,12.123801720732416,0.9905245344249833,5.407453269488849,NORMAL
HemorrhageCM2,Male_22_Fit_Soldier.xml,1083,84.68453908352964,134.7592503273076,83.98203724414539,100.9077749385328,5.919074779368783,70.09601348514725,5.205392431523785,11.955401602320693,0.9893297343554412,5.415581707448148,NORMAL
HemorrhageCM2,Male_22_Fit_Soldier.xml,1084,84.81732781650199,136.0011955584612,83.75997474099758,101.17371501348545,5.960646598634318,69.98293166822462,5.204312863857882,11.924989070674457,0.9907232485694776,5.40992255300946,NORMAL
HemorrhageCM2,Male_22_Fit_Soldier.xml,1085,84.99467620462721,136.71412152613235,83.56539946603485,101.28164015273401,5.996282713058248,70.31726896059828,5.200873467956191,11.7057865067399,0.9918311865649647,5.407936052607003,NORMAL
HemorrhageCM2,Male_22_Fit_Soldier.xml,1086,85.40260804667172,136.80336918653364,83.84447435903533,101.49743930153477,5.98050572263042,70.56008185102891,5.204367006591006,11.579955515091518,0.9920649769161024,5.401607258628902,NORMAL
HemorrhageCM2,Male_22_Fit_Soldier.xml,1087,85.90706279614744,136.87513735145527,84.31038167982837,101.831966903704,5.989879531091446,70.12454872611477,5.20310308104187,11.564203358318105,0.9909176546197155,5.40803568004541,NORMAL
HemorrhageCM2,Male_22_Fit_Soldier.xml,1088,85.7560638223128,136.90883764110873,84.65013335396702,102.06970144968092,6.0371252579908825,69.88205072850482,5.2015513497760235,11.551536321668607,0.9914770398512264,5.405709944761428,NORMAL
HemorrhageCM2,Male_22_Fit_Soldier.xml,1089,85.76681323867405,136.58650713205984,84.3685927892017,101.77456423682108,6.031354954072184,70.46008635793615,5.203357546275995,11.545588241421529,0.9919994551984855,5.402854621393134,NORMAL
HemorrhageCM2,Male_22_Fit_Soldier.xml,1090,85.97975158653942,137.2794375503699,84.84361311608681,102.32222126084784,6.020991174272432,70.3945657934086,5.199041885918908,11.602479376590361,0.9905958001139725,5.406178183396177,NORMAL
HemorrhageCM2,Male_22_Fit_Soldier.xml,1091,85.84971203365151,137.22789008043245,85.46936400159395,102.72220602787344,6.0712481500302395,70.14734764810204,5.20351171189286,11.480177587017305,0.9920297476853905,5.398236984982228,NORMAL
HemorrhageCM2,Male_22_Fit_Soldier.xml,1092,85.95554027289897,137.9011601588845,84.98632962094626,102.62460646692567,6.055368207310406,70.74162892194647,5.204427509682269,11.489275683528478,0.9913549356733463,5.406461861825626,NORMAL
HemorrhageCM2,Male_22_Fit_Soldier.xml,1093,85.87935690563113,137.96704203950847,85.66710840279202,103.10041961503084,6.0660745163818035,70.51018947297719,5.204878374652803,11.370443931761116,0.9906074315402857,5.408147011107777,NORMAL
HemorrhageCM2,Male_22_Fit_Soldier.xml,1094,85.90422316596587,138.80837861440023,86.15970029893234,103.70925973742163,6.041144310707627,70.66943099228965,5.2026614952197106,11.358815820643695,0.9907300909839581,5.408976642703561,NORMAL
HemorrhageCM2,Male_22_Fit_Soldier.xml,1095,85.63502114776071,138.41197669678516,85.59392961293547,103.19994530755203,6.019209023256628,70.40116094944132,5.206165489402974,11.210320436369074,0.9917560838307831,5.404897387622915,NORMAL
HemorrhageCM2,Male_22_Fit_Soldier.xml,1096,85.89943928362402,139.1953062131421,85.38115475101478,103.31920523839055,6.06011899860246,70.36033863580569,5.206801839794974,11.280285129263854,0.9924803224623193,5.411345048177324,NORMAL
HemorrhageCM2,Male_22_Fit_Soldier.xml,1097,85.72867420135802,139.02807466777787,85.92507715638693,103.62607632685058,6.050671474825642,70.59581798626056,5.211203645371421,11.142027954886236,0.9931529886542682,5.412515989425138,NORMAL
HemorrhageCM2,Male_22_Fit_Soldier.xml,1098,85.49886902147388,139.63652603054504,86.12278419579013,103.96069814070843,6.081095806359335,70.61540574326197,5.205840073230173,11.171544219045904,0.9919267076072427,5.420615702694926,NORMAL
HemorrhageCM2,Male_22_Fit_Soldier.xml,1099,85.37359709301597,139.0294424952228,85.82062542877333,103.55689778425649,6.100089401326274,71.0787835104284,5.2047374254216745,11.064152930442827,0.9933382173881127,5.410746253512894,NORMAL
HemorrhageCM2,Male_22_Fit_Soldier.xml,1100,85.82890974914618,138.50059440021033,85.66952663598508,103.27988255739349,6.1167998314153085,71.35666448021823,5.204210636943553,11.171302798349222,0.9931302294981552,5.40871728359787,NORMAL
HemorrhageCM2,Male_22_Fit_Soldier.xml,1101,86.13659383083409,139.1904102230082,85.25674336071076,103.2346323148099,6.082049632829858,71.21557041095697,5.207555704098164,11.264644159506474,0.9920018706439906,5.407747946003894,NORMAL
HemorrhageCM2,Male_22_Fit_Soldier.xml,1102,85.8464695712731,139.29777239894347,85.07142818251371,103.14687625465696,6.115710785187265,70.65741108000996,5.207808357372246,11.142892094111886,0.9921724076631323,5.413903166708215,NORMAL
HemorrhageCM2,Male_22_Fit_Soldier.xml,1103,86.25160180019014,139.4167078863982,85.26548362060242,103.31589170920101,6.10693285177776,71.19265412834136,5.202952390215714,11.123942736568358,0.9928834274030878,5.414368071175529,NORMAL
HemorrhageCM2,Male_22_Fit_Soldier.xml,1104,86.34752094422254,140.02756129367054,84.78294617261147,103.19781787963116,6.120514923574724,70.8304567160971,5.204522724222151,11.10295069671112,0.9924153462708709,5.405432660255547,NORMAL
HemorrhageCM2,Male_22_Fit_Soldier.xml,1105,86.35679688263455,140.65603054640573,85.33032641734823,103.77222779370074,6.090085971356697,70.90244579751983,5.199971739526948,10.995135448740905,0.9932942791079988,5.408322214318996,NORMAL
HemorrhageCM2,Male_22_Fit_Soldier.xml,1106,86.4197520389353,140.51462264640406,85.9552569747347,104.14171219862449,6.098942088419705,70.5905209734077,5.195032052717065,10.884211014959215,0.9945201502203199,5.399947998219227,NORMAL
HemorrhageCM2,Male_22_Fit_Soldier.xml,1107,86.4686021085574,141.08540724731677,85.75041298075233,104.19541106960715,6.117606537217864,70.6372957103947,5.1977724634455225,10.909169421709702,0.995610902886281,5.390858535700325,NORMAL
HemorrhageCM2,Male_22_Fit_Soldier.xml,1108,86.43898570589823,140.5537821392559,85.23815892691339,103.67669999769423,6.126754240366904,70.7918927239797,5.196182275901539,10.808426293240018,0.9939088405188784,5.395901134869341,NORMAL
HemorrhageCM2,Male_22_Fit_Soldier.xml,1109,86.01599036882051,141.12137128669872,85.18534672863333,103.83068824798846,6.115101339455292,70.90359443025686,5.19326763227441,10.902257795479999,0.9950714104018763,5.392975048533231,NORMAL
HemorrhageCM2,Male_22_Fit_Soldier.xml,1110,86.30550421529027,140.4144703179061,85.70388601123084,103.94074744678926,6.086126272140439,71.07163443407092,5.1966008481282975,10.802078662568215,0.9941006860669084,5.38761184535368,NORMAL
HemorrhageCM2,Male_22_Fit_Soldier.xml,1111,86.45217254928541,140.58145879011968,85.28340270302239,103.71608806538815,6.087240779740168,70.58509332927122,5.196196213500139,10.926846245646919,0.9947718284851331,5.393745258611927,NORMAL
HemorrhageCM2,Male_22_Fit_Soldier.xml,1112,86.2182886175667,140.7720822998714,84.92514910718356,103.54079350474618,6.102180937636054,70.4981438058616,5.1998208762195866,10.89737288374776,0.9945082094076646,5.39300069495272,NORMAL
HemorrhageCM2,Male_22_Fit_Soldier.xml,1113,86.17041803291201,141.22093849227556,85.02317504030492,103.75576285762847,6.106935172792111,70.80507385882066,5.1990659039706975,10.863727952364615,0.994997180401343,5.399670396332606,NORMAL
HemorrhageCM2,Male_22_Fit_Soldier.xml,1114,86.3883219721155,141.2368893345022,85.05888210571422,103.78488451531021,6.100093315930135,70.88513481820135,5.194544971061704,10.784505112464103,0.9942028180447111,5.3982811803310256,NORMAL
HemorrhageCM2,Male_22_Fit_Soldier.xml,1115,86.28875104115833,140.7054733037972,85.39295021635711,103.83045791217047,6.07248646958609,70.66991542668711,5.194934353631263,10.781689798692378,0.9943354135971112,5.38996226218736,NORMAL
HemorrhageCM2,Male_22_Fit_Soldier.xml,1116,86.25615158448076,140.3295622397269,85.38910706893773,103.70259212586745,6.108725745424275,70.45920828358462,5.195115494003678,10.87548439890857,0.9930145482664652,5.390678760703912,NORMAL
HemorrhageCM2,Male_22_Fit_Soldier.xml,1117,85.9119509783386,140.85490272190106,85.87073442565757,104.1987905244054,6.109411520428548,70.84542455287176,5.193460853878917,10.941832468846433,0.9914966587037549,5.391012075079722,NORMAL
HemorrhageCM2,Male_22_Fit_Soldier.xml,1118,85.5891375739775,140.11758186921065,85.4150821367624,103.64924871424515,6.102151720759196,71.08468631785988,5.189928538759731,10.849110199182235,0.9919395138281782,5.387967390269704,NORMAL
HemorrhageCM2,Male_22_Fit_Soldier.xml,1119,85.71839686482392,139.75849809886978,85.18964404264726,103.3792620613881,6.0684068440953,71.23053736736472,5.190768254013174,10.979246872924294,0.9907062009230809,5.381467616677471,NORMAL
HemorrhageCM2,Male_22_Fit_Soldier.xml,1120,85.89870551180059,139.33824839449284,84.90351313910962,103.04842489090403,6.064049178365881,70.8015860819553,5.187339289318894,11.042624935943143,0.9918599578416639,5.383012767335089,NORMAL
HemorrhageCM2,Male_22_Fit_Soldier.xml,1121,85.75518510002446,139.5380980013119,84.97835151993156,103.16493368039168,6.0824558165667675,70.6359659725625,5.189589687794277,11.11679874842809,0.9910864225782472,5.376703167705221,NORMAL
HemorrhageCM2,Male_22_Fit_Soldier.xml,1122,86.17293821399453,140.11225566240927,84.72302846136981,103.18610419504962,6.059598326378711,70.91867553777479,5.192892343593306,11.081525416627978,0.9913916712306075,5.380844100801156,NORMAL
HemorrhageCM2,Male_22_Fit_Soldier.xml,1123,86.43888247005808,139.54792819661992,84.91432777604813,103.12552791623872,6.025444447591452,70.4070669429216,5.189627423025576,10.980186945125245,0.9903755609817015,5.3869212808438345,NORMAL
HemorrhageCM2,Male_22_Fit_Soldier.xml,1124,86.34102247435327,139.86957675575295,85.4844342503264,103.61281508546858,6.072633743918042,69.88671263035208,5.191475642890663,11.079790393245753,0.9903856558507507,5.380913536978737,NORMAL
HemorrhageCM2,Male_22_Fit_Soldier.xml,1125,86.37400508683376,140.5483925399673,85.3778893625434,103.76805708835137,6.0901810488379375,70.4257388097928,5.194060146396804,11.023019621814614,0.9901197678097949,5.384314425706497,NORMAL
HemorrhageCM2,Male_22_Fit_Soldier.xml,1126,86.14833479331578,139.95908000382397,84.86764039100579,103.23145359527852,6.060441168436273,70.57995254223835,5.189693923333819,10.90320905641567,0.9916017083808059,5.389070141737328,NORMAL
HemorrhageCM2,Male_22_Fit_Soldier.xml,1127,86.40865588125098,139.55680950258918,85.17904401849555,103.30496584652676,6.077686509260412,70.43201881530975,5.1898758364645445,11.007222353975822,0.9919317758883842,5.381035903453078,NORMAL
HemorrhageCM2,Male_22_Fit_Soldier.xml,1128,86.56658836670032,139.17616599258437,85.03661033266084,103.08312888596869,6.077730972446694,70.43130329429025,5.190425210761473,11.078222848243996,0.9904227256864676,5.38137063977282,NORMAL
HemorrhageCM2,Male_22_Fit_Soldier.xml,1129,86.19676771469464,138.78636017610035,85.39292932944109,103.19073961166085,6.117804821824224,70.32642114453549,5.190905660626361,11.14540619195763,0.9915482713284475,5.382381537279679,NORMAL
HemorrhageCM2,Male_22_Fit_Soldier.xml,1130,86.22928079474055,138.51084040258988,85.54757856767621,103.2019991793141,6.142141689172686,70.97674730496368,5.187142025656733,11.214206677088953,0.9900280568163771,5.383265607709079,NORMAL
HemorrhageCM2,Male_22_Fit_Soldier.xml,1131,86.29204714201411,138.98415120830327,86.1761238128367,103.77879961132557,6.164420999882197,71.19960654805872,5.190540875655736,11.26283574643371,0.9903932877543037,5.376340185044061,NORMAL
HemorrhageCM2,Male_22_Fit_Soldier.xml,1132,86.28255159671461,138.8106009325469,86.14042453505085,103.69715000088287,6.154733217927477,71.38113189614667,5.192207578235389,11.179296682433334,0.9907762836666438,5.38259437095955,NORMAL
HemorrhageCM2,Male_22_Fit_Soldier.xml,1133,86.37426801527384,139.39372393878807,86.10940601199103,103.87084532092338,6.16459024330563,71.29017672050712,5.193113713968486,11.209928198592877,0.9905601846796525,5.3856612517580675,NORMAL
HemorrhageCM2,Male_22_Fit_Soldier.xml,1134,86.15910485418767,138.85387805039295,86.56800310206867,103.99662808484344,6.149362851108698,71.32715638997088,5.193397690714619,11.107007349226143,0.990579716772093,5.387328621998332,NORMAL
HemorrhageCM2,Male_22_Fit_Soldier.xml,1135,86.48143561791575,138.7740206882042,86.73827830670109,104.08352576720212,6.104456118671643,71.31978095469115,5.191805690032866,11.202289814102487,0.9896899246561048,5.387851164436659,NORMAL
HemorrhageCM2,Male_22_Fit_Soldier.xml,1136,86.26924405785725,138.5430214131061,86.31517113295817,103.72445455967414,6.1365885231285136,70.65133194849032,5.190852400869389,11.21638458905852,0.9901009728955177,5.384921741765995,NORMAL
HemorrhageCM2,Male_22_Fit_Soldier.xml,1137,86.49441209789855,138.93396230099572,85.8355278291332,103.5350059864207,6.11518930544283,71.11675487349306,5.193697654372062,11.257155818013189,0.9915522652387512,5.383167605025227,NORMAL
HemorrhageCM2,Male_22_Fit_Soldier.xml,1138,86.67125498587963,139.3015752436854,86.13635537731243,103.85809533277008,6.136845086297185,70.75032814340328,5.197199112695613,11.188154993481936,0.9925417024002762,5.388403124211903,NORMAL
HemorrhageCM2,Male_22_Fit_Soldier.xml,1139,86.64705100284188,139.07908241724147,86.41943836032804,103.97265304596586,6.145304707213855,70.84887525139132,5.1937140248197995,11.123271536827206,0.9915168873508003,5.394846118559185,NORMAL
HemorrhageCM2,Male_22_Fit_Soldier.xml,1140,86.61435976064158,138.62855830148564,86.2693342881421,103.72240895925661,6.178775028268851,70.94985135833925,5.1922531425789336,11.16254138286402,0.9906038581441571,5.388433247289916,NORMAL
HemorrhageCM2,Male_22_Fit_Soldier.xml,1141,86.1406346983948,138.11508978293074,86.69477400342684,103.83487926326147,6.156851841045417,71.30722253829599,5.189458601749863,11.242058610202855,0.9916193779633717,5.385745094197636,NORMAL
HemorrhageCM2,Male_22_Fit_Soldier.xml,1142,86.43070792904692,137.68133058266207,86.08953460951577,103.28679993389787,6.143733241566501,71.40769283005321,5.191477074633019,11.332685485642736,0.9904319193342067,5.380602890835156,NORMAL
HemorrhageCM2,Male_22_Fit_Soldier.xml,1143,86.13191033809709,137.61473241848736,85.88740307235766,103.12984618773423,6.126330658725018,71.07960821308275,5.187625293703385,11.409243715783669,0.9916104814978717,5.3843170602396135,NORMAL
HemorrhageCM2,Male_22_Fit_Soldier.xml,1144,85.92199203889426,137.40665847079168,86.12879625892367,103.22141699621301,6.1240564615537805,71.10634939440804,5.190309579490632,11.420998250504072,0.9921808848443048,5.377229441178242,NORMAL
HemorrhageCM2,Male_22_Fit_Soldier.xml,1145,86.27743816202042,137.62434152217577,86.06222506733235,103.24959721894682,6.148181772795393,71.22561648977668,5.187193691184473,11.457723173374069,0.9909041420835072,5.382168765469894,NORMAL
HemorrhageCM2,Male_22_Fit_Soldier.xml,1146,86.31560519037332,138.29850751259423,86.59177362191673,103.8273515854759,6.167656532248751,71.22777357974931,5.183637321474322,11.419302249655743,0.9897280397105851,5.376435254204512,NORMAL
HemorrhageCM2,Male_22_Fit_Soldier.xml,1147,86.3623365681129,139.01765541390782,87.0154213130157,104.3494993466464,6.131212556368762,71.39768719755564,5.182866838891261,11.30031236998131,0.9896542937703272,5.369891218028149,NORMAL
HemorrhageCM2,Male_22_Fit_Soldier.xml,1148,86.30137338465086,139.45865659726684,86.41525925028523,104.0963916992791,6.138824912985629,70.9999408184484,5.182582806070086,11.173383210899418,0.9886752078921928,5.36847346163392,NORMAL
HemorrhageCM2,Male_22_Fit_Soldier.xml,1149,86.52561973154457,139.43701796913487,86.26536480860901,103.98924919545097,6.155179112133767,71.11754251658326,5.181428568652438,11.095546775229325,0.9897885236531453,5.367950816012534,NORMAL
HemorrhageCM2,Male_22_Fit_Soldier.xml,1150,86.30339709446463,139.5102019210714,85.73646425569218,103.66104347748525,6.1376284614288235,71.1305020778306,5.185461910442122,11.09936597968985,0.9894673181729158,5.365826916634008,NORMAL
HemorrhageCM2,Male_22_Fit_Soldier.xml,1151,86.38039673556457,139.08001041279218,86.07163912718455,103.7410962223871,6.126357058362916,71.10415084584709,5.183906131942194,11.086449057509276,0.9904951706815117,5.373248623805786,NORMAL
HemorrhageCM2,Male_22_Fit_Soldier.xml,1152,86.24217004077478,139.0611450860283,86.0137249845434,103.69619835170504,6.1510395897505825,70.93901079207905,5.188139000047357,11.162377592224198,0.990120857714149,5.370385853167269,NORMAL
HemorrhageCM2,Male_22_Fit_Soldier.xml,1153,85.82208240146844,138.67528147470153,85.42405071250406,103.17446096656988,6.168744841620696,71.2803742527519,5.193523781644731,11.16570731071127,0.9889454846938327,5.378174706483305,NORMAL
HemorrhageCM2,Male_22_Fit_Soldier.xml,1154,85.70617704807186,139.50566289876966,85.08891615579668,103.22783173678768,6.124510850201639,71.74469989652815,5.196633515324874,11.233811999074463,0.989590283184616,5.38808318294863,NORMAL
HemorrhageCM2,Male_22_Fit_Soldier.xml,1155,85.87261071684954,140.12726462353504,84.66534312495092,103.15265029114563,6.131776519316278,71.37695918969459,5.1990363797479295,11.087250192133682,0.9901840828131352,5.39380536915543,NORMAL
HemorrhageCM2,Male_22_Fit_Soldier.xml,1156,85.91152516683454,139.82632483088736,84.70457282339373,103.07849015922494,6.142016014919873,71.33705395818772,5.199649530851515,10.977537872784348,0.9896622890183445,5.398226853138517,NORMAL
HemorrhageCM2,Male_22_Fit_Soldier.xml,1157,86.12172093483771,140.4196553956838,84.2662722093256,102.98406660477833,6.118805214350634,71.41390428516007,5.199955470173511,11.030653559759553,0.9910305982578749,5.399355105634873,NORMAL
HemorrhageCM2,Male_22_Fit_Soldier.xml,1158,86.25989272375112,140.29500925782853,84.11615088046486,102.84243700625275,6.119855848000988,71.03747054387334,5.202842446371621,10.925931082631228,0.9914842630184457,5.399918061163708,NORMAL
HemorrhageCM2,Male_22_Fit_Soldier.xml,1159,86.37075893789509,140.80308961137752,84.67538469883127,103.38461966968002,6.109573052264867,70.95482180443216,5.199588134450704,10.947931048746511,0.9908501377223385,5.4052303538161866,NORMAL
HemorrhageCM2,Male_22_Fit_Soldier.xml,1160,85.93312788231829,140.4770141891674,85.10114951840517,103.55977107532591,6.127502845226412,70.77690945477877,5.1958811218617305,10.858255181092295,0.9923378919571026,5.399242130803584,NORMAL
HemorrhageCM2,Male_22_Fit_Soldier.xml,1161,85.77239202830515,139.85091093942856,85.26891025573939,103.46291048363578,6.1255484779162614,71.25282231630844,5.198780912417152,10.915807291114174,0.9912110020431968,5.392420898348693,NORMAL
HemorrhageCM2,Male_22_Fit_Soldier.xml,1162,85.43596333416426,140.28366754477437,85.46581988727854,103.73843577311048,6.101454593209084,71.34234921399832,5.201619963149894,11.02631412683271,0.9918736589905174,5.397756770556914,NORMAL
HemorrhageCM2,Male_22_Fit_Soldier.xml,1163,85.92776959600955,139.704954398368,85.0005225914515,103.235333193757,6.091099264148933,71.3279042398543,5.202760333371145,10.94993285407457,0.9913672251122287,5.402980876095931,NORMAL
HemorrhageCM2,Male_22_Fit_Soldier.xml,1164,85.57904904529562,139.95097055755778,84.66766404922825,103.0954328853381,6.076121037811315,70.88925982437507,5.20490821625848,11.052075365912293,0.9911973048950745,5.405079258601274,NORMAL
HemorrhageCM2,Male_22_Fit_Soldier.xml,1165,86.0417149578521,140.3842742558622,85.41101774492019,103.73543658190086,6.0845476335360456,70.9739617603567,5.208459165933361,11.00865366621814,0.9915647623221391,5.4090315539088145,NORMAL
HemorrhageCM2,Male_22_Fit_Soldier.xml,1166,86.06078424406219,140.47288932101645,85.30062954626369,103.69138280451462,6.069367524609187,70.74637745844477,5.210630700997655,10.93217583189172,0.9921641698246843,5.415565616738823,NORMAL
HemorrhageCM2,Male_22_Fit_Soldier.xml,1167,86.18771297154689,140.7174147314716,85.40640771775313,103.84341005565928,6.053256050573701,70.58061481556629,5.208059186707298,10.916535327787528,0.992318195082454,5.419561434152973,NORMAL
HemorrhageCM2,Male_22_Fit_Soldier.xml,1168,86.41196056093418,140.43889082433026,84.99374204759596,103.47545830650739,6.076409936955101,70.33336538135785,5.210699186010824,10.873376744321552,0.9909586395133078,5.414829619433009,NORMAL
HemorrhageCM2,Male_22_Fit_Soldier.xml,1169,85.9870397183276,140.931232808634,85.08348415964731,103.69940037597621,6.075243422656084,70.41627856567042,5.2085366684934495,10.922536041391151,0.9910407133246979,5.419687452660677,NORMAL
HemorrhageCM2,Male_22_Fit_Soldier.xml,1170,86.05998058514433,140.84833306838965,85.06491657992733,103.6593887427481,6.059634566991467,70.68940876991564,5.207842387224018,10.835637986159066,0.9908077246519633,5.41570822833388,NORMAL
HemorrhageCM2,Male_22_Fit_Soldier.xml,1171,86.0011719135891,141.35210115594415,85.16224105813677,103.89219442407257,6.102869896865208,70.48310252978116,5.210453462865852,10.850269738957211,0.9897561366840071,5.414430689125636,NORMAL
HemorrhageCM2,Male_22_Fit_Soldier.xml,1172,85.7026586639957,141.48883587683076,84.81594255427366,103.70690699512603,6.1188498249506615,70.95836938267973,5.213250366699207,10.761354983579645,0.9887097649765715,5.419235300246523,NORMAL
HemorrhageCM2,Male_22_Fit_Soldier.xml,1173,85.52667153522042,141.27659083619284,85.25086853891011,103.92610930467102,6.151866061548447,71.32213179586752,5.210884246469741,10.737221390048006,0.9902483473168384,5.4243818517467925,NORMAL
HemorrhageCM2,Male_22_Fit_Soldier.xml,1174,85.6937516005687,140.9986552616133,84.88393351966634,103.58884076698199,6.150702722857544,71.77647648635038,5.205416811587804,10.77468250823839,0.9892683596792033,5.420027980343868,NORMAL
HemorrhageCM2,Male_22_Fit_Soldier.xml,1175,85.64643890065295,141.5687383166895,84.77898688727505,103.7089040304132,6.142827113145282,71.65021261304663,5.207895744257163,10.823737964975294,0.9883332334119019,5.409967414492916,NORMAL
HemorrhageCM2,Male_22_Fit_Soldier.xml,1176,85.78222805018194,140.75251817065654,85.3955632240669,103.84788153959678,6.168250454394899,71.60294043463304,5.204420249960152,10.723118658911153,0.9895038315031851,5.41452887080629,NORMAL
HemorrhageCM2,Male_22_Fit_Soldier.xml,1177,85.81273833252261,140.13535402244645,85.28496514964328,103.56842810724434,6.188798933437989,71.76698394479448,5.2032425778302365,10.867181009051393,0.989842635806529,5.408133652574207,NORMAL
HemorrhageCM2,Male_22_Fit_Soldier.xml,1178,85.89929429481968,140.6798517087111,85.70660317794355,104.03101935486607,6.174996036793881,71.95359924062166,5.205183650575501,10.976110098887727,0.9902523026687547,5.40596663124342,NORMAL
HemorrhageCM2,Male_22_Fit_Soldier.xml,1179,86.12711012735721,140.60663643293546,85.69420161079155,103.99834655150619,6.161006758173348,71.75498449874179,5.204259936147756,10.88000659456912,0.9914111219042425,5.409538377518759,NORMAL
HemorrhageCM2,Male_22_Fit_Soldier.xml,1180,85.96424199953486,140.9550910427333,85.92753664361067,104.27005477665155,6.14565567656354,71.45870670198593,5.201247553293013,10.892929045387898,0.9910644417993313,5.407838660918841,NORMAL
HemorrhageCM2,Male_22_Fit_Soldier.xml,1181,86.00351938598368,141.4841761758112,86.40410311056844,104.76412746564937,6.158450920567174,71.41475171808041,5.202606969735783,10.831427022620312,0.9921571500375285,5.402295608878378,NORMAL
HemorrhageCM2,Male_22_Fit_Soldier.xml,1182,86.16864833046245,141.41057358913838,86.7120102811247,104.94486471712926,6.167261719183464,71.51702023261926,5.203008971495247,10.738043824391355,0.9909359742629738,5.404797055889029,NORMAL
HemorrhageCM2,Male_22_Fit_Soldier.xml,1183,86.18555983319385,140.8142242499563,86.77079173348052,104.78526923897245,6.1644561445132,71.49344251995396,5.198297131277905,10.751034635343546,0.9911518266279433,5.405536774835962,NORMAL
HemorrhageCM2,Male_22_Fit_Soldier.xml,1184,85.903440240276,140.68472034761572,87.15645845362681,104.99921241828979,6.12549826129671,71.45372214681375,5.202795103243295,10.856289924280855,0.9901789174453091,5.396866570286779,NORMAL
HemorrhageCM2,Male_22_Fit_Soldier.xml,1185,85.53612242203735,141.00572345034604,86.71491503656173,104.81185117448983,6.138553295383954,71.25275428646482,5.206448177414714,10.879147282818495,0.9900772559896089,5.405143238254611,NORMAL
HemorrhageCM2,Male_22_Fit_Soldier.xml,1186,85.86574598055897,141.03714457939532,86.513067743675,104.68776002224844,6.0970196912488825,71.63520224739341,5.2095523529720875,10.822490434042583,0.9887208242721687,5.4118652192298935,NORMAL
HemorrhageCM2,Male_22_Fit_Soldier.xml,1187,85.83969604139054,140.79618787172208,86.88435878713575,104.85496848199786,6.082807031038552,70.99092568936506,5.206360366930214,10.816944624230246,0.9877469909740768,5.4175771779970745,NORMAL
HemorrhageCM2,Male_22_Fit_Soldier.xml,1188,85.54822112568525,140.23805172040397,86.3532849939388,104.31487390276052,6.0655401572016725,70.86507601635077,5.20174810570394,10.859473333865969,0.9874274698700484,5.411703640138274,NORMAL
HemorrhageCM2,Male_22_Fit_Soldier.xml,1189,85.55593588944113,139.7469473730949,86.44914342740272,104.21507807596679,6.056150779544046,70.88776585361087,5.1968800468132645,10.957984018817712,0.9863886189546038,5.403216669778184,NORMAL
HemorrhageCM2,Male_22_Fit_Soldier.xml,1190,85.54838282533409,139.52473988994203,86.29175505789733,104.03608333524556,6.047925503129209,70.78749085043934,5.195884636079673,11.044663631886925,0.9877405488214316,5.394259008993279,NORMAL
HemorrhageCM2,Male_22_Fit_Soldier.xml,1191,85.24382216240924,139.07941905192035,86.52151132428733,104.040813900165,6.056939407955914,70.72198447296606,5.19614347681996,11.100832837860002,0.9887426025490921,5.392427364821872,NORMAL
HemorrhageCM2,Male_22_Fit_Soldier.xml,1192,85.12526448970186,138.48198524692808,85.85720921162597,103.39880122339333,6.050413616902013,71.03291260022344,5.195522592024226,11.195825734741685,0.9888446691529833,5.392903654776632,NORMAL
HemorrhageCM2,Male_22_Fit_Soldier.xml,1193,84.96832147475584,138.04159156134563,86.22555566538716,103.49756763070665,6.02461237238012,71.0596692973014,5.200515332678181,11.317129015343555,0.9894966394999017,5.391761171599745,NORMAL
HemorrhageCM2,Male_22_Fit_Soldier.xml,1194,84.63560460248107,138.0256155726183,86.39463398351957,103.60496117988582,6.000738250129139,70.91551070108196,5.199541588166416,11.410194971492773,0.988308683093378,5.4009482579044725,NORMAL
HemorrhageCM2,Male_22_Fit_Soldier.xml,1195,84.60197273460733,137.44559632553498,86.72936835502283,103.63477767852687,5.981336257652857,70.91058654050634,5.204431327907551,11.4278486688101,0.9892962920387518,5.3991564815058215,NORMAL
HemorrhageCM2,Male_22_Fit_Soldier.xml,1196,84.42540102971682,137.17040675304673,86.92445961255564,103.673108659386,5.9667283472056925,70.74545450084538,5.199087029076865,11.544569337242995,0.9892395082347762,5.408154036981468,NORMAL
HemorrhageCM2,Male_22_Fit_Soldier.xml,1197,84.44618852487531,136.66986230843946,87.13779470388498,103.64848390540314,5.914038676251534,70.72707184961484,5.203495094361881,11.60701738566563,0.9892269906147597,5.398320052402902,NORMAL
HemorrhageCM2,Male_22_Fit_Soldier.xml,1198,84.21212104840453,136.93135541658324,86.58524306668942,103.36728051665402,5.892631549532484,70.18007307133374,5.20453771145371,11.708785478737502,0.989511938097057,5.406431284092502,NORMAL
HemorrhageCM2,Male_22_Fit_Soldier.xml,1199,83.88672765348888,135.98560672144336,86.49894810969101,102.99450098027513,5.887330294329305,70.12865309314256,5.202181279563511,11.675614380199203,0.9891924934757013,5.408349792156372,NORMAL
HemorrhageCM2,Male_22_Fit_Soldier.xml,1200,83.24880233021793,135.22003486291655,86.17501056887737,102.52335200022377,5.856488454056856,70.30642978067692,5.201326498399635,11.855095102539138,0.9895323602163277,5.404013748158308,NORMAL
HemorrhageCM2,Male_22_Fit_Soldier.xml,1201,83.33445146005597,134.7338101763511,86.01228070091031,102.25279052605724,5.831366657912989,70.43582310404341,5.198834042777436,12.002363068438143,0.9902605295162282,5.402440874887198,NORMAL
HemorrhageCM2,Male_22_Fit_Soldier.xml,1202,82.94315618369941,134.14465824476838,86.20307985963831,102.183605988015,5.806181620318538,70.12270902816074,5.198525260985203,12.099928270843485,0.9904600367912639,5.397854535139368,NORMAL
HemorrhageCM2,Male_22_Fit_Soldier.xml,1203,82.21754666241203,134.19220828054995,85.94174300585158,102.02523143075103,5.753964687313324,70.13875212884872,5.198408464107074,12.215274960799537,0.9915388438432658,5.3972863492128,NORMAL
HemorrhageCM2,Male_22_Fit_Soldier.xml,1204,82.09499232419746,133.7890699167572,85.98472832036377,101.91950885249491,5.761686656311166,70.10303935050604,5.201160368706009,12.21787166583211,0.9914312567665898,5.397071432582063,NORMAL
HemorrhageCM2,Male_22_Fit_Soldier.xml,1205,82.03415983875915,133.71046456905228,85.01721186737852,101.24829610126977,5.711582029348583,70.27876441442749,5.204388429393171,12.299654323502,0.9917228541852714,5.4021351814937475,NORMAL
HemorrhageCM2,Male_22_Fit_Soldier.xml,1206,81.84184482971408,133.17514939899246,85.02232651848998,101.07326747865747,5.72895721643825,69.79776403133322,5.20261720735681,12.323808645259618,0.9904983182056,5.408075099904364,NORMAL
HemorrhageCM2,Male_22_Fit_Soldier.xml,1207,81.71215878270334,133.1346675281877,84.03902149381663,100.40423683860699,5.712021132562382,70.12467458326024,5.206770425504682,12.428234931988396,0.9901646372774011,5.4048158940211195,NORMAL
HemorrhageCM2,Male_22_Fit_Soldier.xml,1208,81.12161709361263,132.10270702985426,83.47664362007285,99.68533142333332,5.731312132548947,70.04293108837716,5.204807302359552,12.444997461535216,0.9887848785722868,5.412458184340492,NORMAL
HemorrhageCM2,Male_22_Fit_Soldier.xml,1209,80.90599998810349,131.54224966878874,83.48321556824907,99.5028936017623,5.690429141151763,70.67587863671727,5.204361018401225,12.63644005533785,0.9883259058060876,5.408845863370681,NORMAL
HemorrhageCM2,Male_22_Fit_Soldier.xml,1210,80.41915544691034,131.84452225144824,83.45555718572074,99.58521220762991,5.650426551224572,70.39805570150547,5.20097319856235,12.74435767494267,0.9892696548701807,5.408024661244285,NORMAL
HemorrhageCM2,Male_22_Fit_Soldier.xml,1211,80.07010943967813,132.01933757935788,83.24593191440414,99.50373380272205,5.63607843483612,70.32226637672903,5.201413237775384,12.699709029230256,0.9896460159911721,5.401790771803231,NORMAL
HemorrhageCM2,Male_22_Fit_Soldier.xml,1212,79.87871654032335,131.86898096484458,83.03705435713334,99.31436322637042,5.586964363153537,70.42473487229134,5.197582705470659,12.677271215420177,0.9882001075762145,5.402600483043571,NORMAL
HemorrhageCM2,Male_22_Fit_Soldier.xml,1213,79.43719080371497,131.538114074582,82.42960812199902,98.79911010619335,5.578700210848704,70.03503009631255,5.200598508756078,12.711950106475427,0.9872426602753289,5.395551963339532,NORMAL
HemorrhageCM2,Male_22_Fit_Soldier.xml,1214,79.37173312232144,131.79762162365685,82.43366768138594,98.88831899547624,5.570094921699832,70.27016616771111,5.198079865360634,12.778222054283082,0.9874592531540798,5.401101309276273,NORMAL
HemorrhageCM2,Male_22_Fit_Soldier.xml,1215,79.10151556925905,131.91287084625117,82.35751770096115,98.87596874939116,5.5932887151925454,70.22942789064247,5.193752018825138,12.74003513404234,0.988787391441568,5.396466781699429,NORMAL
HemorrhageCM2,Male_22_Fit_Soldier.xml,1216,78.82702009431,132.05784888306096,81.83325711653737,98.57478770537857,5.590276472035402,70.68703360353447,5.1939174470935185,12.727060036834848,0.9882706400374637,5.388503159634718,NORMAL
HemorrhageCM2,Male_22_Fit_Soldier.xml,1217,78.82848873941107,131.99434178999783,81.2950211279701,98.19479468197935,5.553468018509775,70.8616546023248,5.1936044018626175,12.708596325666825,0.9880507636806123,5.388807562343409,NORMAL
HemorrhageCM2,Male_22_Fit_Soldier.xml,1218,78.19277544592649,130.93896873879302,80.63308045358876,97.40170988199019,5.543118696549915,70.46021616104082,5.1893694850442005,12.72669653130287,0.9887078213737261,5.388231531310975,NORMAL
HemorrhageCM2,Male_22_Fit_Soldier.xml,1219,78.41792965081706,130.29517564818633,80.02492915997237,96.78167798937703,5.506512435737873,70.82054987682581,5.186864269842881,12.919634542286975,0.9880262439631579,5.380438908180567,NORMAL
HemorrhageCM2,Male_22_Fit_Soldier.xml,1220,78.28894533542099,129.2368643864699,79.96021695913689,96.38576610158123,5.517599334655104,70.25303243289049,5.188839852542656,13.039710429970796,0.9883396542770329,5.375829089673729,NORMAL
HemorrhageCM2,Male_22_Fit_Soldier.xml,1221,77.91938136295362,128.4868874260497,79.44238623444708,95.79055329831462,5.479868259062123,70.47614151525755,5.188140188344659,13.232737166628027,0.9869066271044168,5.379464337330862,NORMAL
HemorrhageCM2,Male_22_Fit_Soldier.xml,1222,77.58663329384832,128.55606222928685,79.97454364148959,96.16838317075535,5.488443068723316,70.33453182364454,5.190284112084031,13.371138667598284,0.9877115794345084,5.378176893055896,NORMAL
HemorrhageCM2,Male_22_Fit_Soldier.xml,1223,77.51897755918272,128.28669491203848,79.40129792543298,95.69643025430149,5.437019204737731,70.68272073003246,5.1863943883453905,13.364762668984815,0.9870943012303024,5.382121903179497,NORMAL
HemorrhageCM2,Male_22_Fit_Soldier.xml,1224,77.61376623684758,127.30129997519278,78.93298877420423,95.05575917453375,5.45951729080441,70.16157047051236,5.186901417022746,13.417947906224242,0.9864857175439019,5.374964465979122,NORMAL
HemorrhageCM2,Male_22_Fit_Soldier.xml,1225,77.48738081855238,126.40547333467951,79.1673392910712,94.91338397227398,5.448686144391147,70.34754431626875,5.18589788959456,13.597326605613963,0.9861606831424456,5.375897443784437,NORMAL
HemorrhageCM2,Male_22_Fit_Soldier.xml,1226,76.93371310271172,126.54916044551835,78.8288140228602,94.73559616374625,5.441027337437287,70.3244732541848,5.188622672402666,13.76071765105517,0.9847441926363272,5.374050864173979,NORMAL
HemorrhageCM2,Male_22_Fit_Soldier.xml,1227,76.68582138581326,126.71091993169469,79.29465530961203,95.10007685030625,5.434514523678501,70.65731919581066,5.18792851803955,13.740462123419896,0.9862171563351263,5.379064706581328,NORMAL
HemorrhageCM2,Male_22_Fit_Soldier.xml,1228,76.77783487778984,126.35146014005626,79.03244315078486,94.80544881387533,5.393330234597073,70.77499886997236,5.184920596983255,13.716849465732551,0.9865405373815608,5.377787400891979,NORMAL
HemorrhageCM2,Male_22_Fit_Soldier.xml,1229,76.25741878570493,126.47983395506445,78.62869243621435,94.57907294249772,5.386734263440368,70.24333740205586,5.1874999168350255,13.785069807635377,0.9858169637543005,5.372252558956998,NORMAL
HemorrhageCM2,Male_22_Fit_Soldier.xml,1230,76.09143405742432,126.47931601529751,78.56309691111974,94.53516994584567,5.35330324939284,70.5649959853031,5.191469624141791,13.767031247171678,0.9845595728685633,5.376998736603326,NORMAL
HemorrhageCM2,Male_22_Fit_Soldier.xml,1231,75.84613439037871,126.05223457113321,79.11319519411856,94.75954165312345,5.3639548871795055,70.31355179190649,5.190263557739242,13.771590561654897,0.9858727638553813,5.384303350673932,NORMAL
HemorrhageCM2,Male_22_Fit_Soldier.xml,1232,75.9951512806274,125.24991471123762,78.80755348409144,94.28834055980684,5.339046729781079,70.62529891716993,5.1897303406313515,13.851291595282024,0.9844455278650861,5.382084081359258,NORMAL
HemorrhageCM2,Male_22_Fit_Soldier.xml,1233,75.94539502086988,125.26421900544413,78.2266980674063,93.90587171341892,5.329407167740801,70.23065878420884,5.193903206555665,13.99708030372457,0.98568039009096,5.381102914515459,NORMAL
HemorrhageCM2,Male_22_Fit_Soldier.xml,1234,75.75331126080388,124.58057834979606,77.87657206633278,93.44457416082054,5.352017208234471,70.1614551134989,5.197243317315302,13.99859832634255,0.9852613161245437,5.388781358488782,NORMAL
HemorrhageCM2,Male_22_Fit_Soldier.xml,1235,75.77349237161816,124.65684088717725,78.49656179244968,93.88332149069221,5.345810833519112,70.56961930580799,5.195775183837729,14.12317066406331,0.9855826977029046,5.394927458986077,NORMAL
HemorrhageCM2,Male_22_Fit_Soldier.xml,1236,76.00761508944262,124.59508255302971,78.35923180266867,93.77118205278902,5.304360900886394,70.48623028603014,5.195656002426603,14.113492367832952,0.9865072156557063,5.392225962974134,NORMAL
HemorrhageCM2,Male_22_Fit_Soldier.xml,1237,75.44464498836743,123.96691482703835,77.73172700306698,93.1434562777241,5.272252417688021,69.83706855315307,5.193306069397436,14.12805068140229,0.9868586048870266,5.392006658590866,NORMAL
HemorrhageCM2,Male_22_Fit_Soldier.xml,1238,75.12381883413522,124.1161207582688,78.30858425333491,93.57776308831288,5.252095390174189,69.89767948562564,5.196242100412983,14.242459978054779,0.9859228046518864,5.38768257307439,NORMAL
HemorrhageCM2,Male_22_Fit_Soldier.xml,1239,74.80053159090731,124.58809269277738,78.10215621296216,93.59746837290056,5.2130297501464815,69.91221871016573,5.191842741361177,14.219547313647617,0.9847882703346331,5.393085130948453,NORMAL
HemorrhageCM2,Male_22_Fit_Soldier.xml,1240,74.60466504679007,123.8743925214774,78.17990470120235,93.41140064129404,5.233571269795857,69.70944237284603,5.187934008009275,14.139554460154443,0.9834848659801105,5.384989919501329,NORMAL
HemorrhageCM2,Male_22_Fit_Soldier.xml,1241,74.35438803838068,123.20018781588425,78.60087662143225,93.46731368624958,5.246735841558056,70.10054066933387,5.187296926392152,14.268723487385,0.9838571636816772,5.3777975029239435,NORMAL
HemorrhageCM2,Male_22_Fit_Soldier.xml,1242,74.11885280398849,122.37600566245239,78.91434471400171,93.40156503015194,5.272615893432555,70.44964225587137,5.183522545683099,14.390816635365805,0.9845656632125375,5.376625216156949,NORMAL
HemorrhageCM2,Male_22_Fit_Soldier.xml,1243,74.07161730508405,122.70598372893109,78.30587780069173,93.10591311010485,5.296239695909677,70.93782468656208,5.182890733968835,14.539279196764404,0.9839028279421751,5.369680020376851,NORMAL
HemorrhageCM2,Male_22_Fit_Soldier.xml,1244,74.36317748230391,122.80559715573204,78.75855543731026,93.44090267678419,5.319177221781294,71.25368993084045,5.189235664491778,14.483935009113381,0.9852148437777244,5.368517430699239,NORMAL
HemorrhageCM2,Male_22_Fit_Soldier.xml,1245,74.64325428528164,122.04575317051113,78.19559897779122,92.8123170420312,5.334031997388598,71.2948718650818,5.193045314403578,14.469155071334674,0.9843494093662852,5.380192666476928,NORMAL
HemorrhageCM2,Male_22_Fit_Soldier.xml,1246,74.45910625971887,121.79407251570639,78.23877304298298,92.75720620055745,5.350367827180433,71.25073941360317,5.191046876750855,14.60597698140111,0.9831141984560969,5.387202760723019,NORMAL
HemorrhageCM2,Male_22_Fit_Soldier.xml,1247,74.48573899970997,121.29964534610096,78.19402004690467,92.56256181330343,5.348795126912088,71.58783856884853,5.19003953500625,14.653019536788412,0.9819965088266598,5.383525457922273,NORMAL
HemorrhageCM2,Male_22_Fit_Soldier.xml,1248,74.63876736598795,121.80788822579606,78.52800512508034,92.95463282531891,5.361017477022907,71.55085687820556,5.19469427269309,14.742820772577439,0.9814337681753631,5.381671859630778,NORMAL
HemorrhageCM2,Male_22_Fit_Soldier.xml,1249,74.18065717067952,121.68109294199475,78.591572588293,92.95474603952692,5.298637368558094,71.57497843801616,5.195204633279574,14.65556825380925,0.9825399579489528,5.390236990451461,NORMAL
HemorrhageCM2,Male_22_Fit_Soldier.xml,1250,74.24487808719581,121.61122597289402,78.44438326303012,92.83333083298476,5.275841245904048,71.20981831603864,5.193806280961534,14.680319190245193,0.9824232130859485,5.391176099265545,NORMAL
HemorrhageCM2,Male_22_Fit_Soldier.xml,1251,74.32574859209357,121.82718700900001,78.3047208395008,92.8122095626672,5.2397555430185525,70.89495376250095,5.193310964098254,14.694944562552802,0.9839555936434179,5.388603006785752,NORMAL
HemorrhageCM2,Male_22_Fit_Soldier.xml,1252,74.29264763196373,121.05601495229914,77.84610780869846,92.24941018989868,5.202618445095469,70.41220488619834,5.197477472516259,14.659046266166063,0.9837875373614319,5.3876915797586875,NORMAL
HemorrhageCM2,Male_22_Fit_Soldier.xml,1253,74.0326265347384,121.55767444262108,77.85871898330537,92.42503746974394,5.228417187304,70.00578751747773,5.196420236230692,14.797303611748887,0.9840948828956032,5.395358325355671,NORMAL
HemorrhageCM2,Male_22_Fit_Soldier.xml,1254,73.67221616202623,120.86345628411917,77.71289294176592,92.09641405588367,5.203479755267068,70.51133985428875,5.19754608058566,14.710836624996766,0.9841198319113404,5.393412916676711,NORMAL
HemorrhageCM2,Male_22_Fit_Soldier.xml,1255,73.75671938879232,120.71967700055771,77.60729409210717,91.97808839492401,5.185883670221986,70.50203947719768,5.200787329801821,14.835373256091625,0.9836962252599123,5.395484570297771,NORMAL
HemorrhageCM2,Male_22_Fit_Soldier.xml,1256,73.62536980045267,120.23793226726657,77.22917768048465,91.56542920941196,5.18899221792261,70.23061363388422,5.199315307738493,14.862691951227124,0.9826008808538402,5.401448756773272,NORMAL
HemorrhageCM2,Male_22_Fit_Soldier.xml,1257,73.87679722429652,120.26991898004223,77.38305954784937,91.67867935858033,5.202396493326806,70.3714076841665,5.2036361119011625,14.949597681045482,0.9816393444863954,5.3987401054181205,NORMAL
HemorrhageCM2,Male_22_Fit_Soldier.xml,1258,73.45672844162758,119.62475114926598,76.98271402010771,91.1967263964938,5.166363713014804,70.3341010745453,5.201637797371145,14.945768558002364,0.981365922211803,5.406690768891263,NORMAL
HemorrhageCM2,Male_22_Fit_Soldier.xml,1259,73.69955402919048,119.9499688614047,76.7144067934848,91.12626081612477,5.175349771773653,70.23964466743952,5.206486803378013,15.06139724006525,0.9831997998493758,5.403013692647233,NORMAL
HemorrhageCM2,Male_22_Fit_Soldier.xml,1260,73.839476333768,120.3072700335373,77.23926588445882,91.59526726748499,5.126889575379151,70.15721580399264,5.203962888737163,15.005695874954036,0.9843571831764879,5.411936294433479,NORMAL
HemorrhageCM2,Male_22_Fit_Soldier.xml,1261,73.97056307377736,120.14395516105171,77.09076798743406,91.44183037863995,5.130128562136827,69.479931360028,5.205199118723138,14.944276087394218,0.98436958752597,5.407292067296847,NORMAL
HemorrhageCM2,Male_22_Fit_Soldier.xml,1262,73.85369941887504,120.49217063210232,76.64833314714367,91.26294564212989,5.117890218366265,69.41821709893559,5.202052683165604,14.974690824006478,0.9852109241926663,5.409566840284436,NORMAL
HemorrhageCM2,Male_22_Fit_Soldier.xml,1263,73.7199050233305,120.44831222445285,77.01842333128293,91.49505296233957,5.135654841193517,69.36561638949776,5.204113663194996,14.914768653245446,0.9851203567097195,5.403777119363035,NORMAL
HemorrhageCM2,Male_22_Fit_Soldier.xml,1264,73.8570446341279,120.11832042079422,76.6238929793191,91.1220354598108,5.151634150566365,69.67914835246273,5.205764165537345,14.923996869220016,0.9842802014568643,5.407569505692445,NORMAL
HemorrhageCM2,Male_22_Fit_Soldier.xml,1265,73.68870990261503,120.16343206925892,76.49667623847421,91.05226151540245,5.149669030019877,69.76206140941974,5.201586744715536,14.983678694999032,0.9857071942989541,5.410606576615267,NORMAL
HemorrhageCM2,Male_22_Fit_Soldier.xml,1266,73.19182714992766,120.54902276412044,76.93276422948703,91.47151707436484,5.1285565494625835,69.8706923363527,5.2006513487711015,14.977107834967764,0.9862460265124424,5.402919751225943,NORMAL
HemorrhageCM2,Male_22_Fit_Soldier.xml,1267,73.0933585954194,120.8381156597719,76.95851825981092,91.58505072646457,5.108774042997041,70.01013012974933,5.195831668202083,14.910397021339715,0.9870393124247545,5.4011985395976545,NORMAL
HemorrhageCM2,Male_22_Fit_Soldier.xml,1268,73.42137087687051,120.21179827512401,77.476328205183,91.72148489516333,5.091590056395491,69.8537857404994,5.197463342681639,14.86067389203113,0.9872208978886031,5.392329899222009,NORMAL
HemorrhageCM2,Male_22_Fit_Soldier.xml,1269,73.43229967227627,120.65133546279277,77.96347418773229,92.19276127941912,5.066253401153054,69.39594469838453,5.196572524067846,14.972477438994297,0.9871812598243606,5.395332325204826,NORMAL
HemorrhageCM2,Male_22_Fit_Soldier.xml,1270,73.0996717121037,119.97150848839293,77.89782311066175,91.92238490323881,5.063731196620833,69.08898986118422,5.20079400786217,14.896117042028255,0.9858199139781609,5.3936931398246895,NORMAL
HemorrhageCM2,Male_22_Fit_Soldier.xml,1271,72.75433768849865,119.98765044988393,77.19226256084961,91.45739185719438,5.080210322759761,69.3174608462198,5.200616655724533,15.017283807109433,0.9848466743284295,5.4014610449975216,NORMAL
HemorrhageCM2,Male_22_Fit_Soldier.xml,1272,72.4381530269778,120.57032299982895,76.86912882355695,91.43619354898095,5.057694270437032,69.78390293642249,5.202163049587246,15.015573875720897,0.9836000556297461,5.401134701310211,NORMAL
HemorrhageCM2,Male_22_Fit_Soldier.xml,1273,72.16424458081926,120.45677284326165,76.44706999358763,91.11697094347898,5.0879969804776115,69.76475794273733,5.201098714034318,14.91383430180071,0.9827132568008016,5.403980203382623,NORMAL
HemorrhageCM2,Male_22_Fit_Soldier.xml,1274,71.97738916757751,120.37632680711472,76.43989296255596,91.08537091074221,5.050688356459106,70.34544408874444,5.205561833366892,14.934941483958582,0.9840223657986076,5.402021731421097,NORMAL
HemorrhageCM2,Male_22_Fit_Soldier.xml,1275,71.83469628815223,119.83709344090892,76.37595616449805,90.86300192330167,5.069327094571356,70.04714817361858,5.2048649339671185,14.950170873211567,0.9844398776920412,5.410234267448617,NORMAL
HemorrhageCM2,Male_22_Fit_Soldier.xml,1276,72.3603534050219,119.89077797878154,76.40159561819017,90.8979897383873,5.083215390412182,70.3860129208125,5.202230365099252,15.04634215119432,0.9830342837197308,5.408951910647975,NORMAL
HemorrhageCM2,Male_22_Fit_Soldier.xml,1277,72.14882225242259,119.20040254317823,76.29814517447029,90.59889763070628,5.104800136744426,70.13485343399184,5.202310600000197,15.037831103389877,0.9844487578150255,5.404104069904303,NORMAL
HemorrhageCM2,Male_22_Fit_Soldier.xml,1278,72.56029529455523,119.14121354190313,76.41700587376397,90.65840842981035,5.117625317287252,70.56269772979,5.200004972474563,15.160614568428251,0.9856613460299112,5.404251709249248,NORMAL
HemorrhageCM2,Male_22_Fit_Soldier.xml,1279,72.55440697236402,119.42062593749652,76.6824681696106,90.9285207589059,5.093300334730222,70.38916335348236,5.201134850014565,15.171963443623545,0.9865631161093048,5.400009149794897,NORMAL
HemorrhageCM2,Male_22_Fit_Soldier.xml,1280,72.32035916941086,119.0311896985443,77.14073493760465,91.10421985791787,5.10683004946842,70.104056718262,5.200622393937997,15.123519809209986,0.9876945200573173,5.402088224834685,NORMAL
HemorrhageCM2,Male_22_Fit_Soldier.xml,1281,72.13124927714533,119.13056666653202,76.93554007536517,91.00054893908745,5.135315120673965,70.45238368734442,5.197969582642211,15.193098941146264,0.9886137984018187,5.401145260132706,NORMAL
HemorrhageCM2,Male_22_Fit_Soldier.xml,1282,72.04467837259264,119.29744058812653,76.63060714654756,90.85288496040722,5.157425740733108,70.94600758214267,5.200112365776281,15.176375179290034,0.9890144273428758,5.3962638517012,NORMAL
HemorrhageCM2,Male_22_Fit_Soldier.xml,1283,71.92470794269946,119.25232516640472,77.20031072801045,91.21764887414187,5.147291555944592,71.28206794174218,5.205056545320058,15.147711488341876,0.9874446639751907,5.4002067630097255,NORMAL
HemorrhageCM2,Male_22_Fit_Soldier.xml,1284,71.73311221331207,119.59096519328997,76.90168508120213,91.13144511856474,5.130139155068327,71.25801998243979,5.202179912460915,15.15643790382274,0.9872882962505061,5.40930449255808,NORMAL
HemorrhageCM2,Male_22_Fit_Soldier.xml,1285,71.85817610967023,118.91544025131262,77.07863746968685,91.02423839689544,5.138964953367873,71.20735838889424,5.200817171963461,15.097406687503286,0.9878634243098188,5.404011232568092,NORMAL
HemorrhageCM2,Male_22_Fit_Soldier.xml,1286,72.27194801165338,118.76859032020052,76.41267591192882,90.53131404801938,5.095609249494802,71.21301301285501,5.20492320425727,15.217350747753349,0.9871353636259731,5.401503669001547,NORMAL
HemorrhageCM2,Male_22_Fit_Soldier.xml,1287,72.5216467659151,118.75886004384212,75.89239642613694,90.18121763203867,5.092529127240292,70.36040449007598,5.201952502669329,15.24396057768379,0.9883335985557896,5.40905913315796,NORMAL
HemorrhageCM2,Male_22_Fit_Soldier.xml,1288,72.23606644904683,119.21686625138375,76.35972305890803,90.64543745639993,5.0594426105104535,70.12582278114502,5.196977050451968,15.246346222833088,0.9868868979297036,5.40359277835093,NORMAL
HemorrhageCM2,Male_22_Fit_Soldier.xml,1289,72.12219156027655,119.21774156507402,76.2298127519755,90.55912235634167,5.023137270521719,69.95641169934315,5.199854642622418,15.166154760245423,0.987285873417935,5.394437504305255,NORMAL
HemorrhageCM2,Male_22_Fit_Soldier.xml,1290,71.91337154073624,118.96819464858477,75.90473400887771,90.25922088878006,4.9880366727194385,69.61131878662903,5.201616706064375,15.166625427386625,0.9862687185795556,5.39973252951326,NORMAL
HemorrhageCM2,Male_22_Fit_Soldier.xml,1291,72.17403287379064,119.41472675832696,76.3302860591505,90.69176629220932,5.005962868022637,69.35455421723954,5.203651545716658,15.211274967857086,0.9873748600293414,5.402974882769252,NORMAL
HemorrhageCM2,Male_22_Fit_Soldier.xml,1292,72.13967444222374,119.06641811050315,75.79358935750598,90.21786560850504,4.970429328895911,69.36524572792901,5.20608368119356,15.133047168153219,0.9880023296968963,5.40671916848275,NORMAL
HemorrhageCM2,Male_22_Fit_Soldier.xml,1293,72.53932927968263,118.84905710288032,75.54202065258941,89.97769946935306,4.946403530267062,68.9660618221073,5.204814084207773,15.195089096399247,0.9892456339401339,5.4111945138050395,NORMAL
HemorrhageCM2,Male_22_Fit_Soldier.xml,1294,72.3904902966371,118.39901103528447,75.83525954751086,90.02317671010206,4.935755647974987,68.36811543870891,5.208252031862876,15.23400030247738,0.9898119220136875,5.408858342573833,NORMAL
HemorrhageCM2,Male_22_Fit_Soldier.xml,1295,72.66070094510577,117.96522433906091,75.49055662789051,89.64877919828065,4.9419843248564845,68.35607844124603,5.203669074110677,15.313962340674639,0.9889230930676163,5.415184471649564,NORMAL
HemorrhageCM2,Male_22_Fit_Soldier.xml,1296,72.66470111218425,117.61018024477332,75.23328057483374,89.35891379814693,4.9573206704594295,68.2225506254337,5.207764943422337,15.391037261114395,0.9874858435155258,5.4067514222847795,NORMAL
HemorrhageCM2,Male_22_Fit_Soldier.xml,1297,72.38692687129624,117.52821995093485,74.96491281564003,89.15268186073831,4.959310140847042,68.40290879178626,5.205306495039146,15.454197381070207,0.9869681988268084,5.414288185651268,NORMAL
HemorrhageCM2,Male_22_Fit_Soldier.xml,1298,72.35315098239545,117.0467120501377,75.49674685602903,89.34673525406525,4.980723590448808,68.64198948802803,5.203572010732098,15.469142149510148,0.9855259322484119,5.409764422244049,NORMAL
HemorrhageCM2,Male_22_Fit_Soldier.xml,1299,72.13105228369831,116.94919232191752,75.70557722811884,89.45344892605173,5.025807863798965,68.92511514238626,5.199304544421811,15.554591125237568,0.9856051039890271,5.406572817046126,NORMAL
HemorrhageCM2,Male_22_Fit_Soldier.xml,1300,72.56459084317443,117.6293948312686,75.37595934159084,89.4604378381501,5.062838128601974,69.64063355480889,5.2003588214312,15.572251243187594,0.9870132329540502,5.398720299959329,NORMAL
HemorrhageCM2,Male_22_Fit_Soldier.xml,1301,72.68204278931226,117.98591481851649,76.04517718467439,90.02542306262175,5.073591017016998,69.74276484370041,5.1986505971271075,15.452629182564555,0.9872701847939557,5.40066026330725,NORMAL
HemorrhageCM2,Male_22_Fit_Soldier.xml,1302,72.92626869518861,117.79454035217634,76.48983228780352,90.25806830926113,5.065866539207666,69.77911393750495,5.1971095416049575,15.390122682594956,0.987425742670378,5.39751697884742,NORMAL
HemorrhageCM2,Male_22_Fit_Soldier.xml,1303,72.88509034813178,117.7137925797258,76.62816315113287,90.32337296066385,5.03907916916808,69.49587190456838,5.198215335372008,15.424305475952298,0.9887080293599095,5.394681299795845,NORMAL
HemorrhageCM2,Male_22_Fit_Soldier.xml,1304,72.56750727241106,117.96814095219655,77.05677369667907,90.6938961151849,5.021860606933314,69.20931935977525,5.2007371621162095,15.438949438445182,0.9891940209416175,5.396716058554059,NORMAL
HemorrhageCM2,Male_22_Fit_Soldier.xml,1305,72.61535929785205,117.41171078992606,76.80745244903913,90.34220522933478,5.005848108912933,69.2519353149936,5.197194927741615,15.394436286651517,0.9879822217043126,5.40135644377539,NORMAL
HemorrhageCM2,Male_22_Fit_Soldier.xml,1306,72.18724942681762,118.12770973022445,76.85485557548729,90.61247362706635,5.04380429535813,69.02351830428648,5.199811765296206,15.493012613030094,0.9872398858471803,5.394838417872082,NORMAL
HemorrhageCM2,Male_22_Fit_Soldier.xml,1307,72.02717732349491,118.36607306203535,77.09078492920426,90.84921430681463,5.042606914668948,69.81455154113878,5.2046024907567086,15.366993967642443,0.9875146444616164,5.39965363142427,NORMAL
HemorrhageCM2,Male_22_Fit_Soldier.xml,1308,71.90270021259494,117.7068402550649,77.40194124810175,90.83690758375613,5.026303549756924,69.92738364800037,5.201656985751338,15.325266082028838,0.9874409122159633,5.408468991828185,NORMAL
HemorrhageCM2,Male_22_Fit_Soldier.xml,1309,72.29369966123585,118.02124787232665,76.95746538340792,90.64539287971417,5.040562898996722,69.83030510373233,5.2037195226828885,15.441952110879434,0.9875790216933812,5.4030490009712775,NORMAL
HemorrhageCM2,Male_22_Fit_Soldier.xml,1310,72.19213055022549,117.81639014363961,76.7973147463554,90.47033987878346,4.998328531419101,69.69232605822803,5.207120793468442,15.386780328774542,0.9860915558899089,5.406844252138958,NORMAL
HemorrhageCM2,Male_22_Fit_Soldier.xml,1311,71.95623259271575,118.07187356305897,76.29428209326865,90.22014591653209,4.977482752133684,69.26577000279948,5.202469040182599,15.423248035984901,0.986290670419319,5.413102892516738,NORMAL
HemorrhageCM2,Male_22_Fit_Soldier.xml,1312,72.27262615815232,118.71225957567218,75.96340864986892,90.21302562513668,4.949242521784258,69.20083350023074,5.204521517677202,15.378455638130244,0.9856300829696397,5.404543253258991,NORMAL
HemorrhageCM2,Male_22_Fit_Soldier.xml,1313,72.4426040618348,118.31430330611545,75.59890425964639,89.83737060846941,4.93834382661955,68.61424044874032,5.202013525984736,15.265718327081082,0.9854324683618569,5.408319994169116,NORMAL
HemorrhageCM2,Male_22_Fit_Soldier.xml,1314,72.51153539090863,117.99941377673217,76.00241595470558,90.00141522871445,4.915300151717332,68.35207510942804,5.206578085340512,15.336238264385617,0.9851003133407874,5.403705066671934,NORMAL
HemorrhageCM2,Male_22_Fit_Soldier.xml,1315,72.19236779244076,117.95748767700289,76.02670064586567,90.00362965624474,4.947640117882375,68.0233421912005,5.20865537532059,15.392087764436678,0.9860585418706833,5.412104261352987,NORMAL
HemorrhageCM2,Male_22_Fit_Soldier.xml,1316,72.43039962534141,117.3289831025452,75.89888667851439,89.70891881985798,4.9851296191319845,68.65805515549467,5.210551912944232,15.399750481088002,0.9872456969136499,5.4159266594404585,NORMAL
HemorrhageCM2,Male_22_Fit_Soldier.xml,1317,72.46533581381952,116.95924159247625,76.1997882953156,89.78627272770248,4.969816411104283,68.92235061161553,5.209344740914997,15.510935320002925,0.986933908257228,5.419416457135991,NORMAL
HemorrhageCM2,Male_22_Fit_Soldier.xml,1318,72.31670326395486,117.26623397111793,75.67912401448584,89.54149400002987,4.94682127066108,68.71200444999226,5.208290161497323,15.576440305640276,0.9857501847833812,5.4171951533700025,NORMAL
HemorrhageCM2,Male_22_Fit_Soldier.xml,1319,72.04542922810602,116.70549738308766,75.73361118419373,89.39090658382504,4.973915067455038,68.55210728465688,5.2075418539588165,15.522494119611897,0.9869737858261721,5.415254633563974,NORMAL
HemorrhageCM2,Male_22_Fit_Soldier.xml,1320,72.42272729229956,117.55022087468173,75.62810736016965,89.60214519834034,4.978473401774058,69.08942439286895,5.20834932782952,15.621693763347144,0.9870871935338253,5.413877681221518,NORMAL
HemorrhageCM2,Male_22_Fit_Soldier.xml,1321,72.30534303256465,116.9902424870702,76.1926450296024,89.79184418209167,4.973983909899652,68.84932274423055,5.208337838355969,15.472823033937559,0.9860090848426357,5.415363504870918,NORMAL
HemorrhageCM2,Male_22_Fit_Soldier.xml,1322,72.23018914550372,116.79799166642549,76.68013809089325,90.052755949404,4.997024673732618,68.88718560631487,5.207767265243773,15.571874023451233,0.9859001582541119,5.415342363218983,NORMAL
HemorrhageCM2,Male_22_Fit_Soldier.xml,1323,72.36939005691518,117.24496621832213,76.79526066597577,90.27849585009123,5.033281140046567,69.2226066491141,5.209502871060496,15.60601427170759,0.9850609409406615,5.414292458008957,NORMAL
HemorrhageCM2,Male_22_Fit_Soldier.xml,1324,71.95918470272639,117.80175289709958,76.87245419290406,90.51555376096923,5.0446466094100675,69.5482202343844,5.210717777666615,15.527324815451884,0.9854975789804097,5.417486126884304,NORMAL
HemorrhageCM2,Male_22_Fit_Soldier.xml,1325,71.80383989181455,117.79142413705233,77.0002713191376,90.5973222584425,5.020672940001835,70.0096621445991,5.2108823247487885,15.42924698824055,0.9868184588560055,5.419721662958818,NORMAL
HemorrhageCM2,Male_22_Fit_Soldier.xml,1326,72.13987823287961,117.16098083045465,77.22052843669033,90.5340125679451,5.031046113490804,69.84454178312234,5.214181050634239,15.431258302402863,0.9863712183190284,5.420024444206611,NORMAL
HemorrhageCM2,Male_22_Fit_Soldier.xml,1327,72.20982483423124,117.8478275257156,77.11156857845435,90.69032156087476,5.003540874809594,69.70297375296241,5.212276645028664,15.542713276855764,0.9872558161023056,5.4260943928592145,NORMAL
HemorrhageCM2,Male_22_Fit_Soldier.xml,1328,71.99959627460258,117.61480033549654,77.55398716305353,90.90759155386787,5.017220324548773,69.31757128349115,5.210122944792556,15.42166141137022,0.9865042098073297,5.42259011737802,NORMAL
HemorrhageCM2,Male_22_Fit_Soldier.xml,1329,71.95362960065223,118.21215594865023,77.65599535386355,91.17471555212578,4.983461471835857,69.64800273144392,5.210675361302517,15.462960941917492,0.9872186772881816,5.418627117631985,NORMAL
HemorrhageCM2,Male_22_Fit_Soldier.xml,1330,71.86141345173722,117.71133469191551,77.77093633468456,91.08440245376154,5.021441468911747,69.27801381840963,5.208801508737473,15.357692836493477,0.9864700938793418,5.419643613081062,NORMAL
HemorrhageCM2,Male_22_Fit_Soldier.xml,1331,72.29923704192352,118.21171080015843,76.97542735544812,90.72085517035156,4.9855063157637725,69.808729766717,5.2100609460268945,15.446246865835914,0.986431800938158,5.416195557908447,NORMAL
HemorrhageCM2,Male_22_Fit_Soldier.xml,1332,72.39093652986416,118.53583435460583,76.47590959039496,90.49588451179858,4.978696053591577,69.03153419460772,5.211296989164074,15.358084955131693,0.9854156023056541,5.418513034395863,NORMAL
HemorrhageCM2,Male_22_Fit_Soldier.xml,1333,72.08725233163153,119.12274435133857,76.37077966107019,90.62143455782632,5.007927680998049,68.87839882869042,5.207250112200548,15.30102645694142,0.984063400681126,5.42078746356507,NORMAL
HemorrhageCM2,Male_22_Fit_Soldier.xml,1334,71.83850488730168,119.37492342830377,76.04810440990883,90.49037741604047,5.0402593118985575,69.46755706797627,5.205758349257087,15.197581426125371,0.9845227472521269,5.4133408504711,NORMAL
HemorrhageCM2,Male_22_Fit_Soldier.xml,1335,71.98751665176376,119.74964945271503,75.65115653244722,90.3506541725365,5.019515563460131,70.05434778608873,5.204075222448007,15.153211467193293,0.9838950115353551,5.410595874142935,NORMAL
HemorrhageCM2,Male_22_Fit_Soldier.xml,1336,71.88303928422596,119.68386758584425,75.67466980964049,90.34440240170841,5.031869373727893,69.68605123807005,5.199757477072304,15.087207474863277,0.9826702243970746,5.407498771303322,NORMAL
HemorrhageCM2,Male_22_Fit_Soldier.xml,1337,72.12457733335533,118.8153751752378,75.82058161871834,90.1521794708915,5.067726797746857,69.9179346807489,5.195745286644547,15.098948429291593,0.9829270789775378,5.399553736269908,NORMAL
HemorrhageCM2,Male_22_Fit_Soldier.xml,1338,71.72608303000665,118.88236372427826,76.4344031529364,90.58372334338368,5.080674668342337,70.1573261951565,5.200406758550259,15.252363019266511,0.9830159711999336,5.392170949482933,NORMAL
HemorrhageCM2,Male_22_Fit_Soldier.xml,1339,71.66303866817671,118.69792676248522,76.2364872377021,90.3903004126298,5.102167372547225,70.63259518295472,5.205368687284866,15.240661661475908,0.9841284889423605,5.400748471864537,NORMAL
HemorrhageCM2,Male_22_Fit_Soldier.xml,1340,72.09401158852329,118.86444585771675,76.07073938907757,90.3353082119573,5.05413262747369,70.94322333181316,5.203499723089142,15.27333274834768,0.9836921692990893,5.409878861500665,NORMAL
HemorrhageCM2,Male_22_Fit_Soldier.xml,1341,71.77365084126154,118.71940477545543,76.30805495195895,90.4451715597911,5.065898313236238,70.01851861131861,5.207099606193814,15.244056437529295,0.9827164531978878,5.406439801361829,NORMAL
HemorrhageCM2,Male_22_Fit_Soldier.xml,1342,71.91220489102001,119.16777458987318,76.01462526325959,90.39900837213078,5.073989994601426,70.41627612908933,5.209682470611195,15.26976656090315,0.982507349155102,5.413063906049372,NORMAL
HemorrhageCM2,Male_22_Fit_Soldier.xml,1343,72.03827293799564,119.26874451104604,75.99030992866226,90.41645478945685,5.058083191423799,70.40283856639267,5.205787652356805,15.190736407239324,0.9841681195425845,5.417816606011286,NORMAL
HemorrhageCM2,Male_22_Fit_Soldier.xml,1344,72.41233784571146,119.5725735825579,75.41833391358337,90.13641380324154,5.0400309882648555,70.11067230474382,5.200782440059095,15.173018616866045,0.9851601353939267,5.410649794449389,NORMAL
HemorrhageCM2,Male_22_Fit_Soldier.xml,1345,72.212488126951,119.3245640014886,75.62149894671485,90.1891872983061,5.027550389562789,69.59769521122092,5.201845803060464,15.119492924297742,0.9838941755521288,5.401439759212305,NORMAL
HemorrhageCM2,Male_22_Fit_Soldier.xml,1346,72.13030335726994,119.78726118078686,76.1894695319661,90.72206674823968,5.063640355227133,69.60565056721099,5.205269220798573,15.163363135293514,0.9852008471601232,5.403396441592571,NORMAL
HemorrhageCM2,Male_22_Fit_Soldier.xml,1347,72.30764636190078,119.30245379239754,75.80756824576626,90.30586342797669,5.027402664072572,70.10446524318127,5.20504846145365,15.081790874018463,0.9854030259016712,5.409695834330352,NORMAL
HemorrhageCM2,Male_22_Fit_Soldier.xml,1348,72.55041850730854,119.1692436793334,75.38967728000733,89.9828660797827,5.048256140638471,69.52898525386128,5.202658291812798,15.167449516543677,0.9858924640128319,5.409289617525804,NORMAL
HemorrhageCM2,Male_22_Fit_Soldier.xml,1349,72.50230940176024,119.56945762347826,75.06892078913884,89.90243306725198,5.038266058484142,69.5878090327851,5.198602532952942,15.191048492845884,0.9863114274964667,5.4048914930696395,NORMAL
HemorrhageCM2,Male_22_Fit_Soldier.xml,1350,72.21622966966194,118.99381922083089,75.48790149602846,89.9898740709626,5.046658586127844,69.50614642427784,5.194608586405078,15.120495585763386,0.9860135678933573,5.397428536497452,NORMAL
HemorrhageCM2,Male_22_Fit_Soldier.xml,1351,72.361496553488,118.41344319065756,76.06832249538881,90.18336272714507,5.0733429787035105,69.83251143295848,5.197702748273301,15.22217723964673,0.9850958957816913,5.39007932007007,NORMAL
HemorrhageCM2,Male_22_Fit_Soldier.xml,1352,72.11353322077899,118.34336124973976,76.54261457354805,90.47619679894528,5.034088638567082,70.0376263224379,5.194243990704197,15.324692399067871,0.9851940250422859,5.3957728527597055,NORMAL
HemorrhageCM2,Male_22_Fit_Soldier.xml,1353,72.28437093526635,117.74092659109549,76.71413027269787,90.38972904549708,5.059945635687657,69.76294848776146,5.199022015348327,15.337138373020494,0.9859796195370953,5.389408431593685,NORMAL
HemorrhageCM2,Male_22_Fit_Soldier.xml,1354,72.3240895858907,117.98387234633559,76.48759499079699,90.31968744264319,5.069979693362405,69.93820972142312,5.201460235562393,15.443541762103624,0.985548272012842,5.398200421367271,NORMAL
HemorrhageCM2,Male_22_Fit_Soldier.xml,1355,72.38939515658448,118.08299190109284,76.86247236614936,90.60264554446385,5.085938091719241,70.02715096759337,5.198578989930144,15.400733604350187,0.9843534650601395,5.402686963146445,NORMAL
HemorrhageCM2,Male_22_Fit_Soldier.xml,1356,71.99898533491991,117.50825352761089,77.05447130631698,90.53906538008162,5.110053508753826,70.16670780501983,5.201138785145084,15.383308333981653,0.9832553740976657,5.397385215244194,NORMAL
HemorrhageCM2,Male_22_Fit_Soldier.xml,1357,71.90306129164912,118.0705809347874,77.4799423865395,91.01015523595547,5.102116149991637,70.76854121459036,5.19606451782684,15.484816299574732,0.9820823556115005,5.402095465824395,NORMAL
HemorrhageCM2,Male_22_Fit_Soldier.xml,1358,71.95850005620994,118.55781272132457,77.88620907431041,91.4434102899818,5.074635166888016,70.75020827002906,5.195029420032065,15.385630662795489,0.9828553180767761,5.392758363215421,NORMAL
HemorrhageCM2,Male_22_Fit_Soldier.xml,1359,72.21235163270212,118.5291657749453,77.7907174870824,91.37020024970337,5.042994643132162,70.37466236853138,5.194379969501427,15.29969723206866,0.9831433920362417,5.3908536913260665,NORMAL
HemorrhageCM2,Male_22_Fit_Soldier.xml,1360,72.15112013039943,117.97851098471894,78.11583540168894,91.4033939293656,5.064755009838022,69.79209714466336,5.194827648980002,15.30481402330188,0.9831608513836655,5.389658644659484,NORMAL
HemorrhageCM2,Male_22_Fit_Soldier.xml,1361,72.21339031798556,117.49390453731863,78.06957064653365,91.21101527679531,5.08072799147454,70.10216505437751,5.197270875428835,15.402062888142595,0.9836061476844434,5.3904824146670975,NORMAL
HemorrhageCM2,Male_22_Fit_Soldier.xml,1362,72.03003526855393,118.24820746132006,77.37834921992162,91.00163530038776,5.110203101264263,70.24452686993693,5.199554306860101,15.487652339090424,0.9836539947509375,5.394978168362943,NORMAL
HemorrhageCM2,Male_22_Fit_Soldier.xml,1363,72.29548430165936,118.22016976430115,77.46503554069176,91.05008028189489,5.0861276880238435,70.74568507386176,5.204401370467617,15.354573194189815,0.9832625506780112,5.3991798850319945,NORMAL
HemorrhageCM2,Male_22_Fit_Soldier.xml,1364,72.51191307623323,117.79698389032518,77.57563652058246,90.9827523104967,5.099939019370194,70.24405883827825,5.2060535304520394,15.359574885927515,0.9820606207877652,5.408098912630891,NORMAL
HemorrhageCM2,Male_22_Fit_Soldier.xml,1365,72.71889584447993,117.37903709163116,77.37894077377811,90.71230621306246,5.078408359869186,70.23755387667968,5.210413412302738,15.434318246741633,0.9827747963095051,5.411139033762375,NORMAL
HemorrhageCM2,Male_22_Fit_Soldier.xml,1366,72.87458445393231,118.14681234265682,77.27777049175283,90.90078444205416,5.0553780318324,69.8165365557876,5.211359788688178,15.508135231668408,0.9844250154216279,5.419161603652732,NORMAL
HemorrhageCM2,Male_22_Fit_Soldier.xml,1367,72.9291726160317,117.98413142173064,77.16426075501694,90.77088431058817,5.031050330238281,69.41967537940415,5.212415273290689,15.372671382162656,0.983557579383618,5.420903020267854,NORMAL
HemorrhageCM2,Male_22_Fit_Soldier.xml,1368,73.0524681346894,117.84412695152022,76.58765073357138,90.33980947288767,5.047486160954088,69.08725965213368,5.212226439644809,15.401430896758491,0.9845893954464688,5.42284520569439,NORMAL
HemorrhageCM2,Male_22_Fit_Soldier.xml,1369,73.14803952383447,118.16248999618692,76.47065028619471,90.36793018952545,5.01463553833536,69.18711525570602,5.207624477100732,15.426186509601425,0.9852113215983005,5.422497735012017,NORMAL
HemorrhageCM2,Male_22_Fit_Soldier.xml,1370,72.77909102093592,117.65255669668663,76.08002379799125,89.93753476422305,5.0329208005122466,68.72254385327881,5.20936804653656,15.370039067675483,0.9837230119405322,5.4140297151419965,NORMAL
HemorrhageCM2,Male_22_Fit_Soldier.xml,1371,72.82471606210808,117.8055349691968,76.2874192449324,90.12679115302053,5.067968124085125,69.22654103210839,5.205095073484124,15.460083993304643,0.9851774588874473,5.4172380377839,NORMAL
HemorrhageCM2,Male_22_Fit_Soldier.xml,1372,72.61690925419688,118.30670934011701,76.76482899746414,90.61212244501509,5.026603883209118,69.60997210096552,5.209429281500849,15.434322957468968,0.9842021686963752,5.409375387802388,NORMAL
HemorrhageCM2,Male_22_Fit_Soldier.xml,1373,72.14706027061922,118.94305750640747,76.85507658703293,90.88440356015778,5.0305337096226985,69.27876142998821,5.213372627512713,15.345865991470594,0.984646877405073,5.417350715557648,NORMAL
HemorrhageCM2,Male_22_Fit_Soldier.xml,1374,72.0435979627703,118.17983528731703,76.44362894485023,90.3556977256725,5.025559069570257,69.69552034214587,5.214183252311149,15.233550934327251,0.9860387776201024,5.4246068225039785,NORMAL
HemorrhageCM2,Male_22_Fit_Soldier.xml,1375,72.15793256642704,117.98422438106968,76.62165498956684,90.40917812006778,5.045782609326825,69.71761142922567,5.214634410584861,15.368259183193462,0.9867889139807671,5.426098444140303,NORMAL
HemorrhageCM2,Male_22_Fit_Soldier.xml,1376,72.42122088061498,118.19651337616918,76.27886785107634,90.25141635944063,5.051943570129355,69.87018639216882,5.2121375382794914,15.40278438696847,0.9855058814731078,5.426928615439987,NORMAL
HemorrhageCM2,Male_22_Fit_Soldier.xml,1377,72.01097608124805,118.15832826313033,76.4486506666102,90.35187653211692,5.04580861280255,69.73582201247737,5.206397341914542,15.365315510842851,0.9856843791502669,5.422334148602792,NORMAL
HemorrhageCM2,Male_22_Fit_Soldier.xml,1378,72.06709090763466,117.82293893161399,76.6903639774112,90.40122229547879,5.063257971205782,69.98724356698936,5.20269680463611,15.372055159639178,0.985582233646587,5.411771677393897,NORMAL
HemorrhageCM2,Male_22_Fit_Soldier.xml,1379,72.17060670851777,117.75086322570645,76.694951790975,90.38025560255215,5.022792237627083,70.15254861896629,5.198116163054416,15.431251168883795,0.9867623223844837,5.4049623600856,NORMAL
HemorrhageCM2,Male_22_Fit_Soldier.xml,1380,72.37586082059484,117.33898335636404,76.9887343276721,90.43881733723609,4.981337798160673,69.58386868860072,5.198827387978211,15.443972486326793,0.9867306652359191,5.396533572680285,NORMAL
HemorrhageCM2,Male_22_Fit_Soldier.xml,1381,72.55748581964187,117.4006434267979,76.89523632076887,90.39703868944521,4.990599872821609,68.9251651448578,5.201058636101326,15.51666902811312,0.987462491961359,5.3978422897176515,NORMAL
HemorrhageCM2,Male_22_Fit_Soldier.xml,1382,72.15570224782431,117.82525314801183,77.34886053260423,90.84099140440676,5.023659421353397,68.89452300390391,5.197780633964456,15.505786063878915,0.9875629097948841,5.4019479844643,NORMAL
HemorrhageCM2,Male_22_Fit_Soldier.xml,1383,71.87142826375765,117.92239692035727,77.55098080824452,91.00811951228211,4.990353453749669,69.60606350710142,5.194246244579987,15.430842711123194,0.9864766805426296,5.3959161693499595,NORMAL
HemorrhageCM2,Male_22_Fit_Soldier.xml,1384,71.62370257511346,118.01901021597875,77.79047588662623,91.19998732974373,4.954438044607931,69.42980826475812,5.199505573810917,15.413696895483147,0.9863770566176585,5.389412578925349,NORMAL
HemorrhageCM2,Male_22_Fit_Soldier.xml,1385,71.58276143849552,118.07897446710557,77.4877510168557,91.01815883360565,4.996121626577714,69.19195052825435,5.1945459615894665,15.396644708656257,0.9856687531828592,5.399090211892576,NORMAL
HemorrhageCM2,Male_22_Fit_Soldier.xml,1386,72.01536565104212,118.09691502293911,77.65229785300887,91.13383690965229,5.009370530045735,69.72857815790697,5.194431245298997,15.386061055479214,0.985846497038273,5.389964084846429,NORMAL
HemorrhageCM2,Male_22_Fit_Soldier.xml,1387,72.16866152660002,118.1172599714672,78.04137116374089,91.40000076631632,4.996292475464471,69.54511395623842,5.195258593209219,15.382894558488463,0.9849083333889003,5.389752996681803,NORMAL
HemorrhageCM2,Male_22_Fit_Soldier.xml,1388,71.81729568377786,118.55115017557705,77.48602415574783,91.1743994956909,4.971831921002007,69.26695926133732,5.193634787460548,15.379303687676604,0.9859135460605217,5.391275390329312,NORMAL
HemorrhageCM2,Male_22_Fit_Soldier.xml,1389,72.21635270000637,118.62939046461591,76.97065967558419,90.85690327192809,4.964306927815987,69.24917217701056,5.190428642904246,15.302722335438858,0.9862074411783968,5.388287443510297,NORMAL
HemorrhageCM2,Male_22_Fit_Soldier.xml,1390,71.83662233658822,118.21238945505374,76.71474293284123,90.54729177357873,5.001351259232066,68.84532742214769,5.190194520119475,15.288912972892035,0.9848606617405636,5.382387852727257,NORMAL
HemorrhageCM2,Male_22_Fit_Soldier.xml,1391,71.6695811972589,118.0829137458708,76.86417686945634,90.60375582826116,5.004043722334103,69.58999855889303,5.18668410346341,15.362513392754689,0.9855698273088341,5.381957046006324,NORMAL
HemorrhageCM2,Male_22_Fit_Soldier.xml,1392,72.12576338002569,118.34869523130777,76.39378631504131,90.3787559537968,4.993276794284617,69.75522051742716,5.189321964295783,15.385365775217469,0.9864857910574291,5.375497567531458,NORMAL
HemorrhageCM2,Male_22_Fit_Soldier.xml,1393,72.18692210066541,118.19528352318238,75.93170489529203,90.01956443792214,5.0335677208655465,69.26444298458284,5.189512004205367,15.338455507684975,0.9849447233531268,5.380351465782246,NORMAL
HemorrhageCM2,Male_22_Fit_Soldier.xml,1394,72.2359246695516,117.58087154009952,75.48927525030489,89.5198073469031,4.997898325961782,69.70044774230406,5.19083426589685,15.365532579133149,0.9836470211073223,5.380701156096984,NORMAL
HemorrhageCM2,Male_22_Fit_Soldier.xml,1395,72.3053007735636,117.43806771091901,75.3495078086443,89.37902777606921,4.980038345412823,69.23340368428734,5.1952556712380895,15.473975913529443,0.9829324957328672,5.383134235064839,NORMAL
HemorrhageCM2,Male_22_Fit_Soldier.xml,1396,71.85784979836998,117.33211486995084,75.98847083903603,89.76968551600763,4.972986270907677,68.96468513809127,5.191685034116099,15.49918070091525,0.9843747118276733,5.3912700136428775,NORMAL
HemorrhageCM2,Male_22_Fit_Soldier.xml,1397,71.62420235619763,117.73025182238776,75.75768501534776,89.74854061769443,5.002289855190684,69.23110696242283,5.19224604808195,15.517881311710138,0.9845115874659384,5.384699724161367,NORMAL
HemorrhageCM2,Male_22_Fit_Soldier.xml,1398,71.85268734067742,118.27350575804971,75.84800845495849,89.98984088932222,5.010582380402442,69.77016257364535,5.196831722279481,15.447610386244127,0.9835628810258034,5.3857320396929875,NORMAL
HemorrhageCM2,Male_22_Fit_Soldier.xml,1399,72.23659884000861,118.08675664752745,75.68007539798487,89.81563581449906,5.028477402762988,69.68859349249381,5.201765046616777,15.351726403136416,0.9837728331279872,5.394170087558484,NORMAL
HemorrhageCM2,Male_22_Fit_Soldier.xml,1400,72.26940432924287,118.56604449527313,75.68990177215076,89.98194934652489,4.994892207347322,69.60005766629843,5.196718895969518,15.384687505455679,0.9839116482304898,5.403247842562653,NORMAL
HemorrhageCM2,Male_22_Fit_Soldier.xml,1401,71.94496263534327,117.97644821751554,75.5809000719466,89.71274945380291,5.014405957417691,69.17104357461622,5.192509884817361,15.30009349723928,0.9846749258516335,5.393962477125875,NORMAL
HemorrhageCM2,Male_22_Fit_Soldier.xml,1402,72.33453909440516,118.26971900675947,75.3290795647695,89.64262604543282,5.021184445354029,69.66148899097098,5.195176628987368,15.404156875018577,0.9837502309228454,5.386217522722566,NORMAL
HemorrhageCM2,Male_22_Fit_Soldier.xml,1403,72.66289446514362,118.65588264628113,75.41058988881305,89.82568747463574,5.000430165446947,69.4353633182146,5.194839935267357,15.352394762393313,0.9851751879693431,5.3911245688802865,NORMAL
HemorrhageCM2,Male_22_Fit_Soldier.xml,1404,72.84784225266118,119.0184469545801,75.24607232001748,89.83686386487169,5.02900661886557,68.93003278514101,5.199727057748676,15.284237119239583,0.984880725066128,5.390505022527211,NORMAL
HemorrhageCM2,Male_22_Fit_Soldier.xml,1405,72.54434405593967,118.32497311349803,74.83003099799659,89.32834503649707,5.043541439245046,69.12722528525809,5.204197550491426,15.22024474342727,0.9838856011399585,5.399497762012306,NORMAL
HemorrhageCM2,Male_22_Fit_Soldier.xml,1406,72.09160043669574,118.62756100581849,75.03249770943405,89.56418547489554,5.037173154060043,69.53824882353827,5.207605462503344,15.342642446782943,0.9853612025471215,5.407723865769523,NORMAL
HemorrhageCM2,Male_22_Fit_Soldier.xml,1407,72.01418299344726,118.56597595094237,75.42313906492119,89.80408469359492,5.03059706152025,69.8192835018606,5.207147478167328,15.289235871236462,0.9868261856633922,5.413994726593749,NORMAL
HemorrhageCM2,Male_22_Fit_Soldier.xml,1408,72.32207647997426,118.77650675764404,75.3774877535918,89.8438274216092,5.035826844990284,69.8015746784877,5.210684861422958,15.300105595271196,0.9874179237017836,5.41315199473307,NORMAL
HemorrhageCM2,Male_22_Fit_Soldier.xml,1409,72.43502197738971,118.96889320773998,75.7502364137783,90.15645534509886,5.010595599902186,69.62081824628666,5.212220378591005,15.262947038308624,0.9885772023665497,5.419661094146562,NORMAL
HemorrhageCM2,Male_22_Fit_Soldier.xml,1410,72.61485658598491,119.38750990893514,75.81331811064253,90.3380487100734,5.017920580068229,69.22955398590037,5.212317026531574,15.228990949046842,0.9896851272086031,5.422486582134621,NORMAL
HemorrhageCM2,Male_22_Fit_Soldier.xml,1411,72.64301973040973,119.75917598872982,75.8634735098729,90.49537433615855,4.993540441046763,69.17654643448049,5.207083435205723,15.155105360611861,0.9903287519254322,5.422664422930431,NORMAL
HemorrhageCM2,Male_22_Fit_Soldier.xml,1412,72.53740761533403,120.18594440430168,75.78678251792145,90.58650314671486,4.984727932370142,68.8631480037039,5.205249911986708,15.089506527768947,0.9887423889735317,5.413034149994829,NORMAL
HemorrhageCM2,Male_22_Fit_Soldier.xml,1413,72.77122828161944,119.57876047891986,75.85877977947636,90.43210667929087,5.008074094977599,68.83988850163888,5.201008806207539,15.014182166796328,0.9878406980513579,5.409660304401331,NORMAL
HemorrhageCM2,Male_22_Fit_Soldier.xml,1414,72.46626434338977,118.9915435550499,76.16100445937344,90.43785082459893,5.012506610063556,68.93708923087142,5.198102778464197,15.121349753486049,0.9870280277740946,5.401856293033379,NORMAL
HemorrhageCM2,Male_22_Fit_Soldier.xml,1415,72.72823411204585,119.07519720575522,76.53295880166175,90.71370493635958,4.973676034027543,69.22797601580216,5.197885041730295,15.224993176778147,0.9872191217007744,5.396508943845339,NORMAL
HemorrhageCM2,Male_22_Fit_Soldier.xml,1416,72.5868408317931,118.74689989320395,76.60897078979488,90.6549471575979,4.963464479767245,68.55976537474145,5.196593071900644,15.210228359250682,0.9855571537595406,5.3961082889135685,NORMAL
HemorrhageCM2,Male_22_Fit_Soldier.xml,1417,72.79262165744947,118.21975763124667,76.36285362437094,90.31515495999618,4.93643518725817,68.54713459544118,5.196785936023687,15.26817263154135,0.9842668375426633,5.393730949662286,NORMAL
HemorrhageCM2,Male_22_Fit_Soldier.xml,1418,72.66039860614218,117.70913036182472,75.86882837781627,89.81559570581909,4.94389004101043,68.06564300848824,5.193599222395824,15.361212914221099,0.9847953583140937,5.394085836780665,NORMAL
HemorrhageCM2,Male_22_Fit_Soldier.xml,1419,72.32156483445385,117.59681080169449,75.64338339285317,89.62785919580027,4.945626834184497,68.25630703084201,5.190932820719363,15.451338310949117,0.9857463521221774,5.388222000631988,NORMAL
HemorrhageCM2,Male_22_Fit_Soldier.xml,1420,71.95023101338005,117.55818767784429,76.09251590237687,89.91440649419934,4.92581184826361,68.53917294652987,5.190195170117181,15.471162643732034,0.9854885575654437,5.383315584692815,NORMAL
HemorrhageCM2,Male_22_Fit_Soldier.xml,1421,71.84664199703194,118.12882169260975,75.7198025388366,89.85614225676099,4.910853296344549,68.5900388413599,5.186381684105172,15.477979601165224,0.9851331326751714,5.381958242059843,NORMAL
HemorrhageCM2,Male_22_Fit_Soldier.xml,1422,72.069580276288,118.67508167913553,75.34510160971841,89.78842829952411,4.898640046696685,68.49055962500883,5.187263494376631,15.377263051057238,0.9856182166602664,5.374941089048612,NORMAL
HemorrhageCM2,Male_22_Fit_Soldier.xml,1423,71.86960720811867,118.48529094265928,75.4822026065481,89.81656538525182,4.9361189033999535,68.17013629866241,5.190425058725426,15.280848501834257,0.985043449880882,5.376563698278648,NORMAL
HemorrhageCM2,Male_22_Fit_Soldier.xml,1424,72.1047575789755,118.96274089696782,75.54527570316189,90.0177641010972,4.978507789204057,68.77729609244399,5.194621257896013,15.314346449250166,0.9847065213409018,5.382381257519848,NORMAL
HemorrhageCM2,Male_22_Fit_Soldier.xml,1425,71.77355447873767,118.30064727852837,75.02408986455633,89.449609002547,4.953812236547499,69.10336115255073,5.195051327683737,15.230076828086876,0.985532141453221,5.390102636738989,NORMAL
HemorrhageCM2,Male_22_Fit_Soldier.xml,1426,71.60380603593845,118.51495473799065,74.9493315260708,89.47120593004408,4.998075930767139,69.06618855253095,5.197821317236054,15.346935941585645,0.9852925793166337,5.390894003351184,NORMAL
HemorrhageCM2,Male_22_Fit_Soldier.xml,1427,71.50719712067485,118.43474690268297,75.38586820267672,89.73549443601213,4.978151850840952,69.73545259453091,5.19452047234104,15.309110807750397,0.985302905472671,5.3959910301835645,NORMAL
HemorrhageCM2,Male_22_Fit_Soldier.xml,1428,71.39610055660557,118.75708144178647,75.89503075782926,90.182380985815,5.020600887179217,69.57125606768412,5.192432134891065,15.323267440994805,0.9862405147371461,5.389917182365133,NORMAL
HemorrhageCM2,Male_22_Fit_Soldier.xml,1429,71.26429892124564,118.957167285961,76.27930793105511,90.50526104935707,5.033950050134434,70.17437281065621,5.193060567412141,15.266375594523833,0.9851848934036874,5.386074455951713,NORMAL
HemorrhageCM2,Male_22_Fit_Soldier.xml,1430,71.79170023646886,118.97237184368348,76.40786101416118,90.59603129066862,5.007781283535492,70.44251345940974,5.189938371933604,15.231060566976822,0.9837852094380088,5.387230827613688,NORMAL
HemorrhageCM2,Male_22_Fit_Soldier.xml,1431,72.22177761441374,119.45885280434962,76.27149965412772,90.66728403753503,5.01606281138215,69.70323209815099,5.186652209599536,15.228376971957772,0.9825352048248511,5.381485710590869,NORMAL
HemorrhageCM2,Male_22_Fit_Soldier.xml,1432,72.10741390563665,119.01645740632922,76.39956957396255,90.60519885141811,4.992438708101101,69.46266295915817,5.18608121850895,15.142513383766921,0.9826698646787494,5.37543887998882,NORMAL
HemorrhageCM2,Male_22_Fit_Soldier.xml,1433,72.09583402203194,119.09844293039737,76.11776689938107,90.44465890971983,4.974984970294252,69.26879961686788,5.184999662238112,15.220595897461058,0.9824092455536868,5.374388205661427,NORMAL
HemorrhageCM2,Male_22_Fit_Soldier.xml,1434,72.0129216209545,118.7171497226258,75.56099659697395,89.94638097219124,4.941586153910222,69.06799711622264,5.181720329394852,15.206125503251675,0.983350654954741,5.372398046049243,NORMAL
HemorrhageCM2,Male_22_Fit_Soldier.xml,1435,71.7801613692735,118.5937638387594,76.10275922654345,90.26642743061544,4.9174232637779065,68.73104443737778,5.180030291188924,15.273423518218664,0.9848275138605977,5.36636378231694,NORMAL
HemorrhageCM2,Male_22_Fit_Soldier.xml,1436,71.71087634644387,118.25009412164533,75.60694936428378,89.82133095007096,4.889508979006452,68.6217665458093,5.18214466321361,15.295201050285618,0.9859272279012097,5.363253961893191,NORMAL
HemorrhageCM2,Male_22_Fit_Soldier.xml,1437,71.62825496021074,118.55851623150016,75.48679598769841,89.84403606896566,4.9265224403850665,68.33881331651662,5.183860917754575,15.355858542458677,0.9854678677066685,5.367144594236713,NORMAL
HemorrhageCM2,Male_22_Fit_Soldier.xml,1438,71.81583957827497,118.08693546699139,75.40795827671026,89.63428400680397,4.967279431427145,68.8508236376331,5.181456181575334,15.301422231131575,0.9861582213805538,5.370302655045707,NORMAL
HemorrhageCM2,Male_22_Fit_Soldier.xml,1439,71.5455056770233,118.19790631886605,75.97213721102727,90.04739358030686,4.98398367499946,69.19539432801183,5.179843199437408,15.38465594393107,0.9866795952737594,5.365877726864971,NORMAL
HemorrhageCM2,Male_22_Fit_Soldier.xml,1440,71.96829203229393,117.57948315503121,76.03130600245083,89.8806983866443,4.973547639321837,69.61137199441755,5.183708354817074,15.365069657319758,0.9880142360956445,5.3629096964511795,NORMAL
HemorrhageCM2,Male_22_Fit_Soldier.xml,1441,71.73563900527262,117.93797243939082,75.48020077756813,89.63279133150903,4.952405571338345,69.15089180858264,5.185515919664308,15.474220962633918,0.9870308076069599,5.370021925688652,NORMAL
HemorrhageCM2,Male_22_Fit_Soldier.xml,1442,72.08521979772735,118.44007448187567,76.02945661334734,90.16632923619011,4.996751534226669,69.07906872470757,5.190623133065378,15.410947826022497,0.9867138798562624,5.373348005572208,NORMAL
HemorrhageCM2,Male_22_Fit_Soldier.xml,1443,72.24363276880877,118.9635532185971,75.50724556509127,89.9926814495932,4.990704309700035,69.33814043447859,5.1956861892207895,15.32232712656764,0.9865884538721178,5.382745731900156,NORMAL
HemorrhageCM2,Male_22_Fit_Soldier.xml,1444,71.81696955902189,118.98914785807986,75.80119321071737,90.19717809317153,4.962256510439145,69.14097563856551,5.1914855547448555,15.229933453822529,0.9866599724180315,5.392062204973639,NORMAL
HemorrhageCM2,Male_22_Fit_Soldier.xml,1445,72.08565965336376,119.14424458878194,76.11341186044969,90.45702276989377,4.959080509284322,69.13390140868017,5.194013274991608,15.225416015809266,0.987638015511561,5.3843326643986735,NORMAL
HemorrhageCM2,Male_22_Fit_Soldier.xml,1446,72.4473629265869,118.54151781346955,76.40095896525315,90.44781191465862,4.955259831417538,68.88467728307712,5.197285668828858,15.198041538920151,0.9871296383154377,5.388983894188215,NORMAL
HemorrhageCM2,Male_22_Fit_Soldier.xml,1447,72.18346513694875,118.03558066957699,75.94584871140671,89.97575936413014,4.9386403543874,68.5570190547447,5.199469912242373,15.304422441383746,0.9880968268880104,5.395005389533074,NORMAL
HemorrhageCM2,Male_22_Fit_Soldier.xml,1448,72.38272605152572,117.96901721239553,76.20151648109498,90.12401672486183,4.948814535473351,68.56263867722284,5.197546397432966,15.393720033861285,0.987010227264412,5.399024591438664,NORMAL
HemorrhageCM2,Male_22_Fit_Soldier.xml,1449,72.47995335190008,118.0456690751948,75.78316858664711,89.87066874949633,4.919277449280627,68.5299253902789,5.19512474441098,15.405468442818878,0.98546677039299,5.395485153324961,NORMAL
HemorrhageCM2,Male_22_Fit_Soldier.xml,1450,72.11146415031891,118.57734627852389,76.32134449819607,90.40667842497201,4.911658193207626,68.10087487527703,5.1984207615085,15.391939436519337,0.9858566888658646,5.391029096650863,NORMAL
HemorrhageCM2,Male_22_Fit_Soldier.xml,1451,71.89046558719168,118.96228067591302,76.32509943326879,90.53749318081687,4.8835304369858,68.29424953369649,5.197021649435213,15.298098739496785,0.9861036704135051,5.397094060893057,NORMAL
HemorrhageCM2,Male_22_Fit_Soldier.xml,1452,71.80560893730878,118.26575433455406,76.53345330362492,90.44422031393464,4.902977115621115,68.12700951410484,5.199480581107644,15.230158056817949,0.9857404544462371,5.394519570396119,NORMAL
HemorrhageCM2,Male_22_Fit_Soldier.xml,1453,71.93003168592361,117.9890165737756,75.93948700549821,89.95599686159068,4.9411667782462345,68.42754888681134,5.2027614294100974,15.353094524581522,0.9848390897556818,5.399044223098469,NORMAL
HemorrhageCM2,Male_22_Fit_Soldier.xml,1454,72.31489676107279,117.53773649518446,76.51252311575412,90.1875942422309,4.95198987586763,68.79082607279045,5.2073282615776115,15.40193856792456,0.9856865134073943,5.405081275410307,NORMAL
HemorrhageCM2,Male_22_Fit_Soldier.xml,1455,72.4822262116374,117.04107371436767,76.74722380893363,90.17850711074497,4.948939562629193,68.62068883449501,5.208280573320662,15.48158922223552,0.9867417001913704,5.413484652266849,NORMAL
HemorrhageCM2,Male_22_Fit_Soldier.xml,1456,72.50225786240757,117.22497944817646,77.03963913249255,90.43475257105385,4.933387958293402,68.45430771258229,5.205306430258395,15.569249895375497,0.986847432931553,5.415236990467207,NORMAL
HemorrhageCM2,Male_22_Fit_Soldier.xml,1457,72.65740032674074,117.67010354029101,76.50424808681416,90.22619990463977,4.920793344598304,68.2526258440967,5.2071450127603125,15.536790647284736,0.9863056403701587,5.4097643030417135,NORMAL
HemorrhageCM2,Male_22_Fit_Soldier.xml,1458,72.85996837929353,117.14003488314611,76.06281362739108,89.75522071264275,4.906139742730654,67.98259673822396,5.210197250796203,15.458226520773362,0.9852678268944822,5.413147458165161,NORMAL
HemorrhageCM2,Male_22_Fit_Soldier.xml,1459,72.69649726541003,117.56235543718682,76.23250995765716,90.00912511750037,4.880318401620443,67.65279808503465,5.206011110127211,15.55178331039087,0.9842796154463523,5.4187638472792425,NORMAL
HemorrhageCM2,Male_22_Fit_Soldier.xml,1460,72.48560159862598,117.76473093652444,75.68853426106702,89.71393315288616,4.862014562527716,67.46912254466746,5.202983026643645,15.477243994223123,0.9855646073797804,5.411060976596524,NORMAL
HemorrhageCM2,Male_22_Fit_Soldier.xml,1461,72.77388533457457,117.23270309832608,75.757266710105,89.58241217284537,4.898524643763251,67.4108675804606,5.205824444268699,15.44152484395823,0.98582934441568,5.405489034004352,NORMAL
HemorrhageCM2,Male_22_Fit_Soldier.xml,1462,72.53590382657964,116.65186514259108,76.17766332143911,89.66906392848976,4.933108916794422,67.62755810736475,5.206803568547079,15.535427427817998,0.9843942538250668,5.410717494835472,NORMAL
HemorrhageCM2,Male_22_Fit_Soldier.xml,1463,72.23743529908012,116.22730892860191,75.72795005779909,89.2277363480667,4.952204348400588,68.22333145831237,5.201394554281473,15.637944967185938,0.9858417689034257,5.412519170482575,NORMAL
HemorrhageCM2,Male_22_Fit_Soldier.xml,1464,72.56048973410086,115.88448014269433,76.04327458098881,89.32367643489064,4.945638199293175,68.68354483757143,5.203357609426698,15.712878875949635,0.9848814297045589,5.402566103755133,NORMAL
HemorrhageCM2,Male_22_Fit_Soldier.xml,1465,72.44323052651993,116.22105200682778,75.97138112154279,89.38793808330445,4.925926511716552,68.3542756993628,5.201406712996476,15.773387944285693,0.9838544500328388,5.40617829959908,NORMAL
HemorrhageCM2,Male_22_Fit_Soldier.xml,1466,72.00758686802588,116.6989415832569,76.12772695202226,89.65146516243381,4.905633371264861,68.20882321477659,5.20454348744999,15.713983218766714,0.9827544890862386,5.402588476870788,NORMAL
HemorrhageCM2,Male_22_Fit_Soldier.xml,1467,71.84360239515351,116.86797935991086,76.51649870127547,89.96699225415394,4.889542457191739,68.30238038696098,5.208301879873389,15.62963600457148,0.9815060328354751,5.4083604205026035,NORMAL
HemorrhageCM2,Male_22_Fit_Soldier.xml,1468,71.81366081772262,116.50732240567376,76.6422460210535,89.93060481592691,4.882317548660737,68.23589214782638,5.211427999247769,15.5998009417081,0.9814396264474794,5.415276196416871,NORMAL
HemorrhageCM2,Male_22_Fit_Soldier.xml,1469,72.15481751177572,117.13461546463157,76.10167053003758,89.77931884156891,4.871548408662244,68.17200159279645,5.206615623416275,15.663456670710067,0.9805295069630067,5.421028533756596,NORMAL
HemorrhageCM2,Male_22_Fit_Soldier.xml,1470,72.4914331127869,117.03653189364456,76.22856004940495,89.83121733081815,4.858116231917617,67.77856887758628,5.210319863447555,15.55273983440145,0.9821465686606354,5.4121733347468695,NORMAL
HemorrhageCM2,Male_22_Fit_Soldier.xml,1471,72.71882059528272,117.29605131517687,75.81538486778334,89.64227368358118,4.879442548367397,67.35974733752074,5.2104908475733165,15.570051523919542,0.9829130163688197,5.418989465449322,NORMAL
HemorrhageCM2,Male_22_Fit_Soldier.xml,1472,72.30869655587203,117.61295020503997,75.59895423778835,89.60361956020556,4.9208964131290225,67.44167499168249,5.2081359025471965,15.524246506786984,0.9818916500552023,5.419304091429115,NORMAL
HemorrhageCM2,Male_22_Fit_Soldier.xml,1473,72.58572684799313,117.88485415618008,76.16553655797377,90.07197575737587,4.956284401938777,68.25245509280661,5.209598458518709,15.468314049039645,0.9808692884724554,5.4149707833930325,NORMAL
HemorrhageCM2,Male_22_Fit_Soldier.xml,1474,72.08129559519787,118.50471707719674,75.72445703740155,89.98454371733328,4.9745722439217825,68.46212120942214,5.207033568182673,15.420323170103313,0.9808713606541273,5.4176620162983795,NORMAL
HemorrhageCM2,Male_22_Fit_Soldier.xml,1475,72.24363397478693,118.8451757889117,75.73095260482218,90.10236033285202,4.943342330991738,69.07444028419307,5.207249623916383,15.310917748538463,0.98258022437314,5.412942390242767,NORMAL
HemorrhageCM2,Male_22_Fit_Soldier.xml,1476,72.02225154162952,118.17249084170827,76.35629252631855,90.29502529811512,4.925434505791343,68.57231328492827,5.205520149968898,15.250826996829186,0.9822316462895844,5.413339951984861,NORMAL
HemorrhageCM2,Male_22_Fit_Soldier.xml,1477,71.95728367738988,118.42301180202362,76.21116026576094,90.28177744451517,4.958840948223768,68.52933822269257,5.20341343459748,15.36955547329365,0.9833594144161774,5.4101575662936,NORMAL
HemorrhageCM2,Male_22_Fit_Soldier.xml,1478,72.0881902107921,118.0175779753377,76.08873983831955,90.0650192173256,4.964088311192984,68.98239806342522,5.203478217904562,15.325338678991486,0.9835880116941138,5.4062810228722284,NORMAL
HemorrhageCM2,Male_22_Fit_Soldier.xml,1479,72.32932739612508,117.85399066360544,76.17546935721805,90.06830979268051,4.962616211515102,68.94293045390458,5.203978879351118,15.396897498242154,0.9842814049039602,5.406400229911913,NORMAL
HemorrhageCM2,Male_22_Fit_Soldier.xml,1480,72.46825726673737,118.15547785154648,75.83708284703613,89.94321451520625,4.9278221084142855,68.73693400465311,5.208599798845479,15.425770557423325,0.9828903245503089,5.407321491446961,NORMAL
HemorrhageCM2,Male_22_Fit_Soldier.xml,1481,72.43007619906443,118.77787080236315,76.36131103804587,90.5001642928183,4.902196772125072,68.21221682622782,5.206405672239559,15.372558255517944,0.98410525938321,5.415824393789437,NORMAL
HemorrhageCM2,Male_22_Fit_Soldier.xml,1482,72.64553461711064,119.13308320716045,76.07249261769948,90.42602281418647,4.886747762615219,67.93466139632585,5.2094266250250225,15.262706285260705,0.9855922576973049,5.411787005931906,NORMAL
HemorrhageCM2,Male_22_Fit_Soldier.xml,1483,72.8588821703237,118.63943879254778,76.45736067987583,90.51805338409982,4.866293391583899,67.58478186206834,5.205050926830913,15.200011515862055,0.9869310593425707,5.4173458274061534,NORMAL
HemorrhageCM2,Male_22_Fit_Soldier.xml,1484,72.86636353099999,118.39274785032586,75.83523564223898,90.02107304493461,4.921285751519569,67.17851689924997,5.203363919332153,15.287139449236829,0.9873808656528125,5.409294154038966,NORMAL
HemorrhageCM2,Male_22_Fit_Soldier.xml,1485,72.83951632249153,117.74987717532763,76.25952059806822,90.08963945715469,4.961402515774111,67.82850481387987,5.198396812496407,15.330680247718135,0.9867862348006616,5.406189910385622,NORMAL
HemorrhageCM2,Male_22_Fit_Soldier.xml,1486,72.35053246492555,117.18715879715064,76.31204590951488,89.9370835387268,4.991637594649975,68.32745347601556,5.195022168540483,15.444146523607817,0.985690688886171,5.397049992583431,NORMAL
HemorrhageCM2,Male_22_Fit_Soldier.xml,1487,72.48183805977652,117.63002013024663,76.5136562592593,90.21911088292175,4.976711431290062,69.06845474650743,5.194535398801191,15.543465968761538,0.9851474754236628,5.390840347937409,NORMAL
HemorrhageCM2,Male_22_Fit_Soldier.xml,1488,72.61961316386416,117.94683974507859,76.19742294246181,90.11389521000073,4.952282641347414,68.78715861770715,5.198783895611262,15.465301217815199,0.9837320412616685,5.389944648377719,NORMAL
HemorrhageCM2,Male_22_Fit_Soldier.xml,1489,72.70820269557014,117.95769983160429,75.58726622675074,89.71074409503525,4.985249283903066,68.38808128024412,5.200680165390535,15.40938275206175,0.9849613511860097,5.397762259899071,NORMAL
HemorrhageCM2,Male_22_Fit_Soldier.xml,1490,72.62315206329676,118.42399575538072,76.13874399961193,90.23382791820153,4.98736272520946,68.71348574295331,5.202719310522133,15.407465953517605,0.9847354521593189,5.401251564737173,NORMAL
HemorrhageCM2,Male_22_Fit_Soldier.xml,1491,72.23563426781249,119.03654620171923,76.14824240362394,90.44434366965571,5.02727912846783,68.80473995721596,5.198753220017815,15.325165011833498,0.9838921969671315,5.405003772915062,NORMAL
HemorrhageCM2,Male_22_Fit_Soldier.xml,1492,72.28815602987218,118.52121779054882,75.75125598929631,90.00790992304715,5.043327332587875,69.5864303938404,5.199445849920101,15.217050237519391,0.9850059109755648,5.3977058140822365,NORMAL
HemorrhageCM2,Male_22_Fit_Soldier.xml,1493,72.48916927182044,118.41578361970477,75.55631177350396,89.84280238890423,5.048910773820348,69.73759527697351,5.202762694111979,15.308005382853736,0.9839999114386322,5.398980314628245,NORMAL
HemorrhageCM2,Male_22_Fit_Soldier.xml,1494,72.64316933478342,118.57223383051274,75.24212322158164,89.68549342455867,5.011071739450002,69.64592528103097,5.1983198870525005,15.326614448693027,0.9843894446062497,5.405083602574113,NORMAL
HemorrhageCM2,Male_22_Fit_Soldier.xml,1495,72.80386993347369,117.84426298674525,75.06982440822433,89.32797060106464,5.01292327943949,69.07257549721369,5.1941074131383695,15.299001083403677,0.9847295941876283,5.396908442933414,NORMAL
HemorrhageCM2,Male_22_Fit_Soldier.xml,1496,72.8633701883053,117.59533072577764,75.24115257400913,89.35921195793198,5.0222740222204765,68.9695883523879,5.189902226286919,15.427487486363017,0.9840587186800774,5.389157116740478,NORMAL
HemorrhageCM2,Male_22_Fit_Soldier.xml,1497,73.08819824180863,117.73359615736099,75.40680668345911,89.51573650809307,5.042526913853363,69.03486582070349,5.1861664058219255,15.471423876214477,0.9835777202556227,5.381419199390178,NORMAL
HemorrhageCM2,Male_22_Fit_Soldier.xml,1498,73.24574867915001,117.07676965711525,75.30448770787939,89.22858169095801,5.019457816150287,69.10139377226554,5.186253842827335,15.44702011319311,0.9827760905847307,5.374544957884428,NORMAL
HemorrhageCM2,Male_22_Fit_Soldier.xml,1499,73.22140657080384,117.5012154568418,75.95483344803097,89.80362745096791,5.033080095641453,68.70545290262145,5.183326723229956,15.562949583593582,0.9826757642476034,5.3747058497413445,NORMAL
HemorrhageCM2,Male_22_Fit_Soldier.xml,1500,73.19316419487701,117.00122822206103,76.32913385762764,89.88649864577211,5.000691336479762,68.88597518909116,5.185531599927195,15.488035162878836,0.9825079350729605,5.369319689668304,NORMAL
HemorrhageCM2,Male_22_Fit_Soldier.xml,1501,73.0459667826226,117.61142493416614,76.03860286704416,89.89621022275149,4.972722329185977,68.5230622253656,5.186319491554768,15.57628260008401,0.983862801201427,5.373376858648786,NORMAL
HemorrhageCM2,Male_22_Fit_Soldier.xml,1502,72.53099786368696,117.96293149825253,76.49534939228843,90.31787676094314,5.000951672724846,68.30362149266759,5.188955526115381,15.468583258404,0.98476020374257,5.37482664923135,NORMAL
HemorrhageCM2,Male_22_Fit_Soldier.xml,1503,72.163581901992,118.61642146492564,76.45670526127763,90.50994399582697,5.0191226352298575,69.03903691114688,5.191352542640028,15.406542567595118,0.986070058403003,5.3796771869798725,NORMAL
HemorrhageCM2,Male_22_Fit_Soldier.xml,1504,72.00706176532636,118.94348263541222,76.20986582912776,90.45440476455592,5.005402298321853,69.54531691656379,5.195603480685263,15.291201993303293,0.9857772055942496,5.384087910310425,NORMAL
HemorrhageCM2,Male_22_Fit_Soldier.xml,1505,72.31832562923623,119.2164655045251,76.05036707017322,90.43906654829051,4.981388784304554,69.50390671342848,5.197058879290175,15.23347589932127,0.9844400585331097,5.391910013921333,NORMAL
HemorrhageCM2,Male_22_Fit_Soldier.xml,1506,71.98254410760173,119.25243254472798,76.04147617250608,90.44512829658005,5.008244463969822,68.97070828821055,5.193720263530862,15.185294592031118,0.9855962014213898,5.394588076636349,NORMAL
HemorrhageCM2,Male_22_Fit_Soldier.xml,1507,72.02341716603591,119.76179380732032,76.37433721459334,90.83682274550233,4.9741203583291815,69.55751440368059,5.1901635034767555,15.178946431716284,0.9849896878882937,5.38844472707245,NORMAL
HemorrhageCM2,Male_22_Fit_Soldier.xml,1508,72.36641713104075,119.08083905692106,76.06649221919618,90.40460783177114,4.966631771845823,69.11445033159693,5.186842278729704,15.089044484409419,0.9840280711569734,5.381899972628537,NORMAL
HemorrhageCM2,Male_22_Fit_Soldier.xml,1509,72.51754938197968,118.61495885922788,76.02659232212113,90.22271450115672,4.951555924738808,68.75621062988283,5.191660890728365,15.20923257601494,0.9845566585457243,5.37578862407203,NORMAL
HemorrhageCM2,Male_22_Fit_Soldier.xml,1510,72.13609139014312,118.01625200247841,76.10594778182984,90.0760491887127,4.921172313087828,68.45828923277861,5.195917681645815,15.291460142302887,0.9842949238141107,5.384655298183297,NORMAL
HemorrhageCM2,Male_22_Fit_Soldier.xml,1511,72.39702297359226,118.59833850480508,75.64827967551437,89.9649659519446,4.921004601598868,68.38952650546766,5.199692442236031,15.3971315316304,0.9857074334694532,5.392488171598986,NORMAL
HemorrhageCM2,Male_22_Fit_Soldier.xml,1512,72.22400139463875,118.78311313276116,75.69673881903582,90.0588635902776,4.912546829562686,68.18550833489869,5.203472397763473,15.294393624562481,0.986198536971545,5.399434066394168,NORMAL
HemorrhageCM2,Male_22_Fit_Soldier.xml,1513,72.27988780958322,118.8925084134491,76.0216240194476,90.3119188174481,4.903774122109113,68.2177480625654,5.206407110518333,15.261781017192991,0.9846265360841467,5.40638952033531,NORMAL
HemorrhageCM2,Male_22_Fit_Soldier.xml,1514,72.51160058460738,118.49456075065721,75.60893009499145,89.9041403135467,4.908526346700073,68.06924524790101,5.201624613016578,15.242472817920095,0.9843210656069531,5.41178965249261,NORMAL
HemorrhageCM2,Male_22_Fit_Soldier.xml,1515,72.38868598970282,117.86735269882048,75.61393513540087,89.69840765654074,4.932102270156036,67.94781495784926,5.2054959812864885,15.31271033388102,0.984269909194728,5.402989432263674,NORMAL
HemorrhageCM2,Male_22_Fit_Soldier.xml,1516,71.98688721012833,118.2074285401816,76.16025137505173,90.17597709676168,4.974940218454285,68.32497165729436,5.2077387133898885,15.423412166485425,0.983426697031982,5.410113093771082,NORMAL
HemorrhageCM2,Male_22_Fit_Soldier.xml,1517,71.85224066539035,117.92725385139332,76.73714722063424,90.4671827642206,4.977179830501779,69.15303674225872,5.209142868415978,15.363388991156418,0.983481149797767,5.4142399200615685,NORMAL
HemorrhageCM2,Male_22_Fit_Soldier.xml,1518,71.70172493890323,117.28939702359163,76.23741947997199,89.92141199451187,4.977815103006478,69.28610546824935,5.2098140088392935,15.41283965016407,0.9830631502124481,5.416823690039623,NORMAL
HemorrhageCM2,Male_22_Fit_Soldier.xml,1519,71.38085163781794,117.5144034530657,76.06586374441915,89.88204364730133,5.015685176412412,69.41277062725977,5.207644251606831,15.525420985129557,0.9830083413884184,5.41805864803543,NORMAL
HemorrhageCM2,Male_22_Fit_Soldier.xml,1520,71.47181190668282,116.94717107255308,76.49974927253237,89.9822232058726,5.049808733541424,70.12702262360587,5.208869765398434,15.48570748971506,0.9824771299490751,5.414066101989771,NORMAL
HemorrhageCM2,Male_22_Fit_Soldier.xml,1521,71.676105998939,116.48790952936986,75.92413804453751,89.44539520614829,5.035583568728577,70.46737880392713,5.206143946143628,15.585823653484674,0.9833154676077632,5.416321156227804,NORMAL
HemorrhageCM2,Male_22_Fit_Soldier.xml,1522,72.0318493243556,116.70027396344258,76.13662533889723,89.65784154707902,5.01160238738982,70.13116849171867,5.20895819424824,15.666883031351755,0.9822274791613564,5.411305406666457,NORMAL
HemorrhageCM2,Male_22_Fit_Soldier.xml,1523,72.3473894110245,116.63182260558673,76.42438269912354,89.82686266794461,4.983220515717847,69.5589448983719,5.206734699174347,15.629400840294092,0.9822064609217417,5.416483873166515,NORMAL
HemorrhageCM2,Male_22_Fit_Soldier.xml,1524,72.26481792841729,117.05695037782245,75.9673434094527,89.66387906557594,5.001189442770944,68.96997093793536,5.204743146124555,15.641482462551192,0.9830085242842899,5.412392444719133,NORMAL
HemorrhageCM2,Male_22_Fit_Soldier.xml,1525,72.12812495564351,116.48166574191245,76.31086750875666,89.70113358647525,5.008801392740302,69.25023113523355,5.200141992233039,15.566447674111052,0.9836716413560064,5.408727810199334,NORMAL
HemorrhageCM2,Male_22_Fit_Soldier.xml,1526,72.19810974075591,116.4133003248156,76.85798115003789,90.04308754163046,5.042747257557543,69.44922944025583,5.202559002635032,15.66798505597007,0.9844880089067998,5.400261278321857,NORMAL
HemorrhageCM2,Male_22_Fit_Soldier.xml,1527,72.01541076872336,116.11045124274585,76.70755658809267,89.8418548063104,5.0088555797411285,69.80187348715629,5.205997409567381,15.680051509736444,0.9833697660825874,5.404708792162765,NORMAL
HemorrhageCM2,Male_22_Fit_Soldier.xml,1528,72.3885981700571,116.20142036785847,76.6492465352478,89.83330447945136,4.967970857666202,69.53887938237163,5.2050234728493745,15.733504185111872,0.9844976448734705,5.411035766349427,NORMAL
HemorrhageCM2,Male_22_Fit_Soldier.xml,1529,72.01873103646733,116.3418191567371,77.13630707010122,90.20481109897985,4.940030328722242,68.75499641995779,5.201808045857019,15.717448190883328,0.9859749069383354,5.409243636274217,NORMAL
HemorrhageCM2,Male_22_Fit_Soldier.xml,1530,71.95147656271287,116.60118126067955,76.60210870338793,89.9351328891518,4.938218143032799,68.70777690467658,5.200144338032312,15.692667891620921,0.9872540883269267,5.403326964984288,NORMAL
HemorrhageCM2,Male_22_Fit_Soldier.xml,1531,72.33766797377938,116.873117796155,75.9486042872272,89.59010879020313,4.971545021538035,68.73852072405384,5.195294710087715,15.646890640945518,0.9882638261161492,5.400265594800896,NORMAL
HemorrhageCM2,Male_22_Fit_Soldier.xml,1532,72.27812731453795,117.52039135321618,76.19382401797529,89.96934646305559,4.987245942216963,68.83753114413953,5.195230899147262,15.598894010894181,0.9877340254209958,5.3913418485939815,NORMAL
HemorrhageCM2,Male_22_Fit_Soldier.xml,1533,72.10948036230118,117.63620067740446,76.19885288286693,90.01130214771277,5.010150280369417,69.07243346720028,5.191746015392099,15.484650629047902,0.9865428662330572,5.391224430795269,NORMAL
HemorrhageCM2,Male_22_Fit_Soldier.xml,1534,72.03234183061218,117.22660144951654,76.28935722536683,89.93510530008339,5.012220084032874,69.48015561368656,5.19122160079186,15.464210355070588,0.9874547802860768,5.3848119351261285,NORMAL
HemorrhageCM2,Male_22_Fit_Soldier.xml,1535,72.17731977624659,117.22996931515827,75.99525489037366,89.7401596986352,5.020223439948696,69.56598979795969,5.196174838808019,15.536504365053013,0.9883294986928003,5.3838469656783285,NORMAL
HemorrhageCM2,Male_22_Fit_Soldier.xml,1536,72.54146773092222,117.74876597333248,75.52038690293192,89.5965132597321,5.029501220046669,69.54770160785853,5.197643285526254,15.535909938853584,0.9877971256684746,5.392961363620522,NORMAL
HemorrhageCM2,Male_22_Fit_Soldier.xml,1537,72.44044022637429,118.13070421176269,76.0894176185814,90.1031798163085,4.993550121465591,69.3724999561643,5.197272751576312,15.444342650071587,0.9878171805941294,5.395663436023108,NORMAL
HemorrhageCM2,Male_22_Fit_Soldier.xml,1538,71.98671038806076,117.8212123049238,75.98367980056196,89.92952396868257,4.972239092512429,69.02110551437627,5.197037109118772,15.376930787592933,0.987235170763878,5.394981620640959,NORMAL
HemorrhageCM2,Male_22_Fit_Soldier.xml,1539,71.74556757655695,117.79962435232162,75.53492614758676,89.62315888249837,5.013343970986244,69.12064941565448,5.201414301979277,15.431555917424994,0.9867952606035961,5.394548017587139,NORMAL
HemorrhageCM2,Male_22_Fit_Soldier.xml,1540,72.04802273052582,118.10853805104831,75.87895743403824,89.95548430637493,4.972176004342158,69.80707249962117,5.200047658646834,15.435366177685912,0.9858235292875557,5.402602441273267,NORMAL
HemorrhageCM2,Male_22_Fit_Soldier.xml,1541,71.86620122450056,118.62723451902,75.61057919511842,89.94946430308562,5.002958727063721,69.07172573104205,5.202995230165655,15.380843101227459,0.9855018330945948,5.400087696143656,NORMAL
HemorrhageCM2,Male_22_Fit_Soldier.xml,1542,71.68369837905348,119.11379467481355,75.55380533789184,90.07380178353242,4.963807260294739,69.5859397062852,5.199289498268221,15.28929349595414,0.9850849259572738,5.40551148956888,NORMAL
HemorrhageCM2,Male_22_Fit_Soldier.xml,1543,71.9943997448455,119.43096849698843,75.72616940180586,90.29443576686671,4.955432508867867,69.25778773164905,5.203937912779541,15.203415929872367,0.9865566230272063,5.3986926137001845,NORMAL
HemorrhageCM2,Male_22_Fit_Soldier.xml,1544,71.78887978933457,119.92571171857516,75.38953782930821,90.23492912573053,4.972920175540625,68.91224161786765,5.206908553653566,15.147434946742315,0.9873361572605646,5.407246109316228,NORMAL
HemorrhageCM2,Male_22_Fit_Soldier.xml,1545,71.88943228357097,119.17985327708719,75.62479721479282,90.14314923555762,5.014713549417499,69.28473621529152,5.203093348910278,15.060113074617313,0.9883618825562983,5.412712352404261,NORMAL
HemorrhageCM2,Male_22_Fit_Soldier.xml,1546,71.92329647267866,118.95357908433618,75.18837821294014,89.77677850340548,5.036848608760023,69.70924018070508,5.202888588853083,15.191756627493254,0.9884874044739943,5.405692036774802,NORMAL
HemorrhageCM2,Male_22_Fit_Soldier.xml,1547,72.16462549850311,119.32177360557505,75.43652834482025,90.06494343173851,5.0127616543933895,69.94911133825488,5.2031866851261475,15.231693882340771,0.9895546679191055,5.405315260080879,NORMAL
HemorrhageCM2,Male_22_Fit_Soldier.xml,1548,71.89779401970833,118.59703268260785,75.42764325620902,89.8174397316753,5.0213743262532375,69.46805024120071,5.203864773769526,15.16670777743239,0.9877739517821769,5.405863783702989,NORMAL
HemorrhageCM2,Male_22_Fit_Soldier.xml,1549,72.08238155186197,119.1157116447451,74.98942395173212,89.69818651606978,5.009121318980713,69.78289314267067,5.205979159760198,15.29462410137136,0.9864438028889827,5.407111527040916,NORMAL
HemorrhageCM2,Male_22_Fit_Soldier.xml,1550,72.0304133194136,119.16871457975115,74.93791538973447,89.68151511974003,4.98708482057893,69.48916865072854,5.209480184947414,15.203077585866975,0.9857191303028723,5.411002185083094,NORMAL
HemorrhageCM2,Male_22_Fit_Soldier.xml,1551,72.05323409614539,118.67474318142268,75.39874836441116,89.82407997008167,5.011687972314428,69.2649916102654,5.211426107064355,15.193722600672832,0.9861394049049416,5.417444382421042,NORMAL
HemorrhageCM2,Male_22_Fit_Soldier.xml,1552,71.86355625157614,119.20442501837275,75.62232290466812,90.149690275903,5.021202970476585,69.54307017342943,5.211306071743268,15.28090824647088,0.984858560809437,5.421025051971034,NORMAL
HemorrhageCM2,Male_22_Fit_Soldier.xml,1553,71.85559148600277,119.19715356680103,75.19519311727824,89.86251326711917,5.0009774295895735,69.8080373713881,5.2143481360445545,15.18741973037813,0.9836482010857581,5.420804176317583,NORMAL
HemorrhageCM2,Male_22_Fit_Soldier.xml,1554,71.87716434952817,118.8624405596684,75.69573947882517,90.08463983910625,4.992111328798034,69.57045478683025,5.213111292002818,15.188703137075997,0.9823221558644796,5.426401844856269,NORMAL
HemorrhageCM2,Male_22_Fit_Soldier.xml,1555,71.55829145113238,119.40400516484412,75.22306625459187,89.95004589134263,5.0081483981350505,69.44646763365941,5.210815514670271,15.24777977548586,0.9819770192676118,5.424125941951534,NORMAL
HemorrhageCM2,Male_22_Fit_Soldier.xml,1556,71.96500154706077,119.67099888642196,74.93012609917665,89.84375036159174,4.967874889591923,69.89361136019654,5.206737524584479,15.152193958162457,0.9824206050110942,5.419901507727449,NORMAL
HemorrhageCM2,Male_22_Fit_Soldier.xml,1557,72.05666957746652,118.81868200459323,75.62693864530495,90.02418643173438,5.011650617978713,69.08515332140728,5.206037931789415,15.105069731702063,0.982968857036591,5.412397643724756,NORMAL
HemorrhageCM2,Male_22_Fit_Soldier.xml,1558,72.08358334317371,118.24422790896568,75.96081070481938,90.05528310620149,5.044226317583965,69.53990571511258,5.202483618015287,15.255503133348945,0.9817199239895315,5.411110330837527,NORMAL
HemorrhageCM2,Male_22_Fit_Soldier.xml,1559,71.68686279357428,118.2319729825071,75.54823078829438,89.77614485303195,5.067688757937561,69.91048174294215,5.198432923452994,15.356893925362616,0.9811330577432356,5.404570077766076,NORMAL
HemorrhageCM2,Male_22_Fit_Soldier.xml,1560,71.60565672166568,117.81238099459533,75.87460774880422,89.85386549740126,5.093865736603394,70.51048636874737,5.1962341252981865,15.359056912290832,0.981386965991361,5.39711643995126,NORMAL
HemorrhageCM2,Male_22_Fit_Soldier.xml,1561,72.03972251953222,117.62240154042381,75.95113826362147,89.84155935588892,5.064915802796926,70.89247982435147,5.198987172574887,15.433114638227124,0.9816632533566579,5.393070456028806,NORMAL
HemorrhageCM2,Male_22_Fit_Soldier.xml,1562,72.04264728571428,117.52668954127631,75.58854475499304,89.56792635042079,5.030110836024122,70.19432238394558,5.200938728351713,15.466645894199338,0.9830919895613592,5.398136307569082,NORMAL
HemorrhageCM2,Male_22_Fit_Soldier.xml,1563,71.85978285553665,117.43226128069283,75.73726992722885,89.63560037838351,5.047418327670591,69.77314131016712,5.198979523072263,15.48353900275691,0.9841268442313263,5.401727343553695,NORMAL
HemorrhageCM2,Male_22_Fit_Soldier.xml,1564,72.24820957149852,117.48193684404042,76.22757032472474,89.9790258311633,5.035004886042083,70.12717369488627,5.201531908603598,15.500205532253183,0.9851443345106302,5.398122231804756,NORMAL
HemorrhageCM2,Male_22_Fit_Soldier.xml,1565,72.30154557924226,117.69302477968688,76.11600567753285,89.97501204491753,5.0357163248704575,69.66926384142309,5.200149028822301,15.491437826095506,0.9855308895628975,5.402818847908925,NORMAL
HemorrhageCM2,Male_22_Fit_Soldier.xml,1566,71.89829764148898,117.26324399295365,75.54288666416569,89.44967244042834,5.03187023750095,69.63569042203581,5.201005805564181,15.45418093621931,0.9848688626158364,5.4002742262711525,NORMAL
HemorrhageCM2,Male_22_Fit_Soldier.xml,1567,72.17808228633211,117.55295226465093,76.15477319597245,89.95416621886528,5.015807871405501,69.9090098261734,5.196224785295194,15.5300369788358,0.9839190604900515,5.401850771583055,NORMAL
HemorrhageCM2,Male_22_Fit_Soldier.xml,1568,72.00394637398273,118.01273667959597,75.96588028617272,89.98149908398047,4.979514720859732,69.49404392198058,5.198096180913084,15.478903648350602,0.9836213804944243,5.393053269593635,NORMAL
HemorrhageCM2,Male_22_Fit_Soldier.xml,1569,72.22684266054726,117.48246512750465,75.75219642758951,89.66228599422789,4.94311384618851,69.1946971520678,5.19653709577362,15.397751983941466,0.9836277387056046,5.3964968037652365,NORMAL
HemorrhageCM2,Male_22_Fit_Soldier.xml,1570,72.42191459921276,118.10151864152525,75.85528281506501,89.9373614238851,4.941533921116816,68.58262881409843,5.197831993418994,15.491344584391332,0.9838192457451129,5.3936279486162455,NORMAL
HemorrhageCM2,Male_22_Fit_Soldier.xml,1571,72.02777061249151,117.77885774260392,76.00177278158309,89.92746776859003,4.979985858226291,68.41229284807672,5.2016044640432435,15.382082022659876,0.9826381262304598,5.396010675308531,NORMAL
HemorrhageCM2,Male_22_Fit_Soldier.xml,1572,72.33686787056517,117.69529283994027,76.30900591837171,90.1044348922279,4.968072846391339,69.18162811165644,5.199677392271311,15.439031471436522,0.9819183409869511,5.402952356362919,NORMAL
HemorrhageCM2,Male_22_Fit_Soldier.xml,1573,72.51798423904698,117.72920823084473,76.86100842560634,90.48374169401914,4.966022035821971,68.79650969033224,5.195944113352293,15.453780624989612,0.9811781560243532,5.399406373122206,NORMAL
HemorrhageCM2,Male_22_Fit_Soldier.xml,1574,72.28558943389946,117.5970276279123,76.85153385013147,90.43336510939174,4.95334820691024,68.63110436645506,5.19770507022848,15.447794579504986,0.9825520429973797,5.392536808286815,NORMAL
HemorrhageCM2,Male_22_Fit_Soldier.xml,1575,72.62418466476191,118.22067853064726,76.49271496784408,90.40203615544515,4.986890020690891,68.65978475274996,5.196916670580951,15.471124374038913,0.9839352594077693,5.395777125363493,NORMAL
HemorrhageCM2,Male_22_Fit_Soldier.xml,1576,72.8454667670021,117.54951646208185,76.60855023268073,90.25553897581443,4.954191577843537,68.79828650976869,5.193114398167315,15.361050376047373,0.9849279312114291,5.394326399979082,NORMAL
HemorrhageCM2,Male_22_Fit_Soldier.xml,1577,72.87081257852779,117.28699263784905,76.8414744306308,90.32331383303688,4.952317238617147,68.23688144274243,5.194229442506296,15.479510065375624,0.9843732174972148,5.387329880984954,NORMAL
HemorrhageCM2,Male_22_Fit_Soldier.xml,1578,72.80281755580333,117.22143169978817,76.97834690527088,90.39270850344332,4.95503140725366,68.19506174906778,5.198177553936663,15.525845357723645,0.9858247898425184,5.389381661617239,NORMAL
HemorrhageCM2,Male_22_Fit_Soldier.xml,1579,72.35442177933089,117.13638440272973,77.00496051540092,90.3821018111772,4.92336077531265,68.27969531575414,5.19380161106446,15.5374168226775,0.9842900313691777,5.3966465373569275,NORMAL
HemorrhageCM2,Male_22_Fit_Soldier.xml,1580,71.97428456557725,116.98986456688935,77.11199323628537,90.40461701315337,4.9284177468527135,68.24666119448496,5.190999121405786,15.55242761792295,0.9834202764066439,5.388594413760313,NORMAL
