scenario_name,patient_file,simulation_time_seconds,heart_rate_bpm,systolic_bp_mmhg,diastolic_bp_mmhg,map_mmhg,cardiac_output_l_min,stroke_volume_ml,blood_volume_l,systemic_vascular_resistance,spo2,cvp_mmhg,clinical_state
HemorrhageClass4NoFluid,StandardMale.xml,1,72.11154143876631,117.33501505731174,75.73003518204294,89.59836180713253,4.977856859051906,69.44444444444444,5.20236471214164,15.399999999999999,0.9855300984622687,5.4,NORMAL
HemorrhageClass4NoFluid,StandardMale.xml,2,72.40506606032442,116.8348672134934,75.6680630679684,89.39033111647673,4.94318837803609,69.09020994814504,5.199362019946158,15.517369430437558,0.9855037799937241,5.404351280396245,NORMAL
HemorrhageClass4NoFluid,StandardMale.xml,3,71.95286881636282,116.55014663576947,75.88692801096411,89.44133421923256,4.954346578918781,68.44516808537139,5.196617436235225,15.605645215038368,0.9857312970210556,5.398826060029636,NORMAL
HemorrhageClass4NoFluid,StandardMale.xml,4,72.20895661586954,116.02960716041399,76.26719742210612,89.52133400154207,4.9762752098157605,68.93172191990098,5.19529039626627,15.655898220627058,0.9846392642390925,5.393775782202182,NORMAL
HemorrhageClass4NoFluid,StandardMale.xml,5,72.53684966523691,116.03236678534816,75.74709590944342,89.17551953474499,4.947170813859749,68.99485996875016,5.199141899053139,15.747773115561904,0.9849792851721206,5.391333910779329,NORMAL
HemorrhageClass4NoFluid,StandardMale.xml,6,72.68523794932858,116.58519428401853,75.82028663317848,89.4085891834585,4.992052807191578,68.39087969650473,5.197995852788735,15.747286043470563,0.9851370633321292,5.398421018033304,NORMAL
HemorrhageClass4NoFluid,StandardMale.xml,7,72.8245491136938,116.91736599119731,76.27545179079989,89.8227565242657,4.999298925809866,68.81257159587906,5.2002018139143305,15.649712332422528,0.983763577504143,5.3963121911043626,NORMAL
HemorrhageClass4NoFluid,StandardMale.xml,8,72.45740233732555,116.74972198964184,75.73883572450063,89.40913114621436,4.97801552518737,68.79100784747362,5.1961956920587715,15.591084231880222,0.983196357197895,5.400371355529348,NORMAL
HemorrhageClass4NoFluid,StandardMale.xml,9,72.4830369155097,116.7073985790474,75.61374049634631,89.31162652391335,4.957702707109036,68.82179326840863,5.194169645947634,15.620673294302142,0.9846505322770744,5.392999735454286,NORMAL
HemorrhageClass4NoFluid,StandardMale.xml,10,72.513905485797,117.01206665766667,75.26449356226946,89.1803512607352,4.9816635554095905,68.55861174031041,5.191269840256428,15.628143350053424,0.984316840498702,5.389271630637618,NORMAL
HemorrhageClass4NoFluid,StandardMale.xml,11,72.81236890590677,117.32415154922651,75.41925753940134,89.3875555426764,4.99887368150377,68.82149834008054,5.195396384491003,15.574369622913842,0.9851994626511686,5.3839357305782105,NORMAL
HemorrhageClass4NoFluid,StandardMale.xml,12,72.44834986368147,116.74850617704146,75.26604023499323,89.09352888234264,4.980442889465595,68.79537542368904,5.19287429769971,15.519286832884838,0.9865122436411401,5.391528938527694,NORMAL
HemorrhageClass4NoFluid,StandardMale.xml,13,72.66817192271247,116.63610961075321,75.53880917911367,89.23790932299352,4.9746969251796065,68.85791886448044,5.197589513295712,15.620887884472932,0.9862678868733519,5.386888074796614,NORMAL
HemorrhageClass4NoFluid,StandardMale.xml,14,72.35895703466639,116.44164946679638,75.66664229006315,89.25831134897423,4.95908465232431,68.6184362361844,5.198628105073418,15.64072580879504,0.9873599808870166,5.395564490342364,NORMAL
HemorrhageClass4NoFluid,StandardMale.xml,15,72.21340956742738,116.23180954412695,76.30285798132216,89.61250850225709,4.965293492833466,68.67152185054336,5.1946468898570775,15.67504790373865,0.9858126363600058,5.397475591470679,NORMAL
HemorrhageClass4NoFluid,StandardMale.xml,16,71.86244428013438,116.61800185789672,76.6177664676754,89.95117826441583,4.963686493303785,68.85947535820193,5.190710177973628,15.712084520097523,0.9853925194036677,5.390149801824217,NORMAL
HemorrhageClass4NoFluid,StandardMale.xml,17,72.28427600607631,116.82115100335498,77.1104710473805,90.34736436603866,4.99738299976138,69.11533984795753,5.1865677613511645,15.643921815956762,0.9860233007430587,5.382905902263472,NORMAL
HemorrhageClass4NoFluid,StandardMale.xml,18,72.37811380375813,117.01142787441812,76.70017748766621,90.13726094991685,5.009008324215884,69.18927620906835,5.1837572655911295,15.608066117630838,0.9857457778851445,5.375283487710341,NORMAL
HemorrhageClass4NoFluid,StandardMale.xml,19,72.27255236436343,117.76293045972203,77.06892799257872,90.63359548162649,4.988880241236622,69.25513292026984,5.185061824059314,15.574482367761496,0.9847221044193717,5.370111925857623,NORMAL
HemorrhageClass4NoFluid,StandardMale.xml,20,72.55324927400432,118.309512862779,76.70145939227505,90.57081054910971,5.001476486466754,69.09641484748326,5.187345916775404,15.441842626998493,0.9837028415288417,5.372512429322043,NORMAL
HemorrhageClass4NoFluid,StandardMale.xml,21,72.66297083480552,118.32827478488002,76.95338751532829,90.74501660517886,5.0037082272629245,69.02795664923171,5.183363400368235,15.34537117145749,0.9832790247647356,5.376715362813911,NORMAL
HemorrhageClass4NoFluid,StandardMale.xml,22,72.15837600475773,118.8904395436237,77.29582778262785,91.16069836962647,5.029747822610375,68.96914582765785,5.182768730684397,15.342059703829353,0.9820904018465622,5.369387178860741,NORMAL
HemorrhageClass4NoFluid,StandardMale.xml,23,72.432074985008,119.41153936260395,76.6463481469336,90.90141188549039,5.024666967051951,69.67712340457878,5.17983859209389,15.24283797216265,0.9831048469658854,5.368292933818411,NORMAL
HemorrhageClass4NoFluid,StandardMale.xml,24,72.56642062130734,118.72542716567388,76.54073909137867,90.6023017828104,5.025367536070798,69.40045312076018,5.17910117555432,15.150864176925158,0.9843736741593508,5.362901218529839,NORMAL
HemorrhageClass4NoFluid,StandardMale.xml,25,72.40225633400256,118.23670471437683,76.52435587978343,90.42847215798123,5.040385041918088,69.30349084698594,5.17778366393033,15.271962554648416,0.9838589012824754,5.361544306592867,NORMAL
HemorrhageClass4NoFluid,StandardMale.xml,26,72.72545911659701,118.41872045795995,76.3884625404583,90.39854851295885,5.036414967602123,69.61226144172646,5.175770026044255,15.358221764547057,0.9831242305094955,5.359119968171145,NORMAL
HemorrhageClass4NoFluid,StandardMale.xml,27,72.46442413857672,118.49315171303859,76.01895466784049,90.17702034957318,5.009184721390524,69.31110562702965,5.173417278655493,15.326096098560306,0.9836675176289396,5.355414695590806,NORMAL
HemorrhageClass4NoFluid,StandardMale.xml,28,72.16339175177343,119.00279287746942,76.44828991596324,90.6331242364653,4.9736306199799,69.18963169921103,5.172922762045029,15.312959028147834,0.9842809903718026,5.351085431402677,NORMAL
HemorrhageClass4NoFluid,StandardMale.xml,29,71.90516329787253,118.37019819651569,76.91823155099428,90.73555376616808,4.982824414696484,68.99876024016048,5.174814448719057,15.223007678339869,0.9851923374803845,5.350175476911879,NORMAL
HemorrhageClass4NoFluid,StandardMale.xml,30,72.16835187366107,117.89327264187413,76.32665347668248,90.18219319841303,4.979594959277619,69.31239827874883,5.176063960444806,15.3346602476465,0.9850780330286616,5.353656348429215,NORMAL
HemorrhageClass4NoFluid,StandardMale.xml,31,72.77426865317754,117.65892756401264,76.59509504106067,90.283039215378,4.923560330796458,68.26860570535035,5.1118068802708265,15.516756560439594,0.9842232385687459,5.2255613348996075,NORMAL
HemorrhageClass4NoFluid,StandardMale.xml,32,73.82960182119305,116.36793102071088,75.60507243266993,89.19269196201691,4.876376383829958,66.36483265548023,5.098088332840114,15.656037569355505,0.9828880542184448,5.19773903288354,NORMAL
HemorrhageClass4NoFluid,StandardMale.xml,33,74.65731578711906,115.68348730226681,74.76071285724227,88.40163767225044,4.841868087486047,64.29498777711233,5.076756648454479,15.98181690734392,0.980609291769408,5.152506790659961,NORMAL
HemorrhageClass4NoFluid,StandardMale.xml,34,76.38774459950436,114.4677383816411,74.37243286796799,87.73753470585902,4.79053061823722,62.59411111704545,5.05011980742915,16.200540047494165,0.9784934343495262,5.093265700170013,NORMAL
HemorrhageClass4NoFluid,StandardMale.xml,35,77.84675992715185,112.03405508540442,73.07405592844621,86.06072231409895,4.649984354023468,60.1772285010921,5.010921056294719,16.51303822669489,0.9786372816481237,5.024262650209899,NORMAL
HemorrhageClass4NoFluid,StandardMale.xml,36,79.3181233085912,110.19519349922196,71.71883009670933,84.54428456421354,4.530673250515592,57.06279884483119,4.970645461300533,17.040501068701207,0.9784335059892812,4.932144569783873,NORMAL
HemorrhageClass4NoFluid,StandardMale.xml,37,80.75522597011518,108.480476587821,70.1625936474208,82.93522129422087,4.417141118850161,54.929635902595486,4.933704042321354,17.365058999518773,0.9769972961364964,4.858033897343326,COMPENSATING
HemorrhageClass4NoFluid,StandardMale.xml,38,81.92096761680999,107.00863842381607,68.67206193839453,81.45092076686838,4.341720204515022,52.93849820863568,4.895057706300582,17.667705472142924,0.9764965380869023,4.790058404942775,COMPENSATING
HemorrhageClass4NoFluid,StandardMale.xml,39,82.56758617435497,106.00767048302946,67.38420775277446,80.25869532952612,4.244471270020679,51.53936201111376,4.8604232079340886,17.927483996310954,0.9755032964249599,4.718945713739176,COMPENSATING
HemorrhageClass4NoFluid,StandardMale.xml,40,83.15920960657714,103.94707017064053,67.21989144165074,79.46228435131401,4.164999548877912,50.20090903534353,4.828552771629342,18.104154217777086,0.9744219768516968,4.655215160188016,COMPENSATING
HemorrhageClass4NoFluid,StandardMale.xml,41,83.79080672104692,102.7778967229742,66.63387728772297,78.68188376614005,4.151186542959962,49.08936964461218,4.795327955174261,18.4678488964067,0.9737175456892587,4.596570726360051,COMPENSATING
HemorrhageClass4NoFluid,StandardMale.xml,42,84.16348353204263,101.48306375732456,66.2954106209246,78.02462833305792,4.08843561916556,48.646586996263764,4.765878828336162,18.67420728563664,0.9731764558076416,4.535434112746888,COMPENSATING
HemorrhageClass4NoFluid,StandardMale.xml,43,84.33569122766569,100.42787722193258,66.38883189732026,77.7351803388577,4.089726179583792,47.828891585637614,4.736355158921337,18.90274450194669,0.9710624985438051,4.481245103420681,COMPENSATING
HemorrhageClass4NoFluid,StandardMale.xml,44,84.63080880419479,100.16164177032536,66.33016756377333,77.60732563262401,4.0814988414590045,47.76257692173382,4.712154735453257,19.088984271773164,0.9689513415307179,4.4269189291317375,COMPENSATING
HemorrhageClass4NoFluid,StandardMale.xml,45,85.32726627178452,99.60508257485492,65.95537278157339,77.17194271266723,4.083003769556612,47.54305517510555,4.692733763299505,19.13597466405348,0.9665592121368064,4.382388000244795,COMPENSATING
HemorrhageClass4NoFluid,StandardMale.xml,46,85.88416476309156,98.54809516670491,65.68667068626522,76.64047884641178,4.080444113688789,47.24170230784624,4.669668754309599,19.23420701727501,0.9646811635386683,4.346651686331331,COMPENSATING
HemorrhageClass4NoFluid,StandardMale.xml,47,85.77206015834254,97.97068989710039,64.98029331625625,75.97709217653762,4.051497190434257,46.96571503358655,4.654281132342516,19.42076464002767,0.9632177813412739,4.304210020942255,COMPENSATING
HemorrhageClass4NoFluid,StandardMale.xml,48,86.1020382558134,97.0561959001822,64.61633784296896,75.42962386204005,4.050444275523066,46.72403986625839,4.641408751958834,19.522676312420074,0.961537508190249,4.27589542965177,COMPENSATING
HemorrhageClass4NoFluid,StandardMale.xml,49,86.20367172299787,96.26693263174828,63.71316486944031,74.56442079020964,4.038794145411461,46.56712923978719,4.627475686923908,19.684083936362576,0.9605005526467618,4.252209106301789,COMPENSATING
HemorrhageClass4NoFluid,StandardMale.xml,50,86.5410062767511,95.95541051804734,63.42508699367464,74.26852816846554,3.9677789432155937,46.40529447363522,4.609037953087582,19.82338841430592,0.961409960883355,4.226571028973689,COMPENSATING
HemorrhageClass4NoFluid,StandardMale.xml,51,86.94735058055429,95.67196703293045,63.659148881694684,74.33008826543994,3.9520446232362225,45.54666601418752,4.592802918307985,19.878371874391455,0.9599796742299963,4.19264396090462,COMPENSATING
HemorrhageClass4NoFluid,StandardMale.xml,52,86.8035009811122,95.9165767146089,63.8195405148879,74.51855258146156,3.9606603302193966,45.2155536976958,4.585374273747294,19.928399473926145,0.9589116400404276,4.162770054764058,COMPENSATING
HemorrhageClass4NoFluid,StandardMale.xml,53,86.63874400166524,95.01778098713321,63.94187835876148,74.30051256821872,3.970003665749842,45.36288345730059,4.57361411834402,19.88522601664146,0.9591607560651146,4.149100688891398,COMPENSATING
HemorrhageClass4NoFluid,StandardMale.xml,54,86.42787127509521,95.38251889321029,64.15122847226702,74.56165861258144,3.985468903349532,45.526873190051035,4.5668381963511475,20.04386290575217,0.9601722179557605,4.127460958303487,COMPENSATING
HemorrhageClass4NoFluid,StandardMale.xml,55,86.15140970771971,95.43375580406448,63.69707502506316,74.2759686180636,3.995244164288478,45.77264005936229,4.560518681357609,19.97948689127853,0.9610507512899954,4.114992659936474,COMPENSATING
HemorrhageClass4NoFluid,StandardMale.xml,56,86.55383248420621,94.82130995216644,63.842512864034475,74.16877856007847,3.937900501189112,45.99087114049747,4.5554037633243265,19.970443608253163,0.9618426286461115,4.103364190990531,COMPENSATING
HemorrhageClass4NoFluid,StandardMale.xml,57,86.41265590783176,95.05052163926908,63.57837577709743,74.06909106448798,3.9039581662324028,45.242177703171635,4.549929598718986,20.078539921713322,0.9606781976928875,4.093952287454915,COMPENSATING
HemorrhageClass4NoFluid,StandardMale.xml,58,86.13805487686436,94.37996069899644,63.18682607584029,73.58453761689233,3.9192672721678488,44.962534144134956,4.546608560198036,20.03808420093247,0.9597614580140946,4.083879338315105,COMPENSATING
HemorrhageClass4NoFluid,StandardMale.xml,59,86.40748441110937,94.07736078065692,63.62474996047359,73.77562023386804,3.906287421004096,45.23346509241624,4.543276537618831,20.15643779148943,0.9584266670703409,4.077768332431168,COMPENSATING
HemorrhageClass4NoFluid,StandardMale.xml,60,86.8912097545149,93.5007624945373,63.98887798650626,73.82617282251661,3.8733755252917317,44.98807372146882,4.531902582924314,20.20984648962083,0.9581562661379819,4.071637114904334,COMPENSATING
HemorrhageClass4NoFluid,StandardMale.xml,61,87.09376612890861,93.1810695902327,63.88262928667783,73.64877605452945,3.8645214660315212,44.45479547491207,4.524205968296677,20.311615729928057,0.9583335581252505,4.05070802792646,COMPENSATING
HemorrhageClass4NoFluid,StandardMale.xml,62,86.88054721824543,93.45209274990046,63.063444048070586,73.1929936153472,3.8899782462021344,44.281985514590346,4.518657306634446,20.368041329493476,0.9589252004948401,4.036545573327036,COMPENSATING
HemorrhageClass4NoFluid,StandardMale.xml,63,87.0957603963084,93.6378503576743,62.775551844631835,73.06298468231266,3.843598057981016,44.624878750878096,4.514810148341627,20.32020590970638,0.9583018478631323,4.026335542985029,COMPENSATING
HemorrhageClass4NoFluid,StandardMale.xml,64,86.92953449743132,94.0501223562689,62.948127216298104,73.3154589296217,3.821819974392671,44.07285969437292,4.507721061615099,20.287419807007993,0.957962914373715,4.019256429986024,COMPENSATING
HemorrhageClass4NoFluid,StandardMale.xml,65,86.86422803566211,93.64064701027847,62.389464690510216,72.8065254637663,3.812550960275954,43.92470539899621,4.5075095770527485,20.21465405465157,0.9584578556198062,4.006211880690893,COMPENSATING
HemorrhageClass4NoFluid,StandardMale.xml,66,87.21108375397682,93.72708988455277,62.104841232520016,72.6455907831976,3.814715127134723,43.859259486288494,4.4979154245520485,20.286926199555833,0.9577420108636309,4.005822730310152,COMPENSATING
HemorrhageClass4NoFluid,StandardMale.xml,67,87.11673128084784,93.75363326469237,62.278168811405756,72.76999029583463,3.8099552737248663,43.73790116261998,4.493505916726753,20.27166908579632,0.9568637649463305,3.9881686374674103,COMPENSATING
HemorrhageClass4NoFluid,StandardMale.xml,68,87.07412043820378,94.22673217793528,62.60071282661335,73.142719277054,3.7822053184738946,43.72931874312627,4.485875331055029,20.266984195644856,0.9569609915222257,3.9800547513755546,COMPENSATING
HemorrhageClass4NoFluid,StandardMale.xml,69,87.16703736680168,93.85185090490246,62.912235366273116,73.22544054581623,3.8046652348551846,43.47053090229346,4.484734854665729,20.183482530534253,0.9561780102585777,3.9660137959203148,COMPENSATING
HemorrhageClass4NoFluid,StandardMale.xml,70,86.89606257529496,93.08595132785786,62.49885593805817,72.69455440132474,3.802055096530608,43.65602128011812,4.485454985974412,20.249648842991938,0.955002195409761,3.9639152180563304,COMPENSATING
HemorrhageClass4NoFluid,StandardMale.xml,71,86.84645604279643,93.25752331364039,62.07356110425992,72.46821517405341,3.8174898578034777,43.7414226594583,4.482563933506624,20.384829643878483,0.9544338621566504,3.9652403236330382,COMPENSATING
HemorrhageClass4NoFluid,StandardMale.xml,72,86.99913524917757,92.53502627202421,62.36607481860225,72.4223919697429,3.83676526628553,43.91588837306623,4.476026138106765,20.354547294673807,0.9544544555845708,3.9599205302822593,COMPENSATING
HemorrhageClass4NoFluid,StandardMale.xml,73,86.74000134727316,93.23081458446951,62.344609194063196,72.6400109908653,3.795888467632608,44.044852649344804,4.4714371857961,20.48206757494437,0.9557429729131337,3.9478904059990008,COMPENSATING
HemorrhageClass4NoFluid,StandardMale.xml,74,86.75230056762983,93.62567639827687,62.505209825466565,72.87869868307,3.835467199701916,43.744225152054746,4.470677686241767,20.35926136882686,0.9572335758677056,3.9394463261141457,COMPENSATING
HemorrhageClass4NoFluid,StandardMale.xml,75,87.11034159784694,93.70987073536608,62.708974859660714,73.04260681822917,3.8311279847735693,44.134438596586506,4.4723300814314095,20.289568503300078,0.9573984938169926,3.9380487794683905,COMPENSATING
HemorrhageClass4NoFluid,StandardMale.xml,76,87.40810654208767,93.96757634421944,62.595277441848594,73.05271040930555,3.807719485941169,43.94269398247074,4.4680170640742825,20.274708254960796,0.9578195941136022,3.941089333398372,COMPENSATING
HemorrhageClass4NoFluid,StandardMale.xml,77,87.54678032397722,93.88370286474695,62.677428622988,73.07952003690765,3.788659647513235,43.58767733685591,4.462351332708209,20.229223374642444,0.9571512252317576,3.933152998339125,COMPENSATING
HemorrhageClass4NoFluid,StandardMale.xml,78,87.26503795208384,93.52745843673058,62.64601132853121,72.93982703126433,3.7612392239751387,43.34214368675743,4.458676389468698,20.244026991811136,0.9577609611594121,3.9227275493428326,COMPENSATING
HemorrhageClass4NoFluid,StandardMale.xml,79,87.3821300354595,92.85540082765628,62.45922224006326,72.59128176926093,3.7698080311271944,43.18423435578827,4.457140406010856,20.30690391266863,0.9568605990256956,3.9159653273396486,COMPENSATING
HemorrhageClass4NoFluid,StandardMale.xml,80,87.24897642592421,93.43916554796662,62.50615750149886,72.81716018365478,3.789469088354057,43.221894000188016,4.460136810991513,20.425521664341925,0.957708506433237,3.9131389813369477,COMPENSATING
HemorrhageClass4NoFluid,StandardMale.xml,81,87.10814947983776,92.69581675282,62.26879299049889,72.41113424460592,3.811148995434661,43.47137446008057,4.462860795840586,20.32248755283952,0.9590521261947244,3.91865263266979,COMPENSATING
HemorrhageClass4NoFluid,StandardMale.xml,82,87.02376233117641,93.07808116311479,62.292567753232326,72.55440555652648,3.817925024862023,43.74472905020295,4.459037890324058,20.453688154690898,0.9580862899401202,3.92366500676164,COMPENSATING
HemorrhageClass4NoFluid,StandardMale.xml,83,86.96812373213626,92.40954113252441,62.061545588461726,72.17754410314929,3.829870158707628,43.84696284343258,4.457358427204059,20.386218723080198,0.9570345469783715,3.9166305210253647,COMPENSATING
HemorrhageClass4NoFluid,StandardMale.xml,84,86.94781403859245,91.95760079454281,62.2010221443541,72.119881694417,3.788051096598084,43.98898630533666,4.455710282412948,20.504215624330165,0.9572649384962527,3.9135401596991013,COMPENSATING
HemorrhageClass4NoFluid,StandardMale.xml,85,86.57895538558896,92.27993543714047,61.74024080442008,71.92013901532688,3.7865776352387504,43.58050334782112,4.450756559774875,20.583982814014522,0.9569210445689473,3.9105074268799775,COMPENSATING
HemorrhageClass4NoFluid,StandardMale.xml,86,86.424606053133,92.12212938044937,62.08423896395569,72.09686910278691,3.778694545871218,43.717642406539646,4.453216166830755,20.527090949276893,0.9579631081448065,3.9013921371904132,COMPENSATING
HemorrhageClass4NoFluid,StandardMale.xml,87,86.33072450599099,91.63995062324285,61.49760056922785,71.54505058723285,3.78468429650542,43.70251389411654,4.457958094614244,20.55494362052469,0.9574759610931591,3.9059180326583043,COMPENSATING
HemorrhageClass4NoFluid,StandardMale.xml,88,86.57215884537325,92.19348690710497,61.738739644775976,71.89032206555231,3.8070618114461845,43.801430234803505,4.461817917828087,20.640047872470056,0.9565759651851149,3.9146436010018544,COMPENSATING
HemorrhageClass4NoFluid,StandardMale.xml,89,86.26601730313095,91.80158997772492,61.32090371559569,71.48113246963877,3.819678435844493,43.925381675163756,4.46151270510958,20.542349061274756,0.9558037405523615,3.92174601858056,COMPENSATING
HemorrhageClass4NoFluid,StandardMale.xml,90,86.5586377708431,92.31606420501463,61.00204660449785,71.44005247133677,3.8256386006465175,44.17939900233406,4.463071456552897,20.61151862653682,0.9547829645835747,3.9211844000666876,COMPENSATING
HemorrhageClass4NoFluid,StandardMale.xml,91,86.89408410919107,93.0470378616064,60.6490277191347,71.44836443329193,3.784279810320784,44.11686744438613,4.46014589303651,20.520714244128264,0.955532248601319,3.924052641185126,COMPENSATING
HemorrhageClass4NoFluid,StandardMale.xml,92,87.27982167351979,92.89682698529512,61.065788792718095,71.67613485691044,3.7524522332146515,43.56494619392631,4.461240816378997,20.39169784656563,0.9560713085030678,3.9186693444393352,COMPENSATING
HemorrhageClass4NoFluid,StandardMale.xml,93,86.91061965384519,93.29042337302435,61.595913390120465,72.16075005108843,3.766814820976653,43.0909175001201,4.456552600976043,20.418209973181472,0.9576370734225631,3.9206841006507407,COMPENSATING
HemorrhageClass4NoFluid,StandardMale.xml,94,87.15292983897112,93.042382998564,61.55744843428709,72.05242662237939,3.760878171802852,43.3839916603957,4.456088291826074,20.348740454573566,0.9571498071614071,3.9120573678586066,COMPENSATING
HemorrhageClass4NoFluid,StandardMale.xml,95,87.40486886382858,93.48866615028105,61.13609625879719,71.92028622262514,3.802949157115235,43.226136528481085,4.456957349950227,20.392519427009006,0.9581639289678168,3.9112029977784246,COMPENSATING
HemorrhageClass4NoFluid,StandardMale.xml,96,87.49732550474506,93.34092836703171,61.51816198907334,72.12575078172613,3.839794457625134,43.54164867616332,4.454101894926202,20.313750727195806,0.9590354417949707,3.912802141924656,COMPENSATING
HemorrhageClass4NoFluid,StandardMale.xml,97,87.43771401018341,93.27776473334518,61.497468839414374,72.09090080405798,3.852979032992184,43.86936090539677,4.451457880896741,20.339826354418257,0.9599678141275092,3.907547851032497,COMPENSATING
HemorrhageClass4NoFluid,StandardMale.xml,98,87.62295473630273,92.6664545741023,62.014475228134266,72.23180167679028,3.8254354279863363,44.024703715518456,4.450988399842273,20.350974696635127,0.9601014937170497,3.9026826303524818,COMPENSATING
HemorrhageClass4NoFluid,StandardMale.xml,99,87.41322364368925,92.04582719165214,62.43391774756765,72.30455422892915,3.7965965989646575,43.67555712515389,4.448030570256101,20.458870561045195,0.9607869868345491,3.901818743508608,COMPENSATING
HemorrhageClass4NoFluid,StandardMale.xml,100,87.21058997951876,92.69039342376408,62.62435156860357,72.64636552032374,3.779151152918969,43.4751860862947,4.443289548308507,20.568410909579487,0.9618683616114181,3.8963760743282414,COMPENSATING
HemorrhageClass4NoFluid,StandardMale.xml,101,86.84090686208849,93.03487768519786,62.53728174163503,72.70314705615597,3.8025797675087807,43.38444140245451,4.445732179796067,20.454645368909603,0.9619567954008893,3.887652172803204,COMPENSATING
HemorrhageClass4NoFluid,StandardMale.xml,102,86.86240262345103,93.44088546454167,61.98581349347378,72.47083748382974,3.7799640554776577,43.76939657335072,4.447991287411682,20.393844110168715,0.9610190678061241,3.8921468317174597,COMPENSATING
HemorrhageClass4NoFluid,StandardMale.xml,103,86.9525892645424,93.35164474111593,62.024586769307035,72.46693942657667,3.776671587509378,43.534893273146295,4.450611249569659,20.322183988629483,0.9602300725713141,3.896303790405044,COMPENSATING
HemorrhageClass4NoFluid,StandardMale.xml,104,87.12346732660343,92.98960839261164,61.72338215919915,72.14545757033665,3.749429585555808,43.46510670823612,4.447488219687024,20.337934921031007,0.9588704522445354,3.9011247535050178,COMPENSATING
HemorrhageClass4NoFluid,StandardMale.xml,105,87.12977766959756,93.35789489194465,61.37806542321881,72.03800857946075,3.7334723965274113,43.12416499481858,4.447531036424397,20.40183411226662,0.9594346319363801,3.8953781011045407,COMPENSATING
HemorrhageClass4NoFluid,StandardMale.xml,106,87.48753858746876,93.35033275034405,61.19074310631028,71.91060632098821,3.7103707794735326,42.962801902994755,4.444669619633254,20.3368317732816,0.9584623967978777,3.895456887704688,COMPENSATING
HemorrhageClass4NoFluid,StandardMale.xml,107,87.14271606982119,92.62897528121105,61.326795405044784,71.76085536376688,3.7042473156964313,42.58968036783695,4.4498387626267535,20.338166486589486,0.9585455246989404,3.8901916266314522,COMPENSATING
HemorrhageClass4NoFluid,StandardMale.xml,108,87.27477994964919,92.14936312502822,61.84805246686184,71.94848935291729,3.7162644096973825,42.66676634078839,4.453578851805301,20.465485633022713,0.9586841218184962,3.899703308910631,COMPENSATING
HemorrhageClass4NoFluid,StandardMale.xml,109,87.20048835105142,92.16597191000358,61.4871431771183,71.71341942141339,3.6915216047188113,42.733307140909,4.4577033385819345,20.550136881477368,0.9585226322271452,3.9065854052285065,COMPENSATING
HemorrhageClass4NoFluid,StandardMale.xml,110,87.42183849487924,92.12496321306233,61.03630404664429,71.39919043545031,3.7163181330865327,42.51705141972653,4.452623504379233,20.547205441218075,0.9573884598222258,3.914174827272614,COMPENSATING
HemorrhageClass4NoFluid,StandardMale.xml,111,87.39564382625741,91.95315246245906,61.74224305338254,71.81254618974138,3.696934163939796,42.67493454171586,4.4550581750041305,20.554443450824014,0.9577163310361609,3.904827481101737,COMPENSATING
HemorrhageClass4NoFluid,StandardMale.xml,112,87.55651843169713,91.69212228253286,61.799617335146685,71.76378565094208,3.7066956616912345,42.49298771067685,4.454080955700961,20.58476794187164,0.9587795341590093,3.9093074913215364,COMPENSATING
HemorrhageClass4NoFluid,StandardMale.xml,113,87.8476637630586,91.57333430742294,61.968395704221884,71.83670857195557,3.7278870041489274,42.525748872539985,4.456155553553865,20.63083960692483,0.9600199988573,3.907509320998038,COMPENSATING
HemorrhageClass4NoFluid,StandardMale.xml,114,87.46023871574472,91.3364072187046,62.164623071497886,71.88855112056679,3.710051405082399,42.61963737526959,4.45240151814945,20.651805610944592,0.9585437054802347,3.9113267653323707,COMPENSATING
HemorrhageClass4NoFluid,StandardMale.xml,115,86.97895216841964,91.46258970980949,62.25785278483433,71.99276509315938,3.7053262940748324,42.59740637370608,4.449524265705592,20.693623095331056,0.959081122887245,3.9044190067200635,COMPENSATING
HemorrhageClass4NoFluid,StandardMale.xml,116,87.14515753947452,91.57888403787506,62.4524161880246,72.16123880464141,3.7518423402046284,42.743287708628564,4.45244058358605,20.67135196381896,0.959329877302745,3.8991246066391643,COMPENSATING
HemorrhageClass4NoFluid,StandardMale.xml,117,87.24779137589162,92.35300540703493,62.30942264393589,72.32395023163556,3.761818179316551,43.13938266213997,4.453721792530806,20.650826086957757,0.9604088027274853,3.9044908905935625,COMPENSATING
HemorrhageClass4NoFluid,StandardMale.xml,118,87.46417934751003,91.82900304731749,61.87217187192783,71.85778226372439,3.7515099684864324,43.19698230752846,4.455913791651073,20.51419414485613,0.9603838488506387,3.906848428860755,COMPENSATING
HemorrhageClass4NoFluid,StandardMale.xml,119,87.21092637739481,91.44069393776627,62.11360566236763,71.88930175416718,3.7739437581207556,43.007134734058,4.459867713385292,20.606680236735663,0.9601546855590191,3.910881901955703,COMPENSATING
HemorrhageClass4NoFluid,StandardMale.xml,120,87.16772808728454,91.03653582255636,61.54808958617584,71.37757166496935,3.7719747128971997,43.33252004636841,4.457301950418884,20.67521655402053,0.9591935323284086,3.918157469170602,COMPENSATING
HemorrhageClass4NoFluid,StandardMale.xml,121,86.81038565251959,91.91392448814015,62.00434079624188,71.97420202687464,3.781721426714023,43.33051921322322,4.461225981476858,20.746550210985966,0.9605568422103788,3.9134362373975886,COMPENSATING
HemorrhageClass4NoFluid,StandardMale.xml,122,86.98258216993557,91.71885716116459,61.45210874701174,71.5410248850627,3.804656215212427,43.573784345187036,4.460033409789032,20.591691655037856,0.9607669590703632,3.9206568031130313,COMPENSATING
HemorrhageClass4NoFluid,StandardMale.xml,123,87.31859771721578,91.42348021907169,61.618883216618094,71.55374888410263,3.8148191476204607,43.731724217141824,4.459148440657997,20.626120917408137,0.9592794746643918,3.9184623652721733,COMPENSATING
HemorrhageClass4NoFluid,StandardMale.xml,124,87.13921459398072,91.37535792759856,61.86782583056789,71.70366986291144,3.8414650391173413,43.69481362276861,4.456715008365748,20.678254764706516,0.9597182167478984,3.916833943459917,COMPENSATING
HemorrhageClass4NoFluid,StandardMale.xml,125,86.94455350565845,92.1895293586856,62.25963594656004,72.23626708393523,3.839952854740843,44.03363453484075,4.455726365027113,20.686748319340577,0.9589844094008516,3.912356211882191,COMPENSATING
HemorrhageClass4NoFluid,StandardMale.xml,126,86.813223278953,92.9430207869363,62.11413798703975,72.39043225367193,3.8358019469930946,44.09926627674527,4.460149702307142,20.543047566119142,0.9593387037377261,3.910537020318648,COMPENSATING
HemorrhageClass4NoFluid,StandardMale.xml,127,86.88115503000552,92.82826262007863,61.725825469703246,72.09330451982838,3.819978265348475,44.112431987351776,4.4619026084583915,20.41005679580808,0.959567915330488,3.9186763538356715,COMPENSATING
HemorrhageClass4NoFluid,StandardMale.xml,128,87.1106903970657,92.43342382785178,61.817105393147926,72.02254487138255,3.851532537573494,43.92635448558863,4.460332089382386,20.43031154116772,0.9599973240371084,3.9219018568633253,COMPENSATING
HemorrhageClass4NoFluid,StandardMale.xml,129,86.7877664988382,93.16240382515133,61.96924207645198,72.36696265935176,3.82381621492672,44.14565161329268,4.456089762765767,20.500000343399808,0.9599501660528691,3.9190119622554302,COMPENSATING
HemorrhageClass4NoFluid,StandardMale.xml,130,86.86803903300842,92.57381375445807,62.5635647950132,72.56698111482815,3.8536801406544074,44.003354775342345,4.45521733116085,20.371335825467213,0.9586066600391253,3.9112057044381245,COMPENSATING
HemorrhageClass4NoFluid,StandardMale.xml,131,87.1576740371332,92.62161766497516,62.75726817719502,72.7120513397884,3.847243888794348,44.26800994943722,4.452534425360944,20.475221608322983,0.9595223482246208,3.9096003527876224,COMPENSATING
HemorrhageClass4NoFluid,StandardMale.xml,132,87.51328828924562,92.30730202985305,62.72980491305705,72.58897061865572,3.8316415641538475,44.083492312604584,4.456550465396947,20.46678424773043,0.9593853728632766,3.9046635677952626,COMPENSATING
HemorrhageClass4NoFluid,StandardMale.xml,133,87.72370591171736,92.8983338951187,62.37554745865032,72.54980960413978,3.8506298672387467,43.781956647730084,4.455176143337197,20.522260762616263,0.9605373719533989,3.912053438203367,COMPENSATING
HemorrhageClass4NoFluid,StandardMale.xml,134,87.59871042675508,93.35904923980422,62.07082624897181,72.50023391258262,3.8277743809582967,43.88376884716967,4.455631658990851,20.417944004531115,0.9617912241005645,3.9095245635334184,COMPENSATING
HemorrhageClass4NoFluid,StandardMale.xml,135,87.48189491589739,92.82489342773849,62.10880063858396,72.3474982349688,3.8116869123674304,43.70864114925306,4.455700550570337,20.33662803159948,0.9615784069545231,3.9103627527992586,COMPENSATING
HemorrhageClass4NoFluid,StandardMale.xml,136,87.35881788089033,92.59595728267766,61.722399074998094,72.01358514422462,3.825931000257288,43.596900111653525,4.4559627361324,20.430906201528597,0.9604530028772681,3.910489519425102,COMPENSATING
HemorrhageClass4NoFluid,StandardMale.xml,137,87.5142108139186,92.0045397721874,62.04866422540944,72.03395607433542,3.8388972415234597,43.78867795328992,4.4586000711001725,20.471313289309766,0.9598751300610878,3.910971964149047,COMPENSATING
HemorrhageClass4NoFluid,StandardMale.xml,138,87.55195127050804,92.5705560047026,62.619927794582246,72.60347053128903,3.833345451007246,43.85352661218406,4.4532826434945845,20.575698113538156,0.9596920985971209,3.915824894762258,COMPENSATING
HemorrhageClass4NoFluid,StandardMale.xml,139,87.52404382281304,93.13859744302358,62.9961128074101,73.04360768594793,3.8241309313170384,43.782999080984276,4.453279688680487,20.475796599136704,0.9593876122940206,3.906040355624823,COMPENSATING
HemorrhageClass4NoFluid,StandardMale.xml,140,87.6070058557541,92.99628188181936,63.064804058877534,73.04196333319148,3.793267468560854,43.70307736812997,4.452712365262053,20.37553763716511,0.960644298039822,3.9060349185044103,COMPENSATING
HemorrhageClass4NoFluid,StandardMale.xml,141,87.36782334864544,93.26650521024378,63.119490266914056,73.16849524802396,3.822304940674086,43.36337050483965,4.456018909875445,20.400656245555574,0.9614709204019729,3.904990993019572,COMPENSATING
HemorrhageClass4NoFluid,StandardMale.xml,142,87.20515580525426,92.97851563806955,63.250407603292835,73.15977694821841,3.8400878048723532,43.748973925970795,4.459261494587046,20.35296199548744,0.9597611204362858,3.9110753288261204,COMPENSATING
HemorrhageClass4NoFluid,StandardMale.xml,143,86.82270396467939,93.16466554073887,63.60859575541051,73.46061901718663,3.874545305929838,43.99266551611705,4.46098865003331,20.403791976571526,0.9593822456439783,3.9170419727318624,COMPENSATING
HemorrhageClass4NoFluid,StandardMale.xml,144,86.53359678459077,93.33256378995758,63.866675850789015,73.68863849717853,3.860115962373629,44.49517812290778,4.4620500577153965,20.370936634067107,0.9604420217778541,3.9202200921749277,COMPENSATING
HemorrhageClass4NoFluid,StandardMale.xml,145,86.25493411915177,93.70808736577645,63.399376987609024,73.50228044699817,3.8421004863859376,44.47236040191721,4.4575422862540055,20.34130269709013,0.9603002896588788,3.9221731765940238,COMPENSATING
HemorrhageClass4NoFluid,StandardMale.xml,146,86.44273409981317,94.03441217049034,62.83892623599484,73.23742154749334,3.8028134492695025,44.409032897553814,4.460647634327982,20.2750230185886,0.960435521965608,3.9138784766830668,COMPENSATING
HemorrhageClass4NoFluid,StandardMale.xml,147,86.3364131033604,94.49082615888652,62.312091068916615,73.03833609890658,3.7993309100621997,43.93660950759589,4.45733606988661,20.21742689270929,0.9594667907129567,3.9195925929849498,COMPENSATING
HemorrhageClass4NoFluid,StandardMale.xml,148,86.06421894554548,94.74213577527465,62.75687070996189,73.4186257317328,3.8136288515759023,43.94592827111465,4.453329266345223,20.13687010649811,0.9591347241610121,3.913499020249011,COMPENSATING
HemorrhageClass4NoFluid,StandardMale.xml,149,86.1102997721248,94.66002981273867,62.83466250003038,73.44311827093314,3.805759265306997,44.20322959941281,4.450564055149813,20.092514114887663,0.9600399306092267,3.9061261458114718,COMPENSATING
HemorrhageClass4NoFluid,StandardMale.xml,150,86.03094866170521,94.30354171649425,62.71643674425139,73.24547173499901,3.7839690359676394,44.104823368073376,4.451238182713635,20.10700576641201,0.960061284761101,3.9010379115802554,COMPENSATING
HemorrhageClass4NoFluid,StandardMale.xml,151,86.6007615029282,93.86369458263256,63.205786589191874,73.4250892536721,3.798761496842951,43.91894316691808,4.448883986891754,20.169925694560803,0.9600542827895933,3.9022783661799423,COMPENSATING
HemorrhageClass4NoFluid,StandardMale.xml,152,86.8217707588219,94.10474417158379,62.522956031071075,73.05021874457532,3.807438888430501,43.83049646341221,4.448940491238344,20.247558441209534,0.9610625194866302,3.89794643674621,COMPENSATING
HemorrhageClass4NoFluid,StandardMale.xml,153,86.68303356031709,94.39333747688173,62.58998507540528,73.1911025425641,3.7946342844459338,43.82579016610116,4.450391383661646,20.205013338085784,0.9611403496450732,3.898050409763174,COMPENSATING
HemorrhageClass4NoFluid,StandardMale.xml,154,86.88270139503665,94.53891573494215,62.711677849996406,73.32075714497832,3.8224155491268355,43.75521267276325,4.451642571388744,20.15407679847937,0.9620594944704663,3.9007201807037504,COMPENSATING
HemorrhageClass4NoFluid,StandardMale.xml,155,87.02103651193578,94.09059440695884,62.55704132645527,73.06822568662312,3.8257974485782906,43.95002675663714,4.453834836311237,20.12838232611497,0.9604653375483244,3.903022477263688,COMPENSATING
HemorrhageClass4NoFluid,StandardMale.xml,156,86.85331160056263,94.30891939703098,62.10235532974156,72.8378766855047,3.7929360218622046,43.9265135768885,4.453922297319015,20.207510762776547,0.9616427109924606,3.9070564394583425,COMPENSATING
HemorrhageClass4NoFluid,StandardMale.xml,157,86.90458359522307,94.7339990778871,62.48689540494083,73.2359299625896,3.7744340002330876,43.66805578040045,4.4568555858662995,20.16897653727745,0.961257021599658,3.9072173754817516,COMPENSATING
HemorrhageClass4NoFluid,StandardMale.xml,158,87.167070450096,94.87543190632378,62.23614199130522,73.11590529631141,3.7470509764130258,43.462444839077776,4.460936376413989,20.093950236936017,0.9598788977834247,3.9126148869706014,COMPENSATING
HemorrhageClass4NoFluid,StandardMale.xml,159,87.50998588299439,95.1592596839974,62.47745463038763,73.37138964825756,3.7924950410616534,43.08283385503148,4.4647346495089755,20.06898743033219,0.9606024545506757,3.92012390407195,COMPENSATING
HemorrhageClass4NoFluid,StandardMale.xml,160,87.31016116556759,95.31249473902803,61.83805461856284,72.99620132538458,3.79641990161934,43.39511347600316,4.463104392259592,20.018892003399298,0.9608728811266117,3.927113063964507,COMPENSATING
HemorrhageClass4NoFluid,StandardMale.xml,161,87.3918111225415,95.15915357274844,62.24398446396596,73.21570750022678,3.8321198431772387,43.51547400353019,4.4581400839275425,19.99184611111292,0.9598046661483824,3.9241132458110997,COMPENSATING
HemorrhageClass4NoFluid,StandardMale.xml,162,86.94080753513992,95.44337512345575,62.28900439242857,73.34046130277096,3.861064454893243,43.83657177126052,4.454702910752889,20.018910731969008,0.9583100463408851,3.914978477504299,COMPENSATING
HemorrhageClass4NoFluid,StandardMale.xml,163,87.21062158978093,95.729413672101,62.01767369058666,73.25492035109144,3.8455990948708774,44.31129736935805,4.450724656895768,19.96874580433961,0.9595840632101682,3.908653773541392,COMPENSATING
HemorrhageClass4NoFluid,StandardMale.xml,164,87.01593404030062,95.39837357807066,61.53222737554616,72.82094277638765,3.870509592274456,44.045213637257326,4.447023357016537,19.918260177699764,0.9592783619869164,3.901333433058948,COMPENSATING
HemorrhageClass4NoFluid,StandardMale.xml,165,87.14943466389504,95.45695342402053,62.12236101074093,73.23389181516747,3.8546533475362996,44.37407260828074,4.4496840463963725,19.97668854922238,0.958099740720481,3.894522712497439,COMPENSATING
HemorrhageClass4NoFluid,StandardMale.xml,166,87.05425437685619,94.60688407508746,62.09519965832353,72.93242779724484,3.8400270499824,44.160630681242516,4.454224523905511,19.966349242701455,0.9566499369606695,3.8994186173034002,COMPENSATING
HemorrhageClass4NoFluid,StandardMale.xml,167,86.9408436938088,94.33880653956217,62.62467960741934,73.19605525146694,3.863134580486415,44.05450202387117,4.449880295869795,20.116385956184562,0.957274945045025,3.907773499247467,COMPENSATING
HemorrhageClass4NoFluid,StandardMale.xml,168,86.98713960206848,94.85047216555648,62.38168642811011,73.2046150072589,3.846581143953222,44.33192073922884,4.446787952505208,20.163701475135277,0.9561594186029524,3.8997797337671933,COMPENSATING
HemorrhageClass4NoFluid,StandardMale.xml,169,87.26789734748759,94.56964027042133,62.53215957624012,73.21131980763386,3.8517165216167872,44.147643721302906,4.4480162332380875,20.07339280911548,0.9548306779374994,3.894089547285784,COMPENSATING
HemorrhageClass4NoFluid,StandardMale.xml,170,87.4487714694198,94.02619913284852,62.02073784008228,72.68922493767103,3.8499981477141825,44.08233420382592,4.443860947999019,20.122959464636224,0.9558395772732152,3.89634969294155,COMPENSATING
HemorrhageClass4NoFluid,StandardMale.xml,171,87.13314889939531,93.50794944885995,62.46193559176236,72.81060687746155,3.829627053556448,43.99056487158501,4.440827341294793,20.21887648876524,0.9571739304511934,3.888703598990757,COMPENSATING
HemorrhageClass4NoFluid,StandardMale.xml,172,86.71128153985744,93.9500323922207,61.981282305308476,72.63753233427921,3.7960824084782745,43.91833751611015,4.439067288558254,20.31034723694231,0.956223492895544,3.883121493181946,COMPENSATING
HemorrhageClass4NoFluid,StandardMale.xml,173,86.89246343177783,93.17449285319049,61.40131408508805,71.99237367445554,3.819802699628348,43.75801797875308,4.437320735962173,20.23231987130204,0.9557968711541966,3.8798828398025353,COMPENSATING
HemorrhageClass4NoFluid,StandardMale.xml,174,86.65135346564098,92.5273480274694,61.76172320281417,72.01693147769925,3.8192533647910354,43.91992398036583,4.440791166690726,20.36920211950725,0.9558617837142943,3.876669027880773,COMPENSATING
HemorrhageClass4NoFluid,StandardMale.xml,175,86.93696599181757,92.60141923889411,61.32058627653034,71.74753059731826,3.816997411616043,44.014415257220826,4.445981620778251,20.483422780351752,0.9546228633670792,3.8830549286970992,COMPENSATING
HemorrhageClass4NoFluid,StandardMale.xml,176,87.17497371579557,93.16202698375803,61.42616095112026,72.00478296199951,3.811378082250719,43.873550591498656,4.450943174472387,20.47034925742115,0.9535353827332393,3.8926058252823346,COMPENSATING
HemorrhageClass4NoFluid,StandardMale.xml,177,87.12644189090085,93.00525246761916,61.71690581205622,72.14635469724386,3.8090849163762264,43.71954373857395,4.454964770696494,20.371402337739685,0.9525728481748732,3.9017355248106824,COMPENSATING
HemorrhageClass4NoFluid,StandardMale.xml,178,86.76815424648649,93.15625167949165,61.22898893598405,71.87140985048659,3.7898767931922652,43.71666531634286,4.455898576792234,20.399072942719034,0.9531118707854065,3.909135619098448,COMPENSATING
HemorrhageClass4NoFluid,StandardMale.xml,179,86.67032910628289,93.83037048138031,61.35625332906506,72.18095904650347,3.787521649149812,43.67257829575107,4.456481220547309,20.372421675364997,0.9522602616104786,3.910853905263913,COMPENSATING
HemorrhageClass4NoFluid,StandardMale.xml,180,86.89151183575596,94.22670921002961,61.612995554708334,72.48423343981543,3.810699811831022,43.68936856464019,4.458171409931109,20.25344012443684,0.9518242771595845,3.911926021529066,COMPENSATING
HemorrhageClass4NoFluid,StandardMale.xml,181,86.87242133636065,93.70245808233354,61.465187718345845,72.21094450634175,3.8055553426403943,43.82952278645025,4.456677956569378,20.183486584355375,0.9510633404195186,3.915036120133527,COMPENSATING
HemorrhageClass4NoFluid,StandardMale.xml,182,86.83695862965062,93.8510680901393,61.37719104609865,72.20181672744553,3.7770269177419955,43.78608474801468,4.460373867000138,20.276016583629026,0.9502793872285177,3.912288033285588,COMPENSATING
HemorrhageClass4NoFluid,StandardMale.xml,183,87.13193052685088,93.18158709582165,60.966250346359054,71.70469592951325,3.7991888225804904,43.51602258976422,4.4626621112443585,20.249787009312698,0.9510258277562426,3.9190888367831693,COMPENSATING
HemorrhageClass4NoFluid,StandardMale.xml,184,87.17718764579418,93.24647102920085,60.88329431031342,71.67101988327589,3.7690753110506154,43.61592653606384,4.4601856855241255,20.367949990077612,0.9520394955477915,3.9232994094555753,COMPENSATING
HemorrhageClass4NoFluid,StandardMale.xml,185,87.34529637487837,93.73283892826328,61.27978350224838,72.09746864425334,3.8106639606180477,43.297826428820116,4.4603753839878895,20.35649801603068,0.9520310319347665,3.918742566151286,COMPENSATING
HemorrhageClass4NoFluid,StandardMale.xml,186,87.34503957575116,93.24456241222656,61.552494735129656,72.11651729416195,3.787183941312197,43.64260207348592,4.455627997906965,20.270654383142848,0.9535044267335998,3.9190916281753836,COMPENSATING
HemorrhageClass4NoFluid,StandardMale.xml,187,87.17654335218873,93.58347345599014,61.69399799505938,72.32382314870297,3.8134677516538296,43.40950683362865,4.458629559653132,20.356834885744288,0.9552475349393834,3.9103560160796977,COMPENSATING
HemorrhageClass4NoFluid,StandardMale.xml,188,87.39928295932091,93.67391611040128,61.90119317505102,72.49210082016778,3.773775202784315,43.7396861799585,4.462230421069524,20.297017296469672,0.956416014471711,3.91587915631915,COMPENSATING
HemorrhageClass4NoFluid,StandardMale.xml,189,87.14086341809931,93.14731138077619,62.15604181046704,72.48646500057009,3.7619850779746855,43.254324570128766,4.459650777161353,20.281054223993802,0.9550210025373697,3.9225050611871612,COMPENSATING
HemorrhageClass4NoFluid,StandardMale.xml,190,87.41121937761075,93.22285136991637,62.01864762721027,72.42004887477897,3.73839567656763,43.24205324474769,4.4602108637506905,20.37399963254991,0.9538111835257694,3.9177582872482706,COMPENSATING
HemorrhageClass4NoFluid,StandardMale.xml,191,87.53356736031607,92.79785167573485,61.92025546577102,72.21278753575896,3.7338682520289628,42.89831788199924,4.458094979087134,20.360666871262413,0.9547709129095195,3.9187888963247275,COMPENSATING
HemorrhageClass4NoFluid,StandardMale.xml,192,87.6583165027028,92.91623570923349,61.43157414351749,71.92646133208949,3.7068805553261006,42.80428600221284,4.45402183926673,20.435679054005334,0.9553426332111447,3.9148954805913174,COMPENSATING
HemorrhageClass4NoFluid,StandardMale.xml,193,87.67815893451203,92.60702225381607,61.6926923736751,71.99746900038876,3.7181297477664668,42.48709138340963,4.453120712620869,20.41478434542973,0.954834627268701,3.9074005415077835,COMPENSATING
HemorrhageClass4NoFluid,StandardMale.xml,194,87.75918409009428,92.1125428675623,61.64469833170512,71.80064651032419,3.711688205298213,42.59058546001169,4.454656056764095,20.4693603287584,0.9550076369657559,3.905742388432987,COMPENSATING
HemorrhageClass4NoFluid,StandardMale.xml,195,87.75527340879678,91.5804061370933,61.560763453551786,71.5673110147323,3.731390453441302,42.49461141810974,4.449360649879002,20.556635634110577,0.9546111733971704,3.908567558040005,COMPENSATING
HemorrhageClass4NoFluid,StandardMale.xml,196,87.38735275014022,91.239341540417,61.318998513083244,71.29244618886116,3.726773688851411,42.691094226428554,4.444489068557877,20.65055743738865,0.9555831935895233,3.8988235389843666,COMPENSATING
HemorrhageClass4NoFluid,StandardMale.xml,197,87.05769345032981,91.27851478690997,61.643423813199654,71.5217874711031,3.736542716909555,42.79253570959061,4.4482632403314675,20.710755127418274,0.9566550535278154,3.889859396614538,COMPENSATING
HemorrhageClass4NoFluid,StandardMale.xml,198,86.70489579930992,91.98726473843449,61.136085333488616,71.4198118018039,3.706489606637554,43.02250687703173,4.452613728312437,20.703841073679428,0.9578089417584421,3.896804207934826,COMPENSATING
HemorrhageClass4NoFluid,StandardMale.xml,199,86.818996444122,92.20902382177042,61.488996736589016,71.72900576498282,3.7123534233846276,42.865455946223186,4.448556479861854,20.578747146293953,0.9563468098163747,3.9048094922704326,COMPENSATING
HemorrhageClass4NoFluid,StandardMale.xml,200,86.71162136594263,92.72381698872883,61.69079151879428,72.0351333421058,3.7505831927891093,42.87787734064157,4.452869594876908,20.539606805461162,0.9552034034564438,3.8973437947189886,COMPENSATING
HemorrhageClass4NoFluid,StandardMale.xml,201,87.03948303161836,92.39691241275854,61.83377001904656,72.02148415028388,3.759078665392714,43.30328460249258,4.451597821707342,20.448746130398657,0.9548178528629517,3.9052803094774973,COMPENSATING
HemorrhageClass4NoFluid,StandardMale.xml,202,86.90393659712947,92.23407314376259,61.45506180634672,71.714732252152,3.7653648621640334,43.254344375475725,4.447610333335799,20.50644458554556,0.9550621616943137,3.902940133874827,COMPENSATING
HemorrhageClass4NoFluid,StandardMale.xml,203,87.24608812308861,92.11319729342546,61.791948658809616,71.89903153701489,3.7954914525771875,43.37226201792642,4.450951770590276,20.535185615647173,0.9544658870299241,3.895602801065552,COMPENSATING
HemorrhageClass4NoFluid,StandardMale.xml,204,86.91863528896204,91.79357988219792,61.93927411814872,71.89070937283178,3.816908863522939,43.532422197515224,4.4524307613207785,20.55652012835113,0.953739919695369,3.901751342431183,COMPENSATING
HemorrhageClass4NoFluid,StandardMale.xml,205,87.15166268025597,91.92710181784827,62.25174458765591,72.14353033105336,3.8354480920665477,43.88024180599242,4.45172546094643,20.612932403435217,0.9553130218923235,3.9044728167529588,COMPENSATING
HemorrhageClass4NoFluid,StandardMale.xml,206,87.17576432714203,92.24258832414728,62.37158995417904,72.32858941083512,3.859868917587313,43.96861546010238,4.452859674775421,20.58936586450751,0.9544407552112949,3.9031750014128477,COMPENSATING
HemorrhageClass4NoFluid,StandardMale.xml,207,86.79853266672185,92.25067783144937,62.091311505761375,72.14443361432404,3.833872934937299,44.20158932253312,4.448192749006913,20.533682691584286,0.9547073695750374,3.9052620556095654,COMPENSATING
HemorrhageClass4NoFluid,StandardMale.xml,208,86.68337877898962,92.27140491639705,61.54885018200549,71.78970176013601,3.85589942922987,44.09928466114266,4.444104558829712,20.53225489855678,0.956023406077165,3.8966744976359546,COMPENSATING
HemorrhageClass4NoFluid,StandardMale.xml,209,87.02500716644658,92.51802883926383,61.61034306381899,71.91290498896727,3.845474912522205,44.36734732989509,4.445119095992883,20.528596580903592,0.957016921400416,3.8891518645590004,COMPENSATING
HemorrhageClass4NoFluid,StandardMale.xml,210,87.3371755486626,92.50428912862651,62.02790806198722,72.18670175086699,3.8515681930304613,44.120894936156624,4.443724619158715,20.48506761129695,0.956982433316455,3.891018703059821,COMPENSATING
HemorrhageClass4NoFluid,StandardMale.xml,211,86.99674485223252,91.94915987157692,61.54883103098533,71.68227397784919,3.8766334735846204,44.052212066847865,4.442660748665686,20.487492661712924,0.9576667623111087,3.888452741814607,COMPENSATING
HemorrhageClass4NoFluid,StandardMale.xml,212,87.00097411161772,91.61421931756595,61.29913725062021,71.4041646062688,3.8614525265763358,44.443107005668,4.44264178071993,20.585472631688994,0.9577216728387029,3.8864951256046076,COMPENSATING
HemorrhageClass4NoFluid,StandardMale.xml,213,86.72779450152359,91.59904561503225,61.12096308887272,71.2803239309259,3.845973388952622,44.29007487680277,4.441613782918167,20.64458943198192,0.9579976064442726,3.8864602228995064,COMPENSATING
HemorrhageClass4NoFluid,StandardMale.xml,214,87.00851853249137,91.9698895943607,60.70334687380831,71.1255277806591,3.8074137906608545,44.24959670453581,4.444068101262391,20.64726758107927,0.9573102609513708,3.8845686156279804,COMPENSATING
HemorrhageClass4NoFluid,StandardMale.xml,215,87.18596130852374,92.31012047867782,61.343318869005614,71.66558607222969,3.8362892242421123,43.74852565789736,4.442876010058922,20.58181384845937,0.9575736501918309,3.889084779396633,COMPENSATING
HemorrhageClass4NoFluid,StandardMale.xml,216,86.86539494663847,92.18093256182681,61.981716745143,72.04812201737093,3.847336723519516,43.962814820299144,4.4423651926881895,20.521763308144674,0.9578528851320852,3.8868912256896717,COMPENSATING
HemorrhageClass4NoFluid,StandardMale.xml,217,87.24019646294583,92.0105901651866,61.83588025148709,71.89411688938692,3.8643681160947367,44.20582615693617,4.446107486014146,20.544564895439148,0.9583350191947649,3.885951276351996,COMPENSATING
HemorrhageClass4NoFluid,StandardMale.xml,218,87.45982340930988,92.46113342637172,62.077662158617485,72.20548591453556,3.8579107644698154,44.219577492474144,4.447878962455783,20.57463022292191,0.9580384738452181,3.8928374284968967,COMPENSATING
HemorrhageClass4NoFluid,StandardMale.xml,219,87.2659340432646,92.33208865444153,61.684852121880176,71.90059763273396,3.827336974773233,44.06451179434519,4.452525233929567,20.495109616426667,0.9579542326163352,3.896097102508447,COMPENSATING
HemorrhageClass4NoFluid,StandardMale.xml,220,86.9989628167382,91.90316180079145,61.214481074864196,71.44404131683994,3.851252090371815,43.840832481199946,4.44833473500921,20.51788593873129,0.958730538342691,3.9046466547450613,COMPENSATING
HemorrhageClass4NoFluid,StandardMale.xml,221,87.26724668747462,92.56919871825158,60.75207897247515,71.35778555440062,3.831370454216468,44.18927389464847,4.451130958290818,20.593591262687603,0.9575252970534686,3.8969357644926923,COMPENSATING
HemorrhageClass4NoFluid,StandardMale.xml,222,87.12017897835172,92.14696530015138,61.29632762656608,71.57987351776119,3.84888217856386,43.88038150306455,4.454130969055039,20.47603615935449,0.9565198919099825,3.902081063717292,COMPENSATING
HemorrhageClass4NoFluid,StandardMale.xml,223,87.04853294956072,92.12240157568156,61.59064681663646,71.76789840298483,3.821377296404406,44.11533547154552,4.453242662104149,20.550560096082716,0.9559530408237364,3.9076013500121913,COMPENSATING
HemorrhageClass4NoFluid,StandardMale.xml,224,87.23856463281929,92.15402125707253,61.67956046325644,71.83771406119514,3.803288937534412,43.87112951867571,4.45606963186836,20.554895578234827,0.9559837756653159,3.905966786314904,COMPENSATING
HemorrhageClass4NoFluid,StandardMale.xml,225,87.46341091566647,92.06840372122915,62.25376930565112,72.19198077751047,3.841606290744767,43.613018433498866,4.455201130683751,20.54931472405718,0.9554503214676602,3.9111686617986816,COMPENSATING
HemorrhageClass4NoFluid,StandardMale.xml,226,87.28490671532074,92.21631287337145,62.783472410055296,72.59441923116069,3.8614188731037182,43.90127637649406,4.457797863476857,20.564426166094925,0.9545294003183454,3.909570542470684,COMPENSATING
HemorrhageClass4NoFluid,StandardMale.xml,227,87.03326445886273,92.50604918884112,63.14035230919697,72.92891793574502,3.8576059233551288,44.17171363599937,4.453200278055409,20.538320292369022,0.9558045931849943,3.91434876147585,COMPENSATING
HemorrhageClass4NoFluid,StandardMale.xml,228,87.30816747392323,92.2631781588062,63.322097577071546,72.96912443764977,3.8317606058185723,44.23830445696796,4.456997460039922,20.487182012175374,0.9548821963973044,3.90588879590028,COMPENSATING
HemorrhageClass4NoFluid,StandardMale.xml,229,87.2022842361553,92.97473557560626,62.83319262496862,72.8803736085145,3.8236228064844537,43.86740860487693,4.454933824807709,20.53004859852204,0.9536715149891523,3.912875948052644,COMPENSATING
HemorrhageClass4NoFluid,StandardMale.xml,230,86.80822183474008,92.98051418429748,62.41822359942725,72.605653794384,3.860040116970511,43.83010468974971,4.45328846469127,20.40445915525461,0.9525621863858619,3.9090786759141842,COMPENSATING
HemorrhageClass4NoFluid,StandardMale.xml,231,87.1876460421328,93.45765063065443,62.54903385223535,72.85190611170837,3.875357901498726,44.35646052908055,4.449401529449167,20.403439234400363,0.9523176303557713,3.9060510671438173,COMPENSATING
HemorrhageClass4NoFluid,StandardMale.xml,232,87.41744085190975,93.6783760480248,62.051071904193606,72.593506618804,3.881768993403923,44.35071756698745,4.448935395252209,20.319224947196314,0.9512477433491997,3.898898761024773,COMPENSATING
HemorrhageClass4NoFluid,StandardMale.xml,233,87.00515228006616,93.25695826098134,62.44702651639881,72.71700376459299,3.8747880729021857,44.31881400574197,4.451292864201256,20.280267047766106,0.9518309607072624,3.898041032696014,COMPENSATING
HemorrhageClass4NoFluid,StandardMale.xml,234,86.69316781839802,92.93010707866448,62.1558809495986,72.41395632595389,3.828652083293318,44.42120395701568,4.450387747924774,20.35464702611809,0.9531659293883209,3.9023789849744794,COMPENSATING
HemorrhageClass4NoFluid,StandardMale.xml,235,86.71447795019762,92.39352076681483,62.62374071798711,72.54700073426302,3.8325769812142947,44.0909664279284,4.445521098834531,20.412336057318235,0.9535585897317438,3.9007134906249448,COMPENSATING
HemorrhageClass4NoFluid,StandardMale.xml,236,86.55978482468171,91.96579153157697,62.46553592336352,72.29895445943467,3.837425031677325,44.12131395563853,4.443284854387098,20.507043208953558,0.9536234302825538,3.8917584239980663,COMPENSATING
HemorrhageClass4NoFluid,StandardMale.xml,237,86.7710793393889,91.50717376697209,62.98041939955283,72.48933752202592,3.797857278691231,44.23431913229803,4.444082362238649,20.58253715400202,0.9539553667732817,3.887643535570854,COMPENSATING
HemorrhageClass4NoFluid,StandardMale.xml,238,87.20324080361993,91.75839820664132,62.733761562411296,72.4086404438213,3.7957533285047833,43.75106366029293,4.445912218344556,20.663482905348832,0.955681898265503,3.8891110208597386,COMPENSATING
HemorrhageClass4NoFluid,StandardMale.xml,239,86.96931970505929,91.22702938667001,62.99376632559902,72.40485401262268,3.783902853786369,43.55254635128788,4.448568469534191,20.6191419473765,0.9562120365413751,3.892478118639369,COMPENSATING
HemorrhageClass4NoFluid,StandardMale.xml,240,87.19208219830644,91.76462070410001,62.67601803428039,72.37221892422026,3.749592594761973,43.53033533196838,4.449143065842637,20.712928214927445,0.9572555430103137,3.8973658567811214,COMPENSATING
HemorrhageClass4NoFluid,StandardMale.xml,241,86.89733490451367,92.30058122872072,62.554131301040215,72.46961461026704,3.771934074575088,43.09799067959279,4.450528940992396,20.618043680429775,0.9582095817575649,3.8984231650296266,COMPENSATING
HemorrhageClass4NoFluid,StandardMale.xml,242,86.56642535868343,92.7694316603213,62.438234649729985,72.54863365326042,3.7591456752071095,43.44047887409929,4.445924711962314,20.5234469798527,0.957251256233916,3.9009732984114454,COMPENSATING
HemorrhageClass4NoFluid,StandardMale.xml,243,86.27854386094367,93.40324352633003,62.40520102809736,72.73788186084158,3.803714104911517,43.448363535606134,4.446680860979463,20.440695169120104,0.9565310859829484,3.892501108005842,COMPENSATING
HemorrhageClass4NoFluid,StandardMale.xml,244,86.61195440701277,92.92340596600101,62.18595766346245,72.43177376430864,3.8256870008234216,44.01399758585771,4.450604227453557,20.328827767405294,0.9561043301294997,3.8938924893655518,COMPENSATING
HemorrhageClass4NoFluid,StandardMale.xml,245,86.38187514602049,92.74763284627997,62.631490882432225,72.67020487038147,3.8417321097662582,44.09513485051042,4.454502291043361,20.413518799552115,0.9558758560357619,3.9011118321876204,COMPENSATING
HemorrhageClass4NoFluid,StandardMale.xml,246,86.87290104025739,92.77197128567981,62.5543168187492,72.62686830772607,3.8701214809964752,44.35197927551566,4.454335066262829,20.4445426462944,0.9569091596793541,3.90828461545496,COMPENSATING
HemorrhageClass4NoFluid,StandardMale.xml,247,87.07760523244862,92.20926317438975,62.61212683419299,72.4778389475919,3.886574064536788,44.43000161444066,4.454443197475611,20.440246926817583,0.9564200349476957,3.907976907004329,COMPENSATING
HemorrhageClass4NoFluid,StandardMale.xml,248,86.72759291926545,92.52746411068077,62.30799506247313,72.38115141187568,3.8832588734569353,44.50828948126577,4.453349099749362,20.539564559872126,0.957075678610969,3.908175878041062,COMPENSATING
HemorrhageClass4NoFluid,StandardMale.xml,249,86.65820953266402,91.9422857693059,62.71584929871156,72.45799478890967,3.860380022182593,44.62215251971788,4.4580628264961675,20.48340229173686,0.9564332715562388,3.9061626410368735,COMPENSATING
HemorrhageClass4NoFluid,StandardMale.xml,250,87.10418745663856,92.69363659763714,62.1217841868161,72.31240165708978,3.8633431098471793,44.42267930053387,4.456051269790434,20.58668590648144,0.9574218503800778,3.9148363169678486,COMPENSATING
HemorrhageClass4NoFluid,StandardMale.xml,251,87.22882996108672,93.36354040114095,61.67880952968405,72.24038648683636,3.8635165742936364,44.265917172508395,4.458380556669539,20.4540729507301,0.9560324957760808,3.9111348739442082,COMPENSATING
HemorrhageClass4NoFluid,StandardMale.xml,252,86.84113681681703,93.71074480088087,61.55614457253506,72.27434464865033,3.845689466658096,44.21583072470441,4.458382930772536,20.335835344405748,0.9564651154219026,3.9154209687105883,COMPENSATING
HemorrhageClass4NoFluid,StandardMale.xml,253,87.01318347192695,94.25558302627725,61.45471501423165,72.38833768491352,3.8606539466411625,44.1994948053083,4.458451886418835,20.274553982938905,0.9566362398687444,3.9154253372709924,COMPENSATING
HemorrhageClass4NoFluid,StandardMale.xml,254,86.92922095066089,94.31743316301592,61.21832167274563,72.25135883616906,3.8216554548826522,44.27703048593668,4.4601328594875245,20.178390373674507,0.9567024341964282,3.915552221785461,COMPENSATING
HemorrhageClass4NoFluid,StandardMale.xml,255,86.85164091966385,94.24897248078727,61.02430330928551,72.09919303311943,3.799595816938001,43.923194710004964,4.458785411899776,20.167473862855246,0.9582552993735887,3.918645361551441,COMPENSATING
HemorrhageClass4NoFluid,StandardMale.xml,256,86.70699536058896,94.6852848190668,61.12839092688749,72.31402222428059,3.7694606163884172,43.73519503480195,4.46161123205245,20.179557130858367,0.9580510370257794,3.9161659382972136,COMPENSATING
HemorrhageClass4NoFluid,StandardMale.xml,257,87.07905131554864,94.41041430263871,60.73615658203926,71.96090915557241,3.7880804240951766,43.493791862507656,4.464138061386569,20.102548273440142,0.9574657418541223,3.921365698393643,COMPENSATING
HemorrhageClass4NoFluid,StandardMale.xml,258,86.94266197890178,93.63560096308218,60.93526773176839,71.83537880887299,3.820973717662025,43.527011942395305,4.466521264919931,20.151062749312064,0.9581039082962512,3.9260152888247983,COMPENSATING
HemorrhageClass4NoFluid,StandardMale.xml,259,87.2949151641848,93.75369591278944,61.41281273181774,72.19310712547497,3.8188821119307534,43.9108393146477,4.461413922062978,20.287816823760036,0.9571585635684473,3.9304005950243877,COMPENSATING
HemorrhageClass4NoFluid,StandardMale.xml,260,86.95255761209783,94.07165659365819,60.913349886761964,71.9661187890607,3.820690200514147,43.74489669826265,4.459190426898069,20.26697313829453,0.9580968484970648,3.9210026304861145,COMPENSATING
HemorrhageClass4NoFluid,StandardMale.xml,261,87.00247500516619,94.10246133220645,60.54449321885655,71.73048258997318,3.8026791349693907,43.90392204025089,4.463451551374972,20.210853275092457,0.9587057361057765,3.9169112018712564,COMPENSATING
HemorrhageClass4NoFluid,StandardMale.xml,262,87.02258288670782,94.34974908141605,61.103527053360104,72.18560106271208,3.768222539928312,43.70383819611,4.467099822025781,20.205416257821703,0.9590363465377957,3.9247520494212864,COMPENSATING
HemorrhageClass4NoFluid,StandardMale.xml,263,86.97846890037137,94.44330197052548,61.02228313818265,72.1626227489636,3.802689634285693,43.352313425959984,4.468535225034358,20.16177012327679,0.959332888839134,3.9314651914919505,COMPENSATING
HemorrhageClass4NoFluid,StandardMale.xml,264,86.72794233582817,94.92647997799072,61.05630984161983,72.34636655374347,3.8351885661964285,43.71381815273151,4.462607358766937,20.145258096303404,0.9580588225009987,3.9341064605335188,COMPENSATING
HemorrhageClass4NoFluid,StandardMale.xml,265,86.49967039718013,94.23063252531422,60.9543892596154,72.04647034818167,3.8472507609619195,44.14179795024186,4.460059560840167,20.05997747730639,0.9593368536856077,3.9231986600334974,COMPENSATING
HemorrhageClass4NoFluid,StandardMale.xml,266,86.90630550095297,94.57033658042788,60.7779781310798,72.04209761419582,3.851765207735286,44.357829543017125,4.459763656919451,20.182794121638068,0.9580654978593154,3.9185104855292394,COMPENSATING
HemorrhageClass4NoFluid,StandardMale.xml,267,86.76554911712306,94.43268640991862,60.924657259476795,72.09400030962406,3.8183649867015133,44.232956894240644,4.463399067893784,20.122836566351424,0.9569828659475866,3.917965996030196,COMPENSATING
HemorrhageClass4NoFluid,StandardMale.xml,268,86.93503415080937,94.5732271949404,61.17718005170567,72.30919576611724,3.843322601429819,43.95813862329968,4.462963917921228,20.147131736174355,0.9579999225054424,3.9246554751538305,COMPENSATING
HemorrhageClass4NoFluid,StandardMale.xml,269,86.56950925168691,93.75201465120463,61.443608424834665,72.21307716695799,3.843697104257386,44.13681635215702,4.463438680049995,20.122326374680647,0.9587608279116286,3.9238547605502774,COMPENSATING
HemorrhageClass4NoFluid,StandardMale.xml,270,86.58081341237111,93.85823826947873,61.50663183045577,72.29050064346342,3.8480531747876543,44.29300448041194,4.460260899088005,20.267269879922736,0.9600299681877659,3.924728365039977,COMPENSATING
HemorrhageClass4NoFluid,StandardMale.xml,271,86.64315490397075,94.18395603039657,61.7865931279782,72.585714095451,3.8254509449506293,44.33185021114048,4.455170213150048,20.24852147710109,0.9585074221991479,3.918880965789988,COMPENSATING
HemorrhageClass4NoFluid,StandardMale.xml,272,86.65952434573212,94.02278911177163,61.456496712726576,72.31192751240826,3.8305956827311096,44.07978406675531,4.4528826507236134,20.191032494075735,0.959081961822837,3.909513651462289,COMPENSATING
HemorrhageClass4NoFluid,StandardMale.xml,273,86.90860191502017,94.40769653519177,62.090808985934515,72.86310483568694,3.796984013311558,44.12439937474338,4.451357568678091,20.219478355372857,0.9591404287865032,3.9053043333951756,COMPENSATING
HemorrhageClass4NoFluid,StandardMale.xml,274,86.7804622861771,94.1953494259427,61.801104658159076,72.59918624742028,3.7772190183958925,43.68568420712331,4.447217140005359,20.15154243358284,0.9583799033575291,3.902498046959506,COMPENSATING
HemorrhageClass4NoFluid,StandardMale.xml,275,86.72757758903404,94.21642058773025,61.52239981334431,72.42040673813962,3.8094762706504413,43.54112472928936,4.4440366418265365,20.18902156681986,0.9577918576319119,3.8948792904104703,COMPENSATING
HemorrhageClass4NoFluid,StandardMale.xml,276,86.8391090246294,93.81128829011926,61.89426496476888,72.53327273988567,3.8080760129637117,43.88509111381041,4.444660694012385,20.185302519817583,0.9577648011093004,3.8890268912401407,COMPENSATING
HemorrhageClass4NoFluid,StandardMale.xml,277,86.71510599621492,93.04840622063631,62.44096852379695,72.64344775607674,3.8074364741982394,43.824986487276604,4.449754467653623,20.256808119373318,0.9568890620491782,3.890175202696197,COMPENSATING
HemorrhageClass4NoFluid,StandardMale.xml,278,86.64906458881872,92.41347490625641,62.38302640061832,72.39317590249769,3.837033673243972,43.86987619291212,4.451316699705002,20.391456332044527,0.9568496705107659,3.8995481986722105,COMPENSATING
HemorrhageClass4NoFluid,StandardMale.xml,279,86.74203098595295,92.96843473303399,62.255132935370845,72.49290020125856,3.8627001313552563,44.193118517227255,4.453486502842925,20.503521315703374,0.9576932382782474,3.9024228444186626,COMPENSATING
HemorrhageClass4NoFluid,StandardMale.xml,280,86.68154271687251,92.8329580190939,62.30949199786932,72.48398067161085,3.8299257823343225,44.410726688149246,4.453739966733433,20.405571250065353,0.9563983830478227,3.9064154749344446,COMPENSATING
HemorrhageClass4NoFluid,StandardMale.xml,281,86.74267365206043,93.2227517298389,62.008790542643176,72.41344427170841,3.865069255388016,44.108533924213816,4.455244921905184,20.429482806150247,0.9553428965352591,3.9068818710079896,COMPENSATING
HemorrhageClass4NoFluid,StandardMale.xml,282,87.16938525769567,93.04804290944824,62.36163430071177,72.5904371702906,3.843533923445277,44.43412096839588,4.459215046773585,20.36068445767436,0.9562802645223659,3.9096511222080625,COMPENSATING
HemorrhageClass4NoFluid,StandardMale.xml,283,86.89792722483544,93.05516924149448,62.319234634531256,72.56454617018566,3.8013628643214927,44.04173388469547,4.454848616050261,20.391520456244155,0.9558769113025358,3.916956504629171,COMPENSATING
HemorrhageClass4NoFluid,StandardMale.xml,284,86.89542520023691,92.98847066773284,62.409236203056125,72.60231435794836,3.8024218955324405,43.733750249661384,4.452740600592089,20.390262663052635,0.9563458906726441,3.9089218842314484,COMPENSATING
HemorrhageClass4NoFluid,StandardMale.xml,285,86.64438303213853,93.67668743257096,62.64833291431084,72.99111775373088,3.786038235114842,43.74534371261356,4.450885208788998,20.402034920002926,0.9574230363173667,3.9050429485349625,COMPENSATING
HemorrhageClass4NoFluid,StandardMale.xml,286,86.73471731599618,93.8894102922714,62.33190046640786,72.85107040836238,3.8131567612390542,43.685241509440566,4.449498009500756,20.280565087347643,0.957950609171083,3.9016288628041966,COMPENSATING
HemorrhageClass4NoFluid,StandardMale.xml,287,87.16672333329034,93.90208482664468,62.6490069102875,73.06669954907322,3.8294312425545742,43.918899712629994,4.451418582957001,20.243019634388723,0.9564945219159271,3.899076292889948,COMPENSATING
HemorrhageClass4NoFluid,StandardMale.xml,288,87.11617369148851,94.44998604002336,62.91223137780242,73.4248162652094,3.847606255746513,43.90253483891613,4.452081503284919,20.2407825869235,0.9572391158416055,3.9026103186525543,COMPENSATING
HemorrhageClass4NoFluid,StandardMale.xml,289,87.16193359555834,93.81832507555684,62.95987165472555,73.24602279500265,3.8508476754365946,44.10429691891143,4.455326746720905,20.144078362177698,0.9562033021121048,3.9038301509426443,COMPENSATING
HemorrhageClass4NoFluid,StandardMale.xml,290,87.27716153068064,93.06636806316516,63.38492996711521,73.27874266579853,3.8128703677963496,44.11758179826384,4.45009021724378,20.255566131102757,0.955748057801118,3.9098016871374277,COMPENSATING
HemorrhageClass4NoFluid,StandardMale.xml,291,86.94806567523389,93.32526997545973,63.11464929746301,73.18485619012858,3.833154821548879,43.69244045514273,4.454288213370215,20.38828607796524,0.9570065884919022,3.9001660077424862,COMPENSATING
HemorrhageClass4NoFluid,StandardMale.xml,292,87.14614958818859,92.67424354626719,62.54937353542145,72.59099687237003,3.8053285184685843,44.0300384986561,4.452195842104265,20.3425900508306,0.9575327198970038,3.9078906935200095,COMPENSATING
HemorrhageClass4NoFluid,StandardMale.xml,293,87.14003888351971,92.45177457681679,62.09263935200018,72.21235109360572,3.837589107772747,43.67119085198693,4.450443542440255,20.45749581228323,0.95709296472442,3.9040405445268735,COMPENSATING
HemorrhageClass4NoFluid,StandardMale.xml,294,87.33224596788328,92.8254871479809,62.25372486119695,72.44431229012493,3.8480502316019076,43.99472401756236,4.451508844545596,20.496761447575462,0.9562023019755556,3.9008161574896167,COMPENSATING
HemorrhageClass4NoFluid,StandardMale.xml,295,87.06923529991408,92.9273142597623,61.8937518497064,72.23827265305836,3.879486534060817,44.01930520489934,4.449364349649489,20.430801410273613,0.955673072592945,3.9027764079934393,COMPENSATING
HemorrhageClass4NoFluid,StandardMale.xml,296,86.82250730512196,93.22283862301443,61.68668523048269,72.1987363613266,3.8568093736411666,44.4412180021331,4.4537521771930635,20.412828988124367,0.9567053617112128,3.89883034689071,COMPENSATING
HemorrhageClass4NoFluid,StandardMale.xml,297,86.673447301661,92.66727814261225,61.93544738130602,72.1793909684081,3.8396223253381287,44.31824208118664,4.458253775042391,20.36066912108271,0.9577240298611424,3.9069043393383556,COMPENSATING
HemorrhageClass4NoFluid,StandardMale.xml,298,87.09632835408243,93.13283615897231,61.69157569634036,72.17199585055101,3.817358145501467,44.20881991278337,4.459735252502343,20.458725201713378,0.9572452079647411,3.915187679254718,COMPENSATING
HemorrhageClass4NoFluid,StandardMale.xml,299,87.03276787537253,92.77624906450717,61.70271162295833,72.06055743680794,3.791212833291917,43.811403670817825,4.459342643926874,20.37655450023114,0.9585646518124179,3.917913729379574,COMPENSATING
HemorrhageClass4NoFluid,StandardMale.xml,300,87.18376510779798,92.29472262919847,61.87645636938372,72.01587845598864,3.799329039265008,43.57716676112162,4.456020227746894,20.439491901504564,0.9589890288482195,3.9171912947255816,COMPENSATING
HemorrhageClass4NoFluid,StandardMale.xml,301,87.17528733688314,92.57071730757674,61.35396245685443,71.7595474070952,3.792482468251096,43.596082157432924,4.457712457475829,20.52448101903907,0.9576716073893583,3.9110777538266532,COMPENSATING
HemorrhageClass4NoFluid,StandardMale.xml,302,87.36012597981,91.92841337857328,61.49029694815622,71.63633575829525,3.827811192279803,43.53144693698655,4.456164877939171,20.475768129279338,0.9589629827158767,3.914191606847405,COMPENSATING
HemorrhageClass4NoFluid,StandardMale.xml,303,87.59756591186417,92.02275605435709,61.18953580511107,71.46727588819307,3.861222031064339,43.80681189986647,4.453883638535998,20.589134374852033,0.9592837028301124,3.9113439230296123,COMPENSATING
HemorrhageClass4NoFluid,StandardMale.xml,304,87.81559515602278,91.5628302536167,61.373727882165255,71.4367620059824,3.855884207858983,44.040521778032456,4.455804296725908,20.572482951019886,0.9604510939654554,3.907146239886968,COMPENSATING
HemorrhageClass4NoFluid,StandardMale.xml,305,87.99833661683317,91.27679283600179,61.906010763633546,71.69627145442296,3.822507881341107,43.898065825004444,4.459536558902033,20.653659569934312,0.961706652929229,3.910680421567047,COMPENSATING
HemorrhageClass4NoFluid,StandardMale.xml,306,87.7349645495478,91.47281247151047,62.44098528376363,72.11826101301257,3.8564820953114727,43.49380576049461,4.463034454731564,20.704144996948,0.9625005370355749,3.9175481155051983,COMPENSATING
HemorrhageClass4NoFluid,StandardMale.xml,307,87.20915181392097,91.74740835257245,61.91792897593504,71.86108876814751,3.8876025912267798,43.937062945943566,4.4598378937970145,20.669547652711568,0.963568014579994,3.9239845545470278,COMPENSATING
HemorrhageClass4NoFluid,StandardMale.xml,308,87.20587940896472,91.8860691394204,62.45384517755977,72.26458649817998,3.904025529381584,44.46352711944188,4.458731506929722,20.62108164981163,0.9621612771170343,3.9181025984793187,COMPENSATING
HemorrhageClass4NoFluid,StandardMale.xml,309,86.85867721236106,91.54445143340074,62.351214328688286,72.08229336359244,3.87075862284907,44.62821734347966,4.454895364873269,20.596608106830978,0.9624984356630436,3.916066748363976,COMPENSATING
HemorrhageClass4NoFluid,StandardMale.xml,310,87.11690881918949,91.81037660980402,62.61868485751981,72.34924877494788,3.835378679471694,44.44231377196771,4.458065418151958,20.656903420317057,0.9632899110990193,3.909007906218447,COMPENSATING
HemorrhageClass4NoFluid,StandardMale.xml,311,87.35730870579752,91.97155396545358,62.05007279425525,72.02389985132136,3.8442094636291535,43.98228907339103,4.454268354932832,20.609967791418025,0.9617488109947558,3.914841085844717,COMPENSATING
HemorrhageClass4NoFluid,StandardMale.xml,312,87.151420961847,91.73966547717139,61.75713141831255,71.75130943793216,3.8171659072040454,43.970816102209064,4.4564646426334225,20.581520087992523,0.9627711992925054,3.9078541522312165,COMPENSATING
HemorrhageClass4NoFluid,StandardMale.xml,313,86.96552966987808,92.19979422714471,61.19939210995871,71.53285948235404,3.8271754149499655,43.786808777263396,4.457875444251682,20.62244826252334,0.9610361104628693,3.9118955166949103,COMPENSATING
HemorrhageClass4NoFluid,StandardMale.xml,314,86.6663579589036,92.02334976282997,61.17996595241585,71.46109388922055,3.823759404335737,43.963201063804576,4.461196942194647,20.54123582319502,0.961364049786182,3.9144915169929693,COMPENSATING
HemorrhageClass4NoFluid,StandardMale.xml,315,86.5756193591424,91.60249123497162,61.775678956013834,71.71794971566644,3.8041995105423783,44.05322083302462,4.4614479386085515,20.572378161842213,0.9602124832264324,3.920603368254225,COMPENSATING
HemorrhageClass4NoFluid,StandardMale.xml,316,86.35940154407639,91.2811626340925,62.099319178078694,71.8266003300833,3.812099578726081,43.895310821302175,4.459691068130129,20.646659431294474,0.9601433085687099,3.9210652239516346,COMPENSATING
HemorrhageClass4NoFluid,StandardMale.xml,317,86.45218480526452,91.53565611131043,62.284562194229295,72.03492683325634,3.7879617872065134,44.06436358078665,4.456390867398004,20.703373730292007,0.960696179933958,3.917832426209836,COMPENSATING
HemorrhageClass4NoFluid,StandardMale.xml,318,86.84999489985685,91.12233948297536,62.187222827995804,71.832261712989,3.8058656293893067,43.78393112772466,4.4516609090756445,20.658455789217445,0.9606331336632088,3.911759763708341,COMPENSATING
HemorrhageClass4NoFluid,StandardMale.xml,319,86.5265926494396,91.40967935781566,62.17180803311054,71.91776514134558,3.810900918423944,43.7984348989731,4.448026633932078,20.73140591807593,0.9598669750403489,3.9030562202365076,COMPENSATING
HemorrhageClass4NoFluid,StandardMale.xml,320,86.62868007631086,91.0592829902145,61.79810183970643,71.5518288898758,3.8161015795439783,43.98272607939435,4.444093832015707,20.680690608168806,0.9597088482275385,3.8963688311423788,COMPENSATING
HemorrhageClass4NoFluid,StandardMale.xml,321,86.94294262578691,91.22212847032274,61.83772291074537,71.63252476393782,3.8105019815146948,43.99232478045376,4.440143430943514,20.74253534998579,0.9594193733917276,3.889132126268377,COMPENSATING
HemorrhageClass4NoFluid,StandardMale.xml,322,87.19881765508538,91.74362599362149,61.73192942331626,71.73582828008468,3.8344201937533247,43.80632565333306,4.44338956352049,20.713793223626702,0.9595008425638242,3.8818630373843437,COMPENSATING
HemorrhageClass4NoFluid,StandardMale.xml,323,86.79900997065552,91.67359424407016,61.239940440937026,71.38449170864807,3.86936799810803,43.93891736246521,4.448263932827614,20.621749233823365,0.9580479214638801,3.8878362096775287,COMPENSATING
HemorrhageClass4NoFluid,StandardMale.xml,324,87.18246373198157,91.17387984825385,61.219890116330205,71.20455336030476,3.881651349516442,44.45343328274072,4.4510610179238626,20.63410979423569,0.9594391119372707,3.896805482189251,COMPENSATING
HemorrhageClass4NoFluid,StandardMale.xml,325,87.26609332317241,91.27696133677196,61.90298336228283,71.6943093537792,3.861380119888691,44.41547794552714,4.454672386467779,20.722309075532657,0.9605043710418006,3.9019523672293435,COMPENSATING
HemorrhageClass4NoFluid,StandardMale.xml,326,87.11837521391156,91.7352462124099,62.10853416346598,71.9841048464473,3.8563530905290317,44.17912940091114,4.4558341440568565,20.704115256666448,0.9598074644579002,3.9085976061453387,COMPENSATING
HemorrhageClass4NoFluid,StandardMale.xml,327,86.83969633123486,91.9360205808768,62.13039211053615,72.0656016006497,3.8670799000347293,44.1904416645119,4.452594573813316,20.62322826001608,0.9581333896712815,3.910735343307307,COMPENSATING
HemorrhageClass4NoFluid,StandardMale.xml,328,86.48694271840833,91.77874964239419,62.3232704630015,72.14176352279907,3.86170570997956,44.413553607324864,4.452706459230252,20.587791708357997,0.9590528279414738,3.90477424629057,COMPENSATING
HemorrhageClass4NoFluid,StandardMale.xml,329,86.37795385627334,91.70687397111521,62.01606485565006,71.91300122747178,3.88848414516048,44.50789788261431,4.454740302157305,20.61554993157349,0.9577672045907327,3.904980125396431,COMPENSATING
HemorrhageClass4NoFluid,StandardMale.xml,330,86.73829423912876,91.74575712274611,62.333441346368325,72.13754660516092,3.9074054796655373,44.82221124170902,4.449517746487119,20.628235943028468,0.9568640849568176,3.9087225770469676,COMPENSATING
HemorrhageClass4NoFluid,StandardMale.xml,331,86.37731012413913,91.33644657525865,62.465533767783626,72.0891713702753,3.9146074518531733,44.96537207154747,4.447009010468998,20.60211204215947,0.95770863768839,3.9030444945131197,COMPENSATING
HemorrhageClass4NoFluid,StandardMale.xml,332,86.23663792582538,91.34944747077543,62.17764896661685,71.90158180133638,3.9387516212966442,45.29526848556537,4.4466800297111195,20.655725503821433,0.9578454493477204,3.902231178721749,COMPENSATING
HemorrhageClass4NoFluid,StandardMale.xml,333,85.94767201170633,92.26504071834535,62.59114221646946,72.48244171709476,3.9209949010976013,45.69964543554294,4.453631241581492,20.63541200822466,0.958544665895742,3.9053041296774396,COMPENSATING
HemorrhageClass4NoFluid,StandardMale.xml,334,85.65555022918076,92.44055896092931,62.29893899915282,72.34614565307831,3.937645427572289,45.744444620643016,4.458036773699032,20.456382249654517,0.958137108118313,3.9216526925891433,COMPENSATING
HemorrhageClass4NoFluid,StandardMale.xml,335,85.13060160457937,93.58519519375939,62.972013629663884,73.17640748436239,3.976772002664874,46.136653086383554,4.4678601027935185,20.408546632655604,0.958205322210318,3.93320034283407,COMPENSATING
HemorrhageClass4NoFluid,StandardMale.xml,336,84.97308457571377,94.71013172486859,63.685898480959615,74.0273095622626,3.995904275817572,46.86228254282967,4.480160250340202,20.190214920922514,0.9580037020726182,3.954604408760792,COMPENSATING
HemorrhageClass4NoFluid,StandardMale.xml,337,84.70770139118471,94.6294311151607,63.68190310156597,73.99774577276422,4.023423292567645,47.22013476257467,4.489963651732412,19.975894707158908,0.959469039842825,3.980456927056581,COMPENSATING
HemorrhageClass4NoFluid,StandardMale.xml,338,84.32736386130478,95.41617906007055,64.2362637031318,74.62956882211138,4.064252141968618,47.71247169895814,4.501428696604023,19.974885691282523,0.9612296344351441,4.001609674216308,COMPENSATING
HemorrhageClass4NoFluid,StandardMale.xml,339,84.15293471872805,95.38136693467308,64.09129127677315,74.52131649607313,4.046744667850248,48.396359785509425,4.514326016739782,19.821272583361925,0.9627679909934743,4.025717916448604,COMPENSATING
HemorrhageClass4NoFluid,StandardMale.xml,340,84.17596446906381,95.36370976460061,64.58137801531325,74.8421552650757,4.034419165664815,48.38218032829959,4.523866087043336,19.8131479661074,0.963491086339194,4.052362942329573,COMPENSATING
HemorrhageClass4NoFluid,StandardMale.xml,341,83.9355784645402,96.51075213576824,64.40881554652098,75.10946107627007,4.0731842002102505,48.325484462702285,4.538610470892772,19.802463301223423,0.9638635526676703,4.072734836988502,COMPENSATING
HemorrhageClass4NoFluid,StandardMale.xml,342,83.57816665899526,97.58395167135659,64.4676672521371,75.50642872521027,4.126044152023728,48.92038554964334,4.546448721163003,19.586662344155553,0.9653911236055618,4.102590768201436,COMPENSATING
HemorrhageClass4NoFluid,StandardMale.xml,343,83.61193650946558,97.5425815596898,65.3556839232255,76.08464980204693,4.1371299077082835,49.72012435054593,4.557250664570721,19.384332223906178,0.9658466017374469,4.119649465504526,COMPENSATING
HemorrhageClass4NoFluid,StandardMale.xml,344,82.97573953107775,98.68544588810582,65.6373304449228,76.6533689259838,4.173862797911669,49.89442929063332,4.569844225205885,19.379146231065032,0.9661001432300701,4.1420752155243115,COMPENSATING
HemorrhageClass4NoFluid,StandardMale.xml,345,82.52276347512667,98.83942131994924,65.87258682645421,76.86153165761922,4.186730938452031,50.66776457746178,4.579843145912976,19.165352991678052,0.9677216210786505,4.1677141271946425,COMPENSATING
HemorrhageClass4NoFluid,StandardMale.xml,346,82.18601617837348,99.84315362032928,66.59472737151589,77.67753612112035,4.190936725494247,51.10398579038806,4.593388220494114,19.126494006771978,0.9680007930100798,4.188497837576655,COMPENSATING
HemorrhageClass4NoFluid,StandardMale.xml,347,81.6594437017786,99.81410951759267,66.479384878898,77.59095975846289,4.242779228694301,51.39074225411126,4.608655730650638,18.93803645615018,0.9678650917454721,4.215728602780528,COMPENSATING
HemorrhageClass4NoFluid,StandardMale.xml,348,81.12265282407094,100.10064270043526,66.55107543467551,77.7342645232621,4.282580316180211,52.28345775960686,4.623019605969152,18.93223373998675,0.96849223198399,4.246053182290918,COMPENSATING
HemorrhageClass4NoFluid,StandardMale.xml,349,81.06019233742134,100.30480684533349,67.17404265144515,78.2176307160746,4.330608832496166,53.060997804764014,4.63873787074341,18.87109012307107,0.9686167525394805,4.274641852398846,COMPENSATING
HemorrhageClass4NoFluid,StandardMale.xml,350,80.54844603006822,101.28881002665518,66.96964540605488,78.40936694625498,4.355328074836127,53.67523640089232,4.652709151328371,18.82483113868798,0.9700484922765237,4.30565197623166,COMPENSATING
HemorrhageClass4NoFluid,StandardMale.xml,351,80.38281980088749,101.99220207531427,66.68431414492929,78.45361012172428,4.324526281746523,54.285857851892786,4.670156508845414,18.641266234628212,0.9714876320244255,4.333379070027174,COMPENSATING
HemorrhageClass4NoFluid,StandardMale.xml,352,80.30381350653018,102.83230828068831,66.88368370618443,78.86655856435239,4.365123238599373,54.10703161537495,4.681032470627342,18.507553220062505,0.9721334449903718,4.367436273413134,COMPENSATING
HemorrhageClass4NoFluid,StandardMale.xml,353,79.66905461154788,103.25790703030287,67.03850020540503,79.11163581370431,4.384854498370441,54.65066835523879,4.696336304213101,18.350023811453482,0.9724902935797886,4.389337513835136,COMPENSATING
HemorrhageClass4NoFluid,StandardMale.xml,354,79.4871970245929,103.65320612817673,66.76027338655685,79.05791763376348,4.399096705891864,55.28214073751762,4.704780769258487,18.265958001885515,0.972590792510332,4.419324519154415,COMPENSATING
HemorrhageClass4NoFluid,StandardMale.xml,355,79.13148039769248,104.73080404285264,66.55160810120013,79.27800674841764,4.434717240586161,55.5991781891182,4.72005522663876,18.187533408934577,0.9735458958165355,4.4366297942351345,COMPENSATING
HemorrhageClass4NoFluid,StandardMale.xml,356,79.3095299740117,104.50498686371354,66.48590547269205,79.15893260303255,4.4147311563816265,56.25124203378987,4.7301417917177355,17.98896722729175,0.9736168259486319,4.466444942295638,COMPENSATING
HemorrhageClass4NoFluid,StandardMale.xml,357,79.3421871334771,104.57061747986988,66.81129203506632,79.39773385000083,4.417539412328954,55.98298661204781,4.742389217547013,18.020727430295484,0.97382802417432,4.486657886896548,COMPENSATING
HemorrhageClass4NoFluid,StandardMale.xml,358,79.47269756630678,104.60963660774168,67.4649455945091,79.84650926558663,4.4600883204360535,56.04742417978463,4.756933768704089,18.001312709187342,0.9749312942374854,4.510792823016995,COMPENSATING
HemorrhageClass4NoFluid,StandardMale.xml,359,79.35997897624775,104.49664256451445,67.69726755248836,79.96372588983039,4.475419221965906,56.48859888077685,4.765112282368046,17.9868516286167,0.9734283913129669,4.539102265953511,COMPENSATING
HemorrhageClass4NoFluid,StandardMale.xml,360,78.76322642892687,105.00245629372192,67.98837828106505,80.32640428528401,4.509235161134731,56.77217963825786,4.778482038632811,17.999469091327196,0.9746186015575308,4.555646944706602,COMPENSATING
HemorrhageClass4NoFluid,StandardMale.xml,361,78.18103634682684,105.52388517172157,67.79549320684097,80.37162386180117,4.49463933759083,57.5471694739034,4.794528640445784,17.903107537635346,0.9758289482453337,4.5816949430799365,COMPENSATING
HemorrhageClass4NoFluid,StandardMale.xml,362,77.97677223971294,105.3440756681948,67.68261793649869,80.23643718039739,4.54098342526111,57.78392666648775,4.810303693743866,17.804222218168725,0.9759960366681119,4.612621154470432,COMPENSATING
HemorrhageClass4NoFluid,StandardMale.xml,363,77.42477802087954,106.45362429922976,67.88973035597574,80.74436167039374,4.5858312136007235,58.470487428670616,4.822371274305673,17.829329721305353,0.9767408074218832,4.643001826529655,COMPENSATING
HemorrhageClass4NoFluid,StandardMale.xml,364,77.48701871560431,106.72219628294073,67.80540183173372,80.77766664880272,4.562530538801414,59.36008182882248,4.830662750515094,17.627083629122488,0.9776972127226234,4.6665160571441024,COMPENSATING
HemorrhageClass4NoFluid,StandardMale.xml,365,77.2504336693949,107.68773814166427,68.0540964991543,81.26531037999095,4.591470552002507,59.103626953837306,4.837919012148402,17.573479586427908,0.9790618384839698,4.683039012412099,COMPENSATING
HemorrhageClass4NoFluid,StandardMale.xml,366,77.29698108776407,108.01578952308837,69.0614752256649,82.0462466581394,4.562035837402214,59.61981607366394,4.84817867236933,17.39706409384089,0.9798903922499473,4.6976155796817896,COMPENSATING
HemorrhageClass4NoFluid,StandardMale.xml,367,77.00138557139252,108.7097983554119,69.94336960078378,82.86551251899316,4.565537451603418,59.30073595188746,4.8615748124079685,17.333361911859942,0.9782472629637462,4.7176785264933105,COMPENSATING
HemorrhageClass4NoFluid,StandardMale.xml,368,76.67959140080252,109.66332694846596,70.18024388077221,83.34127157000346,4.5668272508820635,59.566835429852595,4.876148453498978,17.20525865627303,0.9779631775627033,4.743474050098541,COMPENSATING
HemorrhageClass4NoFluid,StandardMale.xml,369,76.71610577143056,110.0672692790398,69.91858957458842,83.30148280940556,4.590445382628178,59.82519954382588,4.888679915927578,17.031534278296203,0.9785658993441478,4.771398728379101,COMPENSATING
HemorrhageClass4NoFluid,StandardMale.xml,370,76.24358205833283,109.74096205416583,70.45355799918488,83.5493593508452,4.613569498441802,60.10682355263853,4.900161200766944,16.95498945904918,0.9779507845687628,4.795529295754356,COMPENSATING
HemorrhageClass4NoFluid,StandardMale.xml,371,75.85282545808252,109.2697466873936,70.4557903777767,83.39377581431566,4.613077100850684,60.71196451646308,4.906543820959324,17.007505324784887,0.9768513392603044,4.817692313053859,COMPENSATING
HemorrhageClass4NoFluid,StandardMale.xml,372,75.57484680480049,109.49956196376665,70.76727748276964,83.67803897643532,4.617835616920678,60.998300649444694,4.910482297123359,17.085763836812678,0.9765224009351986,4.830439356166451,COMPENSATING
HemorrhageClass4NoFluid,StandardMale.xml,373,75.24981329027987,109.9350019830653,70.7790914892417,83.83106165384956,4.621427625102513,61.27140481240769,4.9172465198987405,17.040451866769338,0.9763391947104018,4.838656092771554,COMPENSATING
HemorrhageClass4NoFluid,StandardMale.xml,374,74.9557453873175,110.76657560681387,71.49931321120822,84.5884006764101,4.673225386744425,61.56322943145903,4.9267399379021635,16.959002971197027,0.9755331800055139,4.8520406671893355,COMPENSATING
HemorrhageClass4NoFluid,StandardMale.xml,375,74.93124480709164,110.45543933687068,71.42245657861862,84.43345083136931,4.680531958288547,62.39224954909938,4.930840900702003,16.8077873491345,0.9756035201269257,4.870416458398466,COMPENSATING
HemorrhageClass4NoFluid,StandardMale.xml,376,74.92359170481548,110.68589890372655,71.09761257210229,84.29370801597705,4.668720485385837,62.52553974970563,4.936885858733966,16.858404987156188,0.9762553926524714,4.878839916100992,COMPENSATING
HemorrhageClass4NoFluid,StandardMale.xml,377,75.0362512154357,110.50590655712348,70.85863905947579,84.07439489202503,4.663848289366559,62.425298275629764,4.949894102465146,16.813572191541777,0.9759922518415582,4.8908117356824015,NORMAL
HemorrhageClass4NoFluid,StandardMale.xml,378,75.1309904410434,111.21910614017837,70.92608642734848,84.35709299829178,4.66312414277812,62.32232188565876,4.960939154896811,16.841320181312394,0.977347071277025,4.915568800393562,NORMAL
HemorrhageClass4NoFluid,StandardMale.xml,379,75.47378571421898,110.93281346993896,70.98584511575825,84.30150123381848,4.712557167020621,62.278605543746096,4.965351770708551,16.711552158054122,0.976972143390684,4.93668651164306,NORMAL
HemorrhageClass4NoFluid,StandardMale.xml,380,75.72931496663448,111.86460837868856,71.01405307043868,84.6309048398553,4.736246561739538,62.64326993093715,4.972697035826326,16.758321386351362,0.9774263575768829,4.945573925394809,NORMAL
HemorrhageClass4NoFluid,StandardMale.xml,381,75.34396786097358,111.87536632322903,71.67918837780904,85.0779143596157,4.733609726484512,62.768671502275815,4.976055129542031,16.590222220004954,0.9778217834932593,4.959832502611823,NORMAL
HemorrhageClass4NoFluid,StandardMale.xml,382,75.2920299892478,112.13985685360302,72.11428226110608,85.45614045860506,4.744853768874901,63.02786809802626,4.987895037983459,16.584804773205626,0.9778920766988117,4.966729983737192,NORMAL
HemorrhageClass4NoFluid,StandardMale.xml,383,75.32666820491524,112.24024174544036,72.03932285218157,85.4396291499345,4.766945239445731,63.218733703261826,4.997795260195638,16.53471903811842,0.9789715903466989,4.989211209031188,NORMAL
HemorrhageClass4NoFluid,StandardMale.xml,384,75.10041291162135,112.43047739798563,72.39279409338202,85.7386885282499,4.750925749854777,63.4743555783698,5.005636861190085,16.513709420683785,0.9797358488856369,5.008100463009525,NORMAL
HemorrhageClass4NoFluid,StandardMale.xml,385,75.20438402610974,112.01880561020381,73.1424835824522,86.10125759170273,4.756881580031424,63.469982815730965,5.010597871686371,16.476949115922277,0.9798250449346694,5.023179641426154,NORMAL
HemorrhageClass4NoFluid,StandardMale.xml,386,75.38030892083309,112.53574501291885,73.2762382056057,86.36274047471008,4.787800763404058,63.48999782115073,5.015063779934246,16.5465294798677,0.9810853007357921,5.032936970008166,NORMAL
HemorrhageClass4NoFluid,StandardMale.xml,387,75.20377052175436,112.93189501191351,72.85222010944268,86.21211174359962,4.8136724288178625,63.747312104852426,5.022457345234378,16.452311500380333,0.9806344609865242,5.0417626575771415,NORMAL
HemorrhageClass4NoFluid,StandardMale.xml,388,75.13397554472958,112.46446325839841,73.56444335490227,86.53111665606765,4.8295647395205785,64.19087759276972,5.0269739579259864,16.379510422508115,0.9814234718527686,5.055955560927471,NORMAL
HemorrhageClass4NoFluid,StandardMale.xml,389,75.31891024050981,112.60651058931647,73.03310757160045,86.22424191083913,4.810600378410945,64.44479495356491,5.032524430482257,16.459225434425957,0.9814581699829193,5.0648353361540135,NORMAL
HemorrhageClass4NoFluid,StandardMale.xml,390,75.1496903901442,112.94803398428024,73.0940284738631,86.37869697733548,4.8054850467467665,64.11635656826809,5.0405228511585936,16.43145911465967,0.9817095566205455,5.075598857667938,NORMAL
HemorrhageClass4NoFluid,StandardMale.xml,391,74.93503900274258,112.94008560495858,72.64963066178265,86.07978230950796,4.7788326602124025,64.19550448575468,5.044584146693226,16.36857374753615,0.9830700128010043,5.090848784815938,NORMAL
HemorrhageClass4NoFluid,StandardMale.xml,392,74.4401117760592,113.77966967212471,72.40504547445154,86.19658687367593,4.773001104387603,64.05653014599265,5.048971629810821,16.36745538985599,0.9820665470479542,5.098836606917125,NORMAL
HemorrhageClass4NoFluid,StandardMale.xml,393,74.31709911898358,113.88247386100524,72.55181675754451,86.32870245869809,4.799398747066054,64.35636866817224,5.051892979746526,16.216830736537517,0.9814326306718455,5.107407770008699,NORMAL
HemorrhageClass4NoFluid,StandardMale.xml,394,74.4672769734177,113.47948326508762,73.18116303382787,86.61393644424778,4.819020130508687,64.77012937454016,5.058403792248929,16.196327221658134,0.9804504966945563,5.11326479784004,NORMAL
HemorrhageClass4NoFluid,StandardMale.xml,395,74.71864584165102,113.31561063339407,72.93327472177454,86.39405335898105,4.79762303103814,64.90936576299687,5.063453974877715,16.265173498355743,0.9819377532253432,5.125710970705633,NORMAL
HemorrhageClass4NoFluid,StandardMale.xml,396,74.31260147131022,113.4076144464878,72.73269057071604,86.29099852930663,4.818101769334732,64.49818066957972,5.067048438229865,16.29189039286091,0.9805265421686234,5.135454187411144,NORMAL
HemorrhageClass4NoFluid,StandardMale.xml,397,74.27608449999278,113.20866625101489,73.05095305663028,86.43685745475848,4.81630317603195,65.04292499127004,5.073299348368414,16.273517591816052,0.9797659291274255,5.142503984417633,NORMAL
HemorrhageClass4NoFluid,StandardMale.xml,398,74.34720851765925,113.89938366932932,72.70203123712807,86.43448204786182,4.792338581346011,65.06407400705649,5.080933591639578,16.306567606950885,0.9790173827589207,5.154427596678959,NORMAL
HemorrhageClass4NoFluid,StandardMale.xml,399,74.05512740305684,114.02727126356606,72.63944671095757,86.43538822849374,4.832977827920674,64.74842876419079,5.084718575310465,16.18265986550452,0.9796926051796712,5.168882850228373,NORMAL
HemorrhageClass4NoFluid,StandardMale.xml,400,74.02384320361223,114.36504832021947,72.97920469671637,86.77448590455073,4.82755520681814,65.4491627808291,5.091576059289219,16.158156693875025,0.9802558291898166,5.176241762525047,NORMAL
HemorrhageClass4NoFluid,StandardMale.xml,401,74.16299965913757,114.80502635118478,72.9367979999637,86.8928741170374,4.8446870999256175,65.42276959381054,5.090468232037296,16.09667147082792,0.9793307657448466,5.18924142470213,NORMAL
HemorrhageClass4NoFluid,StandardMale.xml,402,73.71186928808862,114.64148664206357,72.76715217793712,86.72526366597927,4.866345725350023,65.53673876184041,5.093894102062147,16.017209072297227,0.9793393013128353,5.18757170673455,NORMAL
HemorrhageClass4NoFluid,StandardMale.xml,403,73.35043283526024,114.61556191431603,72.62558378677971,86.62224316262515,4.8809614173482,66.13405884825171,5.099050481440315,16.044326406731347,0.9800347567427201,5.194232304350043,NORMAL
HemorrhageClass4NoFluid,StandardMale.xml,404,73.73631795045256,114.8408172748552,72.87004822115779,86.86030457239026,4.854474553786622,66.58700104746389,5.100178549709603,16.04721206626206,0.98009815422946,5.2040654991259885,NORMAL
HemorrhageClass4NoFluid,StandardMale.xml,405,73.28765820152374,114.77355483165968,72.51429399515348,86.60071427398888,4.831657191100358,66.0024393761522,5.1063896260203165,16.005820001876046,0.9817010847075192,5.206474933227556,NORMAL
HemorrhageClass4NoFluid,StandardMale.xml,406,73.27447095953576,114.91240409562997,73.01490479065477,86.98073789231317,4.834634869790781,66.07583553896234,5.112512225042072,16.016110738276602,0.9817563802675593,5.21822661404212,NORMAL
HemorrhageClass4NoFluid,StandardMale.xml,407,72.91838301378043,114.39283139387496,73.55260599377517,87.1660144604751,4.827748706646744,66.13287297628911,5.112650983095443,15.990074718805051,0.9819597050323411,5.2298049078254145,NORMAL
HemorrhageClass4NoFluid,StandardMale.xml,408,72.68842833227248,114.53875043276935,74.0090210154699,87.51893082123638,4.860087779314219,66.32704751497977,5.115678346151204,16.080299901882697,0.9808791154279041,5.230362168611647,NORMAL
HemorrhageClass4NoFluid,StandardMale.xml,409,72.45033470371209,115.11958476448171,74.51272896930848,88.04834756769957,4.856586163267637,66.89535685838777,5.121338519594327,16.053114694905577,0.9796754775552378,5.23622482063273,NORMAL
HemorrhageClass4NoFluid,StandardMale.xml,410,72.73281525716189,115.3188240426636,75.16091550523387,88.54688501771045,4.832771289977271,67.04433294630232,5.126761958959642,15.94921410838943,0.9807024606229164,5.246922503588433,NORMAL
HemorrhageClass4NoFluid,StandardMale.xml,411,72.62087992569565,116.13548686159905,75.08863336101427,88.7709178612092,4.832183438418212,66.5583501273732,5.131754943170157,15.912710175078285,0.9807155125665554,5.257175314637985,NORMAL
HemorrhageClass4NoFluid,StandardMale.xml,412,73.08024328095239,116.54950808587498,74.77312550390123,88.69858636455915,4.868995865017597,66.64558721969058,5.1341927856578895,15.767275244791623,0.980467048225836,5.266627093376243,NORMAL
HemorrhageClass4NoFluid,StandardMale.xml,413,73.22398086100111,116.72113516526154,74.41303910446672,88.51573779139832,4.847530748205571,66.749253852281,5.132750457269722,15.692948743607289,0.9798120712931914,5.2713685214157096,NORMAL
HemorrhageClass4NoFluid,StandardMale.xml,414,72.81494195285225,116.48391314724071,74.23677875774241,88.31915688757518,4.861215063008185,66.3971916718961,5.132717391867959,15.66144570465865,0.9807053285908464,5.268961711418823,NORMAL
HemorrhageClass4NoFluid,StandardMale.xml,415,72.65860889636402,116.16356040125423,74.7768272827134,88.57240498889368,4.909133742803329,66.8747190223873,5.136362976280949,15.702143978307014,0.9797050626497438,5.269139966243431,NORMAL
HemorrhageClass4NoFluid,StandardMale.xml,416,73.06412227555477,116.61220160462666,75.32949270089395,89.09039566880486,4.95154124973299,67.57296052997171,5.141710188369739,15.757553172596232,0.9788840023299901,5.276079424930803,NORMAL
HemorrhageClass4NoFluid,StandardMale.xml,417,73.31370293296767,116.26318538372462,75.57143762097598,89.1353535418922,4.975480956620206,67.7779442058891,5.14568595992814,15.677272550997756,0.979780730286285,5.286142448106682,NORMAL
HemorrhageClass4NoFluid,StandardMale.xml,418,73.21184142941189,116.41932627674315,75.25670748122063,88.97758041306147,4.963381385249465,67.88069855684496,5.146357200149189,15.737813892856536,0.9804819057861878,5.29367456584737,NORMAL
HemorrhageClass4NoFluid,StandardMale.xml,419,73.43623335904572,115.8841823897464,75.27810486080848,88.81346403712112,4.942291297877041,67.8228983545301,5.1519228410201485,15.709230061582652,0.9803371849124989,5.2951189597585255,NORMAL
HemorrhageClass4NoFluid,StandardMale.xml,420,73.67146464858199,115.74474913613115,74.68399559142061,88.37091343965746,4.963951113813662,67.41147536109382,5.155108553028304,15.80269117121883,0.9812933280943873,5.30556262552582,NORMAL
HemorrhageClass4NoFluid,StandardMale.xml,421,73.46617382795337,116.0980908343784,74.58928063764262,88.4255507032212,4.926123901757863,67.49791798813229,5.156154432430664,15.826342102957234,0.9806373051588064,5.311620375573575,NORMAL
HemorrhageClass4NoFluid,StandardMale.xml,422,73.27075843798175,115.78134205739214,74.40066895144538,88.19422665342763,4.954785554551037,67.21282898091656,5.15524466448678,15.76304999911574,0.9811175172571386,5.313734225870144,NORMAL
HemorrhageClass4NoFluid,StandardMale.xml,423,73.21581322652747,115.88917878293235,74.3269749566636,88.18104289875319,4.96821229725364,67.70655857628083,5.151605744636823,15.818058856535913,0.9801276144412182,5.312243304050613,NORMAL
HemorrhageClass4NoFluid,StandardMale.xml,424,73.3410102958545,115.95262423574208,74.00096685060949,87.98485264565369,4.994095545477671,67.91435719172104,5.15227510774572,15.798158046400182,0.9789234108040716,5.305724496513912,NORMAL
HemorrhageClass4NoFluid,StandardMale.xml,425,73.57894252648335,115.65264191483872,74.39284124570213,88.14610813541432,4.958702273502569,68.13246454764568,5.1550637246779045,15.786120714823529,0.9782935354578739,5.307127505368996,NORMAL
HemorrhageClass4NoFluid,StandardMale.xml,426,73.7497432642259,115.49234887129825,74.70013734152384,88.29754118478198,4.937719435628084,67.54015885991222,5.154930694142061,15.83825567400703,0.9799515285009117,5.312424512931187,NORMAL
HemorrhageClass4NoFluid,StandardMale.xml,427,73.272189122955,115.52606732321809,74.55462907460131,88.21177515747357,4.955667520942511,67.17062447143842,5.1535114370040045,15.865762174097409,0.9807349489428816,5.31233999717832,NORMAL
HemorrhageClass4NoFluid,StandardMale.xml,428,73.308224781293,115.00626330110478,74.63390170938649,88.09135557329259,4.926093470803779,67.74843725038522,5.152203636551335,15.859051504812726,0.9815320650298835,5.309883455873482,NORMAL
HemorrhageClass4NoFluid,StandardMale.xml,429,72.77880017815389,115.52352542597099,75.11427891243352,88.58402775027935,4.969092498299713,67.37662645601061,5.153036600677296,15.950062104846456,0.9806247733346273,5.3076269226790895,NORMAL
HemorrhageClass4NoFluid,StandardMale.xml,430,72.39128926930897,115.546021637149,75.43658467576878,88.80639699622886,4.93570234717307,68.29633152788443,5.1527858502701065,15.858055251759415,0.9820391249156611,5.309304670991395,NORMAL
HemorrhageClass4NoFluid,StandardMale.xml,431,72.1238829581179,116.11585684761306,75.74981574853412,89.20516278156043,4.909401516716352,68.20141926346056,5.159421168535091,15.853397565899561,0.9811285549469568,5.308983533965254,NORMAL
HemorrhageClass4NoFluid,StandardMale.xml,432,72.21657662152624,115.55107757794629,75.90433695251821,89.11991716099423,4.91133886700572,68.09784098917734,5.16288870852061,15.752157412157583,0.9817489582857022,5.321328776513933,NORMAL
HemorrhageClass4NoFluid,StandardMale.xml,433,71.98618554144524,115.62040485607956,76.0863564361771,89.26437257614458,4.946782141076424,68.05478821397836,5.159787169297814,15.851197799204797,0.9807393178314427,5.327840577926308,NORMAL
HemorrhageClass4NoFluid,StandardMale.xml,434,72.2755371045033,115.93370424981035,75.88568779961753,89.23502661634846,4.985939076596851,68.66426143156029,5.159275230767597,15.838339847011152,0.9799308258282936,5.32226038817155,NORMAL
HemorrhageClass4NoFluid,StandardMale.xml,435,72.12927268090647,115.50574145088203,75.91351979017303,89.11092701040936,4.9909875987059245,68.91364362141115,5.161796497418669,15.782441350303031,0.9811066462137027,5.321441132859027,NORMAL
HemorrhageClass4NoFluid,StandardMale.xml,436,72.33763641803802,116.2000745165877,76.06572049475457,89.44383850203228,4.971653515392343,69.09335611753752,5.163277101309163,15.857394885925649,0.9813822886971009,5.326199220062382,NORMAL
HemorrhageClass4NoFluid,StandardMale.xml,437,72.55152070279642,116.04234404728673,75.47700884041922,88.99878724270839,5.002747246454007,68.703403521832,5.169065966527093,15.734282964890431,0.9815940928874373,5.329038502827242,NORMAL
HemorrhageClass4NoFluid,StandardMale.xml,438,72.21603614928857,116.19152469267407,75.60622893506944,89.13466085427098,5.000279577728448,68.91359787951046,5.174677771592644,15.76157817302153,0.9832669829667435,5.3398016042284215,NORMAL
HemorrhageClass4NoFluid,StandardMale.xml,439,72.59587356388792,115.81116804314077,76.04199994524471,89.29838931121006,5.001491018719103,69.15028552161236,5.17377175350027,15.734721597977003,0.9838962643068467,5.350235257743577,NORMAL
HemorrhageClass4NoFluid,StandardMale.xml,440,72.76754356013542,116.62950777214951,76.3194554500864,89.75613955744076,4.9585443173341055,68.87253025293501,5.170011333482256,15.801345281073544,0.9832148658196348,5.348672015579057,NORMAL
HemorrhageClass4NoFluid,StandardMale.xml,441,72.32749723192761,116.10257398384675,76.58839517085657,89.75978810851997,4.960642335896697,68.23124162683688,5.172212213805251,15.656416483915347,0.9833063826036499,5.34185301368929,NORMAL
HemorrhageClass4NoFluid,StandardMale.xml,442,72.26549800394575,116.53781604368795,75.97883237986831,89.49849360114152,4.964986878688871,68.60010283229288,5.1741604900665426,15.748943770076995,0.9827216206042593,5.346000039019749,NORMAL
HemorrhageClass4NoFluid,StandardMale.xml,443,72.12818562159966,116.65751044351259,75.58710837342599,89.2772423967882,4.990597923078567,68.70414009066985,5.175203433485929,15.671663226820176,0.9825251286515432,5.349679063514069,NORMAL
HemorrhageClass4NoFluid,StandardMale.xml,444,72.27321190290014,117.21787830688953,75.81609035031096,89.61668633583714,4.953565101034313,69.12245853819353,5.1778313151735835,15.650091749993825,0.9833636951968495,5.351689112715057,NORMAL
HemorrhageClass4NoFluid,StandardMale.xml,445,72.55969432755936,116.62728689803153,75.30556124875126,89.07946979851135,4.951048804717119,68.56830847778656,5.1778400222874295,15.55075628472017,0.9837734483308642,5.356612607728916,NORMAL
HemorrhageClass4NoFluid,StandardMale.xml,446,72.36257508763893,117.0654781923246,75.64152227981964,89.44950758398797,4.923777553888973,68.31982818871263,5.1804358586809665,15.654578544071192,0.9844300007534224,5.356713705219571,NORMAL
HemorrhageClass4NoFluid,StandardMale.xml,447,72.0829560199589,117.75004789947303,75.67795213547447,89.70198405680732,4.953329839207267,68.14875018278114,5.182993935824336,15.57683495659671,0.983431956757757,5.361572561286803,NORMAL
HemorrhageClass4NoFluid,StandardMale.xml,448,71.8226972933522,118.11547883730002,75.40610398390609,89.64256226837074,4.987328284087747,68.72345921240165,5.185893922558245,15.455618946922353,0.9821023509737387,5.366359239306698,NORMAL
HemorrhageClass4NoFluid,StandardMale.xml,449,72.15201203802337,117.72705526236288,74.9213837116245,89.18994089520396,5.002975997457678,69.34007661850077,5.18665274280319,15.390743514133401,0.981023607231709,5.371772452112097,NORMAL
HemorrhageClass4NoFluid,StandardMale.xml,450,72.13841608353518,117.50949696067472,75.01752645313702,89.18151662231625,5.005004857105308,69.27198304481229,5.185298480122432,15.458935298611145,0.9805666182514869,5.3732432046877285,NORMAL
HemorrhageClass4NoFluid,StandardMale.xml,451,71.84381769863361,117.61857009890424,75.37116194536019,89.45363132987487,4.979781015375176,69.3099380356335,5.1854998768596525,15.496981425672928,0.9795142538456998,5.370823256021092,NORMAL
HemorrhageClass4NoFluid,StandardMale.xml,452,72.20906066154082,117.25542767357979,75.38298302768263,89.34046457631501,4.970373804948859,69.24115994815399,5.182132595652543,15.47738887138392,0.9812086753522844,5.371263497940262,NORMAL
HemorrhageClass4NoFluid,StandardMale.xml,453,72.50221429690407,117.368244414774,75.9249588668228,89.73938738280654,4.990923545277515,68.84422718905171,5.1817610789976465,15.541153257824043,0.980940779333259,5.365134771908037,NORMAL
HemorrhageClass4NoFluid,StandardMale.xml,454,72.38776801440741,117.70379326108231,75.63291699222825,89.6565424151796,4.955802153351065,68.86464049245575,5.18098623671521,15.520921965783433,0.9812362145151425,5.364516310095663,NORMAL
HemorrhageClass4NoFluid,StandardMale.xml,455,72.68118598385618,117.24413679026772,76.01575149452387,89.75854659310515,4.997722285975131,68.53557652464517,5.186117572595841,15.461389060022702,0.9802098399586369,5.363153557042475,NORMAL
HemorrhageClass4NoFluid,StandardMale.xml,456,72.57055680964339,116.98413200940445,76.40304807610688,89.93007605387274,4.98181408257102,68.8117699966272,5.186859229066558,15.542219521892964,0.9790837755760626,5.3726566302266345,NORMAL
HemorrhageClass4NoFluid,StandardMale.xml,457,72.26710616686712,117.15022256659667,76.09652019884251,89.78108765476057,4.991735474331898,68.7098855228982,5.186679419345478,15.587821374111439,0.9797999925638506,5.374080304879346,NORMAL
HemorrhageClass4NoFluid,StandardMale.xml,458,72.25152051818291,117.59052290756462,75.69660824884997,89.66124646842152,5.022630130358471,69.06744358975554,5.189508055662664,15.558227132113222,0.9794202973327791,5.373806466918893,NORMAL
HemorrhageClass4NoFluid,StandardMale.xml,459,71.84792332657729,117.47282959485392,75.38953414161251,89.41729929269299,5.005163925607695,69.45257617187164,5.192929023723951,15.480244191707701,0.9809681873113282,5.3790665673099785,NORMAL
HemorrhageClass4NoFluid,StandardMale.xml,460,72.2719662867321,116.79826863766837,75.62844128818338,89.35171707134505,5.030300502008494,69.56332012641873,5.194979551601599,15.500755643816287,0.9800735441391418,5.385414802422378,NORMAL
HemorrhageClass4NoFluid,StandardMale.xml,461,72.28103282211364,116.53562234181825,75.64165391202525,89.27297672195625,4.9890307020574625,69.5327303171776,5.199589371121443,15.619562458102191,0.9810744890694357,5.389239556840735,NORMAL
HemorrhageClass4NoFluid,StandardMale.xml,462,71.93789408715173,117.26140977993566,76.14030889709387,89.8473425247078,4.990110433189149,69.03252091331055,5.200894440866727,15.665674876845056,0.9809788363637748,5.39777194353948,NORMAL
HemorrhageClass4NoFluid,StandardMale.xml,463,72.36108396314367,116.73217653857972,75.61897994539918,89.32337880979269,4.960211096612685,69.31689584858913,5.203310459355561,15.53733736918867,0.9799987321633122,5.400221660873237,NORMAL
HemorrhageClass4NoFluid,StandardMale.xml,464,72.38111674798186,116.75638609706104,76.20191870485999,89.72007450226035,4.94261484317022,68.62835042255584,5.199966929389371,15.630517986549588,0.9798183840535598,5.40471404000027,NORMAL
HemorrhageClass4NoFluid,StandardMale.xml,465,72.58289125123362,117.15089689393487,76.44234129311779,90.01185982672348,4.933924069770846,68.40373761101726,5.197022962546905,15.626023790983059,0.9789323192733007,5.39860680765716,NORMAL
HemorrhageClass4NoFluid,StandardMale.xml,466,72.26861662202167,117.61101723143476,76.47433880157791,90.18656494486353,4.91343663602351,68.14571709133219,5.193260413027158,15.55617890880433,0.9792920041379939,5.3932333264403205,NORMAL
HemorrhageClass4NoFluid,StandardMale.xml,467,72.17339245974618,117.67648937797428,76.95906800456136,90.531541795699,4.8999108581711655,68.14427429638464,5.191259151385097,15.47476099815035,0.979020563166167,5.386352148405944,NORMAL
HemorrhageClass4NoFluid,StandardMale.xml,468,71.86522391466455,117.20563636013317,77.05310464924813,90.4372818862098,4.9377401241959635,68.05705003131132,5.1933240355768495,15.46300503355171,0.9780975402014263,5.382710511488957,NORMAL
HemorrhageClass4NoFluid,StandardMale.xml,469,72.18482977779034,117.02932766935146,76.42282347483632,89.95832487300804,4.924332689606755,68.75339285035082,5.191832229792138,15.54591669061745,0.9786684322618738,5.38654960447419,NORMAL
HemorrhageClass4NoFluid,StandardMale.xml,470,72.31864117528418,116.7799944914243,76.94648308320104,90.22432021927547,4.895390061959237,68.34463480953012,5.190965310393471,15.576847803677083,0.9790106036228127,5.383842776258,NORMAL
HemorrhageClass4NoFluid,StandardMale.xml,471,72.4840744976306,116.54642451627346,76.77475816268692,90.0319802805491,4.932174758025576,67.89543450793693,5.187540201028754,15.620673832647341,0.9780053615850446,5.382284541272046,NORMAL
HemorrhageClass4NoFluid,StandardMale.xml,472,72.68454419467662,117.36697611250867,76.22610835544829,89.93973094113508,4.965692364035934,68.21018625604695,5.186731296120095,15.661723603993682,0.978936171767984,5.37601779736387,NORMAL
HemorrhageClass4NoFluid,StandardMale.xml,473,72.69934086831904,117.53161675080786,75.89612753347618,89.7746239392534,4.99392000145918,68.45762297830791,5.182499966650652,15.516727314234366,0.978095716074972,5.374563929646532,NORMAL
HemorrhageClass4NoFluid,StandardMale.xml,474,72.9169457420727,117.48328156750568,75.44934443805644,89.46065681453952,5.025820947810833,68.7846026129659,5.186699243151211,15.487504457172939,0.9781243064198439,5.3668113627580745,NORMAL
HemorrhageClass4NoFluid,StandardMale.xml,475,72.40653212861612,117.46600752318123,75.10254076986404,89.2236963543031,5.0270227716607385,68.9975011893684,5.190502235488796,15.495877073524298,0.9783415504353671,5.374570762946947,NORMAL
HemorrhageClass4NoFluid,StandardMale.xml,476,71.97736003071726,117.76263500954977,74.80269849782633,89.12267733506748,4.9993728458210125,69.41165976658964,5.1876714632568515,15.498772614780517,0.978196565965501,5.381599904239479,NORMAL
HemorrhageClass4NoFluid,StandardMale.xml,477,72.30845054759551,117.11716043796989,75.074147039423,89.08848483893863,4.977929550508416,69.4187216310835,5.186161703327575,15.446269756650842,0.9784601417476663,5.376421303395157,NORMAL
HemorrhageClass4NoFluid,StandardMale.xml,478,72.31267263529912,116.58510974813103,74.90682046410242,88.79958355877862,4.950695929338539,68.90232264693428,5.183830823123609,15.560052189674987,0.9801211608871554,5.373672490113886,NORMAL
HemorrhageClass4NoFluid,StandardMale.xml,479,72.29558767095946,116.9139557443651,75.38641422920477,89.22892806759155,4.979734243266974,68.5735164763502,5.18959992750993,15.65382007999791,0.9813416812065302,5.369411782704628,NORMAL
HemorrhageClass4NoFluid,StandardMale.xml,480,72.14761714299013,117.08410099571473,75.42904362533527,89.3140627487951,5.014369861107228,68.93624586566138,5.190051351576826,15.595644786546586,0.9812845127971885,5.380054838042778,NORMAL
HemorrhageClass4NoFluid,StandardMale.xml,481,71.88243150702488,116.91900621845996,75.14823616232925,89.07182618103948,5.043077021354096,69.46928982560675,5.193241378438427,15.565484475160236,0.9802430308903941,5.380911991250285,NORMAL
HemorrhageClass4NoFluid,StandardMale.xml,482,72.31410729695398,117.06871482955627,75.55816229310942,89.39501313859171,5.076304031889704,70.02605384433305,5.198143572782334,15.594498075839066,0.9794099203787794,5.386807548329999,NORMAL
HemorrhageClass4NoFluid,StandardMale.xml,483,72.39923813076248,116.83337185801228,75.97959237367598,89.59751886845476,5.0985531034636615,70.08315721247317,5.193485489360369,15.567953188695935,0.9813326492168183,5.395852805603688,NORMAL
HemorrhageClass4NoFluid,StandardMale.xml,484,72.11843162596516,117.43823888840124,76.32915854860771,90.03218532853889,5.072875873416663,70.28321144141005,5.197044967539219,15.609373647649988,0.9826485711878332,5.38730549003232,NORMAL
HemorrhageClass4NoFluid,StandardMale.xml,485,71.85335207885348,117.61702025503745,76.64855108460745,90.30470747475078,5.078073487072073,70.19955406731569,5.201079015981576,15.502501411563307,0.9814086599226812,5.393878431880582,NORMAL
HemorrhageClass4NoFluid,StandardMale.xml,486,72.05538323193574,118.27239845525266,76.63959711978235,90.51719756493912,5.071847639798107,70.47504747693682,5.197544269173075,15.470836754769072,0.9831476965482612,5.4013238650480435,NORMAL
HemorrhageClass4NoFluid,StandardMale.xml,487,72.36515304491306,118.21383414539925,76.32652868948459,90.28896384145614,5.060665683606205,70.23926128819494,5.193323227479421,15.355056653610864,0.9824819365844876,5.394841307421824,NORMAL
HemorrhageClass4NoFluid,StandardMale.xml,488,72.0880415537345,118.21057568654955,75.68049103836134,89.85718592109075,5.085197017891389,69.85971698319138,5.190562241406022,15.365290446651674,0.9815633910331192,5.387095195145001,NORMAL
HemorrhageClass4NoFluid,StandardMale.xml,489,72.25920477077054,118.75746229974214,76.12296384629961,90.33446333078045,5.0589451270816745,70.37541721414534,5.186236642521857,15.36576616049759,0.982087019230179,5.382035027118842,NORMAL
HemorrhageClass4NoFluid,StandardMale.xml,490,72.55912561805265,119.03838875473386,76.51635009148606,90.69036297923533,5.079180537080697,69.9245796450911,5.191653171152522,15.269144868722798,0.9819300850599366,5.374095167299529,NORMAL
HemorrhageClass4NoFluid,StandardMale.xml,491,72.82400892519954,118.75649112696527,75.96923414936813,90.23165314190051,5.052035106295824,69.93046780588939,5.188405038720884,15.219468532066024,0.981137785991479,5.384081044064617,NORMAL
HemorrhageClass4NoFluid,StandardMale.xml,492,73.0458770318846,119.06291280511729,76.5182137810477,90.69978012240423,5.056320996821351,69.39881924365045,5.185803302942006,15.269133345976504,0.9828428893008453,5.3781225524649,NORMAL
HemorrhageClass4NoFluid,StandardMale.xml,493,73.0230181558187,119.52556771497832,76.79452581969846,91.03820645145842,5.025984550314245,69.27751286295833,5.187565944654337,15.214963115520254,0.9820318118536091,5.373352886193013,NORMAL
HemorrhageClass4NoFluid,StandardMale.xml,494,72.69452374382142,119.59779447315572,76.24703382233245,90.69728737260688,5.04015693302001,68.93500205512761,5.1927946210376446,15.133220668456564,0.9836059390700318,5.376613479990864,NORMAL
HemorrhageClass4NoFluid,StandardMale.xml,495,72.49302117934643,120.09003984873219,76.76950439515281,91.20968287967926,4.996748929674407,69.36037946178283,5.194149547852928,15.1203913068069,0.9849715307714114,5.386251322356836,NORMAL
HemorrhageClass4NoFluid,StandardMale.xml,496,72.78842474202469,119.44209541335353,76.75124302776798,90.9815271562965,5.031485297839379,68.99940227635626,5.190786722063774,15.033431587451659,0.9857011457170071,5.388760576764577,NORMAL
HemorrhageClass4NoFluid,StandardMale.xml,497,72.44629976044928,119.93674529690217,76.25814521009848,90.81767857236638,5.057508785723723,69.18478687197104,5.18718137038105,15.147717244002866,0.9862635762627794,5.382588220510698,NORMAL
HemorrhageClass4NoFluid,StandardMale.xml,498,72.48673612386168,120.23962388590373,76.1576851230792,90.85166471068737,5.030479369769143,69.7648456391064,5.185479951403681,15.060338207080243,0.9848577998396241,5.375969085544657,NORMAL
HemorrhageClass4NoFluid,StandardMale.xml,499,72.21355719091099,119.41720294661786,75.5348103047803,90.16227451872615,5.016725505159565,69.40993419090896,5.188752276475492,15.006809099016525,0.9862686107871993,5.372852863061009,NORMAL
HemorrhageClass4NoFluid,StandardMale.xml,500,72.49189361867855,119.23082981278333,75.43823579885317,90.03576713682989,5.017628264707357,69.46039069382594,5.185458432985387,15.15189699561601,0.9860980396154438,5.378888294778031,NORMAL
HemorrhageClass4NoFluid,StandardMale.xml,501,72.70306681881034,119.28773185312149,75.72333305929419,90.2447993239033,4.9877595676867585,69.25314975426056,5.182157559913774,15.184725107047475,0.987040175630068,5.37284093203632,NORMAL
HemorrhageClass4NoFluid,StandardMale.xml,502,72.42034886442705,118.87311624426913,76.29251303227923,90.48604743627587,4.954808088748827,68.73199401379888,5.180091146190449,15.17461748537404,0.9864963100006798,5.366780188317874,NORMAL
HemorrhageClass4NoFluid,StandardMale.xml,503,72.53825167495599,118.82719201454184,76.73074158063574,90.7628917252711,4.92777247130578,68.55758792014011,5.182435569517084,15.247734549503056,0.9867107232762923,5.3629905281531265,NORMAL
HemorrhageClass4NoFluid,StandardMale.xml,504,72.43510466690363,118.06449119984451,77.17082743238069,90.80204868820196,4.910103685866772,68.14324126299607,5.187555924108157,15.255779857165706,0.9855385958047439,5.367316782808233,NORMAL
HemorrhageClass4NoFluid,StandardMale.xml,505,72.04520198058705,117.63608184440432,76.65641551166287,90.31630428924335,4.937378822626851,68.01157722477006,5.190595678089063,15.390337764600158,0.9861790153962117,5.376750594086612,NORMAL
HemorrhageClass4NoFluid,StandardMale.xml,506,71.8569211966331,117.3646555612234,76.25968334375186,89.96134074957571,4.909233470874266,68.64157934579531,5.191895460660951,15.465895348319995,0.9870980824470134,5.382355525164748,NORMAL
HemorrhageClass4NoFluid,StandardMale.xml,507,71.61317758767254,117.23642365913838,76.13779038992904,89.83733481299882,4.904442841003816,68.44982562356051,5.193999390672506,15.513747366115958,0.9872249521882107,5.384758376824815,NORMAL
HemorrhageClass4NoFluid,StandardMale.xml,508,71.4502408961398,116.65439270574225,75.72223945765344,89.36629054034971,4.900085257994087,68.5828703708169,5.190139644004812,15.536327452816423,0.9880725360955946,5.388640566115365,NORMAL
HemorrhageClass4NoFluid,StandardMale.xml,509,71.40354630515402,116.6614316840056,75.73757748887202,89.37886222058322,4.9258599291235345,68.6583575439103,5.186685722498445,15.639004520781153,0.9879536127978521,5.3815487074458765,NORMAL
HemorrhageClass4NoFluid,StandardMale.xml,510,71.2663098167818,117.35112585062434,75.60761728986066,89.52212014344855,4.930995660699929,69.00788195784857,5.185234590455742,15.637712783845004,0.9876071785988704,5.375203261577827,NORMAL
HemorrhageClass4NoFluid,StandardMale.xml,511,71.18681797341607,117.09631455396068,75.12374674387347,89.1146026805692,4.959977484115624,69.17921236264368,5.187946082532264,15.51593444732429,0.9861505704958186,5.372542795881836,NORMAL
HemorrhageClass4NoFluid,StandardMale.xml,512,71.2092559762223,117.26052900136796,75.79155586019696,89.61454690725397,4.972483480871722,69.60621656657104,5.189445879620986,15.559499921408095,0.9870809674576059,5.377819721118813,NORMAL
HemorrhageClass4NoFluid,StandardMale.xml,513,71.60731772181286,117.23350403906431,75.85866598663664,89.6502786707792,5.005498058786088,69.7402335376663,5.1900379843751825,15.530516173168783,0.9880595440946485,5.380579480987926,NORMAL
HemorrhageClass4NoFluid,StandardMale.xml,514,71.65950876752464,116.73410675831437,76.35860581258396,89.81710612782743,5.021910601583616,69.8224184306209,5.1908555178690925,15.535286062273869,0.9890162816400083,5.381669006331872,NORMAL
HemorrhageClass4NoFluid,StandardMale.xml,515,71.96158962619555,117.1314019750161,76.46079625607334,90.01766482905425,4.988616366263503,69.97919390524055,5.194158557847173,15.623429372958068,0.9877137944088875,5.383173340581562,NORMAL
HemorrhageClass4NoFluid,StandardMale.xml,516,72.35604663792837,117.89449576303346,76.77680413429053,90.48270134387151,4.960226659386063,69.33767074341995,5.193859362767067,15.553307013327878,0.98896165119736,5.389251227547822,NORMAL
HemorrhageClass4NoFluid,StandardMale.xml,517,72.23982092842799,118.60306975515778,76.83819869710518,90.75982238312271,4.9922500195166215,68.68747964965844,5.191929204611452,15.418621432466502,0.9898773085140354,5.388700682023149,NORMAL
HemorrhageClass4NoFluid,StandardMale.xml,518,72.52768791885458,117.92602392523725,76.60542673756346,90.37895913345473,4.985070112744027,69.16252412083593,5.190835777834848,15.293558561806162,0.9888159429164841,5.3851490195623,NORMAL
HemorrhageClass4NoFluid,StandardMale.xml,519,72.39856007209205,118.45756909787836,76.87814798723498,90.7379550241161,4.99690224497914,68.85154692969445,5.191794128687028,15.413056731368698,0.9882696184695312,5.38313701716506,NORMAL
HemorrhageClass4NoFluid,StandardMale.xml,520,72.25786730698593,117.9112829494069,76.88048383868343,90.55741687559126,5.0179848156621905,69.09400452677747,5.196846733781204,15.319239337680784,0.9892829787111389,5.384900467862666,NORMAL
HemorrhageClass4NoFluid,StandardMale.xml,521,72.26127090202463,117.36309409760077,76.52033568527257,90.13458848938197,5.018441317720307,69.45731306661776,5.195537546813331,15.415658504470972,0.9886732007530573,5.3941977100551135,NORMAL
HemorrhageClass4NoFluid,StandardMale.xml,522,72.12034530067363,117.41775122309568,76.5899492129002,90.19921654963203,4.978983624413823,69.46011280222866,5.193648486290408,15.512413497221036,0.9873110658485427,5.391788689740121,NORMAL
HemorrhageClass4NoFluid,StandardMale.xml,523,72.18545460991842,117.75729301228219,75.9671673920448,89.89720926545726,5.0129473055846345,69.09685039245653,5.192471266044391,15.502766548430348,0.9863390211075411,5.388312650574097,NORMAL
HemorrhageClass4NoFluid,StandardMale.xml,524,72.34843724831161,118.37498081117204,76.44746295975507,90.42330224356073,4.972842364160094,69.4538616642032,5.196247089627965,15.44283763297932,0.9856411237514082,5.386146460749824,NORMAL
HemorrhageClass4NoFluid,StandardMale.xml,525,72.1095536132583,118.31918630309103,76.63030408961517,90.52659816077379,4.944315036902741,68.8446928758637,5.200236156024596,15.333816119122403,0.9844930188894746,5.393094311547209,NORMAL
HemorrhageClass4NoFluid,StandardMale.xml,526,72.46907045196804,118.20203578248926,76.94722940490749,90.69883153076808,4.933281534623283,68.6884296315522,5.199385001308465,15.343663815234947,0.9849702192952214,5.400434548062822,NORMAL
HemorrhageClass4NoFluid,StandardMale.xml,527,72.1343909571005,117.77424265520628,77.22469033697408,90.74120777638481,4.961438820773276,68.27697200509189,5.202029106841111,15.364340809548395,0.9860741673405554,5.398868347777697,NORMAL
HemorrhageClass4NoFluid,StandardMale.xml,528,72.36684392343253,117.82214742613719,76.6715523601717,90.3884173821602,4.951462013403161,68.87491470028216,5.201934821168216,15.439846031503237,0.9848952311251064,5.4037337368317,NORMAL
HemorrhageClass4NoFluid,StandardMale.xml,529,72.58138267448375,118.37411128235317,76.02738066895913,90.14295754009048,4.933344567867354,68.57399360958892,5.2051094207398885,15.431390869110125,0.9859145380146531,5.403560242818246,NORMAL
HemorrhageClass4NoFluid,StandardMale.xml,530,72.275588083966,118.26918018187793,76.52580063875645,90.44026048646361,4.958588594603514,68.19109995419959,5.202440668998469,15.333969590420274,0.9868119344674152,5.409401788027452,NORMAL
HemorrhageClass4NoFluid,StandardMale.xml,531,72.22973353947454,118.42712440945061,76.0126648657484,90.15081804698248,4.9265464232547505,68.73046590517127,5.200970191495354,15.352489864651112,0.9869491909667761,5.4044910477600006,NORMAL
HemorrhageClass4NoFluid,StandardMale.xml,532,71.93015686911234,118.89560904904428,76.11543300290154,90.37549168494913,4.924305509793512,68.38142862011864,5.197527755411599,15.324612806328311,0.9879768180229649,5.401785238532842,NORMAL
HemorrhageClass4NoFluid,StandardMale.xml,533,72.14198618843896,119.05476296437065,75.84395251923836,90.24755600094912,4.925307372966418,68.58755753259221,5.19435449923083,15.241925557658337,0.9879555789784576,5.395450850349688,NORMAL
HemorrhageClass4NoFluid,StandardMale.xml,534,72.48818254634911,119.43078071143168,76.0391444516855,90.50302320493422,4.949466232037582,68.43465540441963,5.192496724342229,15.21383499019639,0.9874477855206124,5.389611777099079,NORMAL
HemorrhageClass4NoFluid,StandardMale.xml,535,72.01573194981155,119.65508467608115,76.35563213146006,90.78878297966709,4.9169052322478795,68.45600290545396,5.197211807520167,15.147468090776751,0.9876941860589751,5.386193306279287,NORMAL
HemorrhageClass4NoFluid,StandardMale.xml,536,72.09379379151223,118.77245631811766,76.01671278410583,90.26862729544311,4.9523738277864515,68.4317439662891,5.195489336065863,15.107878579968633,0.9888798441656373,5.394869478164036,NORMAL
HemorrhageClass4NoFluid,StandardMale.xml,537,72.19098411059097,118.57501982904421,75.86651952293217,90.10268629163618,4.946610659800145,68.79765033636353,5.193369975933907,15.263661938375853,0.9884697230007184,5.391699977682256,NORMAL
HemorrhageClass4NoFluid,StandardMale.xml,538,72.29812148979993,118.96148836811517,75.75878694039866,90.15968741630417,4.92190292913599,68.6525435529303,5.194015220563816,15.298509356388752,0.9886793656247007,5.387800166778266,NORMAL
HemorrhageClass4NoFluid,StandardMale.xml,539,72.51870839192124,118.67243217515825,75.96394076611638,90.20010456913033,4.941023383603807,68.272712326475,5.192478496369484,15.23029789865345,0.9872094933841425,5.388987474213902,NORMAL
HemorrhageClass4NoFluid,StandardMale.xml,540,72.07575215546323,119.27712466392585,76.13689153252572,90.51696924299243,4.977793802664242,68.33132439069385,5.190691351674395,15.281316137644925,0.9876661133739562,5.386159765190259,NORMAL
HemorrhageClass4NoFluid,StandardMale.xml,541,72.37591965743444,118.84536611681554,75.700721509069,90.08226971165118,5.00198788935643,69.1175447966676,5.195432500547733,15.174588287974208,0.9883692321863775,5.382871260200556,NORMAL
HemorrhageClass4NoFluid,StandardMale.xml,542,72.54966797979036,118.88607960124348,75.92852404716055,90.24770923185486,5.016183717381229,69.17268744745425,5.198010529616046,15.250793404072063,0.9885660449660533,5.391595395280239,NORMAL
HemorrhageClass4NoFluid,StandardMale.xml,543,72.84800535869924,118.44515928533755,75.83920151630751,90.04118743931753,5.005091300614027,69.20672498636267,5.1935227889334366,15.243607499291846,0.9889051266314619,5.396339197770345,NORMAL
HemorrhageClass4NoFluid,StandardMale.xml,544,72.75192201317147,117.95873291504306,76.12995568809816,90.07288143041313,4.982202591501387,68.841908616585,5.194387029151275,15.321429661906567,0.989447581111585,5.388081356271666,NORMAL
HemorrhageClass4NoFluid,StandardMale.xml,545,72.94084288050384,118.20419779169417,76.12346331894805,90.15037480986342,5.012205359439293,68.64324376555346,5.1982422044671175,15.40728361493064,0.990221456513351,5.389671635042307,NORMAL
HemorrhageClass4NoFluid,StandardMale.xml,546,72.51520568632617,117.61684820802252,75.66248896418973,89.64727537880066,4.991272704401247,68.85474929902674,5.201466188729336,15.363959216263055,0.9905927265562964,5.396765500075823,NORMAL
HemorrhageClass4NoFluid,StandardMale.xml,547,72.16826942516596,117.91346704736604,75.50490651215547,89.64109335722566,4.9595784860824095,68.93550677064226,5.199901792712416,15.467626053927972,0.990878186618698,5.4026979175024366,NORMAL
HemorrhageClass4NoFluid,StandardMale.xml,548,71.98343557025188,118.32696154885967,75.36066209485233,89.68276191285477,4.945804221742852,68.82607634087123,5.1978501561500865,15.415273012534193,0.9914618344313162,5.399819289867166,NORMAL
HemorrhageClass4NoFluid,StandardMale.xml,549,71.96286744609456,118.80149327170247,75.53607582269335,89.95788163902972,4.988562956289123,68.80488883699826,5.193734205547603,15.342291489173416,0.992113452861203,5.396044096347124,NORMAL
HemorrhageClass4NoFluid,StandardMale.xml,550,71.96998033577145,119.22181218629734,75.44859141425948,90.03966500493877,4.973953939873961,69.3360194859747,5.189775810517283,15.258536934056036,0.9926074118848889,5.388470381621714,NORMAL
HemorrhageClass4NoFluid,StandardMale.xml,551,71.68531418503751,118.65866069706072,75.40441384712796,89.82249613043888,4.982973533139048,69.15445730409729,5.194659500917375,15.184350906010497,0.9918718711136614,5.381186583144627,NORMAL
HemorrhageClass4NoFluid,StandardMale.xml,552,71.59546381185177,118.88320186356434,75.80912647778872,90.1671516063806,4.98424659982726,69.48810071837374,5.196396831370325,15.283746794997942,0.9903528994358671,5.390173007295395,NORMAL
HemorrhageClass4NoFluid,StandardMale.xml,553,71.77639295735224,118.08602181094606,75.55978814250493,89.73519936531864,5.007239188041531,69.57482416558521,5.193370982393128,15.244115418209507,0.9907183564364793,5.393369849654599,NORMAL
HemorrhageClass4NoFluid,StandardMale.xml,554,71.80858771008347,118.44491081566233,75.11716401179044,89.55974627974773,5.015433871223344,69.7088523324671,5.195235884783345,15.384817203657075,0.9899713223414363,5.387802018752637,NORMAL
HemorrhageClass4NoFluid,StandardMale.xml,555,72.21554714383228,118.22927540482323,74.66617035708477,89.18720537299758,4.9893324219693564,69.78215557406911,5.1943478164585395,15.321473516650322,0.9881160687097343,5.391233604808532,NORMAL
HemorrhageClass4NoFluid,StandardMale.xml,556,72.03424558247207,118.66885496778852,74.45159152348027,89.1906793382497,5.004892363695543,69.14652602732633,5.196066609388936,15.359533033080933,0.9871133909806199,5.3895994802044385,NORMAL
HemorrhageClass4NoFluid,StandardMale.xml,557,72.18285770926327,118.37235212104034,74.18825127604957,88.91628489104649,4.994925120069822,69.47629321948192,5.197267812819415,15.281947512529662,0.9859454741294522,5.3927622118754694,NORMAL
HemorrhageClass4NoFluid,StandardMale.xml,558,72.40878629375077,118.0460827483807,74.15013071302354,88.78211472480926,5.013827251660388,69.23937204431505,5.198449965630936,15.334280081302218,0.9853833836456029,5.394972532889563,NORMAL
HemorrhageClass4NoFluid,StandardMale.xml,559,72.64506514520015,118.73432925646765,74.17877549116596,89.03062674626652,5.0440972409702365,69.2888408350266,5.197166408399926,15.39186642345829,0.9844180080834697,5.397147799072519,NORMAL
HemorrhageClass4NoFluid,StandardMale.xml,560,72.88660215507963,119.23353086668794,74.27684498544417,89.26240694585876,5.016500386423923,69.46582793579242,5.199664658156374,15.270391341138012,0.9833581589170884,5.394785939750022,NORMAL
HemorrhageClass4NoFluid,StandardMale.xml,561,72.91314974555813,119.21415713781353,74.08210272724953,89.1261208641042,5.003631136440224,68.94798987252149,5.201196874410992,15.18228256618108,0.982101523565036,5.39938294121956,NORMAL
HemorrhageClass4NoFluid,StandardMale.xml,562,73.04885908893336,118.72959475686683,74.34914171835489,89.14262606452553,4.967034708857547,68.77403675947032,5.206047979953417,15.185702017325715,0.9828191826925904,5.402202355233692,NORMAL
HemorrhageClass4NoFluid,StandardMale.xml,563,72.9815872864757,117.97150358619675,74.77082237789497,89.1710494473289,4.96476516286414,68.23372984767127,5.204366947805207,15.271226977384611,0.9831353983711776,5.411128820351863,NORMAL
HemorrhageClass4NoFluid,StandardMale.xml,564,72.7831727689302,117.48922994045806,75.1494849908311,89.26273330737342,4.979880605598661,68.25832646345873,5.202028950484726,15.40502959938323,0.9837694774141653,5.408035571874317,NORMAL
HemorrhageClass4NoFluid,StandardMale.xml,565,72.7711940036075,117.22721501387336,75.37618434311554,89.32652790003482,4.953532023475506,68.59135612054303,5.20517325176574,15.490150599095742,0.9826826072785279,5.403733449122063,NORMAL
HemorrhageClass4NoFluid,StandardMale.xml,566,72.80641322695573,116.78284803919149,74.98629967823679,88.91848246522169,4.9282190347693176,68.28613962025682,5.201746088009603,15.536396071324127,0.981967143928546,5.4095192427850805,NORMAL
HemorrhageClass4NoFluid,StandardMale.xml,567,72.47063044108849,116.95827171524134,74.74742043387359,88.81770419432951,4.954049607638486,67.95704206912366,5.199559990530693,15.614826567077653,0.9808278548339698,5.403212957041374,NORMAL
HemorrhageClass4NoFluid,StandardMale.xml,568,72.38240338614827,116.67144959334598,75.41435162623495,89.16671761527196,4.9466149096726895,68.52448323400081,5.194622551735954,15.583864396926856,0.9816763405403668,5.39919034349076,NORMAL
HemorrhageClass4NoFluid,StandardMale.xml,569,72.63858944773658,117.29688341256886,75.68599344075061,89.55629009802335,4.925653204432429,68.50380697730635,5.190953335495466,15.634488323759935,0.9819772017189285,5.390105017519412,NORMAL
HemorrhageClass4NoFluid,StandardMale.xml,570,72.7016837129718,116.82130845946631,75.42996070737196,89.22707662473674,4.914043228924568,68.05512435362772,5.196563326159154,15.524099642112766,0.9816069578610804,5.383353333703155,NORMAL
HemorrhageClass4NoFluid,StandardMale.xml,571,72.54591192053287,116.39954084745702,75.10658426063871,88.87090312291149,4.888641536418318,67.86800668475685,5.194743779200204,15.60803832672473,0.9827830388395565,5.393676214855654,NORMAL
HemorrhageClass4NoFluid,StandardMale.xml,572,72.29712056338235,116.9215560292767,74.72556154169003,88.79089303755225,4.924122129358203,67.68353227876881,5.190622934282024,15.682480048966468,0.9840162934421073,5.390328086822178,NORMAL
HemorrhageClass4NoFluid,StandardMale.xml,573,72.37394576460566,116.58699372312458,74.70434489309206,88.66522783643623,4.929240312203079,68.30011591171072,5.192590753393889,15.590344692754869,0.985230372887969,5.382745366121128,NORMAL
HemorrhageClass4NoFluid,StandardMale.xml,574,71.98052194981585,117.19397634267595,74.47603168570019,88.71534657135878,4.930722191598086,68.30206346398221,5.197806263344933,15.649394732535029,0.9845274525611085,5.386366328086872,NORMAL
HemorrhageClass4NoFluid,StandardMale.xml,575,71.89262511311169,117.77962682825284,75.0149815993321,89.26986334230568,4.951852317663035,68.62554152207714,5.200950760413692,15.542262676199675,0.9834044050373334,5.395963329686676,NORMAL
HemorrhageClass4NoFluid,StandardMale.xml,576,72.0690247768153,117.18762631245164,75.66168469802163,89.50366523616496,4.931013470056466,68.94893356066906,5.200035018974577,15.438895728295922,0.9838042326755589,5.401749483616536,NORMAL
HemorrhageClass4NoFluid,StandardMale.xml,577,72.29832453473911,117.53283312774623,75.31895046655188,89.39024468695,4.930577164140767,68.56003595212967,5.198618208160237,15.54338345260053,0.9824862896406654,5.400064438023932,NORMAL
HemorrhageClass4NoFluid,StandardMale.xml,578,72.39181877769376,118.06167774941187,75.9671093924958,89.99863217813449,4.91027130421952,68.37663967417406,5.202932669992027,15.482454663550817,0.9815260872620197,5.397457380271291,NORMAL
HemorrhageClass4NoFluid,StandardMale.xml,579,72.24982149391944,117.4187916783459,75.6849095814276,89.5962036137337,4.907355212244404,68.06087016978987,5.2047438684109215,15.389113915437127,0.982337632751572,5.4053963732922305,NORMAL
HemorrhageClass4NoFluid,StandardMale.xml,580,72.41855951448366,117.5943940677566,75.79994835240065,89.73143025751929,4.957919925571692,68.13544573134006,5.2060630132173475,15.502582908723227,0.9820654058086971,5.4087291392704095,NORMAL
HemorrhageClass4NoFluid,StandardMale.xml,581,72.3611700866809,117.92286627914184,75.33774560677867,89.53278583089973,4.976458774485934,68.61124298523958,5.203064011394951,15.471589195774946,0.9818372914674606,5.411156482892888,NORMAL
HemorrhageClass4NoFluid,StandardMale.xml,582,72.43673751174346,117.77075699462725,75.82240217473488,89.805187114699,4.984260170804997,68.878129115019,5.2076969428179005,15.413614053948429,0.9807538660252196,5.405638053140571,NORMAL
HemorrhageClass4NoFluid,StandardMale.xml,583,72.47228940513257,117.31739208044179,76.26188515902896,89.94705413283324,5.014505182040694,68.91269925403107,5.210775685595459,15.440461248436128,0.9798179638801665,5.414163058498662,NORMAL
HemorrhageClass4NoFluid,StandardMale.xml,584,72.37999622925047,117.03484916868628,76.79528690021601,90.20847432303944,4.976602278905055,69.24719257615807,5.2071411745775915,15.520479874937967,0.9806622485560095,5.419828218691807,NORMAL
HemorrhageClass4NoFluid,StandardMale.xml,585,72.23373619371041,116.7772573808265,76.65275173980461,90.02758695347858,5.003817935696411,68.86516768960438,5.2060511836406596,15.570348523832259,0.9820788436844403,5.413140395568012,NORMAL
HemorrhageClass4NoFluid,StandardMale.xml,586,72.14902150582914,116.38712301879629,76.57289940621408,89.84430727707482,5.015579524328955,69.30620503961208,5.201593790925287,15.615813314815759,0.9820494220906367,5.411134715420971,NORMAL
HemorrhageClass4NoFluid,StandardMale.xml,587,72.16771329881617,115.87687866150739,76.0146566077703,89.302063959016,5.021841807414336,69.51422527349503,5.202657019976361,15.684671788032453,0.9816991311488726,5.402932716877794,NORMAL
HemorrhageClass4NoFluid,StandardMale.xml,588,72.14398222769653,115.71594374335888,76.21870365589467,89.38445035171607,5.054962590537556,69.57473238914547,5.2010780011645075,15.774729601006197,0.980625879690013,5.404889152777619,NORMAL
HemorrhageClass4NoFluid,StandardMale.xml,589,71.89621716922888,115.92057140383025,76.26518631303826,89.48364800996892,5.057226492624193,69.99159802857069,5.200723145761305,15.803134514362952,0.9814471166591733,5.401983617900738,NORMAL
HemorrhageClass4NoFluid,StandardMale.xml,590,72.08776060503271,115.6245434064324,76.54521004115904,89.57165449625016,5.027348150361745,70.21631494058919,5.19907889736442,15.767017859053126,0.982720841183346,5.401330652437304,NORMAL
HemorrhageClass4NoFluid,StandardMale.xml,591,72.44339925301249,115.61244390328403,76.50752827650582,89.54250015209855,5.0398751914084405,69.70415420712116,5.194610325763385,15.819266617209513,0.9818955387638005,5.39830508932967,NORMAL
HemorrhageClass4NoFluid,StandardMale.xml,592,72.07538395419094,116.19658769760822,76.71376304653207,89.87470459689078,5.003123842621847,69.57374915861122,5.196149777983318,15.821402172019763,0.9812063879807963,5.390082520643862,NORMAL
HemorrhageClass4NoFluid,StandardMale.xml,593,72.40589216890726,116.25854931493754,76.57834888769548,89.80508236344284,5.025221622423078,69.42254567801183,5.198625503883162,15.71830115418874,0.9803330056923234,5.392915249476937,NORMAL
HemorrhageClass4NoFluid,StandardMale.xml,594,72.26389267722055,117.0604523071808,76.91535058698827,90.29705116038578,5.028968955706242,69.42766825309077,5.201456854261146,15.707364967114287,0.9805576717449922,5.397470805049547,NORMAL
HemorrhageClass4NoFluid,StandardMale.xml,595,72.34282240635271,117.8095185215326,76.3693572751129,90.1827443572528,5.025018838848792,69.58442142551249,5.201644014101087,15.565829585748691,0.9795585755179257,5.4026807412517925,NORMAL
HemorrhageClass4NoFluid,StandardMale.xml,596,72.62892587159048,118.30624324020326,76.30547500747733,90.30573108505264,5.02235491040118,69.47483519517498,5.205724189131715,15.433619862949445,0.9790252551131468,5.403025131982554,NORMAL
HemorrhageClass4NoFluid,StandardMale.xml,597,72.57776446104084,118.59295123735674,75.82363888637765,90.08007633670401,5.010371424115332,69.2185678733225,5.20627196845697,15.34594825781663,0.9806510569286916,5.410533016477832,NORMAL
HemorrhageClass4NoFluid,StandardMale.xml,598,72.4763216277722,118.36180532459221,76.41976277573796,90.40044362535605,5.042263577690286,69.11523520155686,5.208394236110184,15.295344473929793,0.9803195668575702,5.4115409790951325,NORMAL
HemorrhageClass4NoFluid,StandardMale.xml,599,72.76085399515706,118.97798038816818,76.31385419670671,90.53522959386054,5.007307107945371,69.57644441343253,5.206850524776331,15.336141584341751,0.9812938364839529,5.41544614009651,NORMAL
HemorrhageClass4NoFluid,StandardMale.xml,600,72.82167605713967,118.58154305228449,76.51876852894571,90.53969337005864,5.0351909740792635,68.9359966023802,5.2084215306216946,15.227387067330621,0.9828967011897455,5.412605574115487,NORMAL
HemorrhageClass4NoFluid,StandardMale.xml,601,72.77879808465391,118.09445465761613,76.60681272699942,90.43602670387166,5.013752637338335,69.22137336578831,5.206201118020106,15.29735801152787,0.9835819928164827,5.415496364422239,NORMAL
HemorrhageClass4NoFluid,StandardMale.xml,602,73.02269433933228,118.29347688571069,77.08550209539213,90.82149369216498,5.012233332495342,68.9989766646567,5.207648423736129,15.383328811443814,0.9831625146031423,5.411410607997711,NORMAL
HemorrhageClass4NoFluid,StandardMale.xml,603,72.52963550843701,118.05212536606788,76.9343961438014,90.6403058845569,5.016255861120755,68.7917320902781,5.208708461919666,15.348201511476027,0.9830618656230348,5.4140737790782865,NORMAL
HemorrhageClass4NoFluid,StandardMale.xml,604,72.63192385738074,118.52394549748468,76.56771527896215,90.55312535180299,5.041875934060635,69.22325892501111,5.211095219542468,15.3907999051798,0.9832850202502996,5.4160243434984014,NORMAL
HemorrhageClass4NoFluid,StandardMale.xml,605,72.13759320864486,117.96583767493928,76.70531198975438,90.45882055148267,5.012293515149738,69.44958070181775,5.212709944955834,15.307523944269326,0.9824049486431154,5.420416189538267,NORMAL
HemorrhageClass4NoFluid,StandardMale.xml,606,71.94194422985952,117.62063726439028,77.02969382367222,90.56000830391157,5.025904564622673,69.48374317300895,5.209645119526477,15.406029629210234,0.9833732193375576,5.423387427733722,NORMAL
HemorrhageClass4NoFluid,StandardMale.xml,607,71.57831306218621,118.10485026544467,76.4316776176068,90.32273516688609,5.051898924466398,69.80241591815596,5.2112688631504955,15.466957287826318,0.9845978139933066,5.417747876697534,NORMAL
HemorrhageClass4NoFluid,StandardMale.xml,608,71.84868212453885,118.17830880839723,76.06606872753255,90.10348208782078,5.067734604470396,70.40691502439354,5.213356072125732,15.38149399310198,0.9839928869744213,5.420735709201672,NORMAL
HemorrhageClass4NoFluid,StandardMale.xml,609,72.00770625674284,118.7544357067504,75.92337102577558,90.20039258610052,5.095253789264652,70.38107005232514,5.217046406781227,15.368528605777177,0.9835113732285997,5.424576359121332,NORMAL
HemorrhageClass4NoFluid,StandardMale.xml,610,72.04800902741292,117.98393850715094,75.63398452164549,89.7506358501473,5.092218340429937,70.58511192567175,5.218492700277326,15.266842565118711,0.9847407515304696,5.431366902697135,NORMAL
HemorrhageClass4NoFluid,StandardMale.xml,611,72.30329325273243,118.56190671021305,75.92254735672546,90.13566714122132,5.091752632114351,70.51625411726468,5.219565182653653,15.402834843538036,0.984901325303711,5.434028211203136,NORMAL
HemorrhageClass4NoFluid,StandardMale.xml,612,72.33102509504401,118.88248637447577,76.48879606996447,90.62002617146824,5.063072546768199,70.30666795400747,5.214775096006579,15.300823813739097,0.9854571914519187,5.436001674043393,NORMAL
HemorrhageClass4NoFluid,StandardMale.xml,613,72.02060169057896,118.32210467664541,76.44797724106866,90.40601971959424,5.044852055038523,69.94056770092457,5.212878822700472,15.244241701590402,0.98559043230354,5.42718748911293,NORMAL
HemorrhageClass4NoFluid,StandardMale.xml,614,71.72092046173468,118.4018368602051,76.10135790543039,90.20151755702196,5.025326278370656,69.96807065550206,5.213945981855733,15.343148724110483,0.9845076410364836,5.423698177785141,NORMAL
HemorrhageClass4NoFluid,StandardMale.xml,615,71.49447170632308,118.10630182632624,75.55047456702906,89.73575032012812,5.056545340248139,69.97142544459685,5.2139870094738825,15.329076043104937,0.9850326785185188,5.425661845425779,NORMAL
HemorrhageClass4NoFluid,StandardMale.xml,616,71.57854919233861,118.19555881924889,75.43299790356663,89.68718487546072,5.071740421680606,70.53069395535059,5.211047259997534,15.381237793505601,0.9841899517347243,5.425737339887625,NORMAL
HemorrhageClass4NoFluid,StandardMale.xml,617,71.40204054088635,117.56802710900644,75.50579082668617,89.52653625412626,5.05546468557531,70.64676649327698,5.210534329383029,15.36548398954795,0.9830305562797702,5.42032793971538,NORMAL
HemorrhageClass4NoFluid,StandardMale.xml,618,71.28739066661093,117.21748059595834,75.36212215320643,89.3139083007904,5.036944936114847,70.59223325488054,5.206876503768567,15.476242947660467,0.9839459913739393,5.419384101821443,NORMAL
HemorrhageClass4NoFluid,StandardMale.xml,619,71.44096394030943,118.00471256536696,75.82550085708758,89.8852380931807,5.070517404434867,70.4602183126428,5.201414725847397,15.538114190055822,0.9845370806546049,5.412653377768894,NORMAL
HemorrhageClass4NoFluid,StandardMale.xml,620,71.49883378287956,118.57045386622234,75.98244636334907,90.17844886430683,5.070820515262222,70.743182431278,5.205890578774868,15.399168235132086,0.985121747724151,5.402603221228258,NORMAL
HemorrhageClass4NoFluid,StandardMale.xml,621,71.4464294140454,119.08572917242677,76.51849417454466,90.70757250717203,5.0522628143124635,70.70003320689543,5.205821967230177,15.299315245998276,0.9844605002964371,5.4108391882015034,NORMAL
HemorrhageClass4NoFluid,StandardMale.xml,622,71.87584347858245,119.4091053216483,76.30751915363818,90.67471454297488,5.069530817706886,70.51758094243425,5.204812037407997,15.20836947365753,0.9831351912937742,5.4107129368645595,NORMAL
HemorrhageClass4NoFluid,StandardMale.xml,623,72.21697452484496,118.81304842487724,76.28805834072405,90.46305503544178,5.096131674793531,70.3809584346739,5.20110123623235,15.151293783645983,0.984653121784905,5.408854576280429,NORMAL
HemorrhageClass4NoFluid,StandardMale.xml,624,72.20802358089645,118.02777553730903,75.73277677997709,89.83110969908773,5.096961234435929,70.42810159247173,5.203749008908454,15.256497456678911,0.9857757092027832,5.402026372489521,NORMAL
HemorrhageClass4NoFluid,StandardMale.xml,625,72.10968286459824,117.47000935848597,75.80948139286009,89.69632404806872,5.100272980566405,70.44521739882815,5.208211493920008,15.395097634871433,0.9865393071407865,5.406898509413237,NORMAL
HemorrhageClass4NoFluid,StandardMale.xml,626,72.20704966178695,118.14793645657669,76.12813691012342,90.13473675894117,5.059224796972508,70.56371884757456,5.207147191469467,15.49354301990699,0.9859113770636816,5.415109878233732,NORMAL
HemorrhageClass4NoFluid,StandardMale.xml,627,71.83953464386673,117.50652876395628,76.46613817066175,90.14626836842659,5.055987404038083,69.99271732458791,5.2073253565343975,15.373889307058345,0.9850214442818864,5.413151467183539,NORMAL
HemorrhageClass4NoFluid,StandardMale.xml,628,71.67554044532301,117.40775880777952,76.5676262093364,90.18100374215076,5.04317624599614,70.24670986089893,5.201908563047683,15.487097367464633,0.9855396258887584,5.413479306729283,NORMAL
HemorrhageClass4NoFluid,StandardMale.xml,629,71.76222248050476,117.6753408273567,76.64294760225793,90.3204120106242,5.057905381183845,70.22337532051115,5.202612042905122,15.504530203543517,0.9860991258790905,5.403511925543977,NORMAL
HemorrhageClass4NoFluid,StandardMale.xml,630,71.46339578823783,118.31275613597948,76.09476191776079,90.16742665716703,5.07314824703789,70.33178875259824,5.200416702584079,15.457302142850676,0.9847707602903453,5.40480639097126,NORMAL
HemorrhageClass4NoFluid,StandardMale.xml,631,71.77288502241551,118.18875293052174,75.95776300878121,90.03475964936139,5.076268451955193,70.75689632305865,5.200123261658723,15.344798735746755,0.9848894925769519,5.400766769770087,NORMAL
HemorrhageClass4NoFluid,StandardMale.xml,632,71.5231591516306,118.01396346813979,76.31970752147508,90.21779283702999,5.069773392939381,70.5449024869351,5.20471474885145,15.366685224692159,0.983830554875025,5.400226812401291,NORMAL
HemorrhageClass4NoFluid,StandardMale.xml,633,71.75142696952021,118.59215920032116,76.63616144411371,90.6214940295162,5.078830978459002,70.66769418989321,5.20306908349616,15.39753545652346,0.9852724538551427,5.408675556694314,NORMAL
HemorrhageClass4NoFluid,StandardMale.xml,634,71.83930496577182,118.59967630401677,76.10929269469429,90.27275389780178,5.0287392201677115,70.59310479597255,5.2037902420032065,15.295484267975919,0.9853621257933317,5.405647386257346,NORMAL
HemorrhageClass4NoFluid,StandardMale.xml,635,72.22601754499357,118.25578009413748,76.3944063686222,90.34819761046063,5.057197104897408,69.91822574663946,5.20192570748363,15.294157503830366,0.9850711353016268,5.4069743819702865,NORMAL
HemorrhageClass4NoFluid,StandardMale.xml,636,72.30179271766949,118.24329891318574,75.94120762774601,90.04190472289258,5.027245943713848,69.95330861461923,5.205119220083205,15.354854971836176,0.9841484262829837,5.403543472829048,NORMAL
HemorrhageClass4NoFluid,StandardMale.xml,637,71.9921733668299,118.63423461233636,76.37081726691123,90.4586230487196,5.051729924257411,69.5338610388931,5.209033608498843,15.357057892542278,0.9856994535092903,5.409419819689623,NORMAL
HemorrhageClass4NoFluid,StandardMale.xml,638,71.96260425768226,118.62924053444962,76.07602829049814,90.2604323718153,5.010232548686885,70.07350767352177,5.2042933450571125,15.288057983820243,0.9863202960665178,5.416622642086617,NORMAL
HemorrhageClass4NoFluid,StandardMale.xml,639,71.95913528383728,118.31849412698828,75.62095290678855,89.85346664685513,5.0213082087705345,69.59723933434066,5.199950518712628,15.288939435473505,0.9865732783531198,5.407900136279746,NORMAL
HemorrhageClass4NoFluid,StandardMale.xml,640,72.28663767283611,118.02597039268576,75.60626728816511,89.74616832300534,5.027779009687196,69.73339860442981,5.198011229911992,15.343785983888289,0.9866999957599807,5.399908950035849,NORMAL
HemorrhageClass4NoFluid,StandardMale.xml,641,72.28712068406573,117.83320960105416,75.43213189275508,89.5658244621881,5.018345601011544,69.55220226240189,5.1932185620151925,15.39541624177918,0.9858025970195001,5.396340486377092,NORMAL
HemorrhageClass4NoFluid,StandardMale.xml,642,72.01229509725462,118.18855069186351,75.42220703358741,89.67765491967944,5.043112200776994,69.43861314521533,5.190103834182752,15.42943840209011,0.9864373432922434,5.387521551717846,NORMAL
HemorrhageClass4NoFluid,StandardMale.xml,643,72.31237503784081,118.1143831280556,75.32058941934204,89.58518732224655,5.021810757778796,69.95373379999502,5.191411806175197,15.366720919690053,0.9853497301506191,5.38179017582719,NORMAL
HemorrhageClass4NoFluid,StandardMale.xml,644,72.34105318283085,118.57945294969056,75.83087865343111,90.08040341885093,4.9901073973925385,69.4603154899604,5.192484660610517,15.379811448756602,0.9846114712234854,5.384196960479473,NORMAL
HemorrhageClass4NoFluid,StandardMale.xml,645,72.58829939488186,117.91841276327553,75.34123088364407,89.53362484352122,4.95291474501828,69.0575186131693,5.193157337083518,15.297726913340915,0.9832361189622698,5.386171107941324,NORMAL
HemorrhageClass4NoFluid,StandardMale.xml,646,72.5471711990021,117.79518777087178,75.52668186950636,89.61618383662817,4.991687119244099,68.41983081932719,5.1942203861877605,15.414400096739957,0.9835075590749202,5.3874088924049985,NORMAL
HemorrhageClass4NoFluid,StandardMale.xml,647,72.84696842783104,117.780199373279,75.91253490250715,89.8684230594311,4.982059237797691,68.91556316169081,5.1919155650695785,15.43614923156342,0.9844433225933974,5.38936499718667,NORMAL
HemorrhageClass4NoFluid,StandardMale.xml,648,72.8800205605217,117.51342545203269,75.88045369298284,89.75811094599946,4.985280509209648,68.56805251669212,5.191529812373329,15.438794674453487,0.9844943338703043,5.385123921593664,NORMAL
HemorrhageClass4NoFluid,StandardMale.xml,649,72.850642687743,118.05777404468776,76.26234882265541,90.19415722999953,4.996362876863078,68.58093668022391,5.1888654867035395,15.485880106291528,0.9845771747432553,5.384414102366437,NORMAL
HemorrhageClass4NoFluid,StandardMale.xml,650,72.65342368340731,117.6017886729588,76.76997622132569,90.38058037187007,5.00960012289017,68.73578066016752,5.19443310883035,15.389802916902653,0.9853187414106723,5.379511506463951,NORMAL
HemorrhageClass4NoFluid,StandardMale.xml,651,72.52178079697701,117.45089349169618,76.34208457109455,90.04502087796176,5.007333506238266,69.04699316131436,5.190506824486649,15.47028405253759,0.9849015618109426,5.389756425745029,NORMAL
HemorrhageClass4NoFluid,StandardMale.xml,652,72.06144473752154,117.10489891183734,76.79115988550046,90.22907289427943,4.995257363650403,69.12261407010108,5.1909625991819475,15.496916958553433,0.9847733628433561,5.38253171378369,NORMAL
HemorrhageClass4NoFluid,StandardMale.xml,653,71.68745666222463,117.8829017570847,76.48708148048011,90.2856882393483,5.012187613589791,69.33889586931942,5.1918989188959195,15.55798478756073,0.9857804252168433,5.383370379709168,NORMAL
HemorrhageClass4NoFluid,StandardMale.xml,654,72.01200897066758,117.56530366046695,76.48306797233606,90.17714653504636,4.9844731581874,69.8393929762187,5.194083398709071,15.420667767334171,0.9853139161957657,5.385093291155464,NORMAL
HemorrhageClass4NoFluid,StandardMale.xml,655,72.13250135084384,118.08603852154452,76.44630146638912,90.32621381810759,4.9766464264632235,69.24804540737264,5.19862888829316,15.476723634640555,0.9853379321890787,5.389112928057385,NORMAL
HemorrhageClass4NoFluid,StandardMale.xml,656,71.99080133696802,118.59073591938575,76.37809353691637,90.44897433107283,4.978324110397828,69.05921607035364,5.199780626135146,15.384814254246798,0.9853164235764976,5.397477032664579,NORMAL
HemorrhageClass4NoFluid,StandardMale.xml,657,71.70364341735022,118.05317077050398,75.82617224610546,89.90183842090497,4.992687810537518,69.19070474084567,5.196913337342283,15.295735476179322,0.98435184077164,5.399596332601851,NORMAL
HemorrhageClass4NoFluid,StandardMale.xml,658,71.6471421072796,118.35114683211354,75.38859381299308,89.70944481936657,4.9720889311641345,69.59092368305464,5.200271859555652,15.39061539194444,0.9850644316987818,5.394320266523845,NORMAL
HemorrhageClass4NoFluid,StandardMale.xml,659,71.69631771127511,118.28022649150071,75.11328067500745,89.50226261383854,4.948704212056792,69.38680631781324,5.203583772829694,15.33802280166148,0.9836266181390521,5.400500245731482,NORMAL
HemorrhageClass4NoFluid,StandardMale.xml,660,71.38588143612397,118.3501801266647,74.81082791067321,89.3239453160037,4.965896049072813,69.06534458285854,5.198689138827655,15.350540197845694,0.983953235587373,5.4065944603505205,NORMAL
HemorrhageClass4NoFluid,StandardMale.xml,661,71.14193184904697,117.97059638155167,74.56660436202061,89.0346017018643,5.0070951055658215,69.51930820404509,5.199787524727979,15.338193424574346,0.9842277443557371,5.39758789900006,NORMAL
HemorrhageClass4NoFluid,StandardMale.xml,662,70.91236924508779,118.28141761710029,74.92912686445992,89.37989044867338,4.988826960323856,70.21497907793149,5.195661998340088,15.405189720441086,0.9841371005926883,5.399609026625461,NORMAL
HemorrhageClass4NoFluid,StandardMale.xml,663,71.50374391192634,118.76257353401267,74.65963791561246,89.3606164550792,5.016743424808062,70.17786240922374,5.197017232946258,15.350329964915252,0.9850899424306973,5.392017691604291,NORMAL
HemorrhageClass4NoFluid,StandardMale.xml,664,71.85006242339631,118.2276065943773,75.00871311225559,89.4150109396295,4.995676160815861,70.04128175226013,5.199497589812841,15.265406243648165,0.9846107648546821,5.394511443664127,NORMAL
HemorrhageClass4NoFluid,StandardMale.xml,665,71.84001761110464,118.32769650185102,74.80096893660738,89.30987812502192,4.9870887099885435,69.51090018830601,5.195623461452467,15.35982757709084,0.9837489320258374,5.399075520626903,NORMAL
HemorrhageClass4NoFluid,StandardMale.xml,666,72.15669085186897,118.29529448437033,74.84561281565922,89.32884003856293,4.9607723835219195,69.41527325251874,5.191936375921164,15.342161770425733,0.9837765694545185,5.391946780307864,NORMAL
HemorrhageClass4NoFluid,StandardMale.xml,667,72.2200861547354,117.61524765687251,75.32189876724243,89.41968173045245,4.966260782866352,68.84947099307999,5.188756271770344,15.347880706438573,0.9838211123652804,5.385162215409192,NORMAL
HemorrhageClass4NoFluid,StandardMale.xml,668,71.88445437583027,117.80532176008242,75.79460389683513,89.79817651791755,5.002509734539771,68.86587758449193,5.192403974873373,15.467908550214435,0.9843630662215203,5.37931054128539,NORMAL
HemorrhageClass4NoFluid,StandardMale.xml,669,71.9230346278379,117.64672548662041,75.27086451515784,89.39615150564536,5.004560954921944,69.56606438447118,5.190306182072653,15.434360588745577,0.9853208932226444,5.386022639017725,NORMAL
HemorrhageClass4NoFluid,StandardMale.xml,670,72.16863055100956,117.52196743085912,75.46339789643172,89.48292107457418,5.02326531440617,69.56023686143628,5.193696649229985,15.462352732763911,0.9858853588266587,5.38216251391902,NORMAL
HemorrhageClass4NoFluid,StandardMale.xml,671,71.81623654469743,117.06557408627306,75.49901979008607,89.35453788881506,4.998769218139261,69.59111427257778,5.1977911698036126,15.484372452320276,0.985164369447437,5.388401274661197,NORMAL
HemorrhageClass4NoFluid,StandardMale.xml,672,72.1509602584065,117.04747741200329,75.18471173295622,89.13896695930524,5.015664969382001,69.57501134898196,5.200862002938001,15.564925594911761,0.9853851886294515,5.395935556229899,NORMAL
HemorrhageClass4NoFluid,StandardMale.xml,673,71.81785868923492,116.46947343988185,75.46596597458414,89.13380179635004,5.028600954699741,69.51372237789843,5.198952098134795,15.568119646709793,0.9849412000164293,5.401586161977004,NORMAL
HemorrhageClass4NoFluid,StandardMale.xml,674,71.57469817192015,116.86152136006139,75.23307589817409,89.10922438546986,5.053191689642396,69.93364400974122,5.198271499216172,15.670136989725542,0.9845428336868448,5.3980717674836765,NORMAL
HemorrhageClass4NoFluid,StandardMale.xml,675,71.47224074831473,117.24814411368428,75.62915813635296,89.50215346213007,5.0391689528650385,70.4254637216472,5.201247586677792,15.600940774680911,0.9845267899580455,5.396819405016313,NORMAL
HemorrhageClass4NoFluid,StandardMale.xml,676,71.46407764552717,117.41336540795405,75.37726637851402,89.38929938832736,5.018486946529026,70.3381570258013,5.199591398196818,15.532702098172724,0.9851811095678665,5.402295670309337,NORMAL
HemorrhageClass4NoFluid,StandardMale.xml,677,71.74984983161482,117.9792952815235,75.64157892685478,89.75415104507769,5.035851060986267,70.09418862499231,5.199090016967327,15.503540642085905,0.9857645631732367,5.399248136386349,NORMAL
HemorrhageClass4NoFluid,StandardMale.xml,678,71.52463045842194,117.58196954822893,75.56436760083915,89.57023491663574,5.018153520156338,70.07542130084973,5.19966853733935,15.403654369984878,0.986294604303341,5.3983255503867635,NORMAL
HemorrhageClass4NoFluid,StandardMale.xml,679,71.77623228405976,117.1561226339125,76.17304005872448,89.83406758378716,4.9761601361040055,70.04162586936356,5.1956059254727975,15.473782115774801,0.9851270787659513,5.3993900792608205,NORMAL
HemorrhageClass4NoFluid,StandardMale.xml,680,72.157483919652,117.16480924664042,75.62960386349059,89.47467232454053,4.9570753684250715,69.33383457527471,5.191757653640741,15.54894383234669,0.9837301841236867,5.391914512547565,NORMAL
HemorrhageClass4NoFluid,StandardMale.xml,681,72.03639773647517,117.94117408797665,75.8098852656612,89.85364820643301,4.96447002899042,68.8044188212208,5.194532733585813,15.547410650581426,0.9841241306868326,5.384833350537447,NORMAL
HemorrhageClass4NoFluid,StandardMale.xml,682,72.38637263247114,118.39640654304718,76.00057391324647,90.13251812318003,4.964317617236329,68.98811126873822,5.191986944500397,15.410382737030465,0.9846648139985956,5.389939744144673,NORMAL
HemorrhageClass4NoFluid,StandardMale.xml,683,72.55946308364412,118.05023666279558,75.44083769833787,89.64397068649045,4.977028924003146,68.7129362989476,5.192785769359004,15.330034490719319,0.9838866269100001,5.385255266086951,NORMAL
HemorrhageClass4NoFluid,StandardMale.xml,684,72.19363594524177,117.39481928571537,75.19364895108595,89.26070572929575,4.940109863633215,68.73062285269972,5.189937035001408,15.391133260137343,0.9854660987386286,5.386725174785807,NORMAL
HemorrhageClass4NoFluid,StandardMale.xml,685,72.3822740064519,117.26030862283902,75.16256943739896,89.19514916587897,4.954968977587385,68.57238046955443,5.1909190522683275,15.506814021172024,0.9861396081615802,5.381483250516869,NORMAL
HemorrhageClass4NoFluid,StandardMale.xml,686,71.96787322273414,116.77345685142011,75.00236266681856,88.92606072835241,4.987344786063293,68.60405472414192,5.195795214499416,15.53055506984262,0.9855927758686726,5.3832902495198685,NORMAL
HemorrhageClass4NoFluid,StandardMale.xml,687,72.34432695150755,116.60469045866786,75.24722423315532,89.03304630832616,4.964591490168535,69.31739920538689,5.200428548993595,15.616484105901623,0.9857701002923367,5.392262821170947,NORMAL
HemorrhageClass4NoFluid,StandardMale.xml,688,72.09079706885038,116.63863212817773,74.86343566508992,88.78850115278586,4.935096023006151,68.74894523669383,5.1983368023526335,15.646271269674468,0.9870495728682018,5.400788568215905,NORMAL
HemorrhageClass4NoFluid,StandardMale.xml,689,72.31669214661504,117.43799015925805,75.44832115034541,89.44487748664962,4.968787964706649,68.59218259563444,5.199218723081855,15.640280586032267,0.9874682736541788,5.396939568588232,NORMAL
HemorrhageClass4NoFluid,StandardMale.xml,690,72.63212996419851,117.59246410165007,75.837105755239,89.75555853737602,4.993540839201705,68.82081569346663,5.203893577788198,15.499194388735367,0.9871474666773062,5.398562381070363,NORMAL
HemorrhageClass4NoFluid,StandardMale.xml,691,72.48612059480301,117.76190795602412,75.28906717058804,89.4466807657334,4.9637021603683,68.8716192541143,5.199257807103568,15.47192983359717,0.9873767501147327,5.407164528993912,NORMAL
HemorrhageClass4NoFluid,StandardMale.xml,692,72.79336030736216,118.03756267515239,75.04852014640524,89.37820098932096,4.953792660536917,68.62805707268004,5.203871606442294,15.44202309826775,0.987236228319644,5.39863429914212,NORMAL
HemorrhageClass4NoFluid,StandardMale.xml,693,72.25732703528035,118.4981968073673,74.85823110756547,89.40488634083275,4.927384633026167,68.27219139356832,5.2052990290506935,15.393370211105044,0.988020653443802,5.407124099765751,NORMAL
HemorrhageClass4NoFluid,StandardMale.xml,694,71.87150461380936,119.0436118751491,74.96425903386623,89.65737664762719,4.925334377285428,68.37009756326553,5.208818504609751,15.312068572124167,0.9870863626769072,5.409750684162098,NORMAL
HemorrhageClass4NoFluid,StandardMale.xml,695,72.25249136294788,119.17733447925286,75.57787475629243,90.11102799727924,4.935193969026747,68.64577460773026,5.205110081302528,15.215803150536082,0.9876258335235081,5.4162268318231686,NORMAL
HemorrhageClass4NoFluid,StandardMale.xml,696,72.50491644245864,118.62848411649752,75.27079565047123,89.72335847247999,4.9237967186945175,68.46760130722309,5.2058874707525105,15.192201193750659,0.9863838701724785,5.409403003521385,NORMAL
HemorrhageClass4NoFluid,StandardMale.xml,697,72.09874205125993,119.14289866747886,75.56745397004147,90.0926022025206,4.9470149858134675,68.13575524305426,5.206555004334898,15.289072942773464,0.9870659546606676,5.410833469164281,NORMAL
HemorrhageClass4NoFluid,StandardMale.xml,698,72.11402231767093,118.36777291144156,75.5970299657776,89.85394428099892,4.963721860170287,68.7293356377674,5.205954298903236,15.198279093196367,0.988356854034398,5.4120617902523875,NORMAL
HemorrhageClass4NoFluid,StandardMale.xml,699,72.41095339656906,118.84083482507607,75.63334661489218,90.03584268495348,5.007302856951779,68.91829878549004,5.209638287745681,15.33508830895966,0.9874292546746234,5.410956438897911,NORMAL
HemorrhageClass4NoFluid,StandardMale.xml,700,72.11413441031678,118.84936538960126,75.14140732886673,89.71072668244491,5.0302722787189325,69.20895316929064,5.208650853573124,15.251593174257021,0.9873573260318749,5.417735305614007,NORMAL
HemorrhageClass4NoFluid,StandardMale.xml,701,72.0954255214081,118.60076601747903,75.46590100297952,89.84418934114602,5.000226398366045,69.7184375760625,5.212724241464099,15.250087534902866,0.9877635783533752,5.415918339023458,NORMAL
HemorrhageClass4NoFluid,StandardMale.xml,702,72.04618428104246,118.79506891828683,74.94284326378843,89.5602518152879,4.97705645059618,69.37189424494665,5.212516949479233,15.293965170079336,0.9870189234281597,5.423413734578878,NORMAL
HemorrhageClass4NoFluid,StandardMale.xml,703,72.12803496828766,118.36522693445583,75.12533853520188,89.53863466828653,4.959081876280606,69.13189853854159,5.21122960310395,15.259670828454116,0.987196751353058,5.423032298913132,NORMAL
HemorrhageClass4NoFluid,StandardMale.xml,704,71.99756548690402,118.32058966165201,74.88075294503834,89.3606985172429,4.980585992993718,68.85154915176705,5.209054829892982,15.335537672320452,0.9880840870744327,5.420663467228588,NORMAL
HemorrhageClass4NoFluid,StandardMale.xml,705,71.8217104147641,117.83476430362633,74.56963494056788,88.99134472825403,4.989241844717296,69.21261641265372,5.205616513163453,15.343416123318292,0.9866371063097907,5.4166616913369126,NORMAL
HemorrhageClass4NoFluid,StandardMale.xml,706,71.66998811913588,117.48430725179354,74.65636976756292,88.93234892897313,4.98114466352186,69.45572953883789,5.201625878919103,15.429163998049233,0.9878836542787174,5.410334883131455,NORMAL
HemorrhageClass4NoFluid,StandardMale.xml,707,71.44944757006783,117.97283845320308,74.4261792136468,88.9417322934989,4.983622551603696,69.47815401100132,5.20645149852138,15.491019450595507,0.9887012597590458,5.402991761636768,NORMAL
HemorrhageClass4NoFluid,StandardMale.xml,708,71.56285137436912,118.2848144804168,74.9535075548527,89.39727653004074,4.969805486503221,69.68351233576374,5.206557049701303,15.404793996183535,0.9886088269260183,5.411871330361171,NORMAL
HemorrhageClass4NoFluid,StandardMale.xml,709,71.56081449802089,118.51810834312397,74.54851731184816,89.20504765560676,4.998930489092482,69.42601530618803,5.205798171197652,15.349730420644185,0.9887098676937335,5.412065553908262,NORMAL
HemorrhageClass4NoFluid,StandardMale.xml,710,71.60030917847475,118.22574816193054,74.55222544881698,89.11006635318817,5.003900867415871,69.7800556330614,5.209653020783242,15.308554198397971,0.9876863875269906,5.4106691500509285,NORMAL
HemorrhageClass4NoFluid,StandardMale.xml,711,71.28862909958528,117.66895453857126,75.16318574370915,89.33177534199652,5.040430900626107,69.8086904651555,5.205870788962291,15.360155589266427,0.9876992792121576,5.417762415711845,NORMAL
HemorrhageClass4NoFluid,StandardMale.xml,712,71.53688352850536,117.25220777569568,75.59788492850377,89.48265921090108,5.023457377291039,70.50153115170193,5.207133314995697,15.458429318865111,0.9874459379955838,5.410802773188447,NORMAL
HemorrhageClass4NoFluid,StandardMale.xml,713,71.8100532343401,117.8855611070681,75.5024198930174,89.6301336310343,5.003256568084166,70.09601146149112,5.207880088524417,15.531984864345082,0.9861849166062008,5.413125933239165,NORMAL
HemorrhageClass4NoFluid,StandardMale.xml,714,71.57854516989097,118.32981203299228,75.36575306879887,89.68710605686334,5.013324919567262,69.63405840964889,5.207966407172412,15.420198393709523,0.9871368782211529,5.414500062867349,NORMAL
HemorrhageClass4NoFluid,StandardMale.xml,715,71.31201723209773,117.8178573820766,75.11414057500666,89.34871284402998,4.996901337624453,69.94006192089346,5.205243011951585,15.341788380489836,0.9862684400447267,5.414658896847282,NORMAL
HemorrhageClass4NoFluid,StandardMale.xml,716,71.55244278485485,117.51900704574582,75.15210986649556,89.27440892624566,5.026338356759611,69.95440613566569,5.203455452264395,15.432148059229212,0.986427780499021,5.40964760772378,NORMAL
HemorrhageClass4NoFluid,StandardMale.xml,717,72.00599197045672,117.45510989292882,74.87240302237436,89.06663864589251,4.984680226775963,70.11841039279834,5.205456893720199,15.484894958458863,0.9867996891168669,5.406358339111749,NORMAL
HemorrhageClass4NoFluid,StandardMale.xml,718,72.35725568035484,117.80011186805524,74.50097684533227,88.9340218529066,4.96007246436607,69.25527602643979,5.201050677729064,15.496172766347861,0.985347171118816,5.41004116917699,NORMAL
HemorrhageClass4NoFluid,StandardMale.xml,719,72.5954489933781,117.89140658404094,74.10875460514264,88.70297193144206,4.957148703428271,68.68469013978034,5.2036166338975365,15.435280131460933,0.9840691664529593,5.401933340352402,NORMAL
HemorrhageClass4NoFluid,StandardMale.xml,720,72.29747421417997,117.42155075357526,74.51678100766301,88.81837092296709,4.99369086339404,68.46493959471037,5.201421170352687,15.41916667064499,0.9833857813520411,5.406654927634374,NORMAL
HemorrhageClass4NoFluid,StandardMale.xml,721,72.07089151144332,117.66659329020445,74.2485963661602,88.72126200750829,5.021612171221219,69.13462392014361,5.196593252775426,15.502095933654445,0.9840054945548664,5.402615079690454,NORMAL
HemorrhageClass4NoFluid,StandardMale.xml,722,72.34633611448153,117.46105145462357,74.42577740674743,88.77086875603948,5.056733637232498,69.64850889271354,5.1972714828579,15.4588460777391,0.9834022541027234,5.393731282487954,NORMAL
HemorrhageClass4NoFluid,StandardMale.xml,723,72.23943197372417,118.1817387484292,74.84790088976438,89.29251350931932,5.023344067487674,69.85241753111141,5.198465485031556,15.495124084389435,0.9839231453791369,5.3949792860863806,NORMAL
HemorrhageClass4NoFluid,StandardMale.xml,724,72.3047112292988,118.24996216397817,75.01142786897199,89.42427263397406,5.031398716092206,69.53618410780713,5.196684791355258,15.367923223486326,0.9835507508211996,5.397176356148236,NORMAL
HemorrhageClass4NoFluid,StandardMale.xml,725,72.28121095194398,118.64718170821911,75.05782052307816,89.58760758479181,5.016481518816734,69.58138798756899,5.194547931242451,15.355881832905187,0.9830773451343578,5.393899721606148,NORMAL
HemorrhageClass4NoFluid,StandardMale.xml,726,71.83030993157482,119.01266755773801,75.5860653159969,90.06159939657728,5.001798257796543,69.42089266655533,5.194675834143883,15.285772829417445,0.9817560234613951,5.389967709182885,NORMAL
HemorrhageClass4NoFluid,StandardMale.xml,727,72.19874023908363,119.51941649966709,75.60718440803669,90.24459510524682,4.962289477907984,69.60039564087862,5.194405884074212,15.221264803389658,0.9813941653434751,5.390203061883039,NORMAL
HemorrhageClass4NoFluid,StandardMale.xml,728,71.94768706042716,118.65098553370021,75.50171410863787,89.88480458365865,4.960248451335681,68.83484912286298,5.195458708474086,15.131823929061573,0.981366728203048,5.389706329775379,NORMAL
HemorrhageClass4NoFluid,StandardMale.xml,729,71.68778538385203,118.90645771286253,75.42793216809514,89.92077401635093,4.955808905804055,69.00688667494792,5.193451612850843,15.285101456576438,0.9814239467246453,5.39164362019276,NORMAL
HemorrhageClass4NoFluid,StandardMale.xml,730,71.53602974415007,119.17029973563236,75.98709719440282,90.38149804147933,4.986297712309963,69.15791448567634,5.195821595882372,15.24001077521498,0.9810639027216134,5.387950385957174,NORMAL
HemorrhageClass4NoFluid,StandardMale.xml,731,71.81447479672713,119.46511800052977,75.88409796584173,90.41110464407107,5.0164003514968165,69.64692134701654,5.192979754419539,15.193442821641774,0.9807474015814565,5.392311365259024,NORMAL
HemorrhageClass4NoFluid,StandardMale.xml,732,71.95761897824814,119.45778327685197,75.62427777039402,90.23544627254667,5.024037404682769,69.789135224626,5.19041895668981,15.141407580522309,0.9796456067690985,5.387082124528741,NORMAL
HemorrhageClass4NoFluid,StandardMale.xml,733,71.60500701192336,119.33544828074515,75.29155141391037,89.97285036952196,4.989019373979367,69.76747683135584,5.18887696594503,15.142702154707703,0.9807193082408139,5.382370029232277,NORMAL
HemorrhageClass4NoFluid,StandardMale.xml,734,71.85829274976952,118.80446366845786,74.95561674957244,89.57189905586758,4.989967502232951,69.62496329483788,5.18818544318268,15.164294205736095,0.9804963035118202,5.379532629287986,NORMAL
HemorrhageClass4NoFluid,StandardMale.xml,735,72.12354979785104,119.40708552028774,75.03475637703056,89.82553275811628,5.014617026547676,69.4355412042858,5.187432569459261,15.25801266086882,0.9818870380986686,5.378260165977807,NORMAL
HemorrhageClass4NoFluid,StandardMale.xml,736,72.46246925242329,118.6202022954882,75.47895898534497,89.85937342205938,4.978381952854167,69.52275931603984,5.188138873490738,15.151650277334888,0.9812125136685056,5.376874811449502,NORMAL
HemorrhageClass4NoFluid,StandardMale.xml,737,72.65186922966414,118.99147761834358,75.93408537532059,90.28654945632826,4.951016717188381,68.82223739144305,5.191768693512453,15.290534679051163,0.9807622314367453,5.378174473607883,NORMAL
HemorrhageClass4NoFluid,StandardMale.xml,738,72.75068565173316,118.79512124617024,76.22697336294961,90.41635599068982,4.920218297999016,68.34805209989091,5.192035178794153,15.225004814565969,0.9819140526062564,5.384853664882062,NORMAL
HemorrhageClass4NoFluid,StandardMale.xml,739,72.63152072501417,119.3766542288923,76.16769394376206,90.57068070547214,4.9453543913355205,67.90422815059333,5.19079310439188,15.25966159261511,0.981629980901995,5.385344021472079,NORMAL
HemorrhageClass4NoFluid,StandardMale.xml,740,72.62037684207976,118.57395337476007,76.6728944943109,90.63991412112729,4.954303029763766,68.29606611195678,5.189062374523025,15.157021381414513,0.9823149927878124,5.383058494239348,NORMAL
HemorrhageClass4NoFluid,StandardMale.xml,741,72.26690050455002,119.04903948191469,77.03021650589511,91.03649083123497,4.937809366341075,68.41164657625055,5.186066183363764,15.298697584909254,0.9829284010088927,5.379873797541203,NORMAL
HemorrhageClass4NoFluid,StandardMale.xml,742,72.0781304411912,118.46007859245026,76.64048292805009,90.58034814951681,4.915660281470478,68.48781085524735,5.19007170763131,15.214845181304266,0.981620826486548,5.374360539658722,NORMAL
HemorrhageClass4NoFluid,StandardMale.xml,743,71.69756249017166,118.80288326913431,76.5355490146765,90.6246604328291,4.934584744650135,68.36825549148487,5.189579516692412,15.318796413443433,0.9806594499911342,5.381731060118758,NORMAL
HemorrhageClass4NoFluid,StandardMale.xml,744,71.47854387477712,118.13650417137391,76.61499417675978,90.45549750829782,4.977760863592177,68.89377897703089,5.1953824235649515,15.258291600370395,0.981381898198552,5.3808253850702314,NORMAL
HemorrhageClass4NoFluid,StandardMale.xml,745,71.22088793918668,118.32286936373444,76.78432422412567,90.63050593732859,5.004038683687746,69.5893236782497,5.192009899168462,15.375907098314528,0.9808692095385857,5.39150324918362,NORMAL
HemorrhageClass4NoFluid,StandardMale.xml,746,71.74745756448924,118.68891776953673,77.00020072625463,90.896439740682,5.027943075759916,70.11424627345636,5.192035941338584,15.34301375731298,0.9802783852051221,5.385297504715236,NORMAL
HemorrhageClass4NoFluid,StandardMale.xml,747,71.94463572581736,118.40940229390226,76.44435265139572,90.43270253223123,5.056116278368919,69.9818469376602,5.192525733642409,15.278406440449668,0.9804684046924367,5.385345424621567,NORMAL
HemorrhageClass4NoFluid,StandardMale.xml,748,71.79044324325756,118.63714914127368,76.01987084197556,90.22563027507493,5.023576099850174,70.1642555187824,5.191599989774429,15.327740748744045,0.9815279382782841,5.3862466859684925,NORMAL
HemorrhageClass4NoFluid,StandardMale.xml,749,71.64868900902631,119.02617157440604,76.51490475886884,90.68532703071457,5.0247992247357045,69.89485415665675,5.187960383342746,15.287543571268307,0.980770625439913,5.384543235018269,NORMAL
HemorrhageClass4NoFluid,StandardMale.xml,750,71.54890901676413,118.57428221238729,76.29493710323327,90.38805213961794,4.98155548615226,70.02275671112848,5.190303278564651,15.218881352813263,0.9807459182676164,5.377846035880431,NORMAL
HemorrhageClass4NoFluid,StandardMale.xml,751,71.37910537166633,117.8330100728645,76.6884762260617,90.40332084166263,5.006092183997594,69.57927806822015,5.18846645118535,15.298639545271758,0.9817490665507955,5.38215717120638,NORMAL
HemorrhageClass4NoFluid,StandardMale.xml,752,71.61828600726616,117.90717103677086,76.47256714521946,90.28410177573659,5.0072067611735624,70.01210444127696,5.189364114427923,15.42947361869198,0.9821634002594755,5.378777245664454,NORMAL
HemorrhageClass4NoFluid,StandardMale.xml,753,71.77791040914904,117.66971878335806,76.5861237576615,90.28065543289368,4.975084512713291,69.8343344020211,5.1904465182767066,15.41638425450397,0.9810902417814802,5.380429025769548,NORMAL
HemorrhageClass4NoFluid,StandardMale.xml,754,72.08632310835046,117.19021182218276,76.9654437337642,90.37369976323706,4.9545676370047484,69.3195249070486,5.191064075372588,15.458294430133677,0.9801991095484452,5.3824207450004415,NORMAL
HemorrhageClass4NoFluid,StandardMale.xml,755,72.12748512859156,117.75618377857575,77.04150661460858,90.6130656692643,4.962681397595142,68.82987653701306,5.1937916926727485,15.542927111734667,0.9798507831458018,5.3835571049140025,NORMAL
HemorrhageClass4NoFluid,StandardMale.xml,756,71.99745921141344,117.93316801371864,76.40417511455358,90.2471727476086,5.002066211270388,68.89525441072888,5.191375462454195,15.443033412041355,0.9802367082978646,5.38857616303852,NORMAL
HemorrhageClass4NoFluid,StandardMale.xml,757,72.30973363837788,117.35296050363914,76.71790722550837,90.26292498488529,4.966647167949398,69.47132873132978,5.192645241296921,15.411795804177377,0.9819322916472997,5.3841300848044416,NORMAL
HemorrhageClass4NoFluid,StandardMale.xml,758,72.18635101717051,117.24568575981351,76.88367144482885,90.33767621649041,4.996978604303446,68.8005574989136,5.190891451679252,15.514202070277669,0.9807995315212095,5.3864665906685705,NORMAL
HemorrhageClass4NoFluid,StandardMale.xml,759,71.80888181231305,117.05978638787525,77.3133614913726,90.56216979020682,5.034227758479227,69.26129905292632,5.1875909234936906,15.533135996108006,0.9818108982356899,5.383239461984228,NORMAL
HemorrhageClass4NoFluid,StandardMale.xml,760,71.86885450339014,116.73550897788138,77.19046787426265,90.37214824213557,5.00957232970795,70.0086923772059,5.189836349005054,15.565947120093593,0.9811025784089488,5.377166196939324,NORMAL
HemorrhageClass4NoFluid,StandardMale.xml,761,72.09198263517973,116.76534902998392,76.57720122994225,89.97325049662281,5.019387985063988,69.6635835926145,5.189228623328573,15.623181882073144,0.9812903608109826,5.381297979339717,NORMAL
HemorrhageClass4NoFluid,StandardMale.xml,762,72.20750289598963,117.44637797031025,76.10954948027631,89.88849231028763,4.991238738860663,69.60507120303166,5.189105426791734,15.617915131362452,0.9810995057955392,5.38017971011117,NORMAL
HemorrhageClass4NoFluid,StandardMale.xml,763,71.89643016701892,118.2092372744708,76.02829168102154,90.08860687883796,4.980590982365995,69.17573416505189,5.1881280587313885,15.497713945280758,0.9828857610647461,5.379953017539929,NORMAL
HemorrhageClass4NoFluid,StandardMale.xml,764,71.77492747954331,118.00505856403524,76.34198856235567,90.22967856291552,4.97762179737588,69.29236741382583,5.1913359635811585,15.363069750674857,0.9833800463871989,5.378154573490013,NORMAL
HemorrhageClass4NoFluid,StandardMale.xml,765,71.86624196807276,117.60396355755383,76.62065371055938,90.28175699289086,5.014692584516432,69.35250945502156,5.189569592956531,15.399107166581476,0.9848945260534777,5.3840574033694,NORMAL
HemorrhageClass4NoFluid,StandardMale.xml,766,71.84848801698858,117.50642585259578,76.81930091115103,90.38167589163261,5.051373194501791,69.72739792575695,5.191361190523583,15.469900186753875,0.9849557873611342,5.380807124514691,NORMAL
HemorrhageClass4NoFluid,StandardMale.xml,767,72.27068208769235,117.2870006592253,76.48343127044933,90.08462106670798,5.022285223231766,70.18389479225932,5.195609115847258,15.487115531256013,0.9835244265229284,5.384103823184352,NORMAL
HemorrhageClass4NoFluid,StandardMale.xml,768,72.47916768745877,117.63638714769466,76.15777516287639,89.98397915781581,5.023611619773443,69.4988406922382,5.196523422415053,15.525843941955706,0.9849201742146803,5.39192038311997,NORMAL
HemorrhageClass4NoFluid,StandardMale.xml,769,72.11608115057875,117.03194360421787,75.96602299648579,89.65466319906315,4.991541046837015,69.35085285172224,5.195472223141206,15.464177443179882,0.9851730238511528,5.393602788421889,NORMAL
HemorrhageClass4NoFluid,StandardMale.xml,770,71.8814345266749,117.58119716069078,75.48030154518206,89.5139334170183,4.984650980326208,69.2511880887589,5.200013062223824,15.570861354160987,0.9858619874894835,5.391668488380757,NORMAL
HemorrhageClass4NoFluid,StandardMale.xml,771,72.0817912221311,118.04047366355597,75.14885071237275,89.44605836276716,5.01275069361275,69.35314730485979,5.20190796883657,15.473918441696803,0.9860217641605097,5.400024035652143,NORMAL
HemorrhageClass4NoFluid,StandardMale.xml,772,72.39308950260823,118.16904156630781,75.0093352946438,89.39590405186514,5.029516443455881,69.53329164440122,5.202518253032936,15.39285642345512,0.9846755005967139,5.4035108321427465,NORMAL
HemorrhageClass4NoFluid,StandardMale.xml,773,71.96657263155615,118.52844076381288,74.9432577143668,89.47165206418215,5.050958488514852,69.4892101358155,5.201482121763755,15.370164268265063,0.9858049394273098,5.404633809275152,NORMAL
HemorrhageClass4NoFluid,StandardMale.xml,774,72.26846119675753,118.08375207717133,75.25076322589095,89.52842617631774,5.052358918243522,70.08462311781498,5.19647796166017,15.306730532547139,0.9865728358786435,5.402727235701088,NORMAL
HemorrhageClass4NoFluid,StandardMale.xml,775,72.12578700754172,117.80060769871966,74.78821957014256,89.12568227966825,5.048583167435229,69.86157491546524,5.193255368489003,15.385217810262255,0.9864542836966163,5.393519136594659,NORMAL
HemorrhageClass4NoFluid,StandardMale.xml,776,71.87962343126829,117.19476465152503,75.20850181231611,89.20392275871909,5.033546290510985,69.92936042522317,5.193250801809351,15.435192617655822,0.9866234021662428,5.3875892788991475,NORMAL
HemorrhageClass4NoFluid,StandardMale.xml,777,71.90522747811896,116.90030217853119,75.04924493595567,88.99959735014751,5.020626330172818,69.94408259417693,5.190112328355176,15.542123540176156,0.9852412374336645,5.387580875802934,NORMAL
HemorrhageClass4NoFluid,StandardMale.xml,778,71.97955929419774,116.39855561607287,75.03999116032058,88.82617931223801,4.984686828777225,69.76797261822966,5.190921134085548,15.59409598424505,0.9860434245631113,5.381805805858981,NORMAL
HemorrhageClass4NoFluid,StandardMale.xml,779,71.68756470546121,116.07554936073915,75.22395058530533,88.8411501771166,4.985754238276232,69.276176627849,5.193169524514032,15.682653941695438,0.9850482948425573,5.383294080248481,NORMAL
HemorrhageClass4NoFluid,StandardMale.xml,780,71.83699708608948,116.63161312747881,75.0106338038879,88.88429357841821,4.953382182423845,69.51991506897038,5.196483378167789,15.739664345664927,0.9845146683236189,5.387431318359745,NORMAL
HemorrhageClass4NoFluid,StandardMale.xml,781,72.2058549662562,116.21783533084006,75.33298446054886,88.96126808397926,4.9534712923978965,69.01108267564415,5.195247630293376,15.641519435307472,0.9840156883904609,5.393529103449822,NORMAL
HemorrhageClass4NoFluid,StandardMale.xml,782,72.24364151078063,115.76113476204003,75.17714346951425,88.70514056702284,4.998677445032897,68.72337040490687,5.196789818739712,15.71455096008587,0.9855648671482028,5.391255217590334,NORMAL
HemorrhageClass4NoFluid,StandardMale.xml,783,72.15324488178989,115.5283542274624,74.72768472169246,88.32790789028243,5.024307259938358,69.23669987721863,5.194043342797583,15.795158327560799,0.9851411652356733,5.39409298132305,NORMAL
HemorrhageClass4NoFluid,StandardMale.xml,784,72.33165332354763,116.31265006470014,74.41203179672466,88.37890455271649,4.985434467512986,69.61579153936025,5.199009019961313,15.836243947710148,0.9864100673719484,5.3890392216221095,NORMAL
HemorrhageClass4NoFluid,StandardMale.xml,785,72.56653665666494,116.95910644752354,74.01510293043881,88.32977076946706,5.002877079793404,69.00882176214769,5.195201034273561,15.69781621829569,0.9861475093217271,5.398176508700793,NORMAL
HemorrhageClass4NoFluid,StandardMale.xml,786,72.08203947567853,116.67402802159313,74.2939410336514,88.42063669629864,4.9787981851188485,69.03434884198056,5.195817397202058,15.583717067196151,0.985331733552467,5.391169476774785,NORMAL
HemorrhageClass4NoFluid,StandardMale.xml,787,72.05358930598017,117.15172685305568,74.0640251516794,88.4265923854715,4.9975210338055955,69.124689325064,5.191335704782703,15.634033232771605,0.9855542244320716,5.39230363931428,NORMAL
HemorrhageClass4NoFluid,StandardMale.xml,788,72.17469788644178,116.61227638577519,73.8958917693291,88.1346866414778,4.9805721222756825,69.37232379888637,5.194920348523701,15.54971968494481,0.9858638054223529,5.384056927157253,NORMAL
HemorrhageClass4NoFluid,StandardMale.xml,789,71.78549873105263,116.99199922934464,73.5531320140283,88.03275441913374,4.974250013940698,69.07331679035273,5.1930395988217715,15.644932358239378,0.9868509881884341,5.390652990061936,NORMAL
HemorrhageClass4NoFluid,StandardMale.xml,790,71.95246151320202,117.62043762507768,73.26354057006759,88.04917292173762,5.007070741594674,69.30345687626676,5.195090233219914,15.577911511581249,0.985896497204727,5.387192243544783,NORMAL
HemorrhageClass4NoFluid,StandardMale.xml,791,71.865639741274,118.3322940956392,73.10460748324729,88.18050302071126,4.99136594716797,69.56718207358055,5.19915052395213,15.46699252404132,0.9859194991814296,5.390965592993698,NORMAL
HemorrhageClass4NoFluid,StandardMale.xml,792,71.63912903412353,118.29415966216517,73.39440858677646,88.3609922785727,5.026623328256752,69.44659436671402,5.194433328888939,15.341350297970251,0.9850881565053798,5.398436888613592,NORMAL
HemorrhageClass4NoFluid,StandardMale.xml,793,71.72807613342808,118.02659247920919,73.57265342982194,88.39063311295102,4.99563959493084,70.0524528254132,5.193346214365266,15.34808100185478,0.9846368471471895,5.389756830672381,NORMAL
HemorrhageClass4NoFluid,StandardMale.xml,794,71.8775523441425,117.65415445252424,74.43176729101198,88.83922967818273,4.996320178105759,69.60717884341965,5.19699715029162,15.395306443893169,0.9850432603372622,5.387756443381244,NORMAL
HemorrhageClass4NoFluid,StandardMale.xml,795,72.20269015786008,118.24135529609023,74.99386985700023,89.4096983366969,4.959167315601283,69.49690588901184,5.197786638413801,15.461041524884006,0.9843803829655576,5.394474489795666,NORMAL
HemorrhageClass4NoFluid,StandardMale.xml,796,71.88731521020122,118.76904074217886,75.30041137594525,89.78995449802312,4.931626649678262,68.79426017543291,5.1967856802536065,15.357400939755596,0.9858117418885858,5.395927218070124,NORMAL
HemorrhageClass4NoFluid,StandardMale.xml,797,71.9977002118677,118.85441051362696,75.05552877913148,89.6551560239633,4.9199575183278546,68.7092731714769,5.193570174612186,15.264264785413161,0.9871584501099997,5.394085366140995,NORMAL
HemorrhageClass4NoFluid,StandardMale.xml,798,72.32590540758186,118.51501326553027,75.2171875744503,89.64979613814363,4.9071535235701385,68.48252622005153,5.190470040332885,15.2491970736377,0.9871099314485142,5.3881685501298,NORMAL
HemorrhageClass4NoFluid,StandardMale.xml,799,72.50691282711296,118.96212033783253,75.07996853454229,89.70735246897237,4.935924352536085,68.07429528289506,5.191470068671647,15.309100477675912,0.985846988125988,5.382464027673256,NORMAL
HemorrhageClass4NoFluid,StandardMale.xml,800,72.81157376087269,119.51515589074688,74.76225795532422,89.6798906004651,4.97909663301518,68.27939683872107,5.196323205530911,15.23018635638983,0.9852317553270984,5.384304168648354,NORMAL
HemorrhageClass4NoFluid,StandardMale.xml,801,72.71033263489248,119.96516257034759,74.4497612282355,89.6215616756062,4.96728714026579,68.56005406153267,5.200413567001138,15.132575923896615,0.985894463794038,5.39323437156995,NORMAL
HemorrhageClass4NoFluid,StandardMale.xml,802,72.79391918315675,120.26643454155894,74.5287672721549,89.77465636195625,4.964542085921134,68.49730399197072,5.199810544879969,15.053150023718615,0.9871242519909663,5.400761000018944,NORMAL
HemorrhageClass4NoFluid,StandardMale.xml,803,72.96531012521602,120.60667150541862,74.43019707225343,89.82235521664182,4.991590948711614,68.40002620846712,5.195893407203426,14.9999757074327,0.9860086456692775,5.399651385749985,NORMAL
HemorrhageClass4NoFluid,StandardMale.xml,804,73.00028707275828,120.4571537663241,74.3348889142008,89.7089771982419,4.99807382671535,68.59029821663687,5.193530865721685,14.939924094082507,0.9851245464171667,5.3924435044687105,NORMAL
HemorrhageClass4NoFluid,StandardMale.xml,805,72.96886809651625,119.97139645630345,74.7563141660022,89.82800826276929,4.996458420551983,68.64050029870779,5.194071355014254,14.966313882408983,0.9854287235142847,5.3880962182794985,NORMAL
HemorrhageClass4NoFluid,StandardMale.xml,806,72.9628574086753,119.56329442803676,75.3250064226673,90.07110242445712,4.996245530811611,68.64551898581051,5.1909205105179606,15.05204974670919,0.9844742241631734,5.389090766589089,NORMAL
HemorrhageClass4NoFluid,StandardMale.xml,807,72.41410461389309,119.74995688634972,74.8223373712815,89.7982105429709,4.978334029846987,68.64762460456663,5.19077690663628,15.124079501885962,0.9852433628629693,5.383292932828727,NORMAL
HemorrhageClass4NoFluid,StandardMale.xml,808,72.72963491635612,119.90521875747609,74.44007996694816,89.59512623045747,5.01538650579193,68.85933566078212,5.196370620860969,15.091133693627958,0.9863252916507189,5.38302868893021,NORMAL
HemorrhageClass4NoFluid,StandardMale.xml,809,72.58932886334892,119.43620352974439,74.57242931788215,89.52702072183624,4.9930809290943285,69.05674279928124,5.195709477676988,15.063730069556254,0.9848448060061492,5.393321619989125,NORMAL
HemorrhageClass4NoFluid,StandardMale.xml,810,72.67076708801999,119.09996900273765,74.51565028450422,89.37708985724869,5.002922400318673,68.89941566156705,5.198477207447949,15.146510966703904,0.985138632036952,5.392105057801739,NORMAL
HemorrhageClass4NoFluid,StandardMale.xml,811,72.56936206847685,119.49681539845879,75.0343698085053,89.85518500515647,5.004185291548381,68.95368806051876,5.1981150591434835,15.20585615242899,0.9861085779362644,5.397197926435693,NORMAL
HemorrhageClass4NoFluid,StandardMale.xml,812,72.10008696790537,120.01510587301448,75.17027753006877,90.11855364438401,4.995277032478174,69.04779465064887,5.200617471508558,15.135813009423838,0.9861930437878816,5.396531541386111,NORMAL
HemorrhageClass4NoFluid,StandardMale.xml,813,72.0948456250823,119.96123266564511,74.72692702929838,89.80502890808063,4.979200112812821,69.30869878487516,5.199548500127187,15.044335061736938,0.9855113157169154,5.401136202425283,NORMAL
HemorrhageClass4NoFluid,StandardMale.xml,814,72.33974983613439,119.67666778222909,74.78347166553219,89.74787037109782,4.9910197798196485,69.11946807428805,5.195130066731968,15.05384364946409,0.9855213421202587,5.399169200127625,NORMAL
HemorrhageClass4NoFluid,StandardMale.xml,815,71.9919553342165,119.94150503067785,74.86845521832136,89.89280515577352,5.010026988910189,69.06948093633477,5.191651160959566,15.104069175103891,0.9863158513314831,5.39103889019426,NORMAL
HemorrhageClass4NoFluid,StandardMale.xml,816,72.34368755088421,119.98793197450132,74.56378324406127,89.70516615420796,5.001776919495093,69.57153336246306,5.19182755582068,15.057325564814878,0.9852472774048445,5.384637394544418,NORMAL
HemorrhageClass4NoFluid,StandardMale.xml,817,72.35363994759068,120.05203195787512,74.37486156709495,89.60058503068834,4.99791502885172,69.19541171756008,5.1899818113197185,15.049131237990741,0.985802658480184,5.384961976757893,NORMAL
HemorrhageClass4NoFluid,StandardMale.xml,818,72.6152658710137,120.22599255829542,74.8278700303524,89.96057753966674,4.968076121936774,69.14130132834075,5.186924470848245,15.03781763063412,0.9855866767056224,5.381565642920009,NORMAL
HemorrhageClass4NoFluid,StandardMale.xml,819,72.39409180124403,119.99777576636467,74.82650378147329,89.88359444310375,4.995611223171632,68.58027041373127,5.18808659695045,15.007113692425587,0.9868890302936291,5.37593986487121,NORMAL
HemorrhageClass4NoFluid,StandardMale.xml,820,72.22559798234444,119.59588073884099,75.28630561049671,90.05616398661147,5.029175688666323,69.08202500345745,5.189694055850175,15.047393814824922,0.9872165827925251,5.378078280130067,NORMAL
HemorrhageClass4NoFluid,StandardMale.xml,821,71.90477579358614,119.92470576139107,74.98480702947927,89.96477327344986,5.042255558745197,69.6171277407839,5.18971389055983,15.118328038215683,0.9864679095341372,5.381036147294944,NORMAL
HemorrhageClass4NoFluid,StandardMale.xml,822,72.13694135166028,119.62330840062305,75.25583876758364,90.04499531193011,5.006034728290006,70.02902891993173,5.186852032779426,15.06029062543713,0.9854590970839023,5.381072644922611,NORMAL
HemorrhageClass4NoFluid,StandardMale.xml,823,72.2101663583622,119.08692000065464,75.29365120676327,89.89140747139373,5.033664257099126,69.40901896577574,5.188338297791025,15.113487072902123,0.9839396413545141,5.375806572389964,NORMAL
HemorrhageClass4NoFluid,StandardMale.xml,824,72.47823199728329,118.59223322956224,75.48328417044539,89.85293385681767,5.027239759674993,69.68322820896728,5.188372229674676,15.208159293213006,0.982762637702822,5.378541432035124,NORMAL
HemorrhageClass4NoFluid,StandardMale.xml,825,72.4716249267182,118.16524243071044,75.6008098124014,89.78895401850441,5.033194828766324,69.39503318466652,5.189877421340282,15.295471201860728,0.9839172848290902,5.378603869715185,NORMAL
HemorrhageClass4NoFluid,StandardMale.xml,826,72.02526887137677,117.65338456872908,75.8316481497607,89.77222695608349,4.991713547589311,69.47153546223184,5.194225070914823,15.370834813344498,0.9845048435832087,5.381373556084961,NORMAL
HemorrhageClass4NoFluid,StandardMale.xml,827,72.29109995072582,117.41193112081436,76.35589165154288,90.04123814130004,4.956739166557745,69.32475609873278,5.193856377988856,15.461177408896921,0.9835791792796355,5.389373617500604,NORMAL
HemorrhageClass4NoFluid,StandardMale.xml,828,72.37600487808784,117.6365566940804,76.54388962183911,90.24144531258621,4.970095658468513,68.69618897707804,5.197220670678388,15.503793792877545,0.9827250396340701,5.388695189766105,NORMAL
HemorrhageClass4NoFluid,StandardMale.xml,829,72.27211701941405,117.78981521768006,76.99775668988413,90.59510953248277,4.941526690245514,68.79027395098566,5.1954358383972,15.464147518347833,0.9825126436982483,5.394885787162471,NORMAL
HemorrhageClass4NoFluid,StandardMale.xml,830,72.12594205350258,117.20924592958163,76.79330579562512,90.26528584027729,4.953348466673668,68.52837921152837,5.193729095743445,15.43709748387355,0.9816151590946145,5.391601537219756,NORMAL
HemorrhageClass4NoFluid,StandardMale.xml,831,72.2588081831042,116.98634794200206,76.73255318752713,90.1504847723521,4.96153051351024,68.7842540454715,5.196188784537534,15.539567603570074,0.9822219572653765,5.388460979128164,NORMAL
HemorrhageClass4NoFluid,StandardMale.xml,832,71.8993360062047,117.42707512618607,76.80125023786543,90.34319186730565,5.005626793447975,68.77885847043984,5.196330142332903,15.578908960296337,0.9830100401331712,5.392987025001618,NORMAL
HemorrhageClass4NoFluid,StandardMale.xml,833,72.26469663238268,118.17518539272729,76.45172561767653,90.35954554269345,5.013585311441267,69.59185102935487,5.194788453535888,15.501120885310893,0.9832453222151823,5.393247135901806,NORMAL
HemorrhageClass4NoFluid,StandardMale.xml,834,72.61273474161392,117.94999524858376,75.95430222348281,89.95286656518313,5.016787553262987,69.39912438958275,5.1954022037859575,15.369079886708022,0.9837811913270949,5.390410291568225,NORMAL
HemorrhageClass4NoFluid,StandardMale.xml,835,72.49566833941341,117.50774108607932,76.09095876304532,89.89655287072333,5.031239724314834,69.16465676170485,5.200562399869328,15.408825807647869,0.9823833846396692,5.391539646547333,NORMAL
HemorrhageClass4NoFluid,StandardMale.xml,836,72.0250083508194,117.74122807254085,75.62178169535595,89.66159715441758,5.054926609688433,69.42924066167542,5.2035130763711175,15.486883393360932,0.9840895586742447,5.401034865717126,NORMAL
HemorrhageClass4NoFluid,StandardMale.xml,837,71.95170801751911,117.53894373524881,75.73872212355222,89.67212932745109,5.058614947534151,70.0858284623233,5.198345158973193,15.445673084891709,0.9832659149601815,5.406464372586825,NORMAL
HemorrhageClass4NoFluid,StandardMale.xml,838,71.78576323141623,117.99939297842454,75.53875014241363,89.69229775441727,5.051347172780053,70.18871018115507,5.196716711150017,15.48137614511203,0.9819229585319286,5.396954945512373,NORMAL
HemorrhageClass4NoFluid,StandardMale.xml,839,71.97326640003799,117.77737052466186,75.86222440073567,89.83393977537773,5.0537911967374,70.23376233185773,5.192270402250073,15.400107138932029,0.9811958724484321,5.393958456863917,NORMAL
HemorrhageClass4NoFluid,StandardMale.xml,840,71.84252424524503,117.57664177497303,76.08538100923673,89.91580126448216,5.079923443906653,70.11340298895001,5.195860970601137,15.439293964481987,0.9819369903556362,5.385776853525696,NORMAL
HemorrhageClass4NoFluid,StandardMale.xml,841,71.85626617521423,117.80446836052074,76.54581846833885,90.29870176573282,5.07224127079239,70.53302370973495,5.194543005664933,15.474722464454004,0.9830338621843729,5.392383818239178,NORMAL
HemorrhageClass4NoFluid,StandardMale.xml,842,71.81348314965771,118.16706243843403,76.88380999084124,90.64489414003884,5.04657186083094,70.42933939782479,5.19722896438485,15.434511213239546,0.9826375744086508,5.389958645682714,NORMAL
HemorrhageClass4NoFluid,StandardMale.xml,843,71.87600129922984,117.7389995427309,77.00255153980643,90.58136754078126,5.0643349435834475,70.15396004705535,5.201330818854725,15.37051358310875,0.9823872501509643,5.394901048319085,NORMAL
HemorrhageClass4NoFluid,StandardMale.xml,844,72.27416908428624,117.46231194500228,76.3221564261876,90.03554159912584,5.09446004228338,70.31818544346977,5.2024895209303255,15.446066419022632,0.9836233714193787,5.402448824908346,NORMAL
HemorrhageClass4NoFluid,StandardMale.xml,845,72.2812559737733,117.37088474035835,76.39853228869428,90.05598310591564,5.111052818305108,70.3623754742135,5.204805871913745,15.494901608618441,0.9843492391155169,5.404580939654098,NORMAL
HemorrhageClass4NoFluid,StandardMale.xml,846,72.08187243393047,116.78908723418147,76.24834699178722,89.7619270725853,5.096033588645406,70.55586291188104,5.201798038074395,15.511038453600491,0.9842569900718107,5.408843231223329,NORMAL
HemorrhageClass4NoFluid,StandardMale.xml,847,72.42761287930229,116.53396906583555,75.98194740937504,89.49928796152854,5.052227897411756,70.53501845815865,5.204503714720013,15.613725353027,0.9851497690399377,5.403308549775277,NORMAL
HemorrhageClass4NoFluid,StandardMale.xml,848,72.68078289163066,116.62751597168867,75.4139903742458,89.15183224006009,5.043888265308416,69.7341845130639,5.204144160657531,15.658753551698666,0.9842084292044647,5.408287235146464,NORMAL
HemorrhageClass4NoFluid,StandardMale.xml,849,72.89628730385944,117.11420458962674,75.51120187419214,89.37886944600368,5.0600884239902175,69.4353339907563,5.200245762345786,15.642242580766315,0.9853871166670994,5.407625623732576,NORMAL
HemorrhageClass4NoFluid,StandardMale.xml,850,72.99152879363342,117.83152167942544,75.78069791447088,89.79763916945573,5.022706699303848,69.45997703885591,5.202471818596099,15.55634234119561,0.9852342697592169,5.400452224547134,NORMAL
HemorrhageClass4NoFluid,StandardMale.xml,851,72.9827370282321,117.88260122644621,75.21139843187115,89.4351326967295,5.054270923324445,68.94053261304549,5.204144706200651,15.42973631921194,0.9854984013258458,5.404548365786637,NORMAL
HemorrhageClass4NoFluid,StandardMale.xml,852,72.47425774047709,117.85002220944742,74.75942928278208,89.12296025833719,5.048692480997404,69.32318109175529,5.205403156656963,15.42072081080569,0.9848959937561521,5.4076266275803775,NORMAL
HemorrhageClass4NoFluid,StandardMale.xml,853,72.45033726454143,117.60464512218539,75.37576288593135,89.4520569646827,5.02788086524835,69.655057159959,5.2018966004998415,15.426470987123826,0.9842342582522654,5.409942288207214,NORMAL
HemorrhageClass4NoFluid,StandardMale.xml,854,72.22402480013828,117.56866241676018,74.99029368684118,89.18308326348085,4.996114963733685,69.42461258840473,5.199481325555063,15.469779891018621,0.9828412537344194,5.403489913393324,NORMAL
HemorrhageClass4NoFluid,StandardMale.xml,855,72.28177196346739,117.63903084556578,74.75683016160525,89.05089705625876,4.984657598954933,69.22133123185846,5.197707645592445,15.476130816235493,0.9819385280421251,5.39904559294785,NORMAL
HemorrhageClass4NoFluid,StandardMale.xml,856,72.39417832875607,117.37802061369541,74.5966965568652,88.85713790914194,4.952399441302547,69.03851590979758,5.199023560966138,15.463710832143354,0.981699526502202,5.395781864261956,NORMAL
HemorrhageClass4NoFluid,StandardMale.xml,857,72.27764403062247,116.93320872100533,74.72647175285749,88.79538407557344,4.972775802676821,68.56401033802297,5.195160901909282,15.509778976377053,0.9806248174198856,5.398203265441339,NORMAL
HemorrhageClass4NoFluid,StandardMale.xml,858,72.16848830244716,116.60913619113319,74.99146090158085,88.86401933143163,4.983820442913951,68.8991401153438,5.1989095588678165,15.588287999883411,0.9815727342040538,5.391095629659583,NORMAL
HemorrhageClass4NoFluid,StandardMale.xml,859,72.23099882489534,116.50998390836948,75.49089774435384,89.16392646569238,5.003006194312611,69.11721968340713,5.200705448381192,15.645486600648393,0.981947218033675,5.397993491453706,NORMAL
HemorrhageClass4NoFluid,StandardMale.xml,860,72.56807135298595,117.04310552413466,75.50955327194525,89.35407068934173,4.973149625841875,69.29860896737242,5.203777554020236,15.66298691713303,0.9834503721291338,5.40129808768585,NORMAL
HemorrhageClass4NoFluid,StandardMale.xml,861,72.43971821093632,117.09336142799397,75.78855585137539,89.55682437691492,4.993541276208606,68.67753134480174,5.203129483119622,15.568891282210293,0.9827693561736189,5.406951034954556,NORMAL
HemorrhageClass4NoFluid,StandardMale.xml,862,72.13904638511549,117.70542905631922,75.95373169846718,89.87096415108452,5.027430003938787,69.02156340705545,5.201800032648472,15.560021146311808,0.983546552469758,5.40575852692977,NORMAL
HemorrhageClass4NoFluid,StandardMale.xml,863,72.2459860464319,118.14433224349732,76.41805303548303,90.3268127714878,5.020041109620561,69.66455199325384,5.196958751306496,15.451991589077942,0.9835887668039539,5.403312219968754,NORMAL
HemorrhageClass4NoFluid,StandardMale.xml,864,72.082548997589,118.07311111501632,75.97389236269265,90.00696528013387,5.038808516197722,69.49135957588787,5.198246318440368,15.374525448434106,0.9825837847862089,5.394403832252085,NORMAL
HemorrhageClass4NoFluid,StandardMale.xml,865,71.74993117120904,118.50909438166146,76.33306941897682,90.39174440653836,5.019711823277751,69.84613424840823,5.1998810492039125,15.387095933490718,0.9836542675066325,5.3967730701520455,NORMAL
HemorrhageClass4NoFluid,StandardMale.xml,866,71.82145741222531,118.31041727963766,76.19006301739275,90.23018110480771,5.026757731071787,69.88048621753232,5.200370050157233,15.310145157012109,0.9851835415295529,5.399781119968887,NORMAL
HemorrhageClass4NoFluid,StandardMale.xml,867,71.76087485967636,118.05094210923978,76.54442887001481,90.3799332830898,5.030473301636965,69.90853885545086,5.203183602346468,15.345211542442206,0.9849749274831865,5.400680925160591,NORMAL
HemorrhageClass4NoFluid,StandardMale.xml,868,72.03408231025516,118.10729388588231,76.1638419744402,90.14499261158757,5.039425612275613,70.00168749350931,5.198707999583155,15.391008749276953,0.9862695219481742,5.4058581111145365,NORMAL
HemorrhageClass4NoFluid,StandardMale.xml,869,72.08725486819,118.07596895105688,76.25518579705533,90.19544684838918,5.031209866710799,69.89204038900463,5.19936217924492,15.381062695608517,0.987134085734609,5.397622604465566,NORMAL
HemorrhageClass4NoFluid,StandardMale.xml,870,71.81237744570343,118.70527918893085,75.70872983728023,90.0409129544971,4.995754714412531,69.7510035347217,5.202553843776575,15.38659152719994,0.9877774837970792,5.398826353153508,NORMAL
HemorrhageClass4NoFluid,StandardMale.xml,871,71.74951645551465,118.614419906044,75.93515269440984,90.1615750982879,4.963562496132684,69.54169888743013,5.205519985601686,15.275518660062229,0.9887171930639486,5.404699299404948,NORMAL
HemorrhageClass4NoFluid,StandardMale.xml,872,72.11752622276059,118.73280961200359,75.34299366222199,89.80626564548253,4.940151161499538,69.20284937955526,5.201570796239405,15.29155526720597,0.9885137501798107,5.410157263843331,NORMAL
HemorrhageClass4NoFluid,StandardMale.xml,873,72.00820846105181,118.75580619363171,75.05499388614544,89.6219313219742,4.962639707617163,68.63214471533394,5.1996111794791195,15.270659557444523,0.9884436354509036,5.402890404613171,NORMAL
HemorrhageClass4NoFluid,StandardMale.xml,874,72.3372839316854,118.3933668110879,75.69803498859518,89.92981226275943,4.962391350873933,68.98818821862528,5.2044680708866045,15.266600675033152,0.9877010914419153,5.399284535702941,NORMAL
HemorrhageClass4NoFluid,StandardMale.xml,875,71.94757465105975,117.65851194573825,76.31722279093506,90.09765250920279,4.959733686518307,68.72804176217633,5.2003863806339625,15.330571001527069,0.9868676780831372,5.408221647326776,NORMAL
HemorrhageClass4NoFluid,StandardMale.xml,876,71.8524560694409,117.76707704108937,75.74370090384109,89.75149294959051,4.981362352692473,69.00077348433125,5.203563020180598,15.460272430031125,0.9862960806803902,5.400710974688396,NORMAL
HemorrhageClass4NoFluid,StandardMale.xml,877,72.16819951833816,118.3063977017825,75.45610624606113,89.73953673130158,5.000021186027367,69.33637754746246,5.20222082005306,15.441110757955894,0.985646833719758,5.4065562736327415,NORMAL
HemorrhageClass4NoFluid,StandardMale.xml,878,72.04394181018962,118.1045860858976,75.57415799237576,89.75096735688304,5.013017370523911,69.31213033374847,5.201791967215272,15.345920995443581,0.9846597962652905,5.40408650617143,NORMAL
HemorrhageClass4NoFluid,StandardMale.xml,879,71.94365255750103,118.68657175676631,76.03215097135326,90.25029123315761,4.983625854091536,69.5664126942263,5.206623249857715,15.381540620628385,0.9851971956998131,5.403297378855221,NORMAL
HemorrhageClass4NoFluid,StandardMale.xml,880,71.66128857448446,118.00634184390115,75.44722249188438,89.6335956092233,5.003512753373625,69.29169826820902,5.205960697407632,15.278820510250332,0.9849916341494787,5.412187368076571,NORMAL
HemorrhageClass4NoFluid,StandardMale.xml,881,72.11486065311762,117.42412547960504,75.68286704076715,89.59661985371311,4.996313565569072,69.75540612956159,5.205044392900972,15.39888066848011,0.9858590883195522,5.410968212714375,NORMAL
HemorrhageClass4NoFluid,StandardMale.xml,882,72.17758355918345,117.38777835878545,75.33588799828661,89.35318478511955,4.99755750461736,69.30953397806441,5.205161565817545,15.501641496105186,0.9856405367120151,5.409282131027471,NORMAL
HemorrhageClass4NoFluid,StandardMale.xml,883,72.02963890558065,117.01982374510024,75.53941112430608,89.36621533123747,5.004117734794792,69.27514618071652,5.208216908667911,15.50805674041342,0.9847995721260886,5.409497739602347,NORMAL
HemorrhageClass4NoFluid,StandardMale.xml,884,72.02564932742682,117.01017043019459,75.64893125627236,89.43601098091311,4.992927175310819,69.47060805307841,5.212342255419863,15.573000501787199,0.9850200461871765,5.415119841850862,NORMAL
HemorrhageClass4NoFluid,StandardMale.xml,885,72.18490592720401,116.584908588021,75.6680224114953,89.3069844703372,5.009108505777144,69.33906405071187,5.20777629796203,15.574704305887982,0.9857123229315969,5.422710846325947,NORMAL
HemorrhageClass4NoFluid,StandardMale.xml,886,72.53825144753264,117.42832194073269,76.04167458712023,89.83722370499105,5.005090868543192,69.40817203164555,5.202936885525858,15.649762757589107,0.9868251151695417,5.414309079012918,NORMAL
HemorrhageClass4NoFluid,StandardMale.xml,887,72.11144009356985,117.45692808470913,76.32680102685813,90.03684337947513,5.041246045187215,69.08290967568148,5.198482884308363,15.500900823315794,0.9870802500101383,5.405404130248943,NORMAL
HemorrhageClass4NoFluid,StandardMale.xml,888,72.3297180242443,117.25824032689873,75.75173002053268,89.58723345598803,5.0232389787050815,69.85252750153671,5.2013894575140345,15.495851856624974,0.9868205288338834,5.397208372363126,NORMAL
HemorrhageClass4NoFluid,StandardMale.xml,889,72.2800807746055,117.30232473498994,76.06147996905023,89.80842822436347,5.013826645624103,69.46379978352284,5.205884175649923,15.530920122794807,0.987569637051307,5.402556725250305,NORMAL
HemorrhageClass4NoFluid,StandardMale.xml,890,72.06067749809203,116.73376047586352,76.561693301532,89.95238235964251,5.0319400358695665,69.38991888371545,5.20768342008228,15.523139252076254,0.987555299036552,5.41082740588282,NORMAL
HemorrhageClass4NoFluid,StandardMale.xml,891,71.69881274423055,116.84497228675501,76.09858768794976,89.68071588755151,4.991817701995865,69.78085417633609,5.211972736025847,15.623490491596126,0.988277675945326,5.414138175463906,NORMAL
HemorrhageClass4NoFluid,StandardMale.xml,892,71.85286233565044,116.68223353678395,75.58601552942675,89.28475486521248,4.993354635435627,69.58424742426762,5.2145299014689375,15.603861675867613,0.987349153837265,5.422030897816823,NORMAL
HemorrhageClass4NoFluid,StandardMale.xml,893,71.58556487950602,116.53043588195607,76.06409004789685,89.55287199258326,4.95537552112841,69.4806854118893,5.209483648734531,15.632584964423604,0.9861851674100578,5.426736309383221,NORMAL
HemorrhageClass4NoFluid,StandardMale.xml,894,71.73410532207265,116.21470407652774,75.99254306996929,89.39993007215544,4.985943280784235,69.23343997054748,5.206337903927546,15.659377156464647,0.9866927312737424,5.417450756097022,NORMAL
HemorrhageClass4NoFluid,StandardMale.xml,895,71.770238661102,116.8436026863153,76.42783659597828,89.89975862609062,4.975242380396168,69.4852947487535,5.201675167766086,15.715103624532237,0.9854925987092429,5.411662306217991,NORMAL
HemorrhageClass4NoFluid,StandardMale.xml,896,72.15904080973455,116.49529337044136,76.37270240144929,89.74689939111332,5.0180250126928865,69.3274937074962,5.204244906638185,15.60410340949678,0.9846670550084204,5.403082457493509,NORMAL
HemorrhageClass4NoFluid,StandardMale.xml,897,72.08235960863749,116.86470559320864,75.98193681181868,89.60952640561534,5.0343743740213265,69.53571012416641,5.2023562598377175,15.665579787976801,0.9851204591120633,5.40781100528617,NORMAL
HemorrhageClass4NoFluid,StandardMale.xml,898,72.27181748956181,116.46049831266535,75.58517976848215,89.21028594987655,5.0216979693764285,69.79294753704879,5.200181535002645,15.600378759502998,0.985849279369416,5.404335727406215,NORMAL
HemorrhageClass4NoFluid,StandardMale.xml,899,72.42448762038164,116.68692369472446,75.48968338353697,89.22209682059946,5.035258114488446,69.49089742875874,5.199912916072884,15.671721094119317,0.9847168242331579,5.4003340405304865,NORMAL
HemorrhageClass4NoFluid,StandardMale.xml,900,72.64376325778711,116.15782248387083,76.06231419789802,89.42748362655563,5.026470130126605,69.53331662553165,5.201704812971756,15.631757154452577,0.9861247538857796,5.399839757838505,NORMAL
HemorrhageClass4NoFluid,StandardMale.xml,901,72.67336982558301,115.73170870904764,76.55624665590587,89.61473400695313,5.033940302910697,69.25616125842119,5.206130340211549,15.725143190398995,0.9858301811662957,5.403137007305304,NORMAL
HemorrhageClass4NoFluid,StandardMale.xml,902,72.88574219753339,116.49993790405259,76.29284683885162,89.69521052725194,5.010789123761648,69.32227959270149,5.2016229531555,15.800352007685014,0.9862268333898861,5.411280370542826,NORMAL
HemorrhageClass4NoFluid,StandardMale.xml,903,72.63810738737139,117.05861126807052,76.55734552232954,90.05776743757653,5.028097929407415,68.88057962175318,5.202380431896971,15.66476003067163,0.985213518261937,5.402986377971846,NORMAL
HemorrhageClass4NoFluid,StandardMale.xml,904,72.39236342427193,117.43561702041067,76.10775567999427,89.88370946013308,5.028166478464336,69.2800408089924,5.203918121668614,15.56615452801116,0.9861915147837912,5.404380206142427,NORMAL
HemorrhageClass4NoFluid,StandardMale.xml,905,71.93080913065322,116.93871203190712,75.61978279556396,89.39275920767835,5.020092273961668,69.47359997653635,5.200799009214321,15.49961324627181,0.9854461375790556,5.407209691914092,NORMAL
HemorrhageClass4NoFluid,StandardMale.xml,906,71.69781493259072,116.39659731740758,75.17478903386815,88.91539179504797,5.0524979856714,69.74122635477877,5.202301179150516,15.587316668918453,0.9864168437990312,5.401470247929746,NORMAL
HemorrhageClass4NoFluid,StandardMale.xml,907,72.11298295958969,116.77831813823964,75.5214440054052,89.27373538301669,5.015107512342165,70.3181476450729,5.205681595267546,15.682999580196727,0.9851932809833173,5.404234374048988,NORMAL
HemorrhageClass4NoFluid,StandardMale.xml,908,72.21761832671876,117.48172564223084,75.65695838220229,89.59854746887848,5.050469609269852,69.53700018910509,5.2091873362956616,15.615626091789458,0.9857647879901233,5.410454639984179,NORMAL
HemorrhageClass4NoFluid,StandardMale.xml,909,71.98083940762734,117.49636229278242,76.22068530673,89.97924430208082,5.054853429512544,69.87917443497746,5.2126797113525924,15.49147510308406,0.9850327896051618,5.41690551488829,NORMAL
HemorrhageClass4NoFluid,StandardMale.xml,910,71.92589935288628,118.12028937337409,76.51861071061984,90.38583693153792,5.033423555992856,70.12015592132582,5.208285557925526,15.488891743328864,0.9837521590732079,5.423331795218129,NORMAL
HemorrhageClass4NoFluid,StandardMale.xml,911,72.16101628161215,117.94207360283693,76.25685803005639,90.1519298876499,4.993778833847517,69.9057669242636,5.212179138283642,15.378769000116705,0.9831459254823233,5.415246162582937,NORMAL
HemorrhageClass4NoFluid,StandardMale.xml,912,72.08428884772425,117.93729063489313,76.7409799738075,90.47308352750271,5.003431159348054,69.24276119260172,5.207989769853511,15.41022397321486,0.983270340979089,5.422410696305727,NORMAL
HemorrhageClass4NoFluid,StandardMale.xml,913,71.78410795205455,118.32084943216022,76.31597632959952,90.31760069711976,5.014441449566861,69.4192192332147,5.211477035356308,15.411068164093972,0.9840548378318502,5.414701886255793,NORMAL
HemorrhageClass4NoFluid,StandardMale.xml,914,71.50587223376434,117.68523593480796,76.36446160397553,90.13805304758634,4.992566681490816,69.78965020422669,5.210018202799303,15.343370273984515,0.9853199460049485,5.421118764552148,NORMAL
HemorrhageClass4NoFluid,StandardMale.xml,915,71.31452582218647,117.9186910644134,76.841108704857,90.53363615804247,5.006724687382533,69.7468449518894,5.206881556341276,15.455555662515383,0.985894530132852,5.418434383060246,NORMAL
HemorrhageClass4NoFluid,StandardMale.xml,916,71.76247524494639,118.03274146860556,76.7607354303297,90.51807077642165,5.041022368733058,70.07159694041775,5.206238132014704,15.414350976761526,0.9856311804548382,5.4126626749514966,NORMAL
HemorrhageClass4NoFluid,StandardMale.xml,917,72.08077050136737,118.4222060963792,77.0138047070617,90.81660517016753,5.038771682211612,70.12776456367789,5.200772432120795,15.394221151073904,0.9869431800898756,5.411478717035697,NORMAL
HemorrhageClass4NoFluid,StandardMale.xml,918,72.32051062091986,118.34748845061353,76.97537217642196,90.76607760115247,5.0684136894461,69.84710242937395,5.19929985512439,15.325480885538603,0.9873333191951399,5.4014213437168355,NORMAL
HemorrhageClass4NoFluid,StandardMale.xml,919,72.1829037408194,118.49183901858977,77.41135158879689,91.10484739872786,5.026559673407023,70.01297330457226,5.199702098583363,15.338668503729927,0.988529533859036,5.398711671235526,NORMAL
HemorrhageClass4NoFluid,StandardMale.xml,920,71.81411434520136,118.37754150573343,77.56532311318253,91.16939591069949,5.034847399645637,69.61942445076822,5.196492100510608,15.313190717904856,0.9868653214610374,5.3994518349310265,NORMAL
HemorrhageClass4NoFluid,StandardMale.xml,921,71.75514063799206,117.9005836346883,77.61645153325615,91.04449556706687,5.061925296444592,70.01199426635226,5.198078747242193,15.333364158118624,0.9862939619562167,5.393545153335408,NORMAL
HemorrhageClass4NoFluid,StandardMale.xml,922,71.46741609788326,118.09817314229815,77.70890249091019,91.17199270803951,5.024877107064607,70.38600314952812,5.195163289320183,15.417546926890758,0.9868497195747948,5.396464724262177,NORMAL
HemorrhageClass4NoFluid,StandardMale.xml,923,71.63831352352624,118.07156306466395,76.98369231206117,90.67964922959543,5.024809578101501,70.1689175969057,5.1936273201501795,15.382672501200977,0.9868036443037143,5.391100022707713,NORMAL
HemorrhageClass4NoFluid,StandardMale.xml,924,71.97127639255429,117.99218437147485,77.46310577209259,90.97279863855334,4.984470289352747,70.03117744766926,5.189697396028829,15.38736916341892,0.9875227684633598,5.388273702995903,NORMAL
HemorrhageClass4NoFluid,StandardMale.xml,925,71.61073472600765,117.45856468424688,77.65971075899424,90.92599540074512,4.999922950515452,69.2800956970166,5.190104850407748,15.40137945359304,0.9878552925044574,5.381042293520373,NORMAL
HemorrhageClass4NoFluid,StandardMale.xml,926,71.9807008634554,117.0307200923253,77.55990445877248,90.71684300329008,5.03391847244494,69.7522707904902,5.186264799559957,15.495562997820407,0.9865517673375431,5.381792045771453,NORMAL
HemorrhageClass4NoFluid,StandardMale.xml,927,72.10726442482637,117.10432097387122,77.8782337441889,90.95359615408302,4.99306730963733,69.86815481470323,5.189375973663017,15.571077303252082,0.9853193080723388,5.3747260111026485,NORMAL
HemorrhageClass4NoFluid,StandardMale.xml,928,71.82561989048337,116.57950723007264,77.4263402634645,90.47739591900054,5.017485972305421,69.27647633956786,5.189787269837051,15.558086793253727,0.98430584577215,5.380450847815569,NORMAL
HemorrhageClass4NoFluid,StandardMale.xml,929,71.93006363304556,117.19133977926478,76.78633830484905,90.2546721296543,5.014929682670057,69.79336982458419,5.193595586878807,15.650716093920941,0.983523064852504,5.381207669310925,NORMAL
HemorrhageClass4NoFluid,StandardMale.xml,930,72.1863037703577,117.18305590947132,77.06776635410067,90.43952953922422,5.051517632180388,69.67961111943764,5.195891633851829,15.54272802800844,0.9831138588898116,5.388215310957735,NORMAL
HemorrhageClass4NoFluid,StandardMale.xml,931,72.53321524174916,117.38540318515713,76.507095782556,90.1331982500897,5.071573664167767,69.91659631573884,5.199151137371588,15.54419012589527,0.9840573500534703,5.3924402413442465,NORMAL
HemorrhageClass4NoFluid,StandardMale.xml,932,72.51102791886264,117.22732543329897,75.99240504488155,89.73737850768735,5.033344571880725,69.88246884567342,5.198370551922282,15.508475957087438,0.9847216075387843,5.398438017359885,NORMAL
HemorrhageClass4NoFluid,StandardMale.xml,933,72.46112045677542,117.23224278505636,76.50410811234966,90.0801530032519,4.992161583988986,69.44238025345302,5.1945005139039475,15.53637658236391,0.9857859667017248,5.397001670794333,NORMAL
HemorrhageClass4NoFluid,StandardMale.xml,934,72.46748670308652,117.7111829285812,75.86363023923828,89.81281446901924,4.992162448376893,68.9883284081703,5.190003724319531,15.53550867282495,0.9847613628424496,5.38988045706799,NORMAL
HemorrhageClass4NoFluid,StandardMale.xml,935,72.0540587324889,117.9575779376575,76.34395227888308,90.21516083180789,4.986503579087181,68.98337094882937,5.1938771004255635,15.45097603418813,0.9855981313416535,5.38160596478618,NORMAL
HemorrhageClass4NoFluid,StandardMale.xml,936,72.19814621143115,117.55118696740702,76.47132766522999,90.164614099289,4.990147200115497,69.23938537736296,5.193486973690206,15.407487467723701,0.9868645762314429,5.388733320890406,NORMAL
HemorrhageClass4NoFluid,StandardMale.xml,937,72.25065878780897,116.95659358566607,76.03194576504572,89.67349503858584,4.991449836321748,69.1699651800605,5.198510707162468,15.47921522222058,0.9870970679095247,5.38801545304268,NORMAL
HemorrhageClass4NoFluid,StandardMale.xml,938,72.43128848236621,116.86619206479801,75.43367608824171,89.24451474709382,4.971439172654414,69.14441794874892,5.1948048626702,15.584160585757317,0.9870199926800408,5.397259568886163,NORMAL
HemorrhageClass4NoFluid,StandardMale.xml,939,72.029656227929,116.80607983548886,75.8135747890959,89.47774313789355,4.978419076086573,68.76333731666256,5.1924130042530665,15.600116398188316,0.9876694768321963,5.39044048583297,NORMAL
HemorrhageClass4NoFluid,StandardMale.xml,940,72.15174219253959,116.63336637037911,75.46794312042928,89.18975087041255,5.005021011734679,69.16128757949613,5.194872064483368,15.610726169422875,0.9888617587628833,5.386039253878435,NORMAL
HemorrhageClass4NoFluid,StandardMale.xml,941,72.1037662714446,116.34080339921037,75.73463261393236,89.2700228756917,4.967801852214867,69.38517316338576,5.196730679935311,15.641209989021675,0.9879081831404763,5.390564143138688,NORMAL
HemorrhageClass4NoFluid,StandardMale.xml,942,72.03269395137919,116.30377661993549,76.13199851321842,89.52259121545744,4.9927607789387976,68.97539194302838,5.192425255161382,15.692847172195147,0.9883969083095538,5.393984160669696,NORMAL
HemorrhageClass4NoFluid,StandardMale.xml,943,72.36665662000858,116.04933077250327,76.45907870075911,89.65582939134049,4.99252939093259,69.33150895935054,5.189191549173609,15.6993823757997,0.9893105440419153,5.386061796637975,NORMAL
HemorrhageClass4NoFluid,StandardMale.xml,944,72.4773155150678,116.40832977593898,76.19630230864767,89.60031146441145,4.969424005745513,69.06653611015389,5.191824270645134,15.744291910246591,0.988442946846539,5.380111490372766,NORMAL
HemorrhageClass4NoFluid,StandardMale.xml,945,72.613973114275,116.35194107192007,75.69091313991352,89.24458911724903,4.992514175598628,68.70341030521932,5.196176828901011,15.680928808533995,0.9877942611796571,5.38495593174307,NORMAL
HemorrhageClass4NoFluid,StandardMale.xml,946,72.27920887686174,116.50497946446062,75.7085210624292,89.307340529773,5.024749811776003,68.8734650340042,5.192931925503823,15.690881379861485,0.9888545057406876,5.392965025568406,NORMAL
HemorrhageClass4NoFluid,StandardMale.xml,947,72.1925895920809,116.52291143353025,75.30645627792198,89.04527466312474,5.039040762141392,69.52170304816482,5.194817268706627,15.663870198382773,0.9899729841518298,5.3869941150752165,NORMAL
HemorrhageClass4NoFluid,StandardMale.xml,948,71.9194477343747,116.17457038581888,75.61860244887256,89.13725842785468,4.998615711460517,69.76171686968763,5.19159667201449,15.660705216950536,0.9906303203925609,5.390463314042016,NORMAL
HemorrhageClass4NoFluid,StandardMale.xml,949,71.90091252287887,115.92874586300252,75.47570905235192,88.96005465590211,5.02971270861497,69.49143046639576,5.1933049248511045,15.722187196080204,0.9910487857248156,5.384537130045267,NORMAL
HemorrhageClass4NoFluid,StandardMale.xml,950,72.02927340634002,116.32826396623499,75.14123744352844,88.87024628443062,5.06336815779297,69.88092288510674,5.197390273721202,15.765575072073162,0.9893245745183078,5.3876804670074705,NORMAL
HemorrhageClass4NoFluid,StandardMale.xml,951,72.3095460489919,116.50959688625063,75.83694190873813,89.39449356790897,5.062258925242217,70.1840326688803,5.200968826175872,15.695060374347335,0.9883163132662361,5.39519787182696,NORMAL
HemorrhageClass4NoFluid,StandardMale.xml,952,72.43744907351945,117.01537427128049,75.55208675200213,89.37318259176158,5.0401545621410815,69.9478287151558,5.201686033412224,15.663055226297251,0.9892266233821714,5.401782726223717,NORMAL
HemorrhageClass4NoFluid,StandardMale.xml,953,72.43157031502183,116.639628426692,75.69315888786986,89.34198206747723,4.995215308993451,69.58178025689061,5.206353066036726,15.573785831160013,0.9875088572749495,5.403102451247589,NORMAL
HemorrhageClass4NoFluid,StandardMale.xml,954,72.32986199336756,117.17552524736121,75.1695583342398,89.17154730528027,4.998341995212631,69.04798402909891,5.2056377963150275,15.64010473996169,0.9882023126663358,5.411690205845723,NORMAL
HemorrhageClass4NoFluid,StandardMale.xml,955,72.52710121484648,117.20582150004073,74.95575159320599,89.03910822881757,5.003241669607284,69.16504771169387,5.200311252925389,15.545519283092588,0.988641628734259,5.410374046020918,NORMAL
HemorrhageClass4NoFluid,StandardMale.xml,956,72.79150109106189,116.78493673619079,74.83340252933247,88.81724726495192,5.014621347617755,69.06948501334959,5.1961936615649655,15.540172013262668,0.988289809031286,5.400572733031083,NORMAL
HemorrhageClass4NoFluid,StandardMale.xml,957,72.49189556612669,117.21233671631595,75.39998787905002,89.33743749147199,5.032457858843221,68.99946467223482,5.191742134319942,15.614457913351192,0.9878912928174147,5.392995999165315,NORMAL
HemorrhageClass4NoFluid,StandardMale.xml,958,72.62019803353566,117.82876824510039,75.35692360845125,89.51420515400096,5.051325697527524,69.44678741546284,5.191106601410331,15.539022081626158,0.9875530051699003,5.384804793608607,NORMAL
HemorrhageClass4NoFluid,StandardMale.xml,959,72.61449704535124,118.35342421807142,74.91732538667787,89.39602499714239,5.075967868097926,69.57175418427943,5.190146739684325,15.430222298664606,0.9859470206733092,5.383635356601005,NORMAL
HemorrhageClass4NoFluid,StandardMale.xml,960,72.44382943113528,117.98960091053839,75.57985759947104,89.71643870316015,5.069249674461272,69.87086528605035,5.193879350413297,15.337620844450717,0.9867343766134381,5.381869125761348,NORMAL
HemorrhageClass4NoFluid,StandardMale.xml,961,72.0281440376468,118.52400898289869,75.91213857505008,90.11609537766628,5.024415946372277,69.92530249152621,5.198821952831729,15.401835432847914,0.9871196624158234,5.388737461067702,NORMAL
HemorrhageClass4NoFluid,StandardMale.xml,962,72.33342471390172,117.91778946555141,75.7611715953607,89.81337755209093,5.030696320343247,69.71610026111482,5.197571855722393,15.30751273913308,0.985975985776138,5.397832288565324,NORMAL
HemorrhageClass4NoFluid,StandardMale.xml,963,72.32001743353162,117.32125773780955,76.04043923579962,89.80071206980293,5.002986969156935,69.5503300028615,5.20257851564199,15.41451010840214,0.9851138483781672,5.395531998838948,NORMAL
HemorrhageClass4NoFluid,StandardMale.xml,964,71.95285425741457,117.37090290698696,76.56266501930234,90.16541098186389,5.008998888377799,69.22848489946291,5.20696338622532,15.519797588807268,0.9842341274912485,5.404744697828896,NORMAL
HemorrhageClass4NoFluid,StandardMale.xml,965,72.1574137023799,117.06043588080951,76.3198041399353,89.90001472022671,4.9891895656439536,69.59009850344451,5.20820889199273,15.511035247201796,0.9836267992779867,5.412813249207025,NORMAL
HemorrhageClass4NoFluid,StandardMale.xml,966,71.77957478314192,116.95415478953399,76.26569844910436,89.82851722924757,4.992763281298772,69.19043678730841,5.203779639570779,15.565832484993045,0.9843660702117729,5.415105090456414,NORMAL
HemorrhageClass4NoFluid,StandardMale.xml,967,71.9621777297423,117.12304249254346,75.98519528210748,89.69781101891948,5.0034027499183615,69.53159638151841,5.206476474948356,15.58459103176384,0.9857528524060668,5.406954872552815,NORMAL
HemorrhageClass4NoFluid,StandardMale.xml,968,72.21607044549897,117.84331395777136,75.46568799178641,89.59156331378139,5.034302025765981,69.5153110778922,5.205537385802044,15.55478245680574,0.9844331688612965,5.411917289205443,NORMAL
HemorrhageClass4NoFluid,StandardMale.xml,969,72.49526020645759,117.56544681581317,76.076423623637,89.90609802102905,4.998484861700555,69.68622125441729,5.202854068240905,15.427654989389003,0.9850697365093529,5.410189281757637,NORMAL
HemorrhageClass4NoFluid,StandardMale.xml,970,72.40254774978878,118.14149855629879,76.09226877837168,90.10867870434738,5.008868655872738,69.03740202192799,5.200557563963439,15.47669836781063,0.9864728845025533,5.4052517390880315,NORMAL
HemorrhageClass4NoFluid,StandardMale.xml,971,72.36272618878917,117.60971035397128,75.89746720725677,89.80154825616161,5.003196845941518,69.2343044830622,5.201959828025838,15.375025592469225,0.9857296695514575,5.401025967220722,NORMAL
HemorrhageClass4NoFluid,StandardMale.xml,972,71.94733469258267,118.17608177734607,75.58830880420271,89.78423312858384,5.0385671720546865,69.19751855682475,5.203249849141035,15.468885880746235,0.9854064035840407,5.4036062576576125,NORMAL
HemorrhageClass4NoFluid,StandardMale.xml,973,71.8311152760925,118.35986334015088,75.42825149139466,89.7387887743134,5.0409016095145045,69.95068350170335,5.204958641357796,15.3689216753781,0.9863996329587388,5.405980011101194,NORMAL
HemorrhageClass4NoFluid,StandardMale.xml,974,71.81793392575823,118.04329355661203,75.05377881445285,89.38361706183925,5.058604562300479,70.07146612856869,5.20127954153975,15.33648434339262,0.9855677468591227,5.409124340570781,NORMAL
HemorrhageClass4NoFluid,StandardMale.xml,975,71.83833139600061,118.69722009734004,75.48866241914472,89.89151497854316,5.014588514802777,70.29557605485087,5.199708444000521,15.392358714077602,0.9853901319382217,5.402354470093867,NORMAL
HemorrhageClass4NoFluid,StandardMale.xml,976,71.60072740012582,119.20907887302197,75.80292077553793,90.27164014136594,4.995466187648486,69.74831334876414,5.204463816423662,15.276941084735537,0.9863769337413436,5.399463511062255,NORMAL
HemorrhageClass4NoFluid,StandardMale.xml,977,71.82739065879652,119.29990671280872,75.41025995505159,90.0401422076373,4.975102164220979,69.70634048436395,5.199518423933405,15.186598327915526,0.9857167177114136,5.408213818737041,NORMAL
HemorrhageClass4NoFluid,StandardMale.xml,978,71.55985823373626,118.81173372385187,75.10095213670245,89.67121266575225,4.983415595805478,69.28065831867643,5.194903819516252,15.170567270459477,0.9851102434208204,5.399113857259421,NORMAL
HemorrhageClass4NoFluid,StandardMale.xml,979,71.5147200123356,118.53843340743572,75.25443296089767,89.68243310974368,4.958631155168995,69.5930797458327,5.193326885305209,15.256729500595451,0.986362730771401,5.39062257521997,NORMAL
HemorrhageClass4NoFluid,StandardMale.xml,980,71.52633621522385,118.47434949648303,74.91650006124775,89.43578320632618,4.960781521564033,69.32893883890941,5.192062617406307,15.304966837137982,0.9847666557523233,5.387720876193752,NORMAL
HemorrhageClass4NoFluid,StandardMale.xml,981,71.80299287792374,119.08445341200833,74.84135143539666,89.58905209426722,4.982438476308951,69.34576208040335,5.192436362214675,15.316277607722233,0.9841547944762267,5.385394510955795,NORMAL
HemorrhageClass4NoFluid,StandardMale.xml,982,72.19391183116672,119.62999246752632,75.06596933002558,89.92064370919249,4.956542981201692,69.38844955519264,5.19369343245068,15.208594644581073,0.9854430157424168,5.386082234602664,NORMAL
HemorrhageClass4NoFluid,StandardMale.xml,983,72.11244600693458,119.70326907790033,75.45368945236496,90.20354932754341,4.994342028339067,68.76958476266645,5.190591910685331,15.11230733923436,0.9855604741303013,5.388395355501531,NORMAL
HemorrhageClass4NoFluid,StandardMale.xml,984,71.93852876455539,119.36541157620944,75.92693493330596,90.40642714760712,4.990773044702436,69.28772768143504,5.187268951286736,15.099374062896967,0.9841807620015895,5.382688279947411,NORMAL
HemorrhageClass4NoFluid,StandardMale.xml,985,72.06272173134394,119.32177550490533,75.60209293340532,90.17532045723866,5.02685456250863,69.38185046196048,5.1860661414307065,15.159005702648404,0.9828139105943832,5.376573739477976,NORMAL
HemorrhageClass4NoFluid,StandardMale.xml,986,72.08208204566576,119.09010410370546,75.85471757779071,90.26651308642896,4.990269781713404,69.71804792895303,5.187298106467062,15.166707442201773,0.9820720507705184,5.3743604624981725,NORMAL
HemorrhageClass4NoFluid,StandardMale.xml,987,71.92140934479491,119.10912244560127,76.40387130932267,90.63895502141554,5.024240844825031,69.26264478757905,5.1869243424912765,15.207597300997037,0.9812499944802322,5.3766273875996085,NORMAL
HemorrhageClass4NoFluid,StandardMale.xml,988,72.21869866964977,118.79627907678307,76.2038125606963,90.4013013993919,5.003785881897925,69.79868083186065,5.186483364675774,15.204240575433964,0.9829823992513589,5.3759396286829855,NORMAL
HemorrhageClass4NoFluid,StandardMale.xml,989,72.4784967151127,118.12535190211801,76.45328798186951,90.34397595528567,4.9988195263218165,69.31764172745403,5.192490066823566,15.259457236229203,0.984054774213805,5.375128190330729,NORMAL
HemorrhageClass4NoFluid,StandardMale.xml,990,72.22266719057373,118.5385645644969,76.96445804782107,90.82249355337967,4.992883249332789,69.05449840038008,5.197054816192352,15.377875466929552,0.9830490533554936,5.386181055853564,NORMAL
HemorrhageClass4NoFluid,StandardMale.xml,991,72.25204853069093,117.89579072405381,76.5004717887171,90.29891143382935,4.991799696529047,69.18358567709326,5.200965558286493,15.304943687997934,0.9846649574784522,5.394580600175434,NORMAL
HemorrhageClass4NoFluid,StandardMale.xml,992,71.85925250827823,118.55216905426603,76.74900166762865,90.68339079650778,4.959967200442207,69.14752864174578,5.199982962896013,15.418392872648617,0.9859349774882997,5.401776713016973,NORMAL
HemorrhageClass4NoFluid,StandardMale.xml,993,71.81637691125904,118.56542686304356,76.91328805984097,90.79733432757516,4.985715950621596,69.07300041169509,5.196353595506793,15.302542503981433,0.9849182400702474,5.399968650215271,NORMAL
HemorrhageClass4NoFluid,StandardMale.xml,994,71.75507775637806,118.5744011523888,76.25665338130375,90.36256930499877,5.013717337699384,69.41741026188451,5.199990997928847,15.300202508945187,0.9843365203711443,5.3932902918250925,NORMAL
HemorrhageClass4NoFluid,StandardMale.xml,995,71.84689947237086,118.4557398057121,75.65870383166678,89.92438248968189,4.97208699089165,69.80401016761667,5.197618487930326,15.298618552435173,0.9857576490616502,5.39998343538943,NORMAL
HemorrhageClass4NoFluid,StandardMale.xml,996,72.14204634679888,118.36374660388564,75.88338275522466,90.04350403811165,5.00721775133969,69.22889639762259,5.196980470843542,15.319562206614911,0.9856727302973205,5.395617806243848,NORMAL
HemorrhageClass4NoFluid,StandardMale.xml,997,72.26657226128415,117.9636556173809,75.4403112389295,89.61475936507996,4.988434271858167,69.41921684722672,5.202165228605478,15.335798949749051,0.9843191162317634,5.394443798129581,NORMAL
HemorrhageClass4NoFluid,StandardMale.xml,998,72.41470336709985,118.08141827304284,75.58476590951237,89.75031669735586,5.01944159933475,69.09574606314105,5.203272066959678,15.40641476101754,0.9843016788319139,5.40398421296973,NORMAL
HemorrhageClass4NoFluid,StandardMale.xml,999,72.49492647898359,117.53926853138299,75.64858824458487,89.61214834018425,5.022874587727802,69.3514799592292,5.206463247611207,15.385629725245181,0.9833460552077307,5.40602089386109,NORMAL
HemorrhageClass4NoFluid,StandardMale.xml,1000,72.05201984405095,117.34095946202835,76.14386093161525,89.87622710841961,4.99066926607806,69.32967073187154,5.202579563383207,15.48131881879555,0.9827963083927466,5.411892949730115,NORMAL
HemorrhageClass4NoFluid,StandardMale.xml,1001,71.9782014502198,117.99534523623599,75.95413801426102,89.96787375491934,4.975099888784452,69.29111482419546,5.202669436181826,15.516320246687533,0.9842814569043918,5.404746625765803,NORMAL
HemorrhageClass4NoFluid,StandardMale.xml,1002,71.99324605137029,118.36891159814633,75.57942393653664,89.84258649040653,4.945975336076307,69.16179144824163,5.20498228491405,15.4008215629208,0.9844700454439603,5.404911999698596,NORMAL
HemorrhageClass4NoFluid,StandardMale.xml,1003,72.2924248421189,118.78311413794125,75.85080350823233,90.1615737181353,4.937252997519403,68.79927291340815,5.206438360601877,15.334887331461665,0.9850774581966381,5.409167846814528,NORMAL
HemorrhageClass4NoFluid,StandardMale.xml,1004,71.91608393907396,118.8031610991561,76.25631233833506,90.43859525860874,4.906637823381104,68.46132210361706,5.2061052851739005,15.261780839779327,0.9846903075665007,5.411847155422253,NORMAL
HemorrhageClass4NoFluid,StandardMale.xml,1005,71.91921456004646,118.48522551008047,76.71914041886637,90.64116878260441,4.887259821062758,68.38562226842708,5.202162682671049,15.25824256354366,0.9838784097114792,5.4112342670479325,NORMAL
HemorrhageClass4NoFluid,StandardMale.xml,1006,71.68459190388134,118.98408943557031,76.77075322345492,90.84186529416004,4.928781325014707,68.14966045658748,5.20224629235897,15.31435799805979,0.9840643740805156,5.4039795282242284,NORMAL
HemorrhageClass4NoFluid,StandardMale.xml,1007,71.78265595467434,119.22728531985449,76.21694741594811,90.55372671725024,4.935101413294417,68.83385231708488,5.197830691994202,15.226308824248596,0.9850957168307483,5.40413337747699,NORMAL
HemorrhageClass4NoFluid,StandardMale.xml,1008,72.16078154823528,119.05440101518211,75.96534358161416,90.32836272613682,4.932746334719807,68.83318690575324,5.201174527318428,15.183384901328173,0.986257242891661,5.39600828057131,NORMAL
HemorrhageClass4NoFluid,StandardMale.xml,1009,72.20975570959106,119.29953099418667,75.77986997367407,90.28642364717827,4.9584908745252045,68.50945719872787,5.196368212671383,15.213898874003949,0.9871004416255391,5.402161234598298,NORMAL
HemorrhageClass4NoFluid,StandardMale.xml,1010,71.94961972828031,119.64637337005799,75.37656713725335,90.13316921485489,4.942142610941547,68.78062115442678,5.192912036164525,15.170633584563518,0.9858231543430288,5.393317188706369,NORMAL
HemorrhageClass4NoFluid,StandardMale.xml,1011,71.62163609188788,119.72006479089089,75.790658097312,90.4337936618383,4.916063531889739,68.78725050265663,5.19622568154248,15.109416120085214,0.9865293406588146,5.386957516924154,NORMAL
HemorrhageClass4NoFluid,StandardMale.xml,1012,71.3242353852178,118.96889618481666,76.16692263727755,90.43424715312392,4.928315666212457,68.72955899507822,5.192120111754839,15.096409629958792,0.9852638279852045,5.393054918768254,NORMAL
HemorrhageClass4NoFluid,StandardMale.xml,1013,71.24914070501471,118.24779418765861,76.34841241860853,90.3148730082919,4.958222456997682,69.11244762307415,5.195573860973269,15.228990423594652,0.9865030276766513,5.385500305664273,NORMAL
HemorrhageClass4NoFluid,StandardMale.xml,1014,71.14956935320322,118.78032241710187,75.92921106973806,90.21291485219267,4.951906664583115,69.53515022005573,5.191835548640478,15.356264479382563,0.9874204367862939,5.391855511020166,NORMAL
HemorrhageClass4NoFluid,StandardMale.xml,1015,71.65720225971153,119.31694036322632,75.75493283843464,90.2756020133652,4.931153537283907,69.53786582207366,5.192494686281206,15.262273576778053,0.9879125716145848,5.384976684256319,NORMAL
HemorrhageClass4NoFluid,StandardMale.xml,1016,71.51279896567631,119.26052529151258,75.30265581051954,89.95527897085056,4.946569217248439,68.88404798060729,5.188234621148851,15.167560841712827,0.9868306894736416,5.386189556065965,NORMAL
HemorrhageClass4NoFluid,StandardMale.xml,1017,71.35435154642175,118.8070091734401,75.8665882625577,90.18006189951849,4.956652154387589,69.18442732279935,5.193911127940811,15.177518066922122,0.9854803727806696,5.378350657804004,NORMAL
HemorrhageClass4NoFluid,StandardMale.xml,1018,71.24260006450318,118.71805647645866,76.13157186380377,90.32706673468873,4.951739752688451,69.43229824529878,5.1952917729819035,15.257563380816354,0.9852609617813741,5.3887959345411005,NORMAL
HemorrhageClass4NoFluid,StandardMale.xml,1019,71.74609156913567,118.1868705690576,75.94189857620053,90.02355590715288,4.948533462704679,69.46163721125059,5.19281096203402,15.273263476728886,0.9844227590670861,5.391336444058387,NORMAL
HemorrhageClass4NoFluid,StandardMale.xml,1020,71.48239374211713,118.84337054889333,75.49706415643033,89.945832953918,4.92421008913908,69.0240792237616,5.189744889471897,15.36701746032449,0.985255733741932,5.3867715315456834,NORMAL
HemorrhageClass4NoFluid,StandardMale.xml,1021,71.74000457083832,118.82425686909224,75.00489095162125,89.61134625744491,4.920548633837083,68.93769204871771,5.186722068906841,15.251145620574112,0.9845861207286156,5.381129685674425,NORMAL
HemorrhageClass4NoFluid,StandardMale.xml,1022,71.86744535322761,118.46421380901934,75.69323420375389,89.95022740550904,4.926641836181647,68.69093539773503,5.188322872570962,15.254519173218403,0.9839909806630859,5.375567427319812,NORMAL
HemorrhageClass4NoFluid,StandardMale.xml,1023,72.1757659677884,117.97396622853074,75.21281112334223,89.4665294917384,4.963692091029354,68.66471353568936,5.189013292098763,15.318066550280687,0.9846090507196587,5.378513048259997,NORMAL
HemorrhageClass4NoFluid,StandardMale.xml,1024,71.88734282988254,118.67523793327598,75.2952863028544,89.7552701796616,4.93693922689275,68.86964984649349,5.189272324264344,15.404594944536843,0.985115954088075,5.379783481520606,NORMAL
HemorrhageClass4NoFluid,StandardMale.xml,1025,71.57576883834427,118.0966099709467,75.25884149046391,89.53809765062483,4.952578588038725,68.7732968844439,5.186147283423106,15.280820923075265,0.9863825538577123,5.38026012371491,NORMAL
HemorrhageClass4NoFluid,StandardMale.xml,1026,72.0349515649358,117.47585257574188,75.91617890404115,89.76940346127472,4.945981957702789,69.20735126852126,5.188204493785422,15.382948399976149,0.9877439949106089,5.374509770971972,NORMAL
HemorrhageClass4NoFluid,StandardMale.xml,1027,71.72682565524008,118.01079430547256,76.19626874284423,90.13444393038701,4.935454419527085,68.76673790833034,5.191282548463156,15.492511695681095,0.9877703530632655,5.378295220779105,NORMAL
HemorrhageClass4NoFluid,StandardMale.xml,1028,71.59472199545019,118.41481576635638,76.34580397138174,90.36880790303995,4.936065705074831,68.88128599983891,5.1917378202366855,15.398094811770981,0.9878583441597266,5.38395911480745,NORMAL
HemorrhageClass4NoFluid,StandardMale.xml,1029,71.59174131348158,118.34441963191878,76.03983969347502,90.14136633962293,4.9660167371394675,68.9926314409794,5.188478794336288,15.326785274209447,0.9868818731603066,5.384796855312198,NORMAL
HemorrhageClass4NoFluid,StandardMale.xml,1030,71.66356508383637,118.483668699886,75.59668846295318,89.89234854193079,4.938508931683222,69.3572722515529,5.1849285032866534,15.339210148328469,0.9854360929097089,5.378799958158613,NORMAL
HemorrhageClass4NoFluid,StandardMale.xml,1031,71.86703634026439,119.08773770022464,75.50323839709756,90.03140483147325,4.961031100811087,68.9679436832072,5.18266092014051,15.314632774094697,0.9857671251304083,5.372267107257562,NORMAL
HemorrhageClass4NoFluid,StandardMale.xml,1032,71.56820546560958,118.36704931392815,75.86354111993408,90.03137718459877,4.987624491203375,69.07970609175962,5.186974590572736,15.208014969745454,0.9848115844549091,5.368094552840928,NORMAL
HemorrhageClass4NoFluid,StandardMale.xml,1033,71.77615112232476,118.31027038699635,75.59357378954041,89.83247265535906,4.976761196902938,69.6373664996789,5.19161276792814,15.335216023472519,0.984966509431549,5.376032089616372,NORMAL
HemorrhageClass4NoFluid,StandardMale.xml,1034,72.17879243573347,117.61805058795395,75.55781781489462,89.57789540591439,5.013049927862703,69.3411539497924,5.191119672745572,15.3452374689024,0.9844128647830132,5.384566747956171,NORMAL
HemorrhageClass4NoFluid,StandardMale.xml,1035,72.04745211591317,117.60644956127894,75.04920734660236,89.23495475149456,5.015846018096142,69.4603456890731,5.19543331153667,15.46741383461493,0.9838689432378196,5.383659409018966,NORMAL
HemorrhageClass4NoFluid,StandardMale.xml,1036,72.20369786961658,117.64076440892107,74.72231431903126,89.02846434899453,5.030994418057004,69.59767580449483,5.1956729930529555,15.469461408636427,0.9827875235219758,5.391596887571922,NORMAL
HemorrhageClass4NoFluid,StandardMale.xml,1037,72.30679337430362,117.90708572855812,75.09489534460036,89.36562547258627,5.032645194703929,69.65627140567777,5.19577807197855,15.46340485928506,0.9840274777825417,5.392037922852619,NORMAL
HemorrhageClass4NoFluid,StandardMale.xml,1038,72.25652920938856,117.76594219071781,75.19487730163755,89.3852322646643,5.065969058496091,69.59470165566051,5.197285035468676,15.416399311350673,0.9836635276765372,5.392231277409795,NORMAL
HemorrhageClass4NoFluid,StandardMale.xml,1039,72.59225470836832,117.5421206051508,74.72325809640532,88.99621226598714,5.020796595043477,70.03441536084438,5.200871453566991,15.441311058343452,0.9833170164668712,5.395004224094077,NORMAL
HemorrhageClass4NoFluid,StandardMale.xml,1040,72.67854285066966,116.9335826320103,75.34289069321774,89.20645467281525,5.005328630591461,69.22860218323984,5.1967752764792055,15.480815429542346,0.9829870094830625,5.401603551973839,NORMAL
HemorrhageClass4NoFluid,StandardMale.xml,1041,72.44143676366126,116.8506669405439,75.61359107909239,89.35928303290956,4.984428386572484,68.97638696022598,5.198513939384835,15.588222004822665,0.9834255543185674,5.394066222271938,NORMAL
HemorrhageClass4NoFluid,StandardMale.xml,1042,72.68972906892019,116.37741746549159,75.42489027164739,89.07573266959545,4.973508853021831,68.91105039595523,5.193829878133172,15.602856573001617,0.9830297905581795,5.397265516462433,NORMAL
HemorrhageClass4NoFluid,StandardMale.xml,1043,72.53342990914446,117.07679186962595,75.57412673193866,89.40834844450109,5.009148197762543,68.58755352856569,5.191989402691362,15.686384812178307,0.9837751952362668,5.388646427677687,NORMAL
HemorrhageClass4NoFluid,StandardMale.xml,1044,72.50712685810807,117.86534237861618,75.47745327215821,89.60674964097754,4.999154433693897,69.1352300443197,5.193355281136379,15.562945663099203,0.9847981049232192,5.385259789376686,NORMAL
HemorrhageClass4NoFluid,StandardMale.xml,1045,72.09524570100814,118.12632087967697,75.34201508620653,89.60345035069668,4.999488479063373,69.03615501699855,5.196535602528036,15.423766986756126,0.9843328658367458,5.387773127045486,NORMAL
HemorrhageClass4NoFluid,StandardMale.xml,1046,72.16984288335723,117.920145812546,75.34251971035684,89.53506174441989,4.999312710720131,69.36316102727979,5.20028594139739,15.377704442990662,0.9852476557653788,5.393625200911728,NORMAL
HemorrhageClass4NoFluid,StandardMale.xml,1047,72.41135998276489,117.97969655975932,75.16460235175106,89.43630042108714,4.963206713001578,69.30232400604233,5.205225355719185,15.414094214617313,0.9849339363602531,5.400526157571161,NORMAL
HemorrhageClass4NoFluid,StandardMale.xml,1048,72.1175018501025,118.32212551275232,74.7731135652818,89.28945088110531,4.995639663362089,68.68019028627671,5.200754895495477,15.403583544624842,0.9844497327007329,5.409615118687775,NORMAL
HemorrhageClass4NoFluid,StandardMale.xml,1049,71.7500181994316,118.70593470730755,74.88759856209991,89.49371061050246,4.972999253225531,69.29935219503729,5.203651054877718,15.343145046550521,0.9849483400854218,5.401389074768485,NORMAL
HemorrhageClass4NoFluid,StandardMale.xml,1050,71.63680982385345,119.04876258933365,74.93780175808052,89.64145536849823,4.979789455676903,69.31639559293299,5.200359902502408,15.275402961474825,0.9846593734513434,5.406718265295499,NORMAL
HemorrhageClass4NoFluid,StandardMale.xml,1051,71.8026161343526,118.86004978409095,75.37874399949457,89.87251259436003,4.956927993855332,69.48809103836352,5.195517159508325,15.21489405267329,0.9852966033835311,5.400662252574303,NORMAL
HemorrhageClass4NoFluid,StandardMale.xml,1052,72.12856360444042,118.8665718838654,75.10728686986404,89.6937152078645,4.999631195743932,69.08091108300216,5.198297667753832,15.248201745894239,0.9851747742265409,5.39175117528792,NORMAL
HemorrhageClass4NoFluid,StandardMale.xml,1053,72.45498931715036,118.81055407241529,75.34949018520352,89.83651148094077,5.021209824952572,69.33863580405313,5.197771023573577,15.247050599324375,0.985359149379139,5.39686755745014,NORMAL
HemorrhageClass4NoFluid,StandardMale.xml,1054,72.47392052353494,118.74648887831069,75.26305670633215,89.75753409699166,4.990205823614921,69.341053236076,5.194453969228561,15.256937708343235,0.9858863532904913,5.395898485377058,NORMAL
HemorrhageClass4NoFluid,StandardMale.xml,1055,72.22823384696572,118.56831842078482,75.1320336421419,89.61079523502288,5.01792679538999,68.95491970151463,5.190541680660657,15.268245175415393,0.9849261585187984,5.38979481073075,NORMAL
HemorrhageClass4NoFluid,StandardMale.xml,1056,72.11681277318559,118.95473423232204,75.40927356199212,89.92442711876876,4.996056073527336,69.47996074292203,5.1923102488168125,15.299692150795124,0.9846496603753973,5.382595852240115,NORMAL
HemorrhageClass4NoFluid,StandardMale.xml,1057,71.78648507106199,118.41123241888806,75.17338967996527,89.58600392627287,5.022759403232829,69.30490139729751,5.1925666843831255,15.231489999436864,0.9848571470167594,5.385850174748038,NORMAL
HemorrhageClass4NoFluid,StandardMale.xml,1058,71.77409509024656,118.56860220759621,74.71492343459208,89.33281635892679,4.9924783027592445,69.8881508038462,5.189525325772666,15.327417732817784,0.9841437594530638,5.386322038969036,NORMAL
HemorrhageClass4NoFluid,StandardMale.xml,1059,72.05787524947937,118.72392868470267,74.4771061777172,89.22604701337903,5.021681288294053,69.53250015420353,5.195000703387332,15.299642062598714,0.9841697465638412,5.3807256689641605,NORMAL
HemorrhageClass4NoFluid,StandardMale.xml,1060,71.66331123981382,119.14228242602438,74.15676636814892,89.15193838744074,5.026923008877981,69.65964249975818,5.199072142871926,15.27222703561155,0.9854378546182576,5.390800850148878,NORMAL
HemorrhageClass4NoFluid,StandardMale.xml,1061,71.64994803906762,118.81686864616019,74.5622687530502,89.31380205075354,4.990563464787191,70.03673762978843,5.203577951652111,15.198387859431332,0.9860755490554342,5.398292660463483,NORMAL
HemorrhageClass4NoFluid,StandardMale.xml,1062,71.42584981593352,118.17758935950071,75.01258311632672,89.40091853071806,5.026454511965772,69.60790533191162,5.203511450022058,15.255823189989034,0.9869764976491356,5.406583748866677,NORMAL
HemorrhageClass4NoFluid,StandardMale.xml,1063,71.88966518769107,118.76089993502661,74.83077732873146,89.47415153082984,5.0536980207580156,70.22141838569497,5.200611458532453,15.368655588061728,0.9856852961229763,5.4064613799600885,NORMAL
HemorrhageClass4NoFluid,StandardMale.xml,1064,72.1550152925219,118.43249211119091,75.06935607887128,89.52373475631116,5.037745680963876,70.17901686295885,5.203046311300081,15.265701632832437,0.9848383171078353,5.4011251380151215,NORMAL
HemorrhageClass4NoFluid,StandardMale.xml,1065,72.06521098597136,117.88366202070357,74.78889472871754,89.15381715937954,5.0703147747138155,69.77590600834728,5.202197495824154,15.323665410296348,0.9841141623195433,5.405605483393725,NORMAL
HemorrhageClass4NoFluid,StandardMale.xml,1066,72.1249749951689,117.88383410583245,74.78084933087655,89.14851092252852,5.096851195382585,70.23894791615389,5.200186693223563,15.420533581276409,0.9839563339394478,5.404043587518368,NORMAL
HemorrhageClass4NoFluid,StandardMale.xml,1067,72.24851162993826,118.54612543416305,75.37942355977387,89.76832418457026,5.118915944150122,70.51032614987774,5.198801746180276,15.420503208357765,0.9846867945576172,5.400343532115178,NORMAL
HemorrhageClass4NoFluid,StandardMale.xml,1068,72.46055640688155,117.81145789869534,76.01250940489089,89.94549223615904,5.11155078254131,70.67646499425068,5.202312282931034,15.30360919918569,0.9851985073854252,5.39779510653171,NORMAL
HemorrhageClass4NoFluid,StandardMale.xml,1069,72.72975031498217,118.10056761698712,76.35760276392014,90.27192438160914,5.075874974421641,70.41872223905693,5.202654682028857,15.433277564081632,0.9846104411162966,5.4042548059914814,NORMAL
HemorrhageClass4NoFluid,StandardMale.xml,1070,72.96425591438178,117.89674774827954,76.69028369019136,90.42577170955408,5.035538639969902,69.77893866698918,5.206111954724589,15.38224987790171,0.9857145299423292,5.404884850746534,NORMAL
HemorrhageClass4NoFluid,StandardMale.xml,1071,72.70024278282672,118.48258494766746,76.48074390037604,90.48135758280651,5.06904708992916,69.1145015899064,5.203178606706947,15.418223958465637,0.9844281502656516,5.411246539613652,NORMAL
HemorrhageClass4NoFluid,StandardMale.xml,1072,72.83147648151193,118.05552435848244,76.07671879253571,90.06965398118463,5.091075134522956,69.72060906855768,5.207083367359453,15.314824055689902,0.9848679309538743,5.40584891869406,NORMAL
HemorrhageClass4NoFluid,StandardMale.xml,1073,72.9843291638891,118.42243733523152,75.95525067592905,90.11097956236321,5.041661555832247,69.88027292461793,5.210181458458876,15.390199985124248,0.985848083952956,5.413034025151665,NORMAL
HemorrhageClass4NoFluid,StandardMale.xml,1074,73.15829689377587,118.33232743662111,75.85606244236419,90.01481744044983,5.063408559329745,69.17180398083234,5.211541254166933,15.325440072024417,0.9869105585857717,5.418734787975739,NORMAL
HemorrhageClass4NoFluid,StandardMale.xml,1075,73.20452633648932,118.74743914549266,76.11115417627668,90.32324916601534,5.055474239851579,69.29517441847513,5.209137029899943,15.3413444133076,0.987064146581693,5.421236932868208,NORMAL
HemorrhageClass4NoFluid,StandardMale.xml,1076,73.2369251932962,118.99251245961337,76.0420073200367,90.35884236656226,5.010277463999444,69.16500085375769,5.2039274615547635,15.26807745384645,0.9873238840677034,5.416812946651488,NORMAL
HemorrhageClass4NoFluid,StandardMale.xml,1077,73.11683376822333,119.28331621632495,75.6003819977182,90.16136007058712,5.000962254404688,68.60325272042712,5.204896401799562,15.224822165722918,0.9865792419646879,5.407226878134264,NORMAL
HemorrhageClass4NoFluid,StandardMale.xml,1078,72.58017179325913,118.65347400116508,75.6669774200305,89.99580961374203,5.038407324024492,68.58501347929037,5.207811120942172,15.17349548281133,0.9872424608588332,5.4090098142549365,NORMAL
HemorrhageClass4NoFluid,StandardMale.xml,1079,72.75257283305177,118.83674351163624,76.05727935857723,90.31710074293024,5.018846390724409,69.44869470321665,5.206970232994413,15.284662243610448,0.9877686799146258,5.414373156389679,NORMAL
HemorrhageClass4NoFluid,StandardMale.xml,1080,72.4246984260201,119.00087717763775,76.44267118773665,90.62873985103701,5.040299813044261,69.08018680698756,5.203399561131447,15.25231528854465,0.9872907977650063,5.41282584787035,NORMAL
HemorrhageClass4NoFluid,StandardMale.xml,1081,72.0932250652115,119.41021702723455,76.92436453785182,91.08631536764607,5.0656823317276105,69.59356090785636,5.2003726185659644,15.223345798173415,0.988451963340217,5.406255494462357,NORMAL
HemorrhageClass4NoFluid,StandardMale.xml,1082,72.4148161093531,119.45046152353234,76.96770167053485,91.12862162153401,5.089486144219684,70.16088119964418,5.205084101347902,15.151097568298688,0.9872707581986869,5.400685651260806,NORMAL
HemorrhageClass4NoFluid,StandardMale.xml,1083,72.50063162896221,118.81628614074647,76.73523562020618,90.76225246038628,5.0718858302073695,70.19076642716394,5.202279176848259,15.143994439632916,0.9858563821997595,5.409355198097094,NORMAL
HemorrhageClass4NoFluid,StandardMale.xml,1084,72.3042186338833,119.34651090266499,76.18966378007217,90.57527948760311,5.079802911418907,69.91195209813044,5.201448531282344,15.2559260018337,0.9870478768063777,5.404193887858385,NORMAL
HemorrhageClass4NoFluid,StandardMale.xml,1085,72.21203944328654,119.4313457607301,75.70959251726191,90.28351026508464,5.086264477201947,70.16255239198458,5.198238154768426,15.162341659820353,0.9879699477904144,5.402665426231474,NORMAL
HemorrhageClass4NoFluid,StandardMale.xml,1086,72.39930076782872,118.96630496236314,75.73671808528663,90.14658037764546,5.045196715322144,70.31352936387516,5.201942401411805,15.147368359925618,0.9880327322358031,5.396758048270499,NORMAL
HemorrhageClass4NoFluid,StandardMale.xml,1087,72.72308577832766,118.54891527928336,75.98028090718026,90.1698256978813,5.03264651294382,69.67226098263414,5.200872336589064,15.229447772752483,0.9867280769109632,5.403574191139798,NORMAL
HemorrhageClass4NoFluid,StandardMale.xml,1088,72.42416693304214,118.15093528320068,76.12381424973347,90.13285459422254,5.06088679937274,69.26795887017899,5.199498965801754,15.303116793250215,0.9871427087684093,5.40160517681289,NORMAL
HemorrhageClass4NoFluid,StandardMale.xml,1089,72.31380980165522,117.44764825908283,75.66911161511368,89.59529049643673,5.038641099135135,69.84065640960249,5.201469261863793,15.373360016016935,0.9875319445823614,5.399078052568731,NORMAL
HemorrhageClass4NoFluid,StandardMale.xml,1090,72.42759449448006,117.8043857328251,75.99131695170709,89.92900654541309,5.0139951623768955,69.66110256761138,5.19730458039223,15.497489740099322,0.9860057584120862,5.402703572342821,NORMAL
HemorrhageClass4NoFluid,StandardMale.xml,1091,72.21637479493039,117.45614903063577,76.4822090816133,90.1401890646208,5.051871251906628,69.27610538982184,5.201913313646535,15.43452579697664,0.9873269719424302,5.395040188489578,NORMAL
HemorrhageClass4NoFluid,StandardMale.xml,1092,72.25573835156648,117.86759178059533,75.8801622668614,89.87597210477271,5.025258592536354,69.89699445423086,5.202956912303384,15.495989359186314,0.9865484396055574,5.403520667067857,NORMAL
HemorrhageClass4NoFluid,StandardMale.xml,1093,72.12513830465113,117.7024118548127,76.45591294424112,90.20474591443164,5.026660946739204,69.54631179929542,5.203525359748192,15.423369968700271,0.9857055081669547,5.405440981298556,NORMAL
HemorrhageClass4NoFluid,StandardMale.xml,1094,72.10545195587808,118.33983710124501,76.85581786350583,90.68382427608556,4.993665348209211,69.66630768516184,5.2014166614138135,15.452524123274738,0.9857403702511599,5.406486975091767,NORMAL
HemorrhageClass4NoFluid,StandardMale.xml,1095,71.7997733464665,117.76348406786258,76.20825120750631,90.05999549429173,4.964738349938701,69.28509416479805,5.205020187012716,15.34001896215359,0.9866855856277879,5.402606782842399,NORMAL
HemorrhageClass4NoFluid,StandardMale.xml,1096,72.03432697534167,118.38800728193819,75.92329165541436,90.07819686425563,4.999587365693656,69.17740034717359,5.205748110727756,15.441744915504636,0.9873355053990415,5.409237590042888,NORMAL
HemorrhageClass4NoFluid,StandardMale.xml,1097,71.83911090277896,118.08062966669976,76.40351129529637,90.29588408576417,4.984885729996226,69.41238184246102,5.210234167828594,15.331516955101854,0.9879397949386857,5.410577034339486,NORMAL
HemorrhageClass4NoFluid,StandardMale.xml,1098,71.58928694519568,118.56540255689355,76.54500084146844,90.5518014132768,5.010755388023128,69.38941783526168,5.204948110831788,15.385768913776207,0.9866506043346163,5.418831777898156,NORMAL
HemorrhageClass4NoFluid,StandardMale.xml,1099,71.44762502779648,117.8491731526089,76.19323031080408,90.07854459140569,5.025800637186451,69.90039658057333,5.203916780398981,15.300206798965608,0.9880042345289012,5.409104963467508,NORMAL
HemorrhageClass4NoFluid,StandardMale.xml,1100,71.88951869593782,117.2240041663072,75.99834929026512,89.74023424894581,5.0390883335577605,70.19599844655427,5.20345560707403,15.42662084512985,0.9877429948485851,5.4072072238588245,NORMAL
HemorrhageClass4NoFluid,StandardMale.xml,1101,72.18621623948407,117.8288171008881,75.54692833461255,89.64089125670439,5.001371042755685,70.00301244274198,5.206861043083832,15.536962783930491,0.9865656419821319,5.40635862397523,NORMAL
HemorrhageClass4NoFluid,StandardMale.xml,1102,71.88709696327665,117.8611644912612,75.32751552315864,89.50539851252616,5.032460088443978,69.31417806108203,5.207169238385949,15.43021367564834,0.9866911023339173,5.412624928735621,NORMAL
HemorrhageClass4NoFluid,StandardMale.xml,1103,72.2848646954408,117.91389966280924,75.49147990551269,89.63228649127821,5.0214524526072175,69.92503620880042,5.202364372362087,15.424504381286148,0.9873606495378415,5.413192035468276,NORMAL
HemorrhageClass4NoFluid,StandardMale.xml,1104,72.37475429950067,118.46633149634383,74.9823871940404,89.4770352948082,5.033101644646975,69.47767435686019,5.203981721680219,15.415196656176466,0.9868544118304886,5.404350655171685,NORMAL
HemorrhageClass4NoFluid,StandardMale.xml,1105,72.37909366811026,119.0432438912113,75.50633250100756,90.01863629774215,5.000997121684551,69.54661931753496,5.199473993159944,15.317692779779787,0.9876982389237812,5.4073267215849885,NORMAL
HemorrhageClass4NoFluid,StandardMale.xml,1106,72.43800710289904,118.85633722383442,76.1105817984001,90.35916694021154,5.008400723499774,69.1583239360538,5.194574103952201,15.215868099473145,0.9888918111925652,5.3990321006894995,NORMAL
HemorrhageClass4NoFluid,StandardMale.xml,1107,72.48354809082392,119.38696930346705,75.88748665653155,90.38731420551005,5.025806018930577,69.20092038096692,5.1973511302422235,15.248857010479647,0.989952847487931,5.390015869293727,NORMAL
HemorrhageClass4NoFluid,StandardMale.xml,1108,72.45122244121478,118.81990971974557,75.35912602121444,89.84605392072481,5.03386218985306,69.3736933488663,5.195794630641146,15.155200777142081,0.9882234447397391,5.395125844348554,NORMAL
HemorrhageClass4NoFluid,StandardMale.xml,1109,72.02600896034144,119.35622805217317,75.29209981466867,89.98014256050351,5.021263063777383,69.49556471049769,5.192910981417728,15.255286442385106,0.989360860258098,5.392261746819866,NORMAL
HemorrhageClass4NoFluid,StandardMale.xml,1110,72.31370674427099,118.62173068598833,75.79809527899837,90.07264041466169,4.991467734779612,69.6798429736484,5.196272713499635,15.160626588951768,0.9883669927904404,5.386955576096355,NORMAL
HemorrhageClass4NoFluid,StandardMale.xml,1111,72.45888821201493,118.76436542298076,75.36654209002201,89.83248320100826,4.991871175654408,69.09523685157575,5.195894315067791,15.290264919074701,0.9890168424986969,5.393141461747232,NORMAL
HemorrhageClass4NoFluid,StandardMale.xml,1112,72.22378693717066,118.9334968368335,74.9985193586935,89.64351185140683,5.006194925521202,68.98659212133542,5.19954311625312,15.265089976355345,0.9887336331823499,5.3924451750197875,NORMAL
HemorrhageClass4NoFluid,StandardMale.xml,1113,72.17491967626202,119.3633863211767,75.0879240600043,89.8464114803951,5.010414810179611,69.3425723805785,5.1988103524649425,15.235238386584385,0.9892045802861669,5.399159293321096,NORMAL
HemorrhageClass4NoFluid,StandardMale.xml,1114,72.39200760596555,119.36259910228736,75.11602291504431,89.86488164412533,5.003109736680503,69.43173476338727,5.194309852326184,15.15936315890707,0.9883936351503381,5.397810942859985,NORMAL
HemorrhageClass4NoFluid,StandardMale.xml,1115,72.29176858293594,118.81641178449223,75.44337680360209,89.90105513056547,4.975101338070932,69.17353620413374,5.194718033951872,15.159502102553368,0.988510973809359,5.389529622828579,NORMAL
HemorrhageClass4NoFluid,StandardMale.xml,1116,72.25862213873279,118.42746510531771,75.43360837598934,89.76489395243213,5.010992517124538,68.91601733485257,5.194916470290881,15.255903825790408,0.987176071459175,5.390280713278317,NORMAL
HemorrhageClass4NoFluid,StandardMale.xml,1117,71.91397369708189,118.9413016975391,75.91000669129158,90.25377169337409,5.011376534719285,69.37277842162639,5.193277743223579,15.324552673718824,0.9856452672150406,5.390645853769046,NORMAL
HemorrhageClass4NoFluid,StandardMale.xml,1118,71.59079363601745,118.1938286975977,75.44973978954188,89.69776942556048,5.00385514822053,69.64955069624337,5.189760068824029,15.233860833504824,0.986076240258953,5.3876304503983,NORMAL
HemorrhageClass4NoFluid,StandardMale.xml,1119,71.71975273374503,117.82578568875324,75.220229313876,89.42208143883508,4.969883507715357,69.81572630591303,5.190613254189798,15.365789354947605,0.9848319953120475,5.381157617030718,NORMAL
HemorrhageClass4NoFluid,StandardMale.xml,1120,71.89981560338342,117.39762948414739,74.93050454623369,89.08621285887159,4.965329265423474,69.30269413217813,5.187196682597128,15.430748718012232,0.9859756942666242,5.3827275538915575,NORMAL
HemorrhageClass4NoFluid,StandardMale.xml,1121,71.75609396614206,117.59050162900412,75.00217135311496,89.19828144507801,4.983565495746751,69.1057366469842,5.189458483276428,15.506318022889644,0.9851929052296011,5.376440758669522,NORMAL
HemorrhageClass4NoFluid,StandardMale.xml,1122,72.17368233063543,118.15850170153185,74.74404939037424,89.21553349409345,4.960560282735652,69.43916433694656,5.192771629609484,15.472276208803457,0.9854896399992406,5.380602672833511,NORMAL
HemorrhageClass4NoFluid,StandardMale.xml,1123,72.43949170123587,117.5887401829024,74.93287868078399,89.15149918149012,4.926278346297808,68.83364584204519,5.189516360798993,15.372024547868751,0.9844656966000905,5.386699156390668,NORMAL
HemorrhageClass4NoFluid,StandardMale.xml,1124,72.34152127065425,117.90559320723557,75.50080536629595,89.63573464660915,4.973356632277212,68.21592371635305,5.191373460709419,15.472587102949227,0.9844685846230087,5.380709172616248,NORMAL
HemorrhageClass4NoFluid,StandardMale.xml,1125,72.37441346670491,118.5801769468428,75.39233682167837,89.78828353006651,4.990807704780489,68.85625393088765,5.193966134251676,15.416662740439511,0.9841960659635229,5.384126401416241,NORMAL
HemorrhageClass4NoFluid,StandardMale.xml,1126,72.14866914647523,117.98712964444208,74.88039022894262,89.24930336744244,4.960984402623619,69.03982874473883,5.189607427984787,15.297599128292049,0.9856719060709899,5.388897151039263,NORMAL
HemorrhageClass4NoFluid,StandardMale.xml,1127,72.40892962646501,117.58156322355327,75.19029571098324,89.32071821517324,4.978157426971811,68.85828902491119,5.189796256901776,15.402271609783005,0.9859963608811578,5.380876744327541,NORMAL
HemorrhageClass4NoFluid,StandardMale.xml,1128,72.56681249032555,117.19801107466265,75.04653991643006,89.09703030250759,4.978139200603306,68.86125255906511,5.190351994029228,15.473853831828343,0.9844821467483379,5.381224206308332,NORMAL
HemorrhageClass4NoFluid,StandardMale.xml,1129,72.19695121159911,116.80563839337114,75.40169215636138,89.20300756869797,5.018158705791247,68.73819777058912,5.190838297980802,15.541550548503471,0.9856029413445325,5.382246811988562,NORMAL
HemorrhageClass4NoFluid,StandardMale.xml,1130,72.22943102929933,116.52785336961871,75.55531173529126,89.21282561340041,5.042448463362774,69.50740708870536,5.187080049030932,15.610804083683185,0.9840783556593239,5.383141654457477,NORMAL
HemorrhageClass4NoFluid,StandardMale.xml,1131,72.29217014366756,116.99916509900999,76.18294830930415,89.78835390587277,5.064686935647799,69.77348925410364,5.19048385440733,15.659832968292367,0.9844395649238192,5.3762261425472495,NORMAL
HemorrhageClass4NoFluid,StandardMale.xml,1132,72.28265230195098,116.82385064459132,76.14644713204508,89.70558163622717,5.054963751765431,69.99074003135975,5.192155116154279,15.576646740024449,0.9848188607179815,5.382489446797329,NORMAL
HemorrhageClass4NoFluid,StandardMale.xml,1133,72.37435046574785,117.4054167686274,76.11472093518395,89.87828621299843,5.064790087994897,69.88159906024758,5.193065446523781,15.607589632625007,0.9845993574579271,5.385564716868657,NORMAL
HemorrhageClass4NoFluid,StandardMale.xml,1134,72.15917235892636,116.8641969365086,76.5726935053239,90.00319464905213,5.049536092053207,69.92684804445403,5.193353282521709,15.504943572003011,0.9846157574679502,5.387239805612513,NORMAL
HemorrhageClass4NoFluid,StandardMale.xml,1135,72.48149088612128,116.7831270732394,76.7424175730457,90.08932073977694,5.004606297417769,69.91431331527271,5.191764832523016,15.600468537095448,0.9837230836970275,5.387769449416959,NORMAL
HemorrhageClass4NoFluid,StandardMale.xml,1136,72.26928930763678,116.55105776969341,76.31882402268626,89.72956860502198,5.036718709764543,69.12145323433758,5.190814810145655,15.614777317741055,0.9841314806859132,5.384846560318527,NORMAL
HemorrhageClass4NoFluid,StandardMale.xml,1137,72.49444914528462,116.94105436079207,75.83875149300371,89.53951911559983,5.015302161360446,69.67318627453832,5.193663069236648,15.655737406053916,0.9855803337609071,5.3830984347544,NORMAL
HemorrhageClass4NoFluid,StandardMale.xml,1138,72.67128531771392,117.30783396448861,76.13920025069314,89.86207815529163,5.036942918598022,69.23938289708906,5.197167292834947,15.586903249321292,0.9865675266873126,5.3883394844905705,NORMAL
HemorrhageClass4NoFluid,StandardMale.xml,1139,72.6470758364474,117.08460571896443,76.42194895227476,89.97616787450465,5.045389515873333,69.35978786325117,5.19368474913472,15.522166876482611,0.98554064684185,5.3947875671890255,NORMAL
HemorrhageClass4NoFluid,StandardMale.xml,1140,72.61438009267812,116.63343259814818,76.27154987775873,89.72551078455521,5.07884854702146,69.47969656837888,5.192226207648392,15.56156652353151,0.9846257179311918,5.388379377428832,NORMAL
HemorrhageClass4NoFluid,StandardMale.xml,1141,72.14065134485838,116.1193913346377,76.6967292544009,89.83761661447984,5.056915572827271,69.90540022684532,5.1894338204174595,15.641198299861463,0.985639489938338,5.3856955315328285,NORMAL
HemorrhageClass4NoFluid,StandardMale.xml,1142,72.43072155801858,115.68512668871976,76.09126011244415,89.28921563786935,5.043788489239702,70.01772112284118,5.191454274706554,15.731926264431198,0.9844504232444415,5.380557290982226,NORMAL
HemorrhageClass4NoFluid,StandardMale.xml,1143,72.13192149655532,115.61808247032515,75.88892582334735,89.13197803900661,5.026378551711928,69.63061647007612,5.187604316758386,15.808573705416112,0.9856275059171321,5.384275106349616,NORMAL
HemorrhageClass4NoFluid,StandardMale.xml,1144,71.92200117466717,115.40961488116204,76.13014008195547,89.22329834835766,5.024097978925686,69.65754719690393,5.19029027976955,15.82040696843,0.9861965480661576,5.377190841736077,NORMAL
HemorrhageClass4NoFluid,StandardMale.xml,1145,72.27744564175865,115.62695054517039,76.06341098699554,89.25125750638715,5.048217763287553,69.7964890518461,5.187175934583887,15.857201368775144,0.984918552943288,5.382133252268721,NORMAL
HemorrhageClass4NoFluid,StandardMale.xml,1146,72.31561131426503,116.30080996730575,76.59282019234621,89.82881678399939,5.067687731611006,69.80475741413777,5.183620984613129,15.818841758713438,0.9837412983416365,5.376402580482127,NORMAL
HemorrhageClass4NoFluid,StandardMale.xml,1147,72.36234158193137,117.01968732305907,77.01634490817804,90.35079237980506,5.031239602406387,70.00815061476061,5.1828518082533686,15.699905988151059,0.9836664922997717,5.369861156752364,NORMAL
HemorrhageClass4NoFluid,StandardMale.xml,1148,72.30137748961823,117.46044975079916,76.41607432015525,90.09753279703655,5.038848358597922,69.53406847947454,5.182568977215645,15.573024580192955,0.9826864310810748,5.368445803925038,NORMAL
HemorrhageClass4NoFluid,StandardMale.xml,1149,72.5256230924076,117.43860042157301,76.26608410524469,89.99025621068746,5.05519943661691,69.6734038722022,5.181415845492149,15.495230284741698,0.9837988494853904,5.367925369691955,NORMAL
HemorrhageClass4NoFluid,StandardMale.xml,1150,72.30339984610656,117.51159843044653,75.7370990327452,89.66193216531231,5.037646080274085,69.69249222808644,5.185450204569561,15.499086677814821,0.9834768183971992,5.365803504888886,NORMAL
HemorrhageClass4NoFluid,StandardMale.xml,1151,72.38039898841845,117.08124282799015,76.07219931596768,89.74188048664183,5.026372331750492,69.6573814927636,5.183895362019527,15.486202574469678,0.9845039113098014,5.373227083960451,NORMAL
HemorrhageClass4NoFluid,StandardMale.xml,1152,72.24217188525553,117.0622326886232,76.01421934940937,89.69689046248065,5.051052829912726,69.46150276337917,5.188129091240161,15.562160071705213,0.9841288994803873,5.370366035552877,NORMAL
HemorrhageClass4NoFluid,StandardMale.xml,1153,71.82208391160155,116.67624128062278,75.42448698796701,89.1750717521856,5.068756319224647,69.86672008273307,5.193514665102015,15.565515349527022,0.9829528834759439,5.378156473397873,NORMAL
HemorrhageClass4NoFluid,StandardMale.xml,1154,71.70617828446429,117.50650992452223,75.08930116754142,89.22837075320169,5.024520799882847,70.41472668102023,5.196625127700667,15.633642593923948,0.9835970903927724,5.388066407700217,NORMAL
HemorrhageClass4NoFluid,StandardMale.xml,1155,71.87261172912203,118.12801212113808,74.66568289662311,89.15312597146144,5.031785144475027,69.97346412805923,5.199028662761126,15.487100692613074,0.9841903457469788,5.3937899351818235,NORMAL
HemorrhageClass4NoFluid,StandardMale.xml,1156,71.91152599561315,117.82698449520676,74.70487267084202,89.07890994563027,5.042023491879374,69.92843255116435,5.199642430880909,15.37740593992047,0.9836680511956465,5.398212653197305,NORMAL
HemorrhageClass4NoFluid,StandardMale.xml,1157,72.12172161338425,118.42023754740245,74.26653682376997,88.9844370649808,5.018811695961583,70.02085130486859,5.19994893788521,15.430537129415828,0.9850358997169177,5.399342041058272,NORMAL
HemorrhageClass4NoFluid,StandardMale.xml,1158,72.25989327929804,118.29552300491709,74.11638440189239,88.84276393623395,5.019861466766274,69.57463650083027,5.202836436376256,15.325828333213519,0.9854891405962275,5.399906041172978,NORMAL
HemorrhageClass4NoFluid,StandardMale.xml,1159,72.37075939273845,118.8035429915919,74.67559078076775,89.3849081843758,5.009577923048318,69.47824588035353,5.199582604988036,15.347840372703635,0.9848546253105336,5.40521929489085,NORMAL
HemorrhageClass4NoFluid,StandardMale.xml,1160,71.93312825471254,118.47741429580228,75.1013313850758,89.5600256886513,5.027507067600941,69.2677294985967,5.195876034510487,15.258175159765319,0.9863420207375566,5.399231956101097,NORMAL
HemorrhageClass4NoFluid,StandardMale.xml,1161,71.77239233319578,117.85126403229454,75.2690707525129,89.46313517910679,5.025552138199425,69.82872762002386,5.198776231828055,15.315736672540975,0.9852148007045927,5.392411537170499,NORMAL
HemorrhageClass4NoFluid,StandardMale.xml,1162,71.43596358378758,118.28397914813493,75.46596152518406,89.73863406616768,5.001457766227666,69.93309129515424,5.201615656800038,15.426251806160598,0.9858771539277177,5.397748157857201,NORMAL
HemorrhageClass4NoFluid,StandardMale.xml,1163,71.92776980038384,117.70522938736853,75.00064758646441,89.23550818676578,4.991102014768617,69.91038750001638,5.202756371338013,15.349877856274464,0.9853704406096793,5.402972952029666,NORMAL
HemorrhageClass4NoFluid,StandardMale.xml,1164,71.57904921262315,117.951213234499,74.66777435693999,89.09558731612633,4.97612342226273,69.39430986808647,5.204904571012026,15.452026830524048,0.9852002632955441,5.405071968108366,NORMAL
HemorrhageClass4NoFluid,StandardMale.xml,1165,72.04171509484829,118.38448841751115,75.41111509113412,89.73557286659313,4.984549700564281,69.48959986476473,5.208455812144721,15.408610833888352,0.9855674841819674,5.409024846331535,NORMAL
HemorrhageClass4NoFluid,StandardMale.xml,1166,72.06078435622518,118.47307831800828,75.30071545399598,89.69150307533342,4.9693693164702815,69.22558591113092,5.210627615363149,15.332138032493352,0.9861666740566166,5.41555944546981,NORMAL
HemorrhageClass4NoFluid,StandardMale.xml,1167,72.18771306337817,118.71758152073146,75.40648353106079,89.84351619428435,4.953257603898483,69.02794015864886,5.208056347786505,15.316501969935551,0.9863204990870563,5.419555756311388,NORMAL
HemorrhageClass4NoFluid,StandardMale.xml,1168,72.41196063611928,118.43903801533547,74.99380895260515,89.47555197351525,4.976411283498026,68.73495026124293,5.210696574077605,15.27334730612051,0.9849607592998734,5.414824395566571,NORMAL
HemorrhageClass4NoFluid,StandardMale.xml,1169,71.98703977988394,118.93136270424021,75.0835432031107,89.69948303682054,4.975244589944387,68.83796473516803,5.20853426539888,15.322510062269913,0.9850426636224877,5.4196826464715375,NORMAL
HemorrhageClass4NoFluid,StandardMale.xml,1170,72.05998063554242,118.8484477008598,75.06496868560087,89.65946169068718,4.959635578887899,69.15658191426263,5.207840176270281,15.23561505966504,0.9848095190125518,5.415703806426407,NORMAL
HemorrhageClass4NoFluid,StandardMale.xml,1171,72.00117195485157,119.352202318744,75.1622870412323,89.89225880040287,5.002870774055862,68.91145655860542,5.210451428690215,15.250249506397243,0.9837577875754443,5.414426620774362,NORMAL
HemorrhageClass4NoFluid,StandardMale.xml,1172,71.70265869777856,119.48892515268827,74.81598313421304,89.70696380703812,5.0188505853678524,69.47808257345247,5.213248495167274,15.16133712840814,0.9827112838700174,5.419231557182657,NORMAL
HemorrhageClass4NoFluid,StandardMale.xml,1173,71.52667156287947,119.27666962186058,75.25090435058092,89.92615944100747,5.051866720737305,69.90777328797995,5.210882524577239,15.137205632914462,0.9842497447662697,5.42437840796179,NORMAL
HemorrhageClass4NoFluid,StandardMale.xml,1174,71.69375162321403,118.99872478972104,74.88396512335491,89.58888501214362,5.050703294293797,70.44809390924982,5.205415227370225,15.174668602616839,0.9832696453947474,5.420024811908711,NORMAL
HemorrhageClass4NoFluid,StandardMale.xml,1175,71.64643891919337,119.56879967502921,74.77901477743234,89.7089430766313,5.04282760851074,70.29972450237533,5.207894286706629,15.223725693307347,0.982334416327307,5.409964499391847,NORMAL
HemorrhageClass4NoFluid,StandardMale.xml,1176,71.78222806536155,118.75257231920132,75.39558783704432,89.84791599776332,5.068250883816267,70.24249298863037,5.204418908948923,15.123107829202201,0.9835049198378965,5.414526188783832,NORMAL
HemorrhageClass4NoFluid,StandardMale.xml,1177,71.81273834495063,118.1354018083695,75.28498687051962,89.56845851646958,5.0887993056938825,70.44061811284124,5.203241344040345,15.267171451866787,0.9838436371228014,5.408131184994424,NORMAL
HemorrhageClass4NoFluid,StandardMale.xml,1178,71.89929430499488,118.67989387964016,75.70662234654964,90.03104619091314,5.074996359494288,70.66405761344662,5.205182515434003,15.376101664701913,0.9842532239241985,5.405964360960423,NORMAL
HemorrhageClass4NoFluid,StandardMale.xml,1179,72.12711013568797,118.60667364864973,75.69421852702705,89.99837023423461,5.061007037915199,70.42804915402019,5.204258891767161,15.279999151426267,0.985411969500168,5.409536288757568,NORMAL
HemorrhageClass4NoFluid,StandardMale.xml,1180,71.96424200635552,118.95512388548588,75.9275515721361,90.27007567658602,5.0456559190655685,70.07767695470262,5.201246592416479,15.292922476837383,0.9850652216252284,5.407836739165774,NORMAL
HemorrhageClass4NoFluid,StandardMale.xml,1181,72.00351939156796,119.4842051594386,76.4041162849459,90.7641459097768,5.058451130786823,70.02261251490404,5.2026060856866945,15.231421225894831,0.9861578675119895,5.402293840780201,NORMAL
HemorrhageClass4NoFluid,StandardMale.xml,1182,72.16864833503448,119.4105991670998,76.712021907472,90.94488099401461,5.067261901418232,70.14538714143637,5.203008158130822,15.138038708799073,0.9849366343713443,5.404795429160178,NORMAL
HemorrhageClass4NoFluid,StandardMale.xml,1183,72.18555983693712,118.81424682242802,76.770801993696,90.78528360327334,5.064456302488493,70.11980393213119,5.198296382946508,15.151030120849203,0.9851524339569627,5.4055352781731685,NORMAL
HemorrhageClass4NoFluid,StandardMale.xml,1184,71.90344024334073,118.68474026775208,77.15646750823518,90.99922509474081,5.025498398242,70.07263972624453,5.202794414745173,15.256285940253584,0.9841794762149811,5.396865193290536,NORMAL
HemorrhageClass4NoFluid,StandardMale.xml,1185,71.53612242454655,119.00574102980468,76.71492302722558,90.81186236141862,5.038553414098799,69.82811611592672,5.206447543965862,15.279143766926769,0.9840777700825247,5.405141971356908,NORMAL
HemorrhageClass4NoFluid,StandardMale.xml,1186,71.86574598261332,119.03716009321312,76.51307479541109,90.68776989467842,4.997019794160158,70.27934100505955,5.20955177017101,15.222487331279027,0.9827212972604844,5.411864053627738,NORMAL
HemorrhageClass4NoFluid,StandardMale.xml,1187,71.8396960430725,118.79620156261824,76.88436501027101,90.85497719438675,4.982807120250063,69.51468657339815,5.2063598307273375,15.216941886051014,0.9817474261443349,5.417576105591321,NORMAL
HemorrhageClass4NoFluid,StandardMale.xml,1188,71.5482211270623,118.23806380257743,76.3532904858364,90.31488159141674,4.965540234537159,69.36388318640425,5.201747612373478,15.259470917431278,0.9814278702460137,5.4117026534773505,NORMAL
HemorrhageClass4NoFluid,StandardMale.xml,1189,71.55593589056856,117.74695803557556,76.44914827398533,90.21508486118208,4.95615084658447,69.38600627281592,5.196879592927329,15.357981886321582,0.9803889873182745,5.403215762006312,NORMAL
HemorrhageClass4NoFluid,StandardMale.xml,1190,71.54838282625715,117.52474929954815,76.29175933499148,90.03608932317704,4.947925561245071,69.26626668509522,5.195884218484452,15.444661749965697,0.9817408877323693,5.394258173802838,NORMAL
HemorrhageClass4NoFluid,StandardMale.xml,1191,71.32702014204011,117.16417597012044,76.56003719619686,90.09475012083806,4.961740146049308,69.17270312949404,5.196143092613809,15.483881454219983,0.9827586418974676,5.392426596409571,NORMAL
HemorrhageClass4NoFluid,StandardMale.xml,1192,71.3570496377903,116.72350180316201,75.96698946445993,89.55249357736062,4.964019260822101,69.51577537480975,5.195522238537502,15.547522423494897,0.9828903655264553,5.392902947803185,NORMAL
HemorrhageClass4NoFluid,StandardMale.xml,1193,71.39959179755144,116.50073093319907,76.4342553798663,89.78974723097723,4.950341871460188,69.51950534509284,5.200515007454695,15.62530114097287,0.9835843348727613,5.391760521152772,NORMAL
HemorrhageClass4NoFluid,StandardMale.xml,1194,71.30548021698374,116.75349012248944,76.72548605164307,90.06815407525853,4.941321493183132,69.31983613958474,5.199541288946365,15.664620061518544,0.9824492502734411,5.40094765946437,NORMAL
HemorrhageClass4NoFluid,StandardMale.xml,1195,71.54001449058752,116.4847985636413,77.20173300870775,90.2960881936856,4.938997316886773,69.28514086155235,5.204431052611815,15.620008221188833,0.9834992679489578,5.399155930914349,NORMAL
HemorrhageClass4NoFluid,StandardMale.xml,1196,71.65342422132454,116.55609286488344,77.55431693611797,90.55490891237312,4.94325748227882,69.07125908548267,5.199086775792559,15.667432114875655,0.9835132160197497,5.408153530412857,NORMAL
HemorrhageClass4NoFluid,StandardMale.xml,1197,71.97974517955197,116.43070566240745,77.93817804659788,90.76902058520108,4.9108545999478865,69.03332676509338,5.20349486132907,15.654848714872031,0.9835786514828369,5.39831958633728,NORMAL
HemorrhageClass4NoFluid,StandardMale.xml,1198,72.06171095680166,117.0903854181018,77.56662034010711,90.74120869943867,4.910835256455202,68.38688749026895,5.204537497053175,15.676979478433793,0.9839477737349235,5.406430855291431,NORMAL
HemorrhageClass4NoFluid,StandardMale.xml,1199,72.05878739541737,116.56094657136843,77.66955713238438,90.63335361204574,4.927751580619425,68.32295916985093,5.202181082305496,15.56054641021419,0.9837178198053136,5.408349397640341,NORMAL
HemorrhageClass4NoFluid,StandardMale.xml,1200,71.74651262047306,116.22555018219116,77.5411538958205,90.43595265794406,4.919726105816883,68.52876500879634,5.2013263169135,15.653992038684219,0.9841516732017292,5.404013385186037,NORMAL
HemorrhageClass4NoFluid,StandardMale.xml,1201,72.1583958258233,116.17967905053371,77.57858473462979,90.44561617326443,4.917823155710895,68.67590540689771,5.198833875802132,15.713189293601621,0.9849775836707904,5.402440540936588,NORMAL
HemorrhageClass4NoFluid,StandardMale.xml,1202,72.0918579986601,116.03787199937197,77.9727224753673,90.66110565003552,4.916093094194561,68.33196082868749,5.198525107360506,15.72128551992277,0.9852779169833807,5.397854227889974,NORMAL
HemorrhageClass4NoFluid,StandardMale.xml,1203,71.68790666134812,116.53701120151891,77.91665342447389,90.79010601682224,4.88742675880011,68.36279998307594,5.19840832276553,15.746314376605746,0.9864600309502437,5.397286066529713,NORMAL
HemorrhageClass4NoFluid,StandardMale.xml,1204,71.88264470911987,116.58734516274224,78.16576252308428,90.9729567363036,4.918676719104943,68.33156743769672,5.201160238665511,15.658216616635105,0.9864576876820621,5.397071172501068,NORMAL
HemorrhageClass4NoFluid,StandardMale.xml,1205,72.1337618022754,116.96207266826116,77.40430645792804,90.59022852803908,4.891978446699181,68.55680202986831,5.204388309750137,15.649332703660225,0.986855976644623,5.402134942207681,NORMAL
HemorrhageClass4NoFluid,StandardMale.xml,1206,72.2473116316487,116.87822496992314,77.61463359618575,90.70249738743155,4.932555849554141,68.04037594033667,5.202617097279905,15.583193531073483,0.985739140856323,5.408074879750554,NORMAL
HemorrhageClass4NoFluid,StandardMale.xml,1207,72.41685431391429,117.2858791986901,76.83502679859048,90.31864426529035,4.938549559048929,68.4399489377284,5.206770324229041,15.597992597887915,0.9855137753867526,5.404815691469837,NORMAL
HemorrhageClass4NoFluid,StandardMale.xml,1208,72.11850805811656,116.69748494230313,76.47426994391327,89.8820082767099,4.980441865982923,68.38044873000217,5.204807209181465,15.526041879045444,0.9842425957328504,5.412457997984317,NORMAL
HemorrhageClass4NoFluid,StandardMale.xml,1209,72.18778035865951,116.57498444149073,76.67991319220454,89.97827027529993,4.961786121362652,69.11582556280449,5.204360932673246,15.629893100797453,0.9838921519706226,5.408845691914722,NORMAL
HemorrhageClass4NoFluid,StandardMale.xml,1210,71.97834664086167,117.3087388096423,76.84838289399079,90.33516819920796,4.943600138853346,68.83736208463652,5.200973119688801,15.651514363303857,0.9849441010202704,5.408024503497188,NORMAL
HemorrhageClass4NoFluid,StandardMale.xml,1211,71.89914067260331,117.90784686614155,76.83161795385129,90.52369425794805,4.950629112538499,68.78232775794206,5.201413165208216,15.522007171873518,0.985428085719477,5.401790626668895,NORMAL
HemorrhageClass4NoFluid,StandardMale.xml,1212,71.9699890051827,118.17401218675192,76.81206854890944,90.59938309485693,4.922430318768574,68.92907499587035,5.197582638705641,15.416264971038707,0.9840890058394138,5.402600349513534,NORMAL
HemorrhageClass4NoFluid,StandardMale.xml,1213,71.78312866017755,118.2514298227797,76.39020618936163,90.343947400501,4.934602954411287,68.53389581697087,5.2005984473292965,15.36928695683589,0.9832373995539394,5.395551840485968,NORMAL
HemorrhageClass4NoFluid,StandardMale.xml,1214,71.96482373819647,118.91061793489276,76.57593873194774,90.68749846626275,4.945944067857514,68.82679972782071,5.198079808845266,15.355622792035906,0.9835586772361312,5.401101196245538,NORMAL
HemorrhageClass4NoFluid,StandardMale.xml,1215,71.93434101163774,119.4166640234437,76.67742369059415,90.92383713487733,4.988586044977036,68.82114094693853,5.19375196682849,15.239276498603832,0.9849901970294485,5.396466677706133,NORMAL
HemorrhageClass4NoFluid,StandardMale.xml,1216,71.89228150430158,119.94335067992728,76.32666702420391,90.8655615761117,5.004519372676379,69.35880580907984,5.193917399254293,15.149959677461581,0.9845753963610062,5.388503063956266,NORMAL
HemorrhageClass4NoFluid,StandardMale.xml,1217,72.11902492661925,120.25232437400344,75.95774048433634,90.72260178089203,4.986152386750891,69.5840907694327,5.193604357848405,15.056999808865703,0.9844559302845621,5.388807474314984,NORMAL
HemorrhageClass4NoFluid,StandardMale.xml,1218,71.70157679509705,119.56012067898122,75.46087679003799,90.16062475301906,4.993741379462969,69.18408145985495,5.18936944454917,15.002466143265234,0.9852117642339954,5.388231450320914,NORMAL
HemorrhageClass4NoFluid,StandardMale.xml,1219,72.13814823359944,119.27015002648032,75.01355387737877,89.76575259374596,4.974573273096125,69.6052927766155,5.186864232585655,15.124639666628177,0.984627250073655,5.380438833666114,NORMAL
HemorrhageClass4NoFluid,StandardMale.xml,1220,72.21390195690792,118.55632000051051,75.1054240564281,89.58905603778891,5.002602858317136,69.02986702683417,5.188839818264353,15.175819307162675,0.9850359448372483,5.375829021117124,NORMAL
HemorrhageClass4NoFluid,StandardMale.xml,1221,72.042570139028,118.14152393648622,74.73994828464555,89.20714016859245,4.9813250973567795,69.30720445288593,5.188140156807097,15.301809864540722,0.9836963694272791,5.379464274255739,NORMAL
HemorrhageClass4NoFluid,StandardMale.xml,1222,71.9017242460002,118.53665000286895,75.42026535675421,89.79239357212579,5.0058710973612754,69.1861078174469,5.190284083068073,15.375021112881864,0.9845928976842189,5.3781768350239805,NORMAL
HemorrhageClass4NoFluid,StandardMale.xml,1223,72.01981762396125,118.58410022226644,74.99102761190028,89.52205181535567,4.969944480173347,69.59290369116432,5.186394361649421,15.305281606939225,0.9840652860908419,5.382121849787557,NORMAL
HemorrhageClass4NoFluid,StandardMale.xml,1224,72.29437901388016,117.9065061432631,74.66262794150896,89.07725400876033,5.007474797117755,69.0670125169943,5.186901392461268,15.296906672610177,0.9835444349106193,5.374964416856166,NORMAL
HemorrhageClass4NoFluid,StandardMale.xml,1225,72.34196532114565,117.30959832376833,75.03285064974796,89.12509987442141,5.011220380554942,69.30245356196494,5.18589786699691,15.4165016077962,0.9833051819215213,5.375897398589135,NORMAL
HemorrhageClass4NoFluid,StandardMale.xml,1226,71.95664172603246,117.74347135998055,74.82622807488849,89.13197583658584,5.017692768190223,69.31002016711311,5.188622651611823,15.521855468162732,0.9819725117299063,5.374050822592293,NORMAL
HemorrhageClass4NoFluid,StandardMale.xml,1227,71.87163726755341,118.18684481855277,75.42007571272936,89.67566541467049,5.024875914070498,69.69182559143536,5.1879284989110515,15.44527714604828,0.9835273308834848,5.379064668324331,NORMAL
HemorrhageClass4NoFluid,StandardMale.xml,1228,72.12124879343096,118.10059744235582,75.28205101546648,89.5548998244296,4.996962885538262,69.84590001726147,5.184920579384187,15.367022005272638,0.9839306043277558,5.377787365693843,NORMAL
HemorrhageClass4NoFluid,StandardMale.xml,1229,71.75330569368718,118.49395992452828,74.99874969506156,89.49715310488381,5.003224163217828,69.31231321145083,5.187499900643101,15.38224461374261,0.9832849667913259,5.372252526573149,NORMAL
HemorrhageClass4NoFluid,StandardMale.xml,1230,71.73482938760972,118.75039035455303,75.04994888350863,89.6167627071901,4.982247154068555,69.67872779942687,5.191469609244502,15.312816379320573,0.9821035668240397,5.376998706808747,NORMAL
HemorrhageClass4NoFluid,StandardMale.xml,1231,71.63223015128831,118.57240454303012,75.71327245407171,89.99964981705784,5.0049603410073065,69.44008505924526,5.190263544033074,15.267556567275516,0.9834908185642252,5.384303323261596,NORMAL
HemorrhageClass4NoFluid,StandardMale.xml,1232,71.9192920463011,118.01151792389717,75.51737312620943,89.68208805877201,4.991732035242904,69.79605437521886,5.189730328021068,15.298970952750114,0.9821357315763899,5.382084056138691,NORMAL
HemorrhageClass4NoFluid,StandardMale.xml,1233,72.00307384624942,118.25978505623044,75.04286445412737,89.4485046548284,4.993401313471636,69.4085982116538,5.193903194953643,15.397967093567308,0.9834408524514434,5.381102891311416,NORMAL
HemorrhageClass4NoFluid,StandardMale.xml,1234,71.94016556478797,117.80282948896993,74.79577712959366,89.13146124938575,5.026959761953248,69.36257198602964,5.197243306640927,15.354148098507775,0.983090170777385,5.388781337140031,NORMAL
HemorrhageClass4NoFluid,StandardMale.xml,1235,72.08529981898326,118.09869184222873,75.51558495383674,89.70995391663406,5.031351806085847,69.81654187463366,5.1957751740168305,15.43480047305301,0.9834781045374917,5.394927439344279,NORMAL
HemorrhageClass4NoFluid,StandardMale.xml,1236,72.44028949633794,118.2496396372717,75.47493956823322,89.73317292457938,5.000160586743175,69.75425998264001,5.1956559933909405,15.382580950984554,0.9844673627408513,5.392225944902808,NORMAL
HemorrhageClass4NoFluid,StandardMale.xml,1237,71.99423227081071,117.8274744407044,74.9410722820061,89.23653966823888,4.977981216195192,69.10041654272382,5.193306061084225,15.355938758669076,0.984881710117433,5.392006641964445,NORMAL
HemorrhageClass4NoFluid,StandardMale.xml,1238,71.7864930146372,118.17616737684767,75.60860544359805,89.79779275468125,4.967433611707691,69.18387644772078,5.19624209276446,15.430450654339005,0.9840071171351285,5.387682557777344,NORMAL
HemorrhageClass4NoFluid,StandardMale.xml,1239,71.57259087485922,118.84129642542,75.48997609143609,89.94041620276406,4.9376674102643054,69.22040238617271,5.191842734324197,15.368906567119094,0.9829320715435871,5.393085116874493,NORMAL
HemorrhageClass4NoFluid,StandardMale.xml,1240,71.48252797741263,118.31460631183826,75.65272915136639,89.87335487152367,4.967207874299245,69.02945750451016,5.18793400153494,15.251511702082272,0.9816864706936442,5.38498990655266,NORMAL
HemorrhageClass4NoFluid,StandardMale.xml,1241,71.33458973673521,117.82144434854008,76.15599322718492,90.0444769343033,4.989080164856393,69.45834256822769,5.187296920435476,15.344472180853833,0.9821149207344488,5.3777974910105915,NORMAL
HemorrhageClass4NoFluid,StandardMale.xml,1242,71.19804129869226,117.17251402992906,76.54912124467295,90.09025217309166,5.02338575226095,69.84142884988763,5.183522540202692,15.43151496187047,0.9828779560729594,5.376625205196136,NORMAL
HemorrhageClass4NoFluid,StandardMale.xml,1243,71.24654995487302,117.67212590723331,76.01776060901094,89.90254904175173,5.055161720137522,70.3677111700048,5.182890728926617,15.546050761103961,0.9822680751359488,5.3696800102924165,NORMAL
HemorrhageClass4NoFluid,StandardMale.xml,1244,71.63071749337998,117.9359243299946,76.54506778924781,90.34201996949675,5.0859866237819835,70.71444847885633,5.189235659852714,15.457869574260869,0.9836314991728431,5.36851742142111,NORMAL
HemorrhageClass4NoFluid,StandardMale.xml,1245,72.0003673244152,117.33498194687371,76.05433933068332,89.81455353608011,5.108472341209377,70.77692789765575,5.1930453101354335,15.411309316062159,0.9828159623340105,5.380192657940638,NORMAL
HemorrhageClass4NoFluid,StandardMale.xml,1246,71.90285716330631,117.23708105066515,76.16741328614609,89.85730254098577,5.132190798552055,70.75015274919626,5.191046872823972,15.517375274409357,0.9816291739211462,5.387202752869253,NORMAL
HemorrhageClass4NoFluid,StandardMale.xml,1247,72.01328857837406,116.89146942033193,76.19030371700968,89.75735895145043,5.137760304966363,71.11457355646426,5.190039531393342,15.534654721942218,0.9805584672186728,5.3835254506964585,NORMAL
HemorrhageClass4NoFluid,StandardMale.xml,1248,72.24736930382694,117.54371728570588,76.58974560685756,90.241069499807,5.15689210843853,71.09233188578281,5.194694269369054,15.595654960595475,0.9800413052926445,5.3816718529827074,NORMAL
HemorrhageClass4NoFluid,StandardMale.xml,1249,71.86765501789452,117.55626612897355,76.71665130964703,90.32985624942253,5.1011961447281635,71.13332985420168,5.195204630221315,15.480533616413489,0.9811917047445099,5.390236984334942,NORMAL
HemorrhageClass4NoFluid,StandardMale.xml,1250,72.00770234453525,117.62122815736727,76.63074789233617,90.2942413140132,5.084866083609655,70.76934593461709,5.1938062781478,15.478318753350543,0.9811178353849398,5.391176093638077,NORMAL
HemorrhageClass4NoFluid,StandardMale.xml,1251,72.16191388533318,117.96764484385439,76.55038349170738,90.35613727575638,5.05503536899925,70.46005834556084,5.193310961509494,15.466852995581927,0.9826917918003073,5.388603001608232,NORMAL
HemorrhageClass4NoFluid,StandardMale.xml,1252,72.19974997447574,117.32269295804831,76.14914326585722,89.87365982992091,5.023948984827318,69.9782272217343,5.197477470134484,15.40571066501623,0.9825640458643863,5.387691574995138,NORMAL
HemorrhageClass4NoFluid,StandardMale.xml,1253,72.00834067608561,117.94647113474441,76.21726293427056,90.12699900109519,5.055600758227306,69.57475679534993,5.196420234039353,15.51954427332422,0.9829104699249798,5.395358320972994,NORMAL
HemorrhageClass4NoFluid,StandardMale.xml,1254,71.71429302043474,117.37040035131608,76.12514024503729,89.87356028046355,5.036325064647415,70.10722670179779,5.197546078569531,15.409447811557385,0.9829732988584768,5.393412912644454,NORMAL
HemorrhageClass4NoFluid,StandardMale.xml,1255,71.86298356530494,117.34092354118393,76.07149706511912,89.82797255714073,5.024205617778282,70.10957254135633,5.200787327946893,15.511123947966382,0.9825864062118522,5.395484566587916,NORMAL
HemorrhageClass4NoFluid,StandardMale.xml,1256,71.7937171725372,116.96975908993058,75.74364441805923,89.48568264201634,5.032611703313454,69.84470088232054,5.1993153060318775,15.516326586694323,0.9815266420490967,5.401448753360041,NORMAL
HemorrhageClass4NoFluid,StandardMale.xml,1257,72.10519261667385,117.10872297321745,75.94615227201996,89.66700917241913,5.051140228550537,70.00129013046104,5.203636110331001,15.581836882410439,0.9805995837463665,5.398740102277797,NORMAL
HemorrhageClass4NoFluid,StandardMale.xml,1258,71.74320337209107,116.5670447237974,75.59284746307657,89.25091321665018,5.020064039748199,69.97646736853304,5.201637795926526,15.557309843096082,0.9803595683520125,5.406690766002026,NORMAL
HemorrhageClass4NoFluid,StandardMale.xml,1259,72.0422045272062,116.9923764689399,75.37004661509174,89.24415656637446,5.033844483648662,69.89010107561919,5.206486802048899,15.65291571855821,0.9822258120743043,5.403013689989006,NORMAL
HemorrhageClass4NoFluid,StandardMale.xml,1260,72.23646082967242,117.4465247631756,75.93892712520352,89.77479300452755,4.9900217451756,69.81842387509879,5.203962887514319,15.577844929026377,0.9834145504613853,5.411936291987791,NORMAL
HemorrhageClass4NoFluid,StandardMale.xml,1261,72.4201003564248,117.37689541586799,75.83301355780512,89.68097417715941,4.997746373851126,69.13840322075909,5.205199117598068,15.497688036430961,0.9834573279887059,5.407292065046706,NORMAL
HemorrhageClass4NoFluid,StandardMale.xml,1262,72.35406665962655,117.81573688665195,75.43177235375715,89.55976053138875,4.989846804101346,69.08727605799429,5.202052682130489,15.509977573096553,0.9843280844583607,5.4095668382142055,NORMAL
HemorrhageClass4NoFluid,StandardMale.xml,1263,72.26943586432084,117.85954386388983,75.84171044011794,89.84765491470857,5.011808122803024,69.04421553186266,5.204113662242645,15.43252232535805,0.9842660112706146,5.403777117458333,NORMAL
HemorrhageClass4NoFluid,StandardMale.xml,1264,72.45412733879452,117.61435266182808,75.48572581615267,89.52860143137781,5.031846685976189,69.37406388020383,5.20576416466114,15.424790421013245,0.9834534520296386,5.407569503940035,NORMAL
HemorrhageClass4NoFluid,StandardMale.xml,1265,72.33178556652251,117.74149296282737,75.39579482645988,89.51102753858237,5.033807864142147,69.46913896356887,5.201586743909388,15.46806651628534,0.9849071691814464,5.410606575002971,NORMAL
HemorrhageClass4NoFluid,StandardMale.xml,1266,71.87938796997219,118.20643027935809,75.86794946368597,89.98077640224335,5.016493069610892,69.58894357791256,5.200651348029409,15.445626331920234,0.9854718799415356,5.4029197497425585,NORMAL
HemorrhageClass4NoFluid,StandardMale.xml,1267,71.8239461955492,118.57227484860367,75.9285906183708,90.14315202844843,5.000383838706764,69.73866785815645,5.195831667519694,15.363565183573362,0.9862902239369761,5.401198538232876,NORMAL
HemorrhageClass4NoFluid,StandardMale.xml,1268,72.19357468851064,118.02019851659946,76.48014649676274,90.32683050337498,4.986752783549385,69.58837856079802,5.19746334205381,15.298993843736039,0.9864960716848172,5.392329897966352,NORMAL
HemorrhageClass4NoFluid,StandardMale.xml,1269,72.24475536769775,118.53154778610009,76.99993433469015,90.84380548516013,4.964852650309638,69.13277409812696,5.196572523490215,15.396434974332834,0.9864799241397684,5.395332324049566,NORMAL
HemorrhageClass4NoFluid,StandardMale.xml,1270,71.95105968902887,117.92118297334324,76.96585696745733,90.61763230275263,4.965654365441277,68.82970612202556,5.200794007330725,15.306182145038193,0.9851413204586751,5.393693138761799,NORMAL
HemorrhageClass4NoFluid,StandardMale.xml,1271,71.64338160428537,118.00451370353558,76.29083676705488,90.19539574588178,4.985348492427965,69.06936200567193,5.20061665523558,15.413911156379104,0.9841900974143555,5.401461044019616,NORMAL
HemorrhageClass4NoFluid,StandardMale.xml,1272,71.3636183807757,118.65217570782276,75.99724369082683,90.21555436315882,4.9659420859671615,69.55008025216453,5.202163049137388,15.399203334122134,0.9829647919475815,5.401134700410495,NORMAL
HemorrhageClass4NoFluid,StandardMale.xml,1273,71.1249373421403,118.60148739435971,75.60375842590491,89.93633474872318,4.99925253480348,69.53759425179847,5.2010987136204285,15.284891391581098,0.9820986245638541,5.403980202554845,NORMAL
HemorrhageClass4NoFluid,StandardMale.xml,1274,70.97215444977154,118.58184498937375,75.62421940903732,89.94342793581613,4.9648530782003295,70.13331108400024,5.205561832986096,15.293837847506776,0.9834277042170312,5.402021730659506,NORMAL
HemorrhageClass4NoFluid,StandardMale.xml,1275,70.86241706532554,118.10142420787345,75.58701560402737,89.75848513864273,4.986305639372159,69.83753056728037,5.204864933616769,15.29730471981866,0.9838645463927996,5.410234266747919,NORMAL
HemorrhageClass4NoFluid,StandardMale.xml,1276,71.41994927098288,118.21199528404857,75.63851257512972,89.82967347810268,5.002915535749938,70.18749273049181,5.202230364776916,15.382098690140914,0.9824776621769161,5.408951910003303,NORMAL
HemorrhageClass4NoFluid,StandardMale.xml,1277,71.23924822028329,117.57664324166302,75.56007276469064,89.56559625701478,5.027132680106517,69.94087095444023,5.202310599703633,15.362582963692919,0.983910244790885,5.404104069311176,NORMAL
HemorrhageClass4NoFluid,StandardMale.xml,1278,71.68054063566166,117.57067535612374,75.70312488022788,89.65897503885984,5.042503977616496,70.37995748645959,5.200004972201711,15.47472220558413,0.9851403590268676,5.404251708703544,NORMAL
HemorrhageClass4NoFluid,StandardMale.xml,1279,71.70349409327028,117.90156548719023,75.9919861467441,89.9618459268928,5.020641657040987,70.21124436781032,5.2011348497635295,15.475775533684804,0.9860590908331968,5.400009149292826,NORMAL
HemorrhageClass4NoFluid,StandardMale.xml,1280,71.49734252565372,117.56192059193218,76.47288534369004,90.16923042643742,5.036553312537498,69.92874435682384,5.200622393707033,15.41737363053241,0.9872069098920306,5.402088224372758,NORMAL
HemorrhageClass4NoFluid,StandardMale.xml,1281,71.33521432261568,117.70945765155739,76.28958143219488,90.09620683864905,5.067342247712371,70.28629109218822,5.197969582429715,15.477320744141188,0.9881420738954321,5.401145259707713,NORMAL
HemorrhageClass4NoFluid,StandardMale.xml,1282,71.27474054333946,117.92291376200644,76.00582222558388,89.97818607105808,5.091681212947105,70.79037955420506,5.200112365580775,15.451280544514052,0.9885580757053989,5.396263851310188,NORMAL
HemorrhageClass4NoFluid,StandardMale.xml,1283,71.18001167403932,117.92285424185289,76.59600576230507,90.37162192215435,5.083702328896464,71.13494155936841,5.2050565451401845,15.413605673252242,0.9870031885879359,5.400206762649978,NORMAL
HemorrhageClass4NoFluid,StandardMale.xml,1284,71.01282998915423,118.3050738197913,76.3171890023391,90.3131506081565,5.068634577749635,71.11531866749712,5.202179912295422,15.413616178522474,0.9868612161870979,5.409304492227095,NORMAL
HemorrhageClass4NoFluid,StandardMale.xml,1285,71.16150754300223,117.67170038985452,76.51330116902409,90.23276757596757,5.079476689900213,71.06857360141855,5.200817171811201,15.346154659794905,0.9874502738688152,5.404011232263571,NORMAL
HemorrhageClass4NoFluid,StandardMale.xml,1286,71.59811895516698,117.56562066989414,75.86587152542592,89.76578790691532,5.038071203375319,71.0790601330687,5.204923204117184,15.457944677814623,0.9867356918750456,5.401503668721375,NORMAL
HemorrhageClass4NoFluid,StandardMale.xml,1287,71.8699084517851,117.59532451889588,75.36351664207046,89.4407859343456,5.0368773680514884,70.22373565318277,5.201952502540443,15.476667682673039,0.9879469688873835,5.40905913290019,NORMAL
HemorrhageClass4NoFluid,StandardMale.xml,1288,71.605694656908,118.09147250692287,75.84818044778945,89.92927780083392,5.00561530301606,69.99198636694247,5.196977050333388,15.471424971725263,0.9865128876280794,5.403592778113769,NORMAL
HemorrhageClass4NoFluid,StandardMale.xml,1289,71.51248581247471,118.12923957033222,75.73503911800195,89.8664392687787,4.971074606072621,69.82513087270524,5.199854642513317,15.383855159193782,0.9869240732374724,5.394437504087055,NORMAL
HemorrhageClass4NoFluid,StandardMale.xml,1290,71.32365432395986,117.91537530602744,75.42617976226073,89.5892449435163,4.937680802895853,69.48136396452217,5.201616705963999,15.377189295898091,0.9859187323341856,5.399732529312507,NORMAL
HemorrhageClass4NoFluid,StandardMale.xml,1291,71.60364888621855,118.39642056729946,75.86741960868342,90.04375326155544,4.957257840440894,69.22653770480471,5.203651545624307,15.414936206062588,0.9870363041929564,5.40297488258455,NORMAL
HemorrhageClass4NoFluid,StandardMale.xml,1292,71.58798986535275,118.08149387403185,75.34589652274627,89.59109563984147,4.92332102511032,69.24190416568914,5.206083681108593,15.330032015447479,0.9876748330145776,5.406719168312817,NORMAL
HemorrhageClass4NoFluid,StandardMale.xml,1293,72.00573107402623,117.89642067628928,75.10900409504801,89.3714762887951,4.900839605699437,68.84377001855489,5.2048140841296,15.385616381717455,0.9889288370500245,5.411194513648693,NORMAL
HemorrhageClass4NoFluid,StandardMale.xml,1294,71.87438552051285,117.47760411532487,75.41643822025648,89.43682685194594,4.891685473806433,68.2461086223917,5.208252031790954,15.418281686469303,0.9895054770793285,5.408858342429989,NORMAL
HemorrhageClass4NoFluid,StandardMale.xml,1295,72.16151609575472,117.07402329228536,75.08546524299253,89.08165125942347,4.899358931818074,68.23781125455484,5.203669074044506,15.492202550029749,0.9886266634205587,5.415184471517222,NORMAL
HemorrhageClass4NoFluid,StandardMale.xml,1296,72.18188148849029,116.74819497392164,74.84146908808297,88.81037771669587,4.916092694460307,68.10763959555085,5.207764943361457,15.563434315284729,0.9871991033080233,5.406751422163019,NORMAL
HemorrhageClass4NoFluid,StandardMale.xml,1297,71.91993595739748,116.69449279813192,74.58594592800232,88.62212821804552,4.9194337703804525,68.29295795039182,5.205306494983133,15.620942811630794,0.9866908326943911,5.414288185539242,NORMAL
HemorrhageClass4NoFluid,StandardMale.xml,1298,71.90146985150277,116.24031673573798,75.13020353130187,88.83357459944725,4.942154515718362,68.53682731071558,5.203572010680563,15.630421212390093,0.9852576349821373,5.409764422140979,NORMAL
HemorrhageClass4NoFluid,StandardMale.xml,1299,71.69417902145861,116.16923291786418,75.3510502262764,88.95711112347233,4.988503227509272,68.82509896657575,5.199304544374397,15.710583006048235,0.9853455802172023,5.4065728169512965,NORMAL
HemorrhageClass4NoFluid,StandardMale.xml,1300,72.14203998993807,116.87500476786786,75.03305476731776,88.9803714341678,5.02675647835956,69.54788126453353,5.200358821387576,15.72312925586774,0.9867621968332162,5.398720299872082,NORMAL
HemorrhageClass4NoFluid,StandardMale.xml,1301,72.27334480068482,117.25625592356022,75.71351405060335,89.5610946749223,5.038692259289089,69.6540882105489,5.198650597086972,15.59856096155581,0.987027359708924,5.400660263226978,NORMAL
HemorrhageClass4NoFluid,StandardMale.xml,1302,72.53096942026772,117.08880192137738,76.16904209198582,89.80896203511634,5.032111894788135,69.69367102762287,5.197109541568031,15.53127036875475,0.9871908609431088,5.397516978773567,NORMAL
HemorrhageClass4NoFluid,StandardMale.xml,1303,72.50275052484918,117.03119047746179,76.3178894682856,89.88898980467766,5.006431130101434,69.41197567910568,5.198215335338033,15.560825896405099,0.9884808319670216,5.394681299727896,NORMAL
HemorrhageClass4NoFluid,StandardMale.xml,1304,72.19770203941916,117.30791674158802,76.75667178276612,90.27375343570675,4.9902828948491855,69.12668422697637,5.200737162084951,15.570994280566886,0.9889742572403188,5.396716058491542,NORMAL
HemorrhageClass4NoFluid,StandardMale.xml,1305,72.25767772241268,116.77313089130442,76.51718885875658,89.9358362029392,4.975305634725059,69.17194385575111,5.1971949277128555,15.522152266375846,0.987769649166544,5.401356443717871,NORMAL
HemorrhageClass4NoFluid,StandardMale.xml,1306,71.84129404816832,117.51006460707436,76.57410779223726,90.21942673051629,5.014263120283279,68.94510753417742,5.199811765269747,15.616541637660113,0.987034269801763,5.394838417819162,NORMAL
HemorrhageClass4NoFluid,StandardMale.xml,1307,71.6925637111854,117.76867643352412,76.8192410071537,90.46905281594384,5.014034212522699,69.74203451975453,5.2046024907323645,15.486473293344691,0.9873157578442,5.399653631375582,NORMAL
HemorrhageClass4NoFluid,StandardMale.xml,1308,71.57905653930288,117.1290283342993,77.13929946593558,90.46920908872349,4.998667570484573,69.85763391886364,5.201656985728941,15.440828466181959,0.9872485353265688,5.408468991783391,NORMAL
HemorrhageClass4NoFluid,StandardMale.xml,1309,71.98066628958746,117.46237862950403,76.70343390939765,90.28974881609977,5.013832933398961,69.76233043018149,5.203719522662283,15.553725959443959,0.9873929419613392,5.403049000930066,NORMAL
HemorrhageClass4NoFluid,StandardMale.xml,1310,71.88935963316167,117.27584259328634,76.55161131437664,90.1263550740132,4.972474877033404,69.6262998075464,5.207120793449484,15.494889838845197,0.9859115676459952,5.406844252101042,NORMAL
HemorrhageClass4NoFluid,StandardMale.xml,1311,71.66338768695974,117.54904707457497,76.05663368941228,89.88743815113318,4.952476680233619,69.20010483239216,5.202469040165156,15.5278133336817,0.9861165746748909,5.413102892481852,NORMAL
HemorrhageClass4NoFluid,StandardMale.xml,1312,71.98938185034935,118.20657320642435,75.73355120930174,89.8912252083426,4.9250562454601345,69.13690081050629,5.204521517661155,15.479592911979811,0.9854616872025828,5.404543253226896,NORMAL
HemorrhageClass4NoFluid,StandardMale.xml,1313,72.16864560694837,117.82519515634732,75.37658237338815,89.52611996770787,4.914950469905051,68.55040072092632,5.202013525969971,15.363539957034709,0.9852695863091515,5.408319994139585,NORMAL
HemorrhageClass4NoFluid,StandardMale.xml,1314,72.24655836247152,117.52634036557998,75.78738258600004,89.70036851252668,4.892673719727885,68.28949093015986,5.206578085326927,15.430852946616053,0.9849427647975117,5.403705066644765,NORMAL
HemorrhageClass4NoFluid,StandardMale.xml,1315,71.93607774427214,117.49992333893127,75.8187168558331,89.71245235019916,4.92575546793215,67.96169635547636,5.2086553753080915,15.483600632051001,0.9859061524952695,5.41210426132799,NORMAL
HemorrhageClass4NoFluid,StandardMale.xml,1316,72.18251176435419,116.8864194035372,75.69772136078348,89.42728737503472,4.963962432797485,68.60040647559406,5.210551912932733,15.4882632208896,0.9870982980392157,5.41592665941746,NORMAL
HemorrhageClass4NoFluid,StandardMale.xml,1317,72.22557468355437,116.53118676533416,76.00521791934192,89.51387420133933,4.949343167203539,68.86762608603945,5.209344740904417,15.596546285431344,0.9867913367088094,5.419416457114831,NORMAL
HemorrhageClass4NoFluid,StandardMale.xml,1318,72.08480243848913,116.85221236925143,75.4909323772738,89.27802570793301,4.927019219118453,68.65842409572473,5.2082901614875885,15.659244626013574,0.9856122827008956,5.417195153350534,NORMAL
HemorrhageClass4NoFluid,StandardMale.xml,1319,71.82113101599764,116.30504895218662,75.5515891701478,89.13607576416075,4.9547622040226456,68.4997029807365,5.207541853949861,15.602583805792104,0.9868404004929449,5.415254633546063,NORMAL
HemorrhageClass4NoFluid,StandardMale.xml,1320,72.20578245023667,117.16290064168963,75.45205270880962,89.35566868643629,4.959948443581756,69.04020812297594,5.208349327821281,15.699157809945564,0.9869581772105157,5.41387768120504,NORMAL
HemorrhageClass4NoFluid,StandardMale.xml,1321,72.09551048840298,116.61562006589355,76.02236211088575,89.55344809588836,4.956066271806432,68.80122959445423,5.208337838348389,15.547747518172889,0.9858842946064046,5.415363504855758,NORMAL
HemorrhageClass4NoFluid,StandardMale.xml,1322,72.02723573038388,116.43565077983244,76.51543768789642,89.82217538520842,4.979694445453168,68.84071748107486,5.207767265236799,15.644342200769842,0.9857794558428747,5.415342363205035,NORMAL
HemorrhageClass4NoFluid,StandardMale.xml,1323,72.17309024616218,116.89450423550159,76.63595976469372,90.05547458829635,5.016519064027605,69.1785412486774,5.209502871054079,15.6761066682717,0.9849441926022742,5.4142924579961225,NORMAL
HemorrhageClass4NoFluid,StandardMale.xml,1324,71.76932036524346,117.46278038636876,76.71837577893552,90.29984398141328,5.028434059431873,69.50652697481682,5.210717777660712,15.595119317598048,0.9853846553266407,5.417486126872497,NORMAL
HemorrhageClass4NoFluid,StandardMale.xml,1325,71.62020004769285,117.46356443321783,76.851244181031,90.38868426509327,5.00499190048122,69.97033013768767,5.210882324743356,15.494818929007451,0.9867092347211491,5.419721662947953,NORMAL
HemorrhageClass4NoFluid,StandardMale.xml,1326,71.9622588189544,116.84386961634749,77.07638697573253,90.33221452260419,5.015879159462547,69.8060253346394,5.214181050629241,15.494680545224295,0.9862655726230193,5.420024444196615,NORMAL
HemorrhageClass4NoFluid,StandardMale.xml,1327,72.03802847732402,117.54111242743714,76.97215262469142,90.49513922560666,4.988871152564092,69.66552705314109,5.212276645024066,15.604056296511455,0.9871536317181968,5.426094392850018,NORMAL
HemorrhageClass4NoFluid,StandardMale.xml,1328,71.83343207219728,117.31814053092636,77.41914179733982,90.71880804186867,5.003031532904412,69.28049436256998,5.210122944788326,15.480993372284257,0.9864053734330019,5.422590117369559,NORMAL
HemorrhageClass4NoFluid,StandardMale.xml,1329,71.79291290876169,117.92522178878222,77.52557073574172,90.99212108675522,4.969737844025302,69.61279672576859,5.210675361298625,15.520347773891094,0.9871230793221543,5.418627117624201,NORMAL
HemorrhageClass4NoFluid,StandardMale.xml,1330,71.70596567972417,117.4338073346024,77.64478753590588,90.90779413547139,5.0081677550620265,69.24314558491947,5.208801508733892,15.4131983079561,0.9863776283005582,5.4196436130739,NORMAL
HemorrhageClass4NoFluid,StandardMale.xml,1331,72.14888545404817,117.9432818558585,76.85341419894814,90.5500367512516,4.972667765950697,69.77608316083071,5.210060946023599,15.4999326546959,0.986342365189624,5.416195557901856,NORMAL
HemorrhageClass4NoFluid,StandardMale.xml,1332,72.24551405333789,118.27620554373907,76.35789649454644,90.33066617761065,4.966278401449673,68.99854954533234,5.211296989161043,15.410010717305045,0.9853290971818098,5.4185130343898,NORMAL
HemorrhageClass4NoFluid,StandardMale.xml,1333,71.94659737096318,118.8716271728721,76.25663548903998,90.46163271698401,4.995917127867793,68.84623217818044,5.207250112197758,15.351249892634716,0.983979730218835,5.42078746355949,NORMAL
HemorrhageClass4NoFluid,StandardMale.xml,1334,71.70246114473045,119.13203883919881,75.93770232395204,90.33581449570096,5.028642511493304,69.43745303777997,5.20575834925452,15.246158343946362,0.9844418186251701,5.413340850465966,NORMAL
HemorrhageClass4NoFluid,StandardMale.xml,1335,71.85593295357891,119.51472755787991,75.5443738529767,90.20115842127777,5.008279607035696,70.02622560622409,5.2040752224456455,15.200195846160318,0.9838167349523202,5.410595874138211,NORMAL
HemorrhageClass4NoFluid,StandardMale.xml,1336,71.75576941278052,119.45664733824918,75.57138787891546,90.19980769869336,5.021001775738321,69.65824647643697,5.199757477070132,15.13265152438229,0.9825945130025351,5.407498771298977,NORMAL
HemorrhageClass4NoFluid,StandardMale.xml,1337,72.00147986458695,118.59560408585877,75.72068566900059,90.01232514128665,5.057215481970433,69.89140830316414,5.1957452866425475,15.1429026471674,0.9828538487564173,5.39955373626591,NORMAL
HemorrhageClass4NoFluid,StandardMale.xml,1338,71.60702117628523,118.66979758154791,76.33778217896806,90.448453979828,5.070507954462424,70.13213699999703,5.20040675854842,15.294876247812581,0.9829451408849567,5.3921709494792545,NORMAL
HemorrhageClass4NoFluid,StandardMale.xml,1339,71.54788012630407,118.49232936093945,76.14303387336311,90.25946570255522,5.09233396317303,70.60888558404027,5.205368687283174,15.281781141785064,0.9840599799244922,5.400748471861153,NORMAL
HemorrhageClass4NoFluid,StandardMale.xml,1340,71.98262839271598,118.66558873553566,75.98034978808617,90.20876277056934,5.044621595586525,70.92075854546931,5.203499723087585,15.313104172783898,0.9836259055408688,5.4098788614975515,NORMAL
HemorrhageClass4NoFluid,StandardMale.xml,1341,71.66591922095354,118.52706696060733,76.22062867248255,90.32277476852414,5.056699090047332,69.99551386248149,5.207099606192381,15.282524000498915,0.9826523611495647,5.406439801358964,NORMAL
HemorrhageClass4NoFluid,StandardMale.xml,1342,71.80800513332706,118.98174235457957,75.93006515630795,90.28062422239849,5.065092357807804,70.39452296440929,5.209682470609877,15.306973007961872,0.9824453576734867,5.413063906046736,NORMAL
HemorrhageClass4NoFluid,StandardMale.xml,1343,71.93748925468867,119.08881113429524,75.90852203013917,90.30195173152453,5.049477253849162,70.3818137730579,5.205787652355593,15.226723082589483,0.9841081598125269,5.417816606008861,NORMAL
HemorrhageClass4NoFluid,StandardMale.xml,1344,72.31485824455106,119.39853912040329,75.33922733987673,90.02566460005225,5.031707186872864,70.08997090883965,5.20078244005798,15.207825509296967,0.985102140852338,5.410649794447158,NORMAL
HemorrhageClass4NoFluid,StandardMale.xml,1345,72.11820428724008,119.1562350648766,75.5449857937094,90.08206888409846,5.0194994748305195,69.57708875600368,5.201845803059438,15.153158711620142,0.9838380818144682,5.401439759210254,NORMAL
HemorrhageClass4NoFluid,StandardMale.xml,1346,72.03911050948625,119.62445072066772,76.1154647773665,90.61846009180024,5.055853380866916,69.58568522460668,5.2052692207976285,15.195925227317339,0.985146591949268,5.403396441590683,NORMAL
HemorrhageClass4NoFluid,StandardMale.xml,1347,72.21944317127559,119.14498089188044,75.73598965462213,90.2056534003749,5.019870977090776,70.08574788037525,5.205048461452781,15.113285454121884,0.9853505489790957,5.409695834328614,NORMAL
HemorrhageClass4NoFluid,StandardMale.xml,1348,72.46510696122196,119.01693335265483,75.32044531333526,89.88594132644178,5.040971371720206,69.5102383714698,5.202658291811999,15.197911581879392,0.9858417071120219,5.409289617524205,NORMAL
HemorrhageClass4NoFluid,StandardMale.xml,1349,72.41979470082829,119.42214062156053,75.00195851553988,89.80868588421343,5.03122011269318,69.56979419200628,5.198602532952207,15.220511893229428,0.986262334258496,5.404891493068169,NORMAL
HemorrhageClass4NoFluid,StandardMale.xml,1350,72.13642012239409,118.85133184321472,75.42313450620293,89.89920028520686,5.039843633911433,69.48862315468519,5.194608586404401,15.148993061286621,0.9859660838045589,5.397428536496099,NORMAL
HemorrhageClass4NoFluid,StandardMale.xml,1351,72.28430347439834,118.27562710359983,76.00567881945348,90.0956615808356,5.066751447192082,69.8158574769788,5.197702748272678,15.249740457058273,0.985049968113355,5.390079320068825,NORMAL
HemorrhageClass4NoFluid,StandardMale.xml,1352,72.0388708318377,118.21006331027432,76.48202460106377,90.39137083746729,5.027713203159186,70.02175736237088,5.194243990703624,15.351351986960957,0.9851496027923173,5.39577285275856,NORMAL
HemorrhageClass4NoFluid,StandardMale.xml,1353,72.21215627058189,117.61199867686172,76.6555266753189,90.30768400916651,5.053779211910776,69.74728158152347,5.1990220153478,15.362923955867249,0.9859366533735736,5.38940843159263,NORMAL
HemorrhageClass4NoFluid,StandardMale.xml,1354,72.25424239951698,117.85917119098545,76.43091264745603,90.24033216196584,5.0640154290006,69.92325583642419,5.201460235561907,15.46848199317365,0.9855067142194149,5.398200421366299,NORMAL
HemorrhageClass4NoFluid,StandardMale.xml,1355,72.32183783335046,117.96237893509377,76.80764829069523,90.52589183882807,5.080169359198883,70.01277744382885,5.198578989929697,15.424856197550003,0.9843132694831969,5.402686963145552,NORMAL
HemorrhageClass4NoFluid,StandardMale.xml,1356,71.93364280418248,117.39159472426748,77.00144457752451,90.46482795977217,5.10447389777895,70.15294233927854,5.201138785144673,15.406640094650335,0.9832164960952329,5.3973852152433714,NORMAL
HemorrhageClass4NoFluid,StandardMale.xml,1357,71.83986094387365,117.95774666131098,77.42865408041385,90.93835160737956,5.09671946042074,70.7556968955705,5.1960645178264615,15.507383154270016,0.9820447520037983,5.402095465823638,NORMAL
HemorrhageClass4NoFluid,StandardMale.xml,1358,71.89737166228544,118.4486775947851,77.83660219861065,91.37396066400213,5.069415401844379,70.73775617216234,5.195029420031717,15.407457688103383,0.9828189470983912,5.392758363214725,NORMAL
HemorrhageClass4NoFluid,StandardMale.xml,1359,72.15322726590173,118.42360852294556,77.7427369179916,91.30302745297625,5.0379460023400435,70.36231763649522,5.194379969501107,15.32080868246861,0.9831082132898578,5.390853691325425,NORMAL
HemorrhageClass4NoFluid,StandardMale.xml,1360,72.09393409089928,117.87641431063624,78.06942782256043,91.3384233185857,5.059871883177312,69.77972990101482,5.194827648979707,15.325233358118421,0.9831268257953015,5.389658644658894,NORMAL
HemorrhageClass4NoFluid,StandardMale.xml,1361,72.15807905985821,117.3951549899643,78.0246844886453,91.14817465575163,5.076004952746723,70.0904331443999,5.197270875428564,15.42181279761346,0.983573237460154,5.390482414666556,NORMAL
HemorrhageClass4NoFluid,StandardMale.xml,1362,71.97653732915525,118.15269530887194,77.33493460517246,90.94085483973896,5.105634902162749,70.23329342853543,5.199554306859852,15.506754769580049,0.9836221633349249,5.394978168362446,NORMAL
HemorrhageClass4NoFluid,StandardMale.xml,1363,72.24374023333034,118.1277888723689,77.4230442261771,90.99129244157436,5.081709252301986,70.73515773517447,5.204401370467388,15.373049372576265,0.9832317627121047,5.399179885031536,NORMAL
HemorrhageClass4NoFluid,StandardMale.xml,1364,72.46186538024097,117.70763160401309,77.53502184498605,90.92589176466173,5.09566543720049,70.23355975916141,5.206053530451829,15.377445343189933,0.9820308420722238,5.40809891263047,NORMAL
HemorrhageClass4NoFluid,StandardMale.xml,1365,72.67048890712418,117.29261412146725,77.33965760552178,90.6573097775036,5.074274882387415,70.22741970389104,5.210413412302544,15.451602840774417,0.982745993765099,5.411139033761987,NORMAL
HemorrhageClass4NoFluid,StandardMale.xml,1366,72.82776448474681,118.06322265426162,77.23977517884592,90.84759100398449,5.051380065860617,69.80648599154472,5.211359788687999,15.524853169347445,0.984397157052959,5.419161603652375,NORMAL
HemorrhageClass4NoFluid,StandardMale.xml,1367,72.88388758801142,117.90328212910298,77.12751107654981,90.7194347607342,5.027183433180817,69.40972425338968,5.2124152732905245,15.388841240688187,0.9835306342436391,5.4209030202675255,NORMAL
HemorrhageClass4NoFluid,StandardMale.xml,1368,73.0086677264774,117.76592821382148,76.55210585279922,90.29004663980663,5.043746035860877,69.07744063505217,5.212226439644658,15.41707064429824,0.9845633336021603,5.422845205694088,NORMAL
HemorrhageClass4NoFluid,StandardMale.xml,1369,73.10567506380413,118.08685491790906,76.4362707051593,90.31979877607588,5.011018029127106,69.17768955530606,5.207624477100594,15.441313525256994,0.98518611409747,5.42249773501174,NORMAL
HemorrhageClass4NoFluid,StandardMale.xml,1370,72.73811543310636,117.57940123109304,76.04677131363052,89.89098128611802,5.029421887362137,68.7131759885926,5.209368046536432,15.384670160794201,0.9836986307796988,5.414029715141741,NORMAL
HemorrhageClass4NoFluid,StandardMale.xml,1371,72.78508381383261,117.73477782492874,76.25525690662872,90.0817638793954,5.0645839189519375,69.21771784237089,5.205095073484006,15.474235422158255,0.985153876980775,5.4172380377836635,NORMAL
HemorrhageClass4NoFluid,StandardMale.xml,1372,72.58446111372014,118.2442663794647,76.73644583353126,90.57238601550908,5.023670190570937,69.60068035088705,5.20942928150074,15.446811549599428,0.984180472294855,5.40937538780217,NORMAL
HemorrhageClass4NoFluid,StandardMale.xml,1373,72.12049398013072,118.8879517870436,76.83002853277662,90.84933628419896,5.027990556309999,69.26906650730137,5.213372627512612,15.356887135343367,0.9846269157520366,5.417350715557447,NORMAL
HemorrhageClass4NoFluid,StandardMale.xml,1374,72.02184732375217,118.13120466066373,76.42152411455328,90.32475096325676,5.023354466167802,69.68596841186708,5.214183252311057,15.243277059657913,0.9860204120127195,5.424606822503794,NORMAL
HemorrhageClass4NoFluid,StandardMale.xml,1375,72.1401246493638,117.94130800367739,76.60214754529761,90.38186769809087,5.043871487359523,69.70831378731597,5.214634410584776,15.37684245867192,0.9867720168062731,5.426098444140132,NORMAL
HemorrhageClass4NoFluid,StandardMale.xml,1376,72.40664099126705,118.15863980605033,76.26165259193141,90.22731499663772,5.0502868607321725,69.86133924179099,5.212137538279413,15.410359100992242,0.9854903353220917,5.426928615439831,NORMAL
HemorrhageClass4NoFluid,StandardMale.xml,1377,71.99903907746243,118.12490495481062,76.43345825373761,90.33060715409528,5.044372448039824,69.72747549595069,5.20639734191447,15.372000172506793,0.9856700760008555,5.422334148602648,NORMAL
HemorrhageClass4NoFluid,StandardMale.xml,1378,72.05731771553577,117.79344296554771,76.67695672010834,90.3824521352548,5.0620129917125745,69.97945208300044,5.202696804636044,15.377954352852433,0.9855690741138595,5.411771677393764,NORMAL
HemorrhageClass4NoFluid,StandardMale.xml,1379,72.16260509559066,117.72483312701422,76.68311992793306,90.36369099429345,5.02171299241878,70.14536008665286,5.198116163054355,15.436457188622242,0.9867502150298986,5.404962360085477,NORMAL
HemorrhageClass4NoFluid,StandardMale.xml,1380,72.36930965401719,117.31601187489417,76.9782927451858,90.42419912175525,4.980402224341184,69.5772182312315,5.198827387978155,15.448566782620766,0.9867195259319571,5.396533572680173,NORMAL
HemorrhageClass4NoFluid,StandardMale.xml,1381,72.55212217809621,117.38037116555296,76.88602165656663,90.38413815956207,4.989788844553909,68.91906107914234,5.2010586361012745,15.520723480362108,0.987452243306966,5.397842289717548,NORMAL
HemorrhageClass4NoFluid,StandardMale.xml,1382,72.1513108695424,117.80736294025478,77.34072861998739,90.82960672674318,5.0229563588720545,68.88899492529411,5.197780633964409,15.509364105430326,0.9875534805776524,5.401947984464206,NORMAL
HemorrhageClass4NoFluid,StandardMale.xml,1383,71.86783290730986,117.90660886742508,77.54380442054806,90.99807256950706,4.989743984422449,69.60108303872217,5.1942462445799435,15.434000321709632,0.9864680052439811,5.3959161693498725,NORMAL
HemorrhageClass4NoFluid,StandardMale.xml,1384,71.62075894622137,118.00507730816825,77.78414274671236,91.19112093386433,4.953909709117589,69.42530204927172,5.199505573810876,15.416483477045247,0.9863690749575917,5.389412578925267,NORMAL
HemorrhageClass4NoFluid,StandardMale.xml,1385,71.58035139899593,118.0666787191188,77.48216204049808,91.01033426670499,4.995663624217483,69.1878879108358,5.194545961589429,15.39910385825361,0.9856614097010953,5.399090211892501,NORMAL
HemorrhageClass4NoFluid,StandardMale.xml,1386,72.01339247758766,118.08606406342584,77.64736559868466,91.12693175359838,5.008973497921617,69.72495746988156,5.194431245298963,15.38823124738187,0.9858397407088922,5.389964084846362,NORMAL
HemorrhageClass4NoFluid,StandardMale.xml,1387,72.1670460288117,118.10768403330667,78.03701846457702,91.3939069874869,4.995948297090582,69.54189460767613,5.1952585932091875,15.38480974612057,0.9849021172657901,5.389752996681741,NORMAL
HemorrhageClass4NoFluid,StandardMale.xml,1388,71.81597302605702,118.54269943981103,77.48218291221782,91.1690217547489,4.971533560376111,69.26409325888538,5.193634787460519,15.380993834829809,0.9859078269511736,5.391275390329255,NORMAL
HemorrhageClass4NoFluid,StandardMale.xml,1389,72.21526979945453,118.62193271647783,76.9672697900669,90.85215743220387,4.964048285583242,69.24661610220436,5.1904286429042195,15.304213885066474,0.9862021793437844,5.388287443510244,NORMAL
HemorrhageClass4NoFluid,StandardMale.xml,1390,71.83573573260391,118.20580801542162,76.71175136937211,90.54310358472195,5.001127047996556,68.84306666880533,5.190194520119451,15.290229260818457,0.9848558206190179,5.382387852727209,NORMAL
HemorrhageClass4NoFluid,StandardMale.xml,1391,71.66885530731115,118.07710564578092,76.86153682396095,90.6000597645676,5.003849358569164,69.58799691608924,5.186684103463389,15.363675012772665,0.9855653732619954,5.381957046006281,NORMAL
HemorrhageClass4NoFluid,StandardMale.xml,1392,72.12516907160212,118.34356960096856,76.39145648306894,90.37549418903548,4.993108304632279,69.75344949389712,5.189321964295763,15.38639090128531,0.9864816931365126,5.375497567531417,NORMAL
HemorrhageClass4NoFluid,StandardMale.xml,1393,72.18643552208222,118.19076017028424,75.92964882579287,90.01668594062332,5.033421660909599,69.26288468365095,5.189512004205349,15.339360178264604,0.9849409530838759,5.3803514657822085,NORMAL
HemorrhageClass4NoFluid,StandardMale.xml,1394,72.23552629270175,117.57687969517761,75.48746077534037,89.51726708195278,4.997771709813932,69.69907774250409,5.190834265896833,15.366330948117529,0.9836435522921563,5.380701156096951,NORMAL
HemorrhageClass4NoFluid,StandardMale.xml,1395,72.30497461018531,117.43454492013983,75.3479065401083,89.37678600011881,4.979928584672501,69.23219609433244,5.195255671238074,15.47468047168528,0.9829293042688483,5.383134235064809,NORMAL
HemorrhageClass4NoFluid,StandardMale.xml,1396,71.85758275838165,117.32900601799976,75.9870577245128,89.76770715567511,4.972891121747631,68.96362308745675,5.191685034116086,15.499802471305465,0.9843717755390282,5.391270013642851,NORMAL
HemorrhageClass4NoFluid,StandardMale.xml,1397,71.62398372234688,117.72750827017033,75.75643794615802,89.74679472082879,5.00220737248666,69.23017007794316,5.1922460480819375,15.518430022153623,0.9845088859499708,5.384699724161342,NORMAL
HemorrhageClass4NoFluid,StandardMale.xml,1398,71.85250833842015,118.27108458171574,75.84690792026123,89.98830014074606,5.010510877969212,69.76933942324949,5.1968317222794695,15.448094621510922,0.9835603955111263,5.385732039692964,NORMAL
HemorrhageClass4NoFluid,StandardMale.xml,1399,72.23645228535572,118.08461996691211,75.67910417952335,89.81427610865293,5.028415418883843,69.68787324714056,5.201765046616766,15.352153739259483,0.9837705463440911,5.394170087558463,NORMAL
HemorrhageClass4NoFluid,StandardMale.xml,1400,72.26928434044154,118.56415888124829,75.68904467486675,89.98074941032726,4.994838474892351,69.59942906163971,5.196718895969508,15.38506462826065,0.9839095442877387,5.403247842562633,NORMAL
HemorrhageClass4NoFluid,StandardMale.xml,1401,71.94486439682159,117.97478416897914,75.58014368624823,89.7116905138252,5.014359377939978,69.17049270287731,5.192509884817352,15.300426306946559,0.9846729901308566,5.393962477125857,NORMAL
HemorrhageClass4NoFluid,StandardMale.xml,1402,72.33445866350631,118.26825048908036,75.32841205673353,89.64169153418247,5.021144066634218,69.66100569096562,5.195176628987359,15.4044505785544,0.9837484499737563,5.386217522722548,NORMAL
HemorrhageClass4NoFluid,StandardMale.xml,1403,72.66282861389324,118.65458668397791,75.41000081503886,89.82486277135187,5.0003951620271225,69.43494226658832,5.194839935267348,15.352653954853956,0.985173549417081,5.391124568880269,NORMAL
HemorrhageClass4NoFluid,StandardMale.xml,1404,72.84778833821736,119.01730327186164,75.24555246423635,89.83613606677811,5.028976275174508,68.92966572719178,5.199727057748668,15.284465855783274,0.9848792175252712,5.390505022527195,NORMAL
HemorrhageClass4NoFluid,StandardMale.xml,1405,72.54429991452648,118.32396381704145,74.82957222687996,89.32770275693379,5.0435151349698675,69.12690541200234,5.204197550491419,15.220446602718587,0.9838842141354134,5.399497762012292,NORMAL
HemorrhageClass4NoFluid,StandardMale.xml,1406,72.09156429676328,118.62667030482177,75.03209284534464,89.56361866517035,5.037150351465222,69.53796875853251,5.207605462503338,15.342820586982288,0.9853599264413366,5.40772386576951,NORMAL
HemorrhageClass4NoFluid,StandardMale.xml,1407,72.01415340457314,118.56518991007164,75.42278177361631,89.80358448576808,5.030577294454742,69.81903790769144,5.207147478167322,15.289393079410608,0.9868250115893924,5.413994726593737,NORMAL
HemorrhageClass4NoFluid,StandardMale.xml,1408,72.32205225465306,118.7758130790103,75.37717244512193,89.84338598975138,5.035809709358052,69.80136020374647,5.210684861422953,15.300244330997945,0.9874168435015577,5.4131519947330595,NORMAL
HemorrhageClass4NoFluid,StandardMale.xml,1409,72.43500214337423,118.96828103849431,75.74995815503028,90.15606578285163,5.010580745401306,69.62063179520091,5.212220378591001,15.263069472157758,0.9885762085343651,5.419661094146553,NORMAL
HemorrhageClass4NoFluid,StandardMale.xml,1410,72.61484034726648,119.38696967147199,75.8130725481593,90.33770492259686,5.017907703029705,69.22939155548707,5.2123170265315695,15.229098996539474,0.9896842128388527,5.422486582134612,NORMAL
HemorrhageClass4NoFluid,StandardMale.xml,1411,72.64300643527156,119.75869923084193,75.86325680174205,90.49507094477535,4.993529278226652,69.17640515683057,5.207083435205719,15.15520071218944,0.9903279106646504,5.422664422930424,NORMAL
HemorrhageClass4NoFluid,StandardMale.xml,1412,72.53739673019555,120.18552366694233,75.78659127366721,90.58623540475892,4.984718255568089,68.86302491457909,5.205249911986704,15.089590675240817,0.9887416149762481,5.413034149994822,NORMAL
HemorrhageClass4NoFluid,StandardMale.xml,1413,72.77121936962182,119.57838917950343,75.85861100701436,90.43187039784405,5.008065706371759,68.8397811699614,5.201008806207536,15.014256426679614,0.9878399859394802,5.409660304401326,NORMAL
HemorrhageClass4NoFluid,StandardMale.xml,1414,72.46625704686325,118.99121588446496,76.16085551819849,90.43764230695398,5.012499338166544,68.9369960357278,5.198102778464194,15.121415287603035,0.987027372599539,5.401856293033374,NORMAL
HemorrhageClass4NoFluid,StandardMale.xml,1415,72.7282281381552,119.07490803747893,76.53282736153618,90.71352092018377,4.973669730180734,69.22789463772898,5.197885041730293,15.225051010433404,0.9872185189110839,5.396508943845335,NORMAL
HemorrhageClass4NoFluid,StandardMale.xml,1416,72.58683594078511,118.7466447030958,76.60885479429119,90.65478476389272,4.963459015101763,68.55969471901135,5.196593071900642,15.21027939727231,0.9855565991662527,5.396108288913565,NORMAL
HemorrhageClass4NoFluid,StandardMale.xml,1417,72.79261765303082,118.21953242676665,76.36275125869821,90.31501164805435,4.936430450060435,68.54707302427742,5.196785936023686,15.268217672437352,0.9842663272922064,5.3937309496622845,NORMAL
HemorrhageClass4NoFluid,StandardMale.xml,1418,72.66039532760148,117.70893161956866,75.86873804042715,89.81546923347432,4.9438859344384065,68.06558955394343,5.193599222395823,15.36125266267231,0.9847948888610107,5.394085836780663,NORMAL
HemorrhageClass4NoFluid,StandardMale.xml,1419,72.32156215021175,117.59663541226911,75.64330367038708,89.62774758434776,4.945623274287966,68.25626048206689,5.190932820719362,15.451373388834192,0.9857459202044906,5.388222000631986,NORMAL
HemorrhageClass4NoFluid,StandardMale.xml,1420,71.95022881570848,117.55803289721963,76.0924455475475,89.91430799743821,4.925808762267981,68.53913232604698,5.19019517011718,15.471193599856965,0.9854881601819884,5.383315584692813,NORMAL
HemorrhageClass4NoFluid,StandardMale.xml,1421,71.84664019773065,118.1286850991879,75.7197404509176,89.85605533367436,4.91085062116314,68.59000338007819,5.1863816841051715,15.478006919849594,0.9851327670647428,5.3819582420598415,NORMAL
HemorrhageClass4NoFluid,StandardMale.xml,1422,72.0695788031447,118.67496113586384,75.3450468173222,89.78835159016941,4.898637727641044,68.49052876342236,5.18726349437663,15.377287159711576,0.9856178802824337,5.37494108904861,NORMAL
HemorrhageClass4NoFluid,StandardMale.xml,1423,71.86960600201094,118.48518456359538,75.48215425242815,89.8164976894839,4.93611689306187,68.170109540423,5.190425058725425,15.280869777647034,0.9850431403983358,5.376563698278646,NORMAL
HemorrhageClass4NoFluid,StandardMale.xml,1424,72.104756591498,118.96264701777343,75.5452330308008,90.01770435979168,4.978506046486402,68.7772727967688,5.194621257896012,15.314365225089041,0.9847062366032138,5.382381257519846,NORMAL
HemorrhageClass4NoFluid,StandardMale.xml,1425,71.77355367025947,118.30056443043011,75.02405220632986,89.44955628102994,4.953810725824078,69.10334097027466,5.1950513276837365,15.23009339770653,0.9855318794819015,5.3901026367389875,NORMAL
HemorrhageClass4NoFluid,StandardMale.xml,1426,71.60380537401248,118.51488162480055,74.94929829280257,89.47115940346856,4.998074621154393,69.06617095310106,5.197821317236053,15.346950564223665,0.9852923382913844,5.390894003351182,NORMAL
HemorrhageClass4NoFluid,StandardMale.xml,1427,71.5071965787357,118.43468238051918,75.38583887442044,89.73545337645335,4.978150715566605,69.73543728274254,5.194520472341039,15.309123712183156,0.9853026837187365,5.395991030183563,NORMAL
HemorrhageClass4NoFluid,StandardMale.xml,1428,71.39610011290334,118.75702450117677,75.89500487573393,90.18234475088154,5.0205999030349755,69.57124275313711,5.192432134891064,15.323278829116745,0.9862403107136773,5.3899171823651315,NORMAL
HemorrhageClass4NoFluid,StandardMale.xml,1429,71.26429855797296,118.95711703604933,76.27928509018615,90.50522907214054,5.033949197001541,70.1743612361666,5.19306056741214,15.266385644506169,0.9851847056930345,5.386074455951711,NORMAL
HemorrhageClass4NoFluid,StandardMale.xml,1430,71.79169993904635,118.97232749829206,76.40784085716507,90.59600307087406,5.007780543973441,70.44250339450178,5.189938371933603,15.231069436055105,0.9837850367358711,5.387230827613687,NORMAL
HemorrhageClass4NoFluid,StandardMale.xml,1431,72.22177737090479,119.45881366967905,76.27148186564108,90.66725913365373,5.016062170272153,69.7032234090052,5.1866522095995355,15.228384798891886,0.982535045931214,5.3814857105908676,NORMAL
HemorrhageClass4NoFluid,StandardMale.xml,1432,72.10741370626837,119.01642287010365,76.3995538756782,90.60517687382001,4.992438152337014,69.46265545148839,5.18608121850895,15.142520291012037,0.982669718489546,5.37543887998882,NORMAL
HemorrhageClass4NoFluid,StandardMale.xml,1433,72.095833858803,119.09841245228527,76.11775304569375,90.4446395145576,4.9749844885146475,69.2687930904931,5.184999662238112,15.220601993083477,0.9824091110531268,5.374388205661427,NORMAL
HemorrhageClass4NoFluid,StandardMale.xml,1434,72.01292148731395,118.71712282578629,75.5609843711378,89.94636385602064,4.941585736266131,69.06799144998347,5.181720329394852,15.20613088261958,0.983350531208252,5.372398046049243,NORMAL
HemorrhageClass4NoFluid,StandardMale.xml,1435,71.78016125985786,118.59374010238183,76.10274843728092,90.26641232564789,4.917422901731474,68.73103951412642,5.180030291188924,15.273428265494179,0.9848274000083317,5.36636378231694,NORMAL
HemorrhageClass4NoFluid,StandardMale.xml,1436,71.71087625686192,118.25007317436565,75.60693984279301,89.82131761998389,4.889508665156401,68.62176226144933,5.18214466321361,15.295205239741554,0.9859271231520682,5.363253961893191,NORMAL
HemorrhageClass4NoFluid,StandardMale.xml,1437,71.62825488686725,118.55849774559073,75.48678758501231,89.84402430520511,4.926522168315394,68.3388095951504,5.183860917754575,15.355862239640564,0.9854677713328059,5.367144594236713,NORMAL
HemorrhageClass4NoFluid,StandardMale.xml,1438,71.81583951822641,118.08691915323357,75.40795086136579,89.63427362532171,4.967279195575959,68.85082040568217,5.181456181575334,15.30142549388314,0.9861581327123198,5.370302655045707,NORMAL
HemorrhageClass4NoFluid,StandardMale.xml,1439,71.5455056278597,118.19789192202529,75.97213066700876,90.04738441868093,4.9839834705452795,69.19539152975905,5.179843199437408,15.384658823299223,0.9866795136950459,5.365877726864971,NORMAL
HemorrhageClass4NoFluid,StandardMale.xml,1440,71.96829199204217,117.57947044986385,76.03130022737477,89.8806903015378,4.973547462085026,69.61136955912556,5.183708354817074,15.365072198353232,0.9880141610396049,5.3629096964511795,NORMAL
HemorrhageClass4NoFluid,StandardMale.xml,1441,71.73563897231726,117.93796122711997,75.48019568108138,89.63278419642758,4.952405417695671,69.15088970554962,5.185515919664308,15.474223205088087,0.9870307385520699,5.370021925688652,NORMAL
HemorrhageClass4NoFluid,StandardMale.xml,1442,72.08521977074578,118.44006458708138,76.02945211571357,90.16632293950283,4.99675140103723,69.07906689524162,5.190623133065378,15.410949804981353,0.9867138163226964,5.373348005572208,NORMAL
HemorrhageClass4NoFluid,StandardMale.xml,1443,72.24363274671812,118.96354448647179,75.5072415959434,89.9926758927862,4.990704194241054,69.33813885368745,5.1956861892207895,15.322328872992703,0.9865883954184154,5.382745731900156,NORMAL
HemorrhageClass4NoFluid,StandardMale.xml,1444,71.81696954093559,118.98914015200631,75.80118970795667,90.19717318930655,4.962256410350307,69.14097426960346,5.1914855547448555,15.229934995037237,0.986659918638029,5.392062204973639,NORMAL
HemorrhageClass4NoFluid,StandardMale.xml,1445,72.08565963855595,119.14423778819591,76.11340876927422,90.45701844224811,4.95908042251952,69.13390021534818,5.194013274991608,15.225417375926474,0.9876379660315702,5.3843326643986735,NORMAL
HemorrhageClass4NoFluid,StandardMale.xml,1446,72.44736291446328,118.54151181197345,76.40095623730038,90.44780809552473,4.9552597562030485,68.88467625103576,5.197285668828858,15.198042739219371,0.9871295927916484,5.388983894188215,NORMAL
HemorrhageClass4NoFluid,StandardMale.xml,1447,72.18346512702277,118.03557537327526,75.94584630399684,89.97575599375632,4.938640289185621,68.55701816315137,5.199469912242373,15.304423500644091,0.9880967850041023,5.395005389533074,NORMAL
HemorrhageClass4NoFluid,StandardMale.xml,1448,72.382726043399,117.96901253842567,76.20151435656324,90.12401375051738,4.94881447895137,68.56263790155228,5.197546397432966,15.393720968655256,0.9870101887293563,5.399024591438664,NORMAL
HemorrhageClass4NoFluid,StandardMale.xml,1449,72.47995334524649,118.04566495043088,75.78316671175442,89.87066612464658,4.9192774002829704,68.52992471901022,5.19512474441098,15.405469267771661,0.9854667349390273,5.395485153324961,NORMAL
HemorrhageClass4NoFluid,StandardMale.xml,1450,72.11146414487142,118.5773426384325,76.32134284360907,90.40667610855022,4.911658150732641,68.10087429367336,5.1984207615085,15.391940164537615,0.9858566562466442,5.391029096650863,NORMAL
HemorrhageClass4NoFluid,StandardMale.xml,1451,71.89046558273165,118.96227746354364,76.3250979731009,90.5374911365818,4.883530400165173,68.29424902717139,5.197021649435213,15.298099381970662,0.9861036404023735,5.397094060893057,NORMAL
HemorrhageClass4NoFluid,StandardMale.xml,1452,71.80560893365721,118.26575149964803,76.53345201503127,90.44421850990352,4.902977083702128,68.12700907369216,5.199480581107644,15.230158623799156,0.9857404268346631,5.394519570396119,NORMAL
HemorrhageClass4NoFluid,StandardMale.xml,1453,71.93003168293396,117.98901407197981,75.9394858683183,89.9559952695388,4.94116675057637,68.4275485045039,5.2027614294100974,15.353095024940679,0.9848390643518073,5.399044223098469,NORMAL
HemorrhageClass4NoFluid,StandardMale.xml,1454,72.31489675862507,117.53773428735742,76.51252211219636,90.18759283725005,4.951989851881236,68.7908257417213,5.2073282615776115,15.401939009489968,0.9856864900347015,5.405081275410307,NORMAL
HemorrhageClass4NoFluid,StandardMale.xml,1455,72.48222620963338,117.04107176596715,76.74722292329702,90.17850587085373,4.948939541835918,68.62068854863308,5.208280573320662,15.481589611915627,0.9867416786874549,5.413484652266849,NORMAL
HemorrhageClass4NoFluid,StandardMale.xml,1456,72.50225786076682,117.22497772871904,77.039638350921,90.43475147685368,4.933387940268171,68.45430746514863,5.205306430258395,15.569250239266982,0.9868474131469955,5.415236990467207,NORMAL
HemorrhageClass4NoFluid,StandardMale.xml,1457,72.6574003253974,117.67010202287516,76.50424739707968,90.22619893901151,4.92079332897263,68.25262562957208,5.2071450127603125,15.536790950767905,0.9863056221674871,5.4097643030417135,NORMAL
HemorrhageClass4NoFluid,StandardMale.xml,1458,72.8599683781937,117.14003354403133,76.06281301870254,89.7552198604788,4.906139729185103,67.982596552518,5.210197250796203,15.45822678859632,0.9852678101472159,5.413147458165161,NORMAL
HemorrhageClass4NoFluid,StandardMale.xml,1459,72.69649726450957,117.56235425542218,76.23250942049143,90.00912436546834,4.880318389878104,67.6527979243639,5.206011110127211,15.551783546743799,0.9842796000381234,5.4187638472792425,NORMAL
HemorrhageClass4NoFluid,StandardMale.xml,1460,72.48560159788875,117.76472989362081,75.68853378701992,89.71393248922021,4.862014552348542,67.46912240508637,5.202983026643645,15.47724420280385,0.9855645932035253,5.411060976596524,NORMAL
HemorrhageClass4NoFluid,StandardMale.xml,1461,72.77388533397098,117.23270217796686,75.7572662917599,89.58241158716223,4.89852463493915,67.4108674591387,5.205824444268699,15.441525028030076,0.9858293313728957,5.405489034004352,NORMAL
HemorrhageClass4NoFluid,StandardMale.xml,1462,72.53590382608546,116.65186433037691,76.17766295225086,89.66906341162621,4.933108909145004,67.62755800250974,5.206803568547079,15.53542759026083,0.984394241825126,5.410717494835472,NORMAL
HemorrhageClass4NoFluid,StandardMale.xml,1463,72.23743529867552,116.22730821182542,75.7279497319916,89.2277358919362,4.952204341769477,68.2233313671525,5.201394554281473,15.637945110541239,0.9858417578629473,5.412519170482575,NORMAL
HemorrhageClass4NoFluid,StandardMale.xml,1464,72.5604897337696,115.88447951014129,76.0432742934647,89.3236760323569,4.945638193544811,68.68354475826317,5.203357609426698,15.712879002460244,0.9848814195468284,5.402566103755133,NORMAL
HemorrhageClass4NoFluid,StandardMale.xml,1465,72.44323052624871,116.22105144860168,75.97138086780366,89.38793772806967,4.925926506733423,68.35427563084684,5.201406712996476,15.773388055930912,0.9838544406872756,5.40617829959908,NORMAL
HemorrhageClass4NoFluid,StandardMale.xml,1466,72.00758686780384,116.6989410906241,76.12772672809825,89.65146484894021,4.905633366945096,68.20882315529002,5.20454348744999,15.713983317293273,0.9827544804879054,5.402588476870788,NORMAL
HemorrhageClass4NoFluid,StandardMale.xml,1467,71.84360239497173,116.86797892516394,76.51649850366323,89.9669919774968,4.889542453447031,68.30238033512806,5.208301879873389,15.629636091520865,0.9815060249246266,5.4083604205026035,NORMAL
HemorrhageClass4NoFluid,StandardMale.xml,1468,71.81366081757379,116.50732202201095,76.64224584666131,89.93060457177786,4.882317545414532,68.23589210280117,5.211427999247769,15.599801018440662,0.9814396191691473,5.415276196416871,NORMAL
HemorrhageClass4NoFluid,StandardMale.xml,1469,72.15481751165386,117.13461512605033,76.10167037613702,89.77931862610812,4.871548405848181,68.17200155374486,5.206615623416275,15.663456738426312,0.980529500266618,5.421028533756596,NORMAL
HemorrhageClass4NoFluid,StandardMale.xml,1470,72.49143311268712,117.03653159484767,76.22855991358819,89.83121714067468,4.858116229478167,67.77856884385832,5.210319863447555,15.552739894160828,0.9821465624996605,5.4121733347468695,NORMAL
HemorrhageClass4NoFluid,StandardMale.xml,1471,72.71882059520104,117.29605105148953,75.81538474792546,89.64227351578015,4.879442546252691,67.35974730838905,5.2104908475733165,15.570051576657011,0.9829130107004491,5.418989465449322,NORMAL
HemorrhageClass4NoFluid,StandardMale.xml,1472,72.30869655580516,117.61294997233671,75.59895413201414,89.60361941212166,4.920896411295831,67.44167496649005,5.2081359025471965,15.524246553327634,0.9818916448400496,5.419304091429115,NORMAL
HemorrhageClass4NoFluid,StandardMale.xml,1473,72.58572684793837,117.88485395082017,76.16553646462836,90.07197562669229,4.956284400349624,68.25245507086399,5.209598458518709,15.468314090111626,0.9808692836742833,5.4149707833930325,NORMAL
HemorrhageClass4NoFluid,StandardMale.xml,1474,72.08129559515304,118.50471689596726,75.72445695502452,89.98454360200543,4.9745722425441805,68.46212119045772,5.207033568182673,15.42032320634921,0.9808713562395959,5.4176620162983795,NORMAL
HemorrhageClass4NoFluid,StandardMale.xml,1475,72.24363397475022,118.84517562897724,75.7309525321247,90.10236023107555,4.943342329797526,69.0744402676573,5.207249623916383,15.310917780525354,0.982580220311575,5.412942390242767,NORMAL
HemorrhageClass4NoFluid,StandardMale.xml,1476,72.02225154159946,118.17249070056661,76.35629246216325,90.2950252082977,4.925434504756106,68.57231327061825,5.205520149968898,15.250827025057518,0.9822316425527642,5.413339951984861,NORMAL
HemorrhageClass4NoFluid,StandardMale.xml,1477,71.95728367736528,118.42301167746656,76.21116020914408,90.28177736525157,4.958840947326345,68.52933821025492,5.20341343459748,15.369555498205063,0.9833594109781368,5.4101575662936,NORMAL
HemorrhageClass4NoFluid,StandardMale.xml,1478,72.08819021077196,118.01757786541648,76.08873978835535,90.06501914737574,4.964088310415027,68.98239805263434,5.203478217904562,15.325338700975728,0.9835880085309637,5.4062810228722284,NORMAL
HemorrhageClass4NoFluid,StandardMale.xml,1479,72.32932739610858,117.85399056660032,76.1754693131248,90.06830973094996,4.962616210840709,68.94293044456319,5.203978879351118,15.396897517643179,0.9842814019937217,5.406400229911913,NORMAL
HemorrhageClass4NoFluid,StandardMale.xml,1480,72.46825726672387,118.15547776593975,75.83708280812397,89.94321446072922,4.927822107829669,68.73693399657657,5.208599798845479,15.425770574544671,0.9828903218727603,5.407321491446961,NORMAL
HemorrhageClass4NoFluid,StandardMale.xml,1481,72.43007619905339,118.77787072681548,76.361311003706,90.50016424474249,4.902196771618281,68.21221681923673,5.206405672239559,15.37255827062748,0.9841052569197464,5.415824393789437,NORMAL
HemorrhageClass4NoFluid,StandardMale.xml,1482,72.64553461710159,119.13308314048987,76.07249258739466,90.42602277175973,4.886747762175893,67.93466139026229,5.2094266250250225,15.262706298594821,0.9855922554308089,5.411787005931906,NORMAL
HemorrhageClass4NoFluid,StandardMale.xml,1483,72.85888217031629,118.6394387337112,76.45736065313193,90.51805334665835,4.866293391203057,67.5847818568243,5.205050926830913,15.200011527629371,0.9869310572572938,5.4173458274061534,NORMAL
HemorrhageClass4NoFluid,StandardMale.xml,1484,72.86636353099394,118.39274779840277,75.83523561863757,90.02107301189264,4.921285751189426,67.17851689471459,5.203363919332153,15.287139459621448,0.987380863734265,5.409294154038966,NORMAL
HemorrhageClass4NoFluid,StandardMale.xml,1485,72.83951632248657,117.74987712950566,76.25952057724004,90.08963942799525,4.961402515487917,67.82850480994836,5.198396812496407,15.330680256882527,0.9867862330355128,5.406189910385622,NORMAL
HemorrhageClass4NoFluid,StandardMale.xml,1486,72.35053246492149,117.1871587567129,76.31204589113408,89.93708351299368,4.9916375944018805,68.32745347260621,5.195022168540483,15.444146531695363,0.9856906872621556,5.397049992583431,NORMAL
HemorrhageClass4NoFluid,StandardMale.xml,1487,72.4818380597732,117.63002009456045,76.51365624303831,90.21911086021235,4.976711431074994,69.06845474353543,5.194535398801191,15.543465975898775,0.9851474739294965,5.390840347937409,NORMAL
HemorrhageClass4NoFluid,StandardMale.xml,1488,72.61961316386144,117.94683971358563,76.19742292814684,90.11389518995976,4.952282641160976,68.78715861513442,5.198783895611262,15.46530122411379,0.9837320398869692,5.389944648377719,NORMAL
HemorrhageClass4NoFluid,StandardMale.xml,1489,72.70820269556792,117.95769980381185,75.58726621411782,89.71074407734916,4.985249283741448,68.38808127801721,5.200680165390535,15.40938275762024,0.9849613499212254,5.397762259899071,NORMAL
HemorrhageClass4NoFluid,StandardMale.xml,1490,72.62315206329495,118.42399573085397,76.13874398846342,90.2338279025936,4.987362725069357,68.71348574102468,5.202719310522133,15.407465958422952,0.9847354509956612,5.401251564737173,NORMAL
HemorrhageClass4NoFluid,StandardMale.xml,1491,72.23563426781101,119.03654618007445,76.14824239378541,90.44434365588175,5.027279128346378,68.80473995554239,5.198753220017815,15.325165016162455,0.9838921958965147,5.405003772915062,NORMAL
HemorrhageClass4NoFluid,StandardMale.xml,1492,72.28815602987098,118.52121777144737,75.75125598061383,90.00790991089168,5.0433273324825905,69.58643039238319,5.199445849920101,15.217050241339681,0.9850059099905498,5.3977058140822365,NORMAL
HemorrhageClass4NoFluid,StandardMale.xml,1493,72.48916927181945,118.4157836028478,75.5563117658417,89.84280237817707,5.048910773729078,69.73759527571099,5.202762694111979,15.30800538622513,0.9839999105323747,5.398980314628245,NORMAL
HemorrhageClass4NoFluid,StandardMale.xml,1494,72.64316933478261,118.57223381563652,75.24212321481971,89.68549341509198,5.011071739370882,69.64592527993895,5.1983198870525005,15.32661445166827,0.9843894437724525,5.405083602574113,NORMAL
HemorrhageClass4NoFluid,StandardMale.xml,1495,72.80386993347302,117.84426297361703,75.06982440225697,89.32797059271033,5.012923279370902,69.07257549626864,5.1941074131383695,15.299001086029321,0.9847295934204979,5.396908442933414,NORMAL
HemorrhageClass4NoFluid,StandardMale.xml,1496,72.86337018830474,117.59533071419203,75.24115256874295,89.35921195055931,5.022274022161019,68.96958835157012,5.189902226286919,15.42748748868014,0.9840587179742833,5.389157116740478,NORMAL
HemorrhageClass4NoFluid,StandardMale.xml,1497,73.08819824180817,117.73359614713672,75.40680667881172,89.51573650158672,5.0425269138018205,69.034865819995,5.1861664058219255,15.47142387825933,0.9835777196062608,5.381419199390178,NORMAL
HemorrhageClass4NoFluid,StandardMale.xml,1498,73.24574867914963,117.07676964809235,75.30448770377808,89.22858168521617,5.019457816105606,69.10139377165292,5.186253842827335,15.44702011499769,0.9827760899872889,5.374544957884428,NORMAL
HemorrhageClass4NoFluid,StandardMale.xml,1499,73.22140657080352,117.50121544887912,75.95483344441158,89.80362744590076,5.03308009560272,68.7054529020913,5.183326723229956,15.562949585186118,0.9826757636979304,5.3747058497413445,NORMAL
HemorrhageClass4NoFluid,StandardMale.xml,1500,73.19316419487676,117.00122821503399,76.32913385443354,89.88649864130035,5.000691336446185,68.88597518863145,5.185531599927195,15.488035164284245,0.982507934567237,5.369319689668304,NORMAL
HemorrhageClass4NoFluid,StandardMale.xml,1501,73.04596678262239,117.6114249279648,76.03860286422538,89.8962102188052,4.97272232915687,68.52306222496695,5.186319491554768,15.576282601324277,0.9838628007361387,5.373376858648786,NORMAL
HemorrhageClass4NoFluid,StandardMale.xml,1502,72.53099786368679,117.96293149277987,76.49534938980086,90.31787675746054,5.000951672699613,68.3036214923214,5.188955526115381,15.46858325949853,0.9847602033144841,5.37482664923135,NORMAL
HemorrhageClass4NoFluid,StandardMale.xml,1503,72.16358190199186,118.61642146009603,76.45670525908236,90.50994399275358,5.019122635207983,69.03903691084503,5.191352542640028,15.40654256856104,0.9860700580091449,5.3796771869798725,NORMAL
HemorrhageClass4NoFluid,StandardMale.xml,1504,72.00706176532624,118.9434826311501,76.20986582719044,90.45440476184366,5.005402298302891,69.54531691630103,5.195603480685263,15.291201994155717,0.9857772052318827,5.384087910310425,NORMAL
HemorrhageClass4NoFluid,StandardMale.xml,1505,72.31832562923614,119.21646550076379,76.05036706846354,90.43906654589696,4.981388784288116,69.50390671320028,5.197058879290175,15.233475900073534,0.984440058199716,5.391910013921333,NORMAL
HemorrhageClass4NoFluid,StandardMale.xml,1506,71.98254410760165,119.25243254140864,76.04147617099729,90.44512829446774,5.008244463955572,68.97070828801341,5.193720263530862,15.185294592694987,0.9855962011146528,5.394588076636349,NORMAL
HemorrhageClass4NoFluid,StandardMale.xml,1507,72.02341716603586,119.76179380439102,76.37433721326182,90.83682274363822,4.974120358316829,69.55751440350903,5.1901635034767555,15.178946432302144,0.9849896876060821,5.38844472707245,NORMAL
HemorrhageClass4NoFluid,StandardMale.xml,1508,72.3664171310407,119.08083905433597,76.06649221802112,90.40460783012607,4.9666317718351145,69.11445033144828,5.186842278729704,15.089044484926438,0.9840280708973262,5.381899972628537,NORMAL
HemorrhageClass4NoFluid,StandardMale.xml,1509,72.51754938197965,118.61495885694654,76.02659232108414,90.22271449970494,4.951555924729525,68.75621062975446,5.191660890728365,15.209232576471209,0.9845566583068373,5.37578862407203,NORMAL
HemorrhageClass4NoFluid,StandardMale.xml,1510,72.1360913901431,118.01625200046513,76.10594778091469,90.07604918743151,4.921172313079781,68.45828923266752,5.195917681645815,15.291460142705542,0.984294923594324,5.384655298183297,NORMAL
HemorrhageClass4NoFluid,StandardMale.xml,1511,72.39702297359223,118.59833850302837,75.64827967470676,89.96496595081396,4.921004601591893,68.38952650537095,5.199692442236031,15.397131531985742,0.9857074332672398,5.392488171598986,NORMAL
HemorrhageClass4NoFluid,StandardMale.xml,1512,72.22400139463873,118.78311313119322,75.6967388183231,90.05886358927981,4.912546829556639,68.1855083348151,5.203472397763473,15.29439362487607,0.9861985367854997,5.399434066394168,NORMAL
HemorrhageClass4NoFluid,StandardMale.xml,1513,72.27988780958322,118.89250841206538,76.02162401881863,90.31191881656754,4.903774122103871,68.21774806249277,5.206407110518333,15.261781017469733,0.9846265359129769,5.40638952033531,NORMAL
HemorrhageClass4NoFluid,StandardMale.xml,1514,72.51160058460738,118.49456074943609,75.60893009443639,89.90414031276963,4.908526346695529,68.0692452478381,5.201624613016578,15.242472818164321,0.9843210654494693,5.41178965249261,NORMAL
HemorrhageClass4NoFluid,StandardMale.xml,1515,72.38868598970282,117.86735269774285,75.61393513491103,89.69840765585496,4.932102270152097,67.94781495779488,5.2054959812864885,15.312710334096547,0.9842699090498359,5.402989432263674,NORMAL
HemorrhageClass4NoFluid,StandardMale.xml,1516,71.98688721012833,118.20742853923058,76.16025137461945,90.17597709615649,4.97494021845087,68.32497165724713,5.2077387133898885,15.423412166675629,0.9834266968986748,5.410113093771082,NORMAL
HemorrhageClass4NoFluid,StandardMale.xml,1517,71.85224066539035,117.92725385055404,76.73714722025275,90.46718276368651,4.977179830498819,69.1530367422176,5.209142868415978,15.363388991324275,0.9834811496751183,5.4142399200615685,NORMAL
HemorrhageClass4NoFluid,StandardMale.xml,1518,71.70172493890323,117.28939702285096,76.23741947963534,89.92141199404054,4.977815103003912,69.28610546821363,5.2098140088392935,15.412839650312204,0.9830631500996059,5.416823690039623,NORMAL
HemorrhageClass4NoFluid,StandardMale.xml,1519,71.38085163781794,117.51440345241207,76.06586374412204,89.88204364688538,5.015685176410187,69.41277062722875,5.207644251606831,15.525420985260283,0.9830083412845986,5.41805864803543,NORMAL
HemorrhageClass4NoFluid,StandardMale.xml,1520,71.47181190668282,116.94717107197626,76.49974927227018,89.98222320550553,5.049808733539495,70.12702262357888,5.208869765398434,15.485707489830423,0.9824771298535562,5.414066101989771,NORMAL
HemorrhageClass4NoFluid,StandardMale.xml,1521,71.676105998939,116.48790952886083,75.92413804430613,89.44539520582437,5.0355835687269055,70.46737880390377,5.206143946143628,15.58582365358648,0.9833154675198816,5.416321156227804,NORMAL
HemorrhageClass4NoFluid,StandardMale.xml,1522,72.0318493243556,116.70027396299336,76.13662533869304,89.65784154679315,5.011602387388371,70.13116849169846,5.20895819424824,15.6668830314416,0.9822274790805016,5.411305406666457,NORMAL
HemorrhageClass4NoFluid,StandardMale.xml,1523,72.3473894110245,116.6318226051903,76.42438269894333,89.82686266769232,4.983220515716591,69.55894489835448,5.206734699174347,15.629400840373382,0.9822064608473516,5.416483873166515,NORMAL
HemorrhageClass4NoFluid,StandardMale.xml,1524,72.26481792841729,117.05695037747259,75.96734340929366,89.6638790653533,5.001189442769855,68.96997093792031,5.204743146124555,15.641482462621163,0.9830085242158477,5.412392444719133,NORMAL
HemorrhageClass4NoFluid,StandardMale.xml,1525,72.12812495564351,116.48166574160369,76.31086750861631,89.70113358627877,5.008801392739358,69.25023113522047,5.200141992233039,15.566447674172803,0.9836716412930365,5.408727810199334,NORMAL
HemorrhageClass4NoFluid,StandardMale.xml,1526,72.19810974075591,116.41330032454312,76.85798114991404,90.04308754145707,5.042747257556726,69.4492294402445,5.202559002635032,15.667985056024566,0.9844880088488647,5.400261278321857,NORMAL
HemorrhageClass4NoFluid,StandardMale.xml,1527,72.01541076872336,116.11045124250539,76.70755658798338,89.84185480615739,5.00885557974042,69.80187348714648,5.205997409567381,15.680051509784537,0.9833697660292845,5.404708792162765,NORMAL
HemorrhageClass4NoFluid,StandardMale.xml,1528,72.3885981700571,116.20142036764626,76.64924653515135,89.83330447931633,4.967970857665588,69.5388793823631,5.2050234728493745,15.733504185154313,0.9844976448244295,5.411035766349427,NORMAL
HemorrhageClass4NoFluid,StandardMale.xml,1529,72.01873103646733,116.34181915654983,77.13630707001612,90.20481109886069,4.940030328721709,68.75499641995043,5.201808045857019,15.717448190920782,0.9859749068932155,5.409243636274217,NORMAL
HemorrhageClass4NoFluid,StandardMale.xml,1530,71.95147656271287,116.60118126051428,76.60210870331282,89.93513288904664,4.938218143032337,68.70777690467017,5.200144338032312,15.692667891653976,0.9872540882854144,5.403326964984288,NORMAL
HemorrhageClass4NoFluid,StandardMale.xml,1531,72.33766797377938,116.87311779600915,75.94860428716092,89.59010879011034,4.971545021537635,68.73852072404827,5.195294710087715,15.646890640974686,0.9882638260779559,5.400265594800896,NORMAL
HemorrhageClass4NoFluid,StandardMale.xml,1532,72.27812731453795,117.52039135308748,76.1938240179168,89.96934646297369,4.9872459422166155,68.83753114413474,5.195230899147262,15.598894010919924,0.9877340253858563,5.3913418485939815,NORMAL
HemorrhageClass4NoFluid,StandardMale.xml,1533,72.10948036230118,117.63620067729089,76.19885288281532,90.0113021476405,5.010150280369116,69.07243346719612,5.191746015392099,15.484650629070618,0.9865428662007273,5.391224430795269,NORMAL
HemorrhageClass4NoFluid,StandardMale.xml,1534,72.03234183061218,117.22660144941631,76.28935722532128,89.93510530001963,5.012220084032613,69.48015561368294,5.19122160079186,15.464210355090634,0.9874547802563318,5.3848119351261285,NORMAL
HemorrhageClass4NoFluid,StandardMale.xml,1535,72.17731977624659,117.22996931506982,75.99525489033347,89.74015969857892,5.020223439948469,69.56598979795655,5.196174838808019,15.536504365070703,0.9883294986654336,5.3838469656783285,NORMAL
HemorrhageClass4NoFluid,StandardMale.xml,1536,72.54146773092222,117.74876597325442,75.52038690289646,89.59651325968245,5.029501220046472,69.54770160785581,5.197643285526254,15.535909938869196,0.987797125643296,5.392961363620522,NORMAL
HemorrhageClass4NoFluid,StandardMale.xml,1537,72.44044022637429,118.1307042116938,76.0894176185501,90.10317981626467,4.993550121465421,69.37249995616195,5.197272751576312,15.444342650085366,0.987817180570964,5.395663436023108,NORMAL
HemorrhageClass4NoFluid,StandardMale.xml,1538,71.98671038806076,117.82121230486301,75.98367980053435,89.9295239686439,4.9722390925122815,69.02110551437424,5.197037109118772,15.376930787605094,0.9872351707425648,5.394981620640959,NORMAL
HemorrhageClass4NoFluid,StandardMale.xml,1539,71.74556757655695,117.79962435226795,75.53492614756239,89.62315888246424,5.013343970986116,69.12064941565272,5.201414301979277,15.431555917435727,0.986795260583987,5.394548017587139,NORMAL
HemorrhageClass4NoFluid,StandardMale.xml,1540,72.04802273052582,118.10853805100096,75.87895743401674,89.95548430634481,4.972176004342047,69.80707249961962,5.200047658646834,15.435366177695382,0.9858235292695144,5.402602441273267,NORMAL
HemorrhageClass4NoFluid,StandardMale.xml,1541,71.86620122450056,118.62723451897821,75.61057919509945,89.94946430305903,5.002958727063624,69.07172573104071,5.202995230165655,15.380843101235817,0.9855018330779961,5.400087696143656,NORMAL
HemorrhageClass4NoFluid,StandardMale.xml,1542,71.68369837905348,119.11379467477666,75.5538053378751,90.07380178350896,4.963807260294655,69.58593970628405,5.199289498268221,15.28929349596152,0.9850849259420023,5.40551148956888,NORMAL
HemorrhageClass4NoFluid,StandardMale.xml,1543,71.9943997448455,119.43096849695587,75.7261694017911,90.29443576684602,4.955432508867795,69.25778773164804,5.203937912779541,15.203415929878878,0.9865566230131557,5.3986926137001845,NORMAL
HemorrhageClass4NoFluid,StandardMale.xml,1544,71.78887978933457,119.92571171854644,75.38953782929518,90.23492912571227,4.972920175540562,68.91224161786677,5.206908553653566,15.14743494674806,0.9873361572476375,5.407246109316228,NORMAL
HemorrhageClass4NoFluid,StandardMale.xml,1545,71.88943228357097,119.17985327706185,75.62479721478132,90.1431492355415,5.0147135494174435,69.28473621529074,5.203093348910278,15.060113074622382,0.9883618825444048,5.412712352404261,NORMAL
HemorrhageClass4NoFluid,StandardMale.xml,1546,71.92329647267866,118.95357908431382,75.18837821292999,89.77677850339127,5.036848608759976,69.70924018070441,5.202888588853083,15.191756627497728,0.9884874044630518,5.405692036774802,NORMAL
HemorrhageClass4NoFluid,StandardMale.xml,1547,72.16462549850311,119.32177360555531,75.4365283448113,90.06494343172596,5.012761654393349,69.94911133825433,5.2031866851261475,15.23169388234472,0.989554667909038,5.405315260080879,NORMAL
HemorrhageClass4NoFluid,StandardMale.xml,1548,71.89779401970833,118.59703268259042,75.42764325620112,89.81743973166422,5.021374326253202,69.46805024120022,5.203864773769526,15.166707777435875,0.9877739517729143,5.405863783702989,NORMAL
HemorrhageClass4NoFluid,StandardMale.xml,1549,72.08238155186197,119.11571164472973,74.98942395172516,89.69818651606002,5.009121318980682,69.78289314267023,5.205979159760198,15.294624101374435,0.9864438028804607,5.407111527040916,NORMAL
HemorrhageClass4NoFluid,StandardMale.xml,1550,72.0304133194136,119.16871457973758,74.93791538972832,89.6815151197314,4.987084820578904,69.48916865072817,5.209480184947414,15.20307758586969,0.9857191302950318,5.411002185083094,NORMAL
HemorrhageClass4NoFluid,StandardMale.xml,1551,72.05323409614539,118.67474318141072,75.39874836440573,89.82407997007407,5.011687972314405,69.26499161026508,5.211426107064355,15.193722600675223,0.9861394048977279,5.417444382421042,NORMAL
HemorrhageClass4NoFluid,StandardMale.xml,1552,71.86355625157614,119.20442501836219,75.62232290466333,90.14969027589629,5.021202970476565,69.54307017342916,5.211306071743268,15.280908246472993,0.9848585608028001,5.421025051971034,NORMAL
HemorrhageClass4NoFluid,StandardMale.xml,1553,71.85559148600277,119.19715356679171,75.195193117274,89.86251326711324,5.000977429589556,69.80803737138785,5.2143481360445545,15.187419730379993,0.9836482010796519,5.420804176317583,NORMAL
HemorrhageClass4NoFluid,StandardMale.xml,1554,71.87716434952817,118.86244055966019,75.69573947882144,90.08463983910102,4.9921113287980186,69.57045478683004,5.213111292002818,15.188703137077642,0.9823221558588615,5.426401844856269,NORMAL
HemorrhageClass4NoFluid,StandardMale.xml,1555,71.55829145113238,119.40400516483687,75.22306625458857,89.95004589133801,5.008148398135037,69.44646763365922,5.210815514670271,15.24777977548731,0.981977019262443,5.424125941951534,NORMAL
HemorrhageClass4NoFluid,StandardMale.xml,1556,71.96500154706077,119.67099888641556,74.93012609917373,89.84375036158768,4.967874889591911,69.89361136019639,5.206737524584479,15.152193958163735,0.9824206050063387,5.419901507727449,NORMAL
HemorrhageClass4NoFluid,StandardMale.xml,1557,72.05666957746652,118.81868200458757,75.62693864530237,90.02418643173077,5.011650617978702,69.08515332140712,5.206037931789415,15.105069731703193,0.9829688570322157,5.412397643724756,NORMAL
HemorrhageClass4NoFluid,StandardMale.xml,1558,72.08358334317371,118.2442279089607,75.9608107048171,90.0552831061983,5.044226317583956,69.53990571511245,5.202483618015287,15.255503133349944,0.981719923985506,5.411110330837527,NORMAL
HemorrhageClass4NoFluid,StandardMale.xml,1559,71.68686279357428,118.23197298250271,75.54823078829236,89.77614485302914,5.067688757937553,69.91048174294204,5.198432923452994,15.356893925363494,0.981133057739532,5.404570077766076,NORMAL
HemorrhageClass4NoFluid,StandardMale.xml,1560,71.60565672166568,117.81238099459145,75.87460774880245,89.85386549739879,5.093865736603387,70.51048636874727,5.1962341252981865,15.35905691229161,0.9813869659879536,5.39711643995126,NORMAL
HemorrhageClass4NoFluid,StandardMale.xml,1561,72.03972251953222,117.62240154042038,75.9511382636199,89.84155935588673,5.06491580279692,70.8924798243514,5.198987172574887,15.43311463822781,0.981663253353523,5.393070456028806,NORMAL
HemorrhageClass4NoFluid,StandardMale.xml,1562,72.04264728571428,117.52668954127329,75.58854475499164,89.56792635041886,5.030110836024116,70.19432238394549,5.200938728351713,15.466645894199946,0.9830919895584749,5.398136307569082,NORMAL
HemorrhageClass4NoFluid,StandardMale.xml,1563,71.85978285553665,117.43226128069016,75.73726992722763,89.63560037838181,5.047418327670586,69.77314131016706,5.198979523072263,15.483539002757444,0.9841268442286726,5.401727343553695,NORMAL
HemorrhageClass4NoFluid,StandardMale.xml,1564,72.24820957149852,117.48193684403806,76.22757032472366,89.97902583116179,5.035004886042079,70.12717369488621,5.201531908603598,15.500205532253656,0.9851443345081886,5.398122231804756,NORMAL
HemorrhageClass4NoFluid,StandardMale.xml,1565,72.30154557924226,117.6930247796848,76.1160056775319,89.9750120449162,5.035716324870453,69.66926384142303,5.200149028822301,15.491437826095922,0.985530889560651,5.402818847908925,NORMAL
HemorrhageClass4NoFluid,StandardMale.xml,1566,71.89829764148898,117.26324399295181,75.54288666416485,89.44967244042718,5.0318702375009465,69.63569042203576,5.201005805564181,15.454180936219677,0.9848688626137696,5.4002742262711525,NORMAL
HemorrhageClass4NoFluid,StandardMale.xml,1567,72.17808228633211,117.55295226464932,76.15477319597171,89.95416621886424,5.015807871405498,69.90900982617335,5.196224785295194,15.530036978836122,0.98391906048815,5.401850771583055,NORMAL
HemorrhageClass4NoFluid,StandardMale.xml,1568,72.00394637398273,118.01273667959457,75.96588028617208,89.98149908397957,4.979514720859728,69.49404392198053,5.198096180913084,15.478903648350885,0.9836213804926748,5.393053269593635,NORMAL
HemorrhageClass4NoFluid,StandardMale.xml,1569,72.22684266054726,117.4824651275034,75.75219642758894,89.66228599422709,4.943113846188506,69.19469715206775,5.19653709577362,15.397751983941717,0.983627738703995,5.3964968037652365,NORMAL
HemorrhageClass4NoFluid,StandardMale.xml,1570,72.42191459921276,118.10151864152414,75.8552828150645,89.93736142388438,4.941533921116813,68.58262881409837,5.197831993418994,15.491344584391552,0.983819245743632,5.3936279486162455,NORMAL
HemorrhageClass4NoFluid,StandardMale.xml,1571,72.02777061249151,117.77885774260294,76.00177278158263,89.9274677685894,4.9799858582262875,68.41229284807667,5.2016044640432435,15.382082022660072,0.9826381262290973,5.396010675308531,NORMAL
HemorrhageClass4NoFluid,StandardMale.xml,1572,72.33686787056517,117.6952928399394,76.30900591837131,90.10443489222735,4.968072846391335,69.18162811165638,5.199677392271311,15.439031471436696,0.9819183409856976,5.402952356362919,NORMAL
HemorrhageClass4NoFluid,StandardMale.xml,1573,72.51798423904698,117.72920823084397,76.86100842560599,90.48374169401865,4.966022035821968,68.79650969033221,5.195944113352293,15.453780624989767,0.9811781560231999,5.399406373122206,NORMAL
HemorrhageClass4NoFluid,StandardMale.xml,1574,72.28558943389946,117.59702762791163,76.85153385013116,90.43336510939132,4.953348206910238,68.63110436645503,5.19770507022848,15.44779457950512,0.9825520429963186,5.392536808286815,NORMAL
HemorrhageClass4NoFluid,StandardMale.xml,1575,72.62418466476191,118.22067853064668,76.49271496784381,90.40203615544476,4.986890020690889,68.65978475274993,5.196916670580951,15.471124374039029,0.9839352594067929,5.395777125363493,NORMAL
HemorrhageClass4NoFluid,StandardMale.xml,1576,72.8454667670021,117.54951646208134,76.60855023268049,90.2555389758141,4.9541915778435355,68.79828650976866,5.193114398167315,15.361050376047476,0.9849279312105308,5.394326399979082,NORMAL
HemorrhageClass4NoFluid,StandardMale.xml,1577,72.87081257852779,117.28699263784861,76.84147443063058,90.3233138330366,4.9523172386171455,68.23688144274242,5.194229442506296,15.479510065375711,0.9843732174963883,5.387329880984954,NORMAL
HemorrhageClass4NoFluid,StandardMale.xml,1578,72.80281755580333,117.22143169978779,76.97834690527068,90.39270850344305,4.955031407253659,68.19506174906776,5.198177553936663,15.525845357723721,0.9858247898417579,5.389381661617239,NORMAL
HemorrhageClass4NoFluid,StandardMale.xml,1579,72.35442177933089,117.1363844027294,77.00496051540075,90.38210181117697,4.923360775312649,68.27969531575414,5.19380161106446,15.537416822677564,0.9842900313684779,5.3966465373569275,NORMAL
HemorrhageClass4NoFluid,StandardMale.xml,1580,71.97428456557725,116.98986456688905,77.11199323628522,90.40461701315316,4.928417746852713,68.24666119448494,5.190999121405786,15.552427617923009,0.983420276406,5.388594413760313,NORMAL
HemorrhageClass4NoFluid,StandardMale.xml,1581,72.30076717081715,116.92498995519672,77.46478728660267,90.61818817613403,4.977112129114466,68.60265678102452,5.196059895482983,15.57828827818227,0.9846506287480778,5.383437583845273,NORMAL
HemorrhageClass4NoFluid,StandardMale.xml,1582,72.05399748511036,117.4502286148211,76.82563455981182,90.36716591148158,5.015930599421495,68.93311686699772,5.192125350598376,15.589738606957244,0.9841665498537762,5.392749857692126,NORMAL
HemorrhageClass4NoFluid,StandardMale.xml,1583,72.13440990804756,117.95230819233971,76.45251440695645,90.28577900208421,4.98743697497758,69.59351662277423,5.189132606058339,15.497034308910006,0.9841152701358938,5.3855099456017435,NORMAL
HemorrhageClass4NoFluid,StandardMale.xml,1584,71.81107649079956,118.46456498636815,76.70298435490787,90.62351123206129,5.020133264255485,69.18743921064338,5.194659877536542,15.408417574507771,0.9839258909833296,5.380003029804797,NORMAL
HemorrhageClass4NoFluid,StandardMale.xml,1585,71.80274630533029,117.88129979432715,76.65348822942892,90.396092084395,5.023683859619837,69.83687881590849,5.196699539909178,15.318004567696171,0.9854408203567235,5.390173700308118,NORMAL
HemorrhageClass4NoFluid,StandardMale.xml,1586,71.69603142449553,118.21845784898609,76.24769796041836,90.2379512566076,5.0016359771716425,69.88635413280312,5.194925772010869,15.42095051276849,0.9841539571291773,5.3939268602554655,NORMAL
HemorrhageClass4NoFluid,StandardMale.xml,1587,71.79794376691027,118.7148096399514,76.40996961612656,90.5115829574015,5.020239654761488,69.70507756981375,5.192390397223946,15.361442324984896,0.9829556531683306,5.390662969760088,NORMAL
HemorrhageClass4NoFluid,StandardMale.xml,1588,72.2119825152777,118.01519099304953,75.77755064457106,89.85676409406389,4.99483614685904,69.84861585578813,5.196183941910533,15.273836541361055,0.9821828624055428,5.385997654936688,NORMAL
HemorrhageClass4NoFluid,StandardMale.xml,1589,71.85718437873315,117.60553204551411,75.91231685238787,89.81005525009662,4.997735140880617,69.2154274344281,5.200073645411296,15.39731879913732,0.9831895721661008,5.392978114137771,NORMAL
HemorrhageClass4NoFluid,StandardMale.xml,1590,71.73253280261817,117.58751400352818,75.50741860400105,89.53411707051009,4.998397556426964,69.53009203306661,5.2042090096959255,15.469623349600536,0.9824906804758625,5.400135514098652,NORMAL
HemorrhageClass4NoFluid,StandardMale.xml,1591,71.67193140664267,118.30107294244573,76.00672898820038,90.1048436396155,4.999688000486287,69.6369476104162,5.206672686457003,15.47280352284918,0.9817551750052436,5.407744951723714,NORMAL
HemorrhageClass4NoFluid,StandardMale.xml,1592,71.55367090106014,117.79557079414803,75.77451444704211,89.78153322941075,5.02931604492311,69.70071020247504,5.207622997530444,15.346860812167924,0.9809564860892532,5.412278335810678,NORMAL
HemorrhageClass4NoFluid,StandardMale.xml,1593,71.9355336296778,118.16262824953817,75.4896846516653,89.71399918428959,5.056941275798002,70.15346034161354,5.203883793961055,15.436081628192436,0.979865546359806,5.4140269926012365,NORMAL
HemorrhageClass4NoFluid,StandardMale.xml,1594,72.07672780320561,118.07721620895902,75.26834275614387,89.53796724041558,5.08351535114407,70.18146324036256,5.199413930603049,15.371296214701962,0.9800704955163176,5.4071465258828795,NORMAL
HemorrhageClass4NoFluid,StandardMale.xml,1595,71.78331544908862,118.07120961396451,75.36382693757766,89.59962116303994,5.03665017796285,70.38855339796669,5.197186678791989,15.386371386952867,0.9792580750258703,5.3989215802495,NORMAL
HemorrhageClass4NoFluid,StandardMale.xml,1596,71.94149109305805,118.38764451714749,75.3456852895269,89.69300503206709,5.015291700864492,70.05833360326822,5.19643854056813,15.387431547248415,0.9799993214939869,5.394823239072023,NORMAL
HemorrhageClass4NoFluid,StandardMale.xml,1597,71.9757471613532,118.33315780376554,75.34284770479157,89.67295107111623,5.027748879517745,69.67491219076648,5.198186747714605,15.331580982862686,0.9817760688230593,5.393446598283559,NORMAL
HemorrhageClass4NoFluid,StandardMale.xml,1598,71.7558072668054,117.66840360929972,74.86289068397562,89.13139499241699,5.005349149968057,69.7977893518254,5.1939902012216494,15.341197854021004,0.9808369361002409,5.396663454725017,NORMAL
HemorrhageClass4NoFluid,StandardMale.xml,1599,71.58124391223843,117.87567624953203,75.25549253242622,89.46222043812816,4.9959897070708434,69.70239621603744,5.1904837609205865,15.458526557540246,0.9818715694293023,5.388941436401865,NORMAL
HemorrhageClass4NoFluid,StandardMale.xml,1600,71.9607736495735,117.56585840496766,74.98982091681931,89.18183341286876,5.019381777803701,69.72819125789461,5.1897209685191275,15.421943064941136,0.9814856825760677,5.382489274773416,NORMAL
HemorrhageClass4NoFluid,StandardMale.xml,1601,72.04493489797619,117.94430656618796,74.62161116809264,89.06250963412441,5.017060847036409,69.70889434859897,5.192547546768582,15.476625722579836,0.981696946870226,5.381085668996448,NORMAL
HemorrhageClass4NoFluid,StandardMale.xml,1602,71.88104893347267,118.52018559044882,74.46991950761539,89.15334153522653,4.999998671167632,69.6142859820075,5.188837958368559,15.409829856566684,0.9810230776527279,5.3862868240582955,NORMAL
HemorrhageClass4NoFluid,StandardMale.xml,1603,72.22250648121089,117.95762928969704,74.06499049823495,88.69587009538898,4.997966903329492,69.53848784228255,5.1880709674395575,15.308187565531956,0.9803735999631819,5.379460851882266,NORMAL
HemorrhageClass4NoFluid,StandardMale.xml,1604,71.99323864953293,117.3703758745521,74.5074036389255,88.79506105080102,5.026484726862618,69.24476436068349,5.189964811772902,15.407478404120532,0.9821521310788681,5.378049520441667,NORMAL
HemorrhageClass4NoFluid,StandardMale.xml,1605,72.06099136094262,117.4279889368838,74.37980084966352,88.72919687873696,4.991709904189608,69.7686839539605,5.193956445510092,15.511128268100062,0.9825816342957275,5.3815343622438085,NORMAL
HemorrhageClass4NoFluid,StandardMale.xml,1606,72.44226598423016,117.96470465219768,74.60050228939988,89.05523641033248,4.966197878157607,69.29657138910105,5.190905491041132,15.500959598288834,0.9815567264377155,5.388879322894104,NORMAL
HemorrhageClass4NoFluid,StandardMale.xml,1607,72.20577857940748,118.29951301191494,74.7080872282432,89.23856248946711,4.989482887938267,68.69200741841725,5.196530579012897,15.406229607022237,0.9811040539278317,5.3832652956571945,NORMAL
HemorrhageClass4NoFluid,StandardMale.xml,1608,72.15767190225473,118.07432436992215,74.27616424505214,88.87555095334214,4.979093058232299,69.15599633073289,5.198909550109084,15.347136138940257,0.9825896738255084,5.393615957197637,NORMAL
HemorrhageClass4NoFluid,StandardMale.xml,1609,72.34871187170604,118.5653296510181,74.96132047851226,89.49599020268087,4.989535717474846,69.0688899102829,5.195124348342181,15.386881794751428,0.9833397453382525,5.397993475336859,NORMAL
HemorrhageClass4NoFluid,StandardMale.xml,1610,72.46807356751486,117.82791985502831,75.65773346462818,89.71446226142822,5.019429986676653,69.04467239614948,5.197107853055503,15.300219666807457,0.982397391349059,5.39102836784909,NORMAL
HemorrhageClass4NoFluid,StandardMale.xml,1611,72.38149200959042,117.49025473200503,75.98716575797368,89.82152874931747,5.054706673097676,69.30947524344231,5.195933295642809,15.430372038986764,0.9833385798045632,5.394678192714856,NORMAL
HemorrhageClass4NoFluid,StandardMale.xml,1612,72.06741293024665,118.18689154977669,76.15515432461596,90.16573339966953,5.0846602507190015,69.80031428804779,5.200029891729192,15.489969724022544,0.9840078242059925,5.392516902740436,NORMAL
HemorrhageClass4NoFluid,StandardMale.xml,1613,72.374570145054,118.09390829931499,76.68689056134421,90.48922980733447,5.075542650660381,70.40977737134375,5.197680595049818,15.367013757240567,0.9846243532901807,5.400055003436973,NORMAL
HemorrhageClass4NoFluid,StandardMale.xml,1614,72.61706801919131,117.93031049911977,76.50693193574126,90.31472479020077,5.105001751003075,70.05558556968026,5.19595927740403,15.383425243345506,0.9832776882747789,5.395732088860644,NORMAL
HemorrhageClass4NoFluid,StandardMale.xml,1615,72.52127475042414,117.71908345167913,76.58220677881928,90.2944990031059,5.085700467229494,70.21596816755905,5.1958326324834125,15.412300153733895,0.9848198558237149,5.3925647114890225,NORMAL
HemorrhageClass4NoFluid,StandardMale.xml,1616,72.66065607871835,117.45586396320562,77.07715954704442,90.53672768576482,5.074206002559061,70.06098550822622,5.198021103791896,15.449581596755584,0.9847332117741752,5.392331673585312,NORMAL
HemorrhageClass4NoFluid,StandardMale.xml,1617,72.2610816502591,118.17314168952531,77.0991441240768,90.79047664589297,5.0774731693354545,69.81340984361366,5.196215783591955,15.49603967341114,0.9841193228441665,5.396358655193206,NORMAL
HemorrhageClass4NoFluid,StandardMale.xml,1618,72.45358362802475,117.47462636421149,76.41913499766733,90.10429878651539,5.049801162222027,70.16889978777584,5.197449069011087,15.369440599057132,0.9828493177484317,5.3930367056600605,NORMAL
HemorrhageClass4NoFluid,StandardMale.xml,1619,72.21602006596176,117.43881135366347,76.56218931511987,90.1877299946344,5.003222863826392,69.68462838394696,5.195167364820852,15.492728121256594,0.9825719315134305,5.395306060383092,NORMAL
HemorrhageClass4NoFluid,StandardMale.xml,1620,72.00347470081581,118.00736751900708,76.69452152800056,90.4654701916694,5.0243046596847725,69.312985796216,5.192104131148798,15.499049448431526,0.9815240795465056,5.391107521990968,NORMAL
HemorrhageClass4NoFluid,StandardMale.xml,1621,71.81937996050787,118.70078177120698,76.24898599305226,90.3995845857705,5.027887159258137,69.73431651473281,5.188542629348054,15.398699637459305,0.9809585720973782,5.3854708999296115,NORMAL
HemorrhageClass4NoFluid,StandardMale.xml,1622,71.83066303327793,118.41492287556122,76.59378027406191,90.53416114122835,5.035138333945581,69.92381998995845,5.188684343001431,15.276312451504417,0.9826824272762255,5.378917420250678,NORMAL
HemorrhageClass4NoFluid,StandardMale.xml,1623,71.53986957503045,118.03193342821308,76.28643643901889,90.20160210208361,5.015319509184538,70.0023036287489,5.190228169096975,15.326766369501147,0.9834044997931962,5.3791781859612104,NORMAL
HemorrhageClass4NoFluid,StandardMale.xml,1624,71.48126099244298,118.13761553555614,76.47276469063627,90.36104830560956,4.9892406771190005,69.99512377801283,5.187366389074903,15.394363769702611,0.9836949202544658,5.382018963113939,NORMAL
HemorrhageClass4NoFluid,StandardMale.xml,1625,71.41614223434853,117.54128238182064,76.49721148323088,90.17856844942747,5.0009384869629745,69.72619757353154,5.188834823590121,15.375710943224837,0.9834271665008798,5.37675303366353,NORMAL
HemorrhageClass4NoFluid,StandardMale.xml,1626,71.82271487513354,117.50683306470549,76.00511944411059,89.8390239843089,4.996165660115502,69.91995628468354,5.187860146427376,15.480963375440854,0.9848575627681612,5.3794550836114805,NORMAL
HemorrhageClass4NoFluid,StandardMale.xml,1627,72.02493002044854,117.52051213119101,75.91772089876419,89.7853179762398,4.990316548690433,69.53846554436787,5.1879333817702316,15.487043658570908,0.9834519702354645,5.377661591052178,NORMAL
HemorrhageClass4NoFluid,StandardMale.xml,1628,72.06753825719305,118.21734189619615,75.83249129414997,89.96077482816537,5.012074146500017,69.30820808339465,5.190050260800173,15.484629311810163,0.9829829138171292,5.377796350588474,NORMAL
HemorrhageClass4NoFluid,StandardMale.xml,1629,71.84941217251388,118.2088930640508,75.40490391864819,89.67290030044906,5.013928374882789,69.53641319055826,5.191501544026002,15.361639289961008,0.9825242206839557,5.3816915960443605,NORMAL
HemorrhageClass4NoFluid,StandardMale.xml,1630,72.08097725327544,118.03407053330814,75.35836010269246,89.58359691289769,4.972550428043867,69.73154812046604,5.195255853311887,15.36313050360075,0.98384690568611,5.384362086096299,NORMAL
HemorrhageClass4NoFluid,StandardMale.xml,1631,72.0344751699152,117.40615186804578,74.89938608365813,89.06830801178735,5.002596115855333,69.05036989028696,5.197133973743937,15.39398657197723,0.9834395523805933,5.391270348674839,NORMAL
HemorrhageClass4NoFluid,StandardMale.xml,1632,71.70614513149253,117.18273855672139,75.00647310831292,89.06522825778241,4.988755123175974,69.44847598588785,5.1929717762492,15.504813827411049,0.984285737701931,5.394726257101857,NORMAL
HemorrhageClass4NoFluid,StandardMale.xml,1633,71.89894238171746,117.61387809902432,74.5868399151979,88.92918597647338,4.966657220762278,69.54142915821124,5.189975240997571,15.544246138459037,0.9850641193181581,5.3870674439866235,NORMAL
HemorrhageClass4NoFluid,StandardMale.xml,1634,71.91350474213901,117.27220963535969,74.96370751590774,89.06654155572505,4.999276337220276,69.12243056885387,5.18878569855908,15.46815027632622,0.9844916651074233,5.38155355294362,NORMAL
HemorrhageClass4NoFluid,StandardMale.xml,1635,72.32051057631237,116.66675837836934,75.06742126554269,88.93386696981824,5.014394648485494,69.50409301875796,5.185829433232302,15.528454548505199,0.9830324164566422,5.3793646891906235,NORMAL
HemorrhageClass4NoFluid,StandardMale.xml,1636,72.34544439534402,116.29286658294282,74.69323851949657,88.55978120731199,4.988821894978018,69.36494746363273,5.186699873225985,15.635316320297184,0.9841879151082457,5.373924898386495,NORMAL
HemorrhageClass4NoFluid,StandardMale.xml,1637,72.23787864993395,115.8713744735978,74.3929607384502,88.21909865016606,4.982674534675397,69.0386669615128,5.19259025531124,15.70130799057032,0.9852136587030754,5.375526585295411,NORMAL
HemorrhageClass4NoFluid,StandardMale.xml,1638,72.46813520895168,116.18690151276006,74.96781657976972,88.70751155743316,4.99948657276891,69.04906998803874,5.196775844663187,15.775701086762489,0.9855480510508796,5.386365411570553,NORMAL
HemorrhageClass4NoFluid,StandardMale.xml,1639,72.32915965121278,116.59062223167247,74.71087075230709,88.67078791209555,5.025038929321022,69.07058024662823,5.198608287518987,15.720010759814013,0.9845165577837838,5.394067267780937,NORMAL
HemorrhageClass4NoFluid,StandardMale.xml,1640,72.46282490537943,116.82158192075701,74.833737510667,88.82968564736368,5.004908589560397,69.4858297330212,5.200394917997932,15.648754303024127,0.9859324859324567,5.397439125410148,NORMAL
HemorrhageClass4NoFluid,StandardMale.xml,1641,72.37330029241028,117.19482921832154,74.84020403009347,88.9584124261695,5.020067364090657,69.13966838279394,5.1964367004897545,15.607990060976325,0.9856086178793817,5.400726684196467,NORMAL
HemorrhageClass4NoFluid,StandardMale.xml,1642,72.24549879441467,116.6285982015271,74.92498238483323,88.82618765706452,5.022532681167153,69.3914953212877,5.191831802627909,15.54211214417657,0.984968240190188,5.393443212375894,NORMAL
HemorrhageClass4NoFluid,StandardMale.xml,1643,72.3170846030442,117.34025152346604,75.1951520394545,89.24351853412502,4.982943627070551,69.52165846996873,5.196555479983629,15.642051567870258,0.9863591691399877,5.384969791260435,NORMAL
HemorrhageClass4NoFluid,StandardMale.xml,1644,72.2339326018322,117.73006538808707,75.0220090147505,89.25802780586268,5.023754502118352,68.9903311135335,5.195408365226031,15.516445197405226,0.9873180146912165,5.393661777195717,NORMAL
HemorrhageClass4NoFluid,StandardMale.xml,1645,72.19409231232584,117.55015125554793,75.38439552492603,89.43964743513334,5.01184219897154,69.54544951248668,5.191403149781798,15.447643291782708,0.9876004342121933,5.391550984144384,NORMAL
HemorrhageClass4NoFluid,StandardMale.xml,1646,72.04040294716957,117.9099026289505,75.26388024969638,89.47922104278109,5.027480327223402,69.43377867056773,5.194957484645319,15.479398024722105,0.9867275354055696,5.384181031946676,NORMAL
HemorrhageClass4NoFluid,StandardMale.xml,1647,72.24316520481813,117.64459118827922,75.22309107583281,89.36359111331495,5.057114890228305,69.74326446475006,5.196812001967988,15.41590213017644,0.9862189775044155,5.390721323824486,NORMAL
HemorrhageClass4NoFluid,StandardMale.xml,1648,72.17648868152146,117.90891335877765,75.4056270261965,89.57338913705688,5.083704615723544,69.9387188633953,5.199820880202132,15.462729435098971,0.9861978151665585,5.394133800433597,NORMAL
HemorrhageClass4NoFluid,StandardMale.xml,1649,71.84803428672105,117.67332357834937,76.02170120780157,89.90557533131751,5.060409299094769,70.31113823953162,5.201009952071306,15.416076735749112,0.9858133647103388,5.399670403660846,NORMAL
HemorrhageClass4NoFluid,StandardMale.xml,1650,71.51152430279345,118.20455272767182,75.61016685785744,89.8082954811289,5.020090721613072,70.29324029431834,5.196991405115718,15.457658186050821,0.9870510333856425,5.401858401524498,NORMAL
HemorrhageClass4NoFluid,StandardMale.xml,1651,71.5812003297752,118.544390142503,76.23356753508072,90.33717507088815,5.042100641212538,70.07557685128661,5.19955842960458,15.363896570282876,0.9860968933685615,5.394463918161669,NORMAL
HemorrhageClass4NoFluid,StandardMale.xml,1652,71.97695127816236,118.0240197570996,76.67709004764244,90.45939995079482,5.056961225360902,70.28605682844331,5.198794297186386,15.303915477088701,0.9847023003246174,5.399187471248057,NORMAL
HemorrhageClass4NoFluid,StandardMale.xml,1653,72.07065220230257,117.4814606571032,77.01369209318361,90.5029482811568,5.015208962963852,70.1486414054468,5.201524219359212,15.395760527751754,0.9850457029797566,5.3977813997212625,NORMAL
HemorrhageClass4NoFluid,StandardMale.xml,1654,72.33038861494595,118.13536181971048,76.67997118990922,90.49843473317631,5.0290823719578235,69.57166571900203,5.200178638966181,15.491521872794937,0.9865086613629422,5.402804699016226,NORMAL
HemorrhageClass4NoFluid,StandardMale.xml,1655,72.32952304882637,117.69908458651301,76.30306639973836,90.10173912866324,5.0202120538477475,69.53336302970646,5.198025249108987,15.376108722675458,0.9854916136870076,5.400328711566139,NORMAL
HemorrhageClass4NoFluid,StandardMale.xml,1656,71.99946231955528,118.17381591675378,76.63786182058686,90.48317985264251,4.992905047806073,69.42764518049515,5.199004220937012,15.453111384068446,0.9858396534163953,5.396366282944879,NORMAL
HemorrhageClass4NoFluid,StandardMale.xml,1657,72.13448638432216,117.7383474623745,76.93492169766962,90.53606361923792,5.025312823662636,69.35944549787986,5.19767944905553,15.369321598368977,0.9854966005460926,5.398167678069786,NORMAL
HemorrhageClass4NoFluid,StandardMale.xml,1658,72.14737281280908,117.16984360814108,76.44743072983455,90.02156835593672,5.040341296667324,69.64270692470654,5.201974875066477,15.44618151080158,0.9858835916906099,5.395729980129355,NORMAL
HemorrhageClass4NoFluid,StandardMale.xml,1659,72.1175990295221,117.73275362792451,76.4793003164221,90.23045142025623,5.032869608134446,69.81315856643124,5.200338033297632,15.546522088895262,0.9861683801908121,5.4036339455490054,NORMAL
HemorrhageClass4NoFluid,StandardMale.xml,1660,72.14323979158443,117.25717885532075,75.90356665944074,89.68810405806741,5.022694876774104,69.74692454890241,5.19907218791645,15.447168819116717,0.9847875645203157,5.400622011294889,NORMAL
HemorrhageClass4NoFluid,StandardMale.xml,1661,71.77978986740511,117.73980494091333,75.67277025537894,89.69511515055707,4.989107886743472,69.60431740484287,5.196452106730171,15.531107471870758,0.9851090186790324,5.398292743349408,NORMAL
HemorrhageClass4NoFluid,StandardMale.xml,1662,71.68444302823019,117.38400838105925,76.23996178649445,89.95464398468272,5.024339734065145,69.48730456911458,5.194249599085303,15.44592426674236,0.9857101219685059,5.393471561226786,NORMAL
HemorrhageClass4NoFluid,StandardMale.xml,1663,71.39600605743844,117.97645197453488,76.77350331467841,90.50781953463057,4.987081747374346,69.9886329806459,5.195462934499658,15.50872213914666,0.9867129294007466,5.389418751513109,NORMAL
HemorrhageClass4NoFluid,StandardMale.xml,1664,71.85093882449486,117.97928475172013,76.56167787027431,90.36754683075625,4.953333308204028,69.76808832083054,5.197800877310638,15.40415621190699,0.9854085945406313,5.391651396455206,NORMAL
HemorrhageClass4NoFluid,StandardMale.xml,1665,71.85474199680813,118.56606672983564,76.21134266704198,90.32958402130653,4.921943918601249,68.9995339746984,5.196357161878451,15.40365622848865,0.9846585684401633,5.395953418905137,NORMAL
HemorrhageClass4NoFluid,StandardMale.xml,1666,71.74870580202469,118.87018241702914,75.75365560280798,90.12583120754837,4.936101895904911,68.61799240851356,5.198987153826978,15.300089572852773,0.9859583905871904,5.39329685426574,NORMAL
HemorrhageClass4NoFluid,StandardMale.xml,1667,71.92492661392208,119.29751153900853,75.46534247458173,90.07606549605732,4.9104410978691675,68.87191682593709,5.203548112501538,15.24641334245764,0.9870947335034211,5.398136273071264,NORMAL
HemorrhageClass4NoFluid,StandardMale.xml,1668,72.10100777440675,119.51685382624525,74.97060087971373,89.81935186189091,4.960847850420315,68.4245704959754,5.2077634989174655,15.170990017151443,0.9872216907462068,5.406528842179034,NORMAL
HemorrhageClass4NoFluid,StandardMale.xml,1669,72.17264429176315,118.75144968691642,75.15326876716598,89.68599574041613,5.001787920925455,68.89392312988272,5.204847847881846,15.132276239332995,0.9856692770932292,5.414285527633989,NORMAL
HemorrhageClass4NoFluid,StandardMale.xml,1670,71.76982925883873,118.67379799271345,75.43316667193615,89.84671044552859,4.996071154185773,69.32986373590118,5.202494418882388,15.267369595769619,0.9866652651587998,5.40892047073333,NORMAL
HemorrhageClass4NoFluid,StandardMale.xml,1671,72.18872465488653,117.92464520859495,74.96619920062129,89.28568120327918,5.018483229805686,69.57925322302688,5.205408607855711,15.281075071692532,0.9866346754915658,5.404589952320974,NORMAL
HemorrhageClass4NoFluid,StandardMale.xml,1672,72.44275025604166,118.18821733283363,75.37318228079333,89.64486063147343,5.020222380235623,69.5177942192849,5.200497563624559,15.413300074001972,0.9873010186021397,5.409952318897135,NORMAL
HemorrhageClass4NoFluid,StandardMale.xml,1673,72.51884567592252,118.06770732135159,75.3590356021732,89.59525950856599,4.988551968915785,69.33882608402467,5.199837309179882,15.366779757352315,0.9883084794991112,5.4009155612673965,NORMAL
HemorrhageClass4NoFluid,StandardMale.xml,1674,72.81082255646918,117.87454364040238,75.06672565888647,89.33599831939178,4.984997941269292,68.9001047361056,5.195429542285807,15.388049699724984,0.9872400483583672,5.399700634439279,NORMAL
HemorrhageClass4NoFluid,StandardMale.xml,1675,72.7347393414031,117.50726139189756,75.47335911186106,89.48465987187322,5.018061873898997,68.63103682405722,5.198726784329981,15.422142969750887,0.9872650898154884,5.391589951815515,NORMAL
HemorrhageClass4NoFluid,StandardMale.xml,1676,72.9943046835122,116.88601768856141,75.79903326645527,89.49469474049064,5.040667190664906,69.08471215960621,5.1945947017916225,15.486968059086852,0.985964130916366,5.397657170068362,NORMAL
HemorrhageClass4NoFluid,StandardMale.xml,1677,72.55854260456485,116.37812126001445,75.64224843718185,89.22087271145938,5.047670204985017,69.15220697625676,5.192469329019159,15.596617187875715,0.9852642814293353,5.390053771147953,NORMAL
HemorrhageClass4NoFluid,StandardMale.xml,1678,72.5421950834719,116.53887894718726,75.23113698284688,89.00038430429368,5.007468553883295,69.57648884210144,5.190573436781036,15.686260592881009,0.9853740892396738,5.386142896451332,NORMAL
HemorrhageClass4NoFluid,StandardMale.xml,1679,72.43985519049332,117.03987127558287,75.14983074566706,89.11317758897233,5.03968239342562,69.1082825412016,5.1885300160517405,15.657886960681676,0.9859835802922636,5.382654286322484,NORMAL
HemorrhageClass4NoFluid,StandardMale.xml,1680,72.71326456151759,117.54498114230576,75.00094836334489,89.18229262299852,5.046691299524507,69.5742293288061,5.189715547210252,15.569462125076122,0.9852075433020896,5.378894210665031,NORMAL
HemorrhageClass4NoFluid,StandardMale.xml,1681,72.74218898149049,117.60327083105886,74.58313706606884,88.92318165439885,5.07250968587392,69.44337079337139,5.192592863405648,15.48031054650655,0.9855565643973854,5.381075693306547,NORMAL
HemorrhageClass4NoFluid,StandardMale.xml,1682,72.43148002016771,117.23486464638177,74.31418063577705,88.62107530597862,5.100932116681769,69.72897262117465,5.190490464615037,15.470022452551103,0.9862377899412674,5.38637021069594,NORMAL
HemorrhageClass4NoFluid,StandardMale.xml,1683,72.1218816673565,117.14611639946006,74.89192528409845,88.97665565588565,5.05885271989403,70.31466726061731,5.196029902091685,15.535045915925213,0.9867338475394075,5.38250161016669,NORMAL
HemorrhageClass4NoFluid,StandardMale.xml,1684,72.21971473841377,117.18171854693824,74.55921385722158,88.76671542046047,5.050930721443945,70.05593557848154,5.191684895430039,15.550709926528857,0.9859291187366281,5.392694667187847,NORMAL
HemorrhageClass4NoFluid,StandardMale.xml,1685,72.0872285403175,117.7359195429445,74.22990264547508,88.73190827796489,5.026478115409207,69.88305068884297,5.193447211739404,15.544426169553883,0.9858409030001632,5.384699468966698,NORMAL
HemorrhageClass4NoFluid,StandardMale.xml,1686,72.36163493676757,117.60547836444772,73.89119322749785,88.46262160648114,4.99941170272997,69.69411070112179,5.190815411729417,15.446610037076919,0.9855669230025447,5.387942287521179,NORMAL
HemorrhageClass4NoFluid,StandardMale.xml,1687,71.93788936514022,117.37904318050612,74.188843555231,88.58557676365604,4.987314381173159,69.15298733212624,5.186809691883489,15.469632824275498,0.9858478122188635,5.383099541721961,NORMAL
HemorrhageClass4NoFluid,StandardMale.xml,1688,72.26368360184927,118.04378568601683,74.89059954661727,89.27499492641712,5.013822612329225,69.3406836387925,5.18877391695708,15.509598493968426,0.9865517815462485,5.375728661380329,NORMAL
HemorrhageClass4NoFluid,StandardMale.xml,1689,72.08864138189686,118.49957596932362,74.9418487483805,89.46109115536153,5.006186452280988,69.40276999295659,5.1919637663400495,15.392271853542521,0.9871339514091276,5.3793430099963935,NORMAL
HemorrhageClass4NoFluid,StandardMale.xml,1690,71.71826829992345,117.89376853215599,74.93191747334564,89.25253449294908,5.023066660774441,69.4489271143386,5.194386003355663,15.311825150893242,0.9880388723534425,5.385212616213012,NORMAL
HemorrhageClass4NoFluid,StandardMale.xml,1691,72.11971845201653,117.85515461031898,75.14454354219934,89.38141389823922,5.02546022279362,69.94624928701997,5.195024002355619,15.41874978826587,0.9867835441442137,5.389669747487259,NORMAL
HemorrhageClass4NoFluid,StandardMale.xml,1692,72.00305000663231,118.21606181068432,75.75465569242121,89.90845773184225,4.992620721492764,69.65615839389122,5.190573695296378,15.42556512154943,0.9875397065994437,5.390843722320158,NORMAL
HemorrhageClass4NoFluid,StandardMale.xml,1693,72.36327091978465,117.61042549301548,75.48340354678946,89.52574419553147,4.997027431050685,69.35319280992306,5.189702704538696,15.361865224260853,0.9870204464829819,5.3826547620136775,NORMAL
HemorrhageClass4NoFluid,StandardMale.xml,1694,72.38985887314621,117.4625745179637,75.73518116239462,89.64431228091765,5.020017248682671,69.12311769151684,5.193628625794577,15.468759659147953,0.9871828980293617,5.381052061650079,NORMAL
HemorrhageClass4NoFluid,StandardMale.xml,1695,72.01863457907523,117.62154118248812,75.5514854658383,89.57483737138824,4.9985139140619745,69.37788640522032,5.190925896709595,15.494855264653413,0.9868965359453148,5.3882761054975745,NORMAL
HemorrhageClass4NoFluid,StandardMale.xml,1696,71.9671841264896,117.61902656680743,76.16324990426024,89.98184212510931,4.997128377737185,69.41184373696426,5.195094675255195,15.466797746842012,0.9858984248035584,5.383302843899786,NORMAL
HemorrhageClass4NoFluid,StandardMale.xml,1697,71.62000050394644,118.27816008646371,75.8758023402356,90.0099215889783,5.00633693588096,69.43578070245094,5.193627148708693,15.46724157495189,0.9845187211862075,5.3909737667331985,NORMAL
HemorrhageClass4NoFluid,StandardMale.xml,1698,71.43272585426165,118.61784297634611,75.62176916103135,89.95379376613627,5.035017779402837,69.82244888330717,5.19040891856501,15.35090491705462,0.9849482166506458,5.388273387528338,NORMAL
HemorrhageClass4NoFluid,StandardMale.xml,1699,71.2530766397524,118.71037353907148,75.12570806524693,89.6539298898551,4.999511864097481,70.31966305696508,5.186560796876759,15.29095109741818,0.9855056811705902,5.382351558190965,NORMAL
HemorrhageClass4NoFluid,StandardMale.xml,1700,71.67692709683212,118.73874944955261,74.67878677993059,89.36544100313793,5.016965461518117,70.03339313072145,5.183243464907575,15.274619510418272,0.9861088978278807,5.375270672458788,NORMAL
HemorrhageClass4NoFluid,StandardMale.xml,1701,71.5427340787062,118.3123672056494,75.04809880911331,89.46952160795867,5.043306208245981,69.90552325170052,5.183116593898214,15.269611179796748,0.9866751931444466,5.369166486959347,NORMAL
HemorrhageClass4NoFluid,StandardMale.xml,1702,71.70608539897849,118.06528460220485,74.65292511877274,89.12371161325011,5.033046209575856,70.33155218936244,5.184576871690485,15.344867381709083,0.9857521882296273,5.368933033032267,NORMAL
HemorrhageClass4NoFluid,StandardMale.xml,1703,71.61999431421843,117.87751656592762,75.19844212163495,89.42480026973251,5.021924602379887,70.07652817835562,5.187228907214944,15.388477308153547,0.9868196059942915,5.371620073885438,NORMAL
HemorrhageClass4NoFluid,StandardMale.xml,1704,71.40334124446849,117.6490655071943,75.63842500932448,89.64197184194775,5.005804816063995,70.01094335941816,5.187331402931154,15.421618250237358,0.9871300529690937,5.376500054828794,NORMAL
HemorrhageClass4NoFluid,StandardMale.xml,1705,71.48804515540252,118.35320307734744,75.8272108332798,90.00254158130235,4.977857092297571,69.98919429440353,5.183790433795705,15.461939720582226,0.9882506688804634,5.376688656051238,NORMAL
HemorrhageClass4NoFluid,StandardMale.xml,1706,71.9103449521874,117.64745002251257,75.9783598706801,89.86805658795758,5.005447539774956,69.58292648989641,5.185194440575045,15.337659875651507,0.9888333810009052,5.3701729583003495,NORMAL
HemorrhageClass4NoFluid,StandardMale.xml,1707,71.93314247174854,117.80295683498528,75.79376594863704,89.79682957741979,4.981911849416371,69.5809698299967,5.189685495439983,15.462224852627784,0.987124679364706,5.372756455491215,NORMAL
HemorrhageClass4NoFluid,StandardMale.xml,1708,72.12626949488714,117.65963554571682,76.41538411035285,90.16346792214084,4.950595379795729,69.2793335549585,5.186283312099828,15.434777996560191,0.9882613529918735,5.381020395379776,NORMAL
HemorrhageClass4NoFluid,StandardMale.xml,1709,71.88304552456106,117.70452366501303,76.4559022873834,90.20544274659328,4.961030869018914,68.7508987400069,5.1865608390886715,15.46007411533096,0.9886997265868958,5.3747600758204666,NORMAL
HemorrhageClass4NoFluid,StandardMale.xml,1710,72.18232183811035,117.77810200805096,75.86405016123092,89.8354007768376,4.964004854341789,69.0671109627109,5.187879855774494,15.45215139008261,0.9882269650239609,5.375270750132454,NORMAL
HemorrhageClass4NoFluid,StandardMale.xml,1711,71.96461867241328,118.27458822604896,75.63170305901374,89.84599811469215,4.948318923362593,68.86828420922153,5.186279662428152,15.439164858116953,0.9887718813893093,5.377697858001643,NORMAL
HemorrhageClass4NoFluid,StandardMale.xml,1712,71.860604185137,118.1804729022223,75.97280502558444,90.0420276511304,4.92443217037881,68.84990619209445,5.184787144817188,15.351535348205118,0.9891686933953883,5.374753360100385,NORMAL
HemorrhageClass4NoFluid,StandardMale.xml,1713,72.19005378276772,117.96590040098722,75.79838205055503,89.8542215006991,4.934943393996719,68.64341708048742,5.190149852678008,15.368146644557672,0.9892953728567977,5.372006995116978,NORMAL
HemorrhageClass4NoFluid,StandardMale.xml,1714,72.23977774354796,117.89846243954928,75.72469305999212,89.78261618651118,4.949151246367762,68.51309765190794,5.194205266150581,15.406018558101628,0.9878277775822394,5.38187485394625,NORMAL
HemorrhageClass4NoFluid,StandardMale.xml,1715,72.22640613022338,118.2974209974959,75.6461834060411,89.86326260319271,4.962700766145508,68.64506101477926,5.1910499890268404,15.41792131651875,0.9868825178310963,5.389337174975157,NORMAL
HemorrhageClass4NoFluid,StandardMale.xml,1716,72.01487381315906,118.00185518356741,75.18556510051926,89.45766179486864,4.961347925716905,68.81818874186956,5.196598069899404,15.347505378189247,0.9869600352683519,5.383531184786547,NORMAL
HemorrhageClass4NoFluid,StandardMale.xml,1717,72.1182814611904,118.38334015982622,75.7611106857662,89.96852051045288,4.99660582678238,68.96740986342404,5.192025195728051,15.399672561249606,0.9856656860377996,5.3937401464239745,NORMAL
HemorrhageClass4NoFluid,StandardMale.xml,1718,71.90754156776048,118.4147067942515,76.30533111873551,90.34178967724084,5.016485985644903,69.31035562482283,5.188926805386479,15.332340699263415,0.9842146877270935,5.385325651743662,NORMAL
HemorrhageClass4NoFluid,StandardMale.xml,1719,71.8694373297243,118.63204265239138,76.85737394716269,90.78226351557225,4.984881557011795,69.71623271063012,5.193480969030528,15.326804507718453,0.9855333468393976,5.379624338287453,NORMAL
HemorrhageClass4NoFluid,StandardMale.xml,1720,72.21651264076421,118.35389056272263,76.6394108608843,90.54423742816374,4.991449418365993,69.36540301886653,5.196122037083218,15.288444863392652,0.9843477917116306,5.388004403935483,NORMAL
HemorrhageClass4NoFluid,StandardMale.xml,1721,72.49520661406105,118.87000277438644,76.67405170677328,90.739368729311,5.001918057261652,69.17119471337409,5.201373442914996,15.33753853490867,0.9830356525017421,5.392864203756551,NORMAL
HemorrhageClass4NoFluid,StandardMale.xml,1722,72.59643962259102,118.5647154389223,76.53352295378828,90.54392044883295,4.994372699453387,69.07854797071936,5.200761165629315,15.246445049272793,0.9841971270726427,5.402527256965508,NORMAL
HemorrhageClass4NoFluid,StandardMale.xml,1723,72.31975637465892,118.4663080920822,76.0323590019831,90.1770086986828,4.96979787982092,68.90933020658,5.203359863318994,15.300328074861872,0.9855103467895212,5.401400612371718,NORMAL
HemorrhageClass4NoFluid,StandardMale.xml,1724,72.61109153441183,117.82882073472949,76.50327572491354,90.27845739485218,4.981302712430281,68.83054167618259,5.201789962567686,15.317696910617464,0.9859177559935346,5.406182446961116,NORMAL
HemorrhageClass4NoFluid,StandardMale.xml,1725,72.40381909695466,117.76295668604816,76.45453989792529,90.22401216063291,4.9908382048330555,68.74165208724881,5.206094526055653,15.430213034277585,0.9846350720824129,5.40329369012559,NORMAL
HemorrhageClass4NoFluid,StandardMale.xml,1726,72.16849793957755,117.56837410512348,76.4780876579574,90.17484980701276,5.023841972299586,69.0172143338654,5.206405516722427,15.441837998068177,0.9856964463894138,5.411214469314633,NORMAL
HemorrhageClass4NoFluid,StandardMale.xml,1727,72.07930606900575,117.37101158676865,76.20420483857374,89.9264737546387,4.994941343849416,69.59814867918774,5.202325325490833,15.476181703060766,0.9865827231512126,5.411786719766567,NORMAL
HemorrhageClass4NoFluid,StandardMale.xml,1728,72.25263091633168,118.12980719619495,75.8330269645083,89.93195370840385,4.997145560428014,69.32102398162621,5.202890780959265,15.511016065287654,0.9868026080868908,5.404278805460072,NORMAL
HemorrhageClass4NoFluid,StandardMale.xml,1729,71.8864099284244,117.81326178797998,75.39490810648718,89.53435933365145,4.979433429419127,69.2112517012207,5.202048814320167,15.377089110284953,0.987814526991663,5.405319293750978,NORMAL
HemorrhageClass4NoFluid,StandardMale.xml,1730,71.73778337200719,118.41997439806767,76.05257496726549,90.17504144419955,5.002448798877954,69.28631805879455,5.206130158697564,15.432959178740369,0.9880887906747969,5.403770000343766,NORMAL
HemorrhageClass4NoFluid,StandardMale.xml,1731,71.49811768279864,117.96020646233333,76.45294524075472,90.28869898128092,5.022511988720193,69.6817001763914,5.200913519517533,15.32587477890809,0.989049448515628,5.411280036540971,NORMAL
HemorrhageClass4NoFluid,StandardMale.xml,1732,71.95697887493135,118.02064397612138,76.75851317437537,90.51255677495737,4.980048354043049,70.11564051479202,5.204165523476313,15.407023534746745,0.9873030044054396,5.401680957059522,NORMAL
HemorrhageClass4NoFluid,StandardMale.xml,1733,71.72729003298768,118.6367465866875,76.7547837219827,90.71543801021764,5.001271512536824,69.23809879296701,5.204041405559149,15.39635635100317,0.9881119797860406,5.407664933216777,NORMAL
HemorrhageClass4NoFluid,StandardMale.xml,1734,71.6126772282759,118.01538771797334,76.91368093676405,90.61424986383382,5.028681776070395,69.67582204883038,5.203162323243535,15.287614621903394,0.9876599574659479,5.407436545223893,NORMAL
HemorrhageClass4NoFluid,StandardMale.xml,1735,71.49333216117863,118.52388346534842,77.39801329713629,91.10663668654033,5.043394297214259,70.09851043426622,5.199074104239758,15.397284077310136,0.9870084424978088,5.405818955674933,NORMAL
HemorrhageClass4NoFluid,StandardMale.xml,1736,71.24842912220755,118.87297389269348,77.50657631276381,91.2953755060737,5.02378681448765,70.37235747410146,5.199218736503981,15.307534892902947,0.9861761803918624,5.398296269554519,NORMAL
HemorrhageClass4NoFluid,StandardMale.xml,1737,71.48916496294007,118.7883785146127,77.6620036145605,91.37079524791123,5.037165047906277,70.33191522114531,5.197429302134649,15.245920648732158,0.9873563281425719,5.398562405768267,NORMAL
HemorrhageClass4NoFluid,StandardMale.xml,1738,71.52846574485439,119.30105679809866,77.8197499211275,91.64685221345121,5.017619734570705,70.30027345513491,5.201049154194787,15.260851680558009,0.9876513178279206,5.395269687574569,NORMAL
HemorrhageClass4NoFluid,StandardMale.xml,1739,71.91599922983089,118.49806925511825,77.76732025541646,91.34423658865039,4.975911805558913,70.0320933353626,5.197334015183686,15.17036428111826,0.9870679573297295,5.401930536913998,NORMAL
HemorrhageClass4NoFluid,StandardMale.xml,1740,72.28575588089114,118.68223125840497,77.2779979074268,91.07940902441952,4.951233125105849,69.22054237683565,5.2006858640789,15.312091085017105,0.9876032946460414,5.395094351120527,NORMAL
HemorrhageClass4NoFluid,StandardMale.xml,1741,72.06003686648411,118.18006912787662,77.57886593197603,91.11260033060955,4.993791694572005,68.63427217699697,5.204202593376805,15.279586605522246,0.9881434846279927,5.401262050829974,NORMAL
HemorrhageClass4NoFluid,StandardMale.xml,1742,71.65171219728637,117.55307622193993,77.46262888812842,90.82611133273225,4.971301914957905,69.32237060306821,5.2006477228178065,15.368217910479554,0.9876466235197422,5.407733145126576,NORMAL
HemorrhageClass4NoFluid,StandardMale.xml,1743,71.52530511620833,117.43799747196019,77.39144421041476,90.74029529759657,4.986139434472093,69.37367277903404,5.200438264390164,15.478881769965884,0.9879058340864784,5.4011918675215025,NORMAL
HemorrhageClass4NoFluid,StandardMale.xml,1744,71.35540416795548,117.22417530946859,76.9062172106087,90.34553657689533,4.971353855411274,69.65354505926204,5.20025382220858,15.499193098047968,0.9885637349512189,5.4008064454086036,NORMAL
HemorrhageClass4NoFluid,StandardMale.xml,1745,71.38601761369655,117.11531613402032,76.77688474450109,90.2230285410075,4.942889948988454,69.60977610673864,5.196357201916436,15.536932577268523,0.9894214800046047,5.400467055410626,NORMAL
HemorrhageClass4NoFluid,StandardMale.xml,1746,71.70128261963885,116.92144912375412,77.24883295232769,90.47303834280316,4.936524322625564,69.24025952963548,5.198272645867895,15.556146154298727,0.9879154155221349,5.39329692793919,NORMAL
HemorrhageClass4NoFluid,StandardMale.xml,1747,71.72721964007759,116.79465052875346,76.63833476437165,90.02377335249892,4.960731824573883,68.91428671653051,5.200458945489128,15.590363561513378,0.9885033571113884,5.39682151495734,NORMAL
HemorrhageClass4NoFluid,StandardMale.xml,1748,71.76365731779744,117.36289265870312,76.5503377058814,90.1545226901553,4.95891952006151,69.1862626176286,5.197770850638524,15.612743434981407,0.9875960348504608,5.400844500467784,NORMAL
HemorrhageClass4NoFluid,StandardMale.xml,1749,71.81248890019094,117.98348960314027,76.82506479416392,90.54453973048938,4.929252500719638,69.13563967746026,5.200667070158587,15.512449051061683,0.9866732831230022,5.395898167161199,NORMAL
HemorrhageClass4NoFluid,StandardMale.xml,1750,71.70057358261796,117.83335937728201,76.65845898079411,90.38342577962341,4.930564917347367,68.73921495244318,5.204737421474749,15.402914074817833,0.985844446492401,5.401227468347146,NORMAL
HemorrhageClass4NoFluid,StandardMale.xml,1751,71.93739986173394,117.62871834615359,76.96331751244675,90.51845112368237,4.924489113345839,68.84284804384444,5.203456753598458,15.429411966678678,0.9859944453688307,5.408717276335176,NORMAL
HemorrhageClass4NoFluid,StandardMale.xml,1752,71.68197545611662,117.26102624065757,77.0004685274776,90.42065443187091,4.9703715047103785,68.5841166592781,5.204313406554719,15.465530981901187,0.9854039864367877,5.406360733682023,NORMAL
HemorrhageClass4NoFluid,StandardMale.xml,1753,71.8235924901452,116.67574582955277,77.14958484176219,90.32497183769239,4.9985087424563215,69.33846970146607,5.199871052716025,15.530428410742196,0.9859858770266888,5.40793705121739,NORMAL
HemorrhageClass4NoFluid,StandardMale.xml,1754,72.18535259826048,117.20492866718162,77.07797809062531,90.45362828281074,5.011101788422721,69.56603753084177,5.20006785275677,15.633730040730885,0.9854933439067569,5.399762725543194,NORMAL
HemorrhageClass4NoFluid,StandardMale.xml,1755,71.91050572359092,116.8181420869752,76.99415090004274,90.26881462902023,5.038401721887627,69.43176882288567,5.197355772233098,15.540329597709206,0.9863577544901191,5.400124855099767,NORMAL
HemorrhageClass4NoFluid,StandardMale.xml,1756,72.25525130784433,116.72111701044498,76.53607320738281,89.93108780840353,5.051956351973432,69.9780140723962,5.2019673309739805,15.608597189507895,0.9848574193525467,5.395134386024107,NORMAL
HemorrhageClass4NoFluid,StandardMale.xml,1757,71.82500479410727,117.48788699324443,75.99610782150306,89.82670087875019,5.036874805919421,69.8672058083495,5.20165903133306,15.625722055410085,0.9838396559907483,5.403620063748676,NORMAL
HemorrhageClass4NoFluid,StandardMale.xml,1758,71.69789919159413,117.17006919262442,76.3234591261531,89.93899581497688,5.011750653411631,70.02776540747642,5.199250964971448,15.490387628447015,0.9828033604671819,5.403052765023354,NORMAL
HemorrhageClass4NoFluid,StandardMale.xml,1759,71.97990366690071,117.48497497542643,75.84288350429394,89.7235806613381,5.0294284406690135,69.82579220689027,5.1970108411170735,15.546482273373694,0.9817337439552788,5.398621709011238,NORMAL
HemorrhageClass4NoFluid,StandardMale.xml,1760,71.64265870827488,117.85645002835649,76.17620836983919,90.06962225601163,5.018741266725679,69.81471611513275,5.192397258904393,15.490901597787946,0.9829856539261478,5.394499682130647,NORMAL
HemorrhageClass4NoFluid,StandardMale.xml,1761,71.7913311839464,117.385904174382,76.43855141830875,90.0876690036665,5.039655990428817,69.9543426873355,5.189947981321148,15.4253364810683,0.9834637868883704,5.386010281038228,NORMAL
HemorrhageClass4NoFluid,StandardMale.xml,1762,71.67890818634159,117.21127976041863,76.40184702568412,90.00499127059562,4.99625145782094,70.08820863831295,5.188492193758558,15.508387532799603,0.9826946157865002,5.381503392717546,NORMAL
HemorrhageClass4NoFluid,StandardMale.xml,1763,71.54852822177806,117.52242782376138,76.32030917924467,90.05434872741691,4.980049563939081,69.65363274850229,5.185342931093157,15.539208633687267,0.984279603119889,5.378824614285849,NORMAL
HemorrhageClass4NoFluid,StandardMale.xml,1764,71.6791631780982,117.5552333604585,76.77187076708641,90.36632496487711,4.985361720179194,69.5613560873307,5.183960985994824,15.484291193258235,0.9828888404713666,5.3730296912348425,NORMAL
HemorrhageClass4NoFluid,StandardMale.xml,1765,71.73494893951717,117.45859807287803,76.5284587611733,90.17183853174154,4.991036911948632,69.52183782891393,5.18132643770171,15.478501036353666,0.9822298220476237,5.370486789496754,NORMAL
HemorrhageClass4NoFluid,StandardMale.xml,1766,72.16314702162903,117.37850254187153,76.14490187713089,89.88943543204444,4.981815827176371,69.54613872900215,5.18345102598341,15.495557104747693,0.9828797689423889,5.365638986612451,NORMAL
HemorrhageClass4NoFluid,StandardMale.xml,1767,71.99952186377747,117.88508351996985,76.69885637094144,90.42759875395092,4.951867665258174,69.09731906693565,5.181466766015046,15.509693916352514,0.9841437764010083,5.369548417776381,NORMAL
HemorrhageClass4NoFluid,StandardMale.xml,1768,71.99145770486231,117.5485432440268,76.18633526135051,89.9737379222426,4.967594220382594,68.865306959647,5.182683748163544,15.420282687536504,0.9848813335012292,5.365897203174249,NORMAL
HemorrhageClass4NoFluid,StandardMale.xml,1769,72.04631752468468,117.22699247261747,76.48533046573138,90.06588446802674,4.952070053743864,69.06098815706024,5.182182828788359,15.479681837759447,0.9844044269925225,5.368136558431109,NORMAL
HemorrhageClass4NoFluid,StandardMale.xml,1770,71.75841116152257,117.06784342582871,76.50667746499906,90.02706611860894,4.950973331525968,68.83111672259211,5.178663128839092,15.53643534971793,0.9850232383968801,5.36721482228447,NORMAL
HemorrhageClass4NoFluid,StandardMale.xml,1771,72.00623413260033,117.58994881765229,76.50184777605867,90.19788145658987,4.942541158675228,69.04383992468294,5.181889217109152,15.564525057886007,0.9844868942302364,5.360738261725482,NORMAL
HemorrhageClass4NoFluid,StandardMale.xml,1772,72.17219861359308,117.65833466358447,76.87326260010968,90.46828662126795,4.989610629023308,68.74776814543681,5.179151618445667,15.4723737796646,0.9833430515315028,5.366674550713421,NORMAL
HemorrhageClass4NoFluid,StandardMale.xml,1773,72.300388751703,117.52444186946634,77.078915586769,90.56075768100145,4.963961133048512,69.18388669486805,5.183300050622822,15.460303720221447,0.9824741247370372,5.3616371259937505,NORMAL
HemorrhageClass4NoFluid,StandardMale.xml,1774,72.19601851679431,118.24100420652152,76.39901400083865,90.3463440693996,4.962693280706347,68.77561388272878,5.1813425257201615,15.483935715438975,0.9835855434638485,5.369270609701871,NORMAL
HemorrhageClass4NoFluid,StandardMale.xml,1775,72.1502410893666,118.56127627206978,76.40863067968834,90.45951254381549,4.959612082197274,68.84182574422123,5.180801805229893,15.35746290684698,0.9835050753717092,5.365668589995488,NORMAL
HemorrhageClass4NoFluid,StandardMale.xml,1776,71.95838592556352,119.0860828761345,76.57263510076879,90.74378435922402,4.9667870148635105,68.84056576597453,5.183487813003234,15.30093508568084,0.9832394983837882,5.3646736162615944,NORMAL
HemorrhageClass4NoFluid,StandardMale.xml,1777,72.08610585009468,118.4565894094052,76.53325019144637,90.50769659743264,4.947565344504941,69.07724873574061,5.185948052789191,15.208307045172226,0.9840236847211031,5.369616109160621,NORMAL
HemorrhageClass4NoFluid,StandardMale.xml,1778,72.08600133485281,118.05467384760786,76.42604784139894,90.30225651013525,4.989441755870336,68.74582148479335,5.191342380391415,15.319412252089396,0.9847621373525739,5.374143168908057,NORMAL
HemorrhageClass4NoFluid,StandardMale.xml,1779,72.3523288774319,117.53772444615969,76.40524004525044,90.11606817888685,5.017199932772719,69.24960129021542,5.187132817298601,15.390350099766735,0.9845300646290114,5.384069210870273,NORMAL
HemorrhageClass4NoFluid,StandardMale.xml,1780,72.0087417484449,116.98591047401997,76.92999444544645,90.28196645497096,4.999857482368595,69.3735911521046,5.185038364693833,15.481591348880931,0.9851497741022077,5.376323240847126,NORMAL
HemorrhageClass4NoFluid,StandardMale.xml,1781,72.03734233384435,116.86851831698341,76.29404656452665,89.81887048201224,4.997371982832835,69.43582628894657,5.182799161216522,15.57898617312417,0.9846891572049382,5.37246926200568,NORMAL
HemorrhageClass4NoFluid,StandardMale.xml,1782,72.07789818843165,116.61791223394701,76.41408128609528,89.81535826871253,5.0319521899051525,69.38334098765901,5.1819202704992815,15.599705816118668,0.985676274114162,5.368348928700643,NORMAL
HemorrhageClass4NoFluid,StandardMale.xml,1783,72.35825216927778,116.89856756642904,76.13232583712691,89.72107308022763,5.0376587221593025,69.76734792090356,5.182398529445975,15.643937634528363,0.9848864503741913,5.36673169170971,NORMAL
HemorrhageClass4NoFluid,StandardMale.xml,1784,72.32612566293385,117.25110388738786,75.6097484924773,89.49020029078082,5.0048392582166965,69.61426126409827,5.186112446110669,15.594402142206516,0.984235485901471,5.367611730655014,NORMAL
HemorrhageClass4NoFluid,StandardMale.xml,1785,72.07735920323684,116.78235247510642,76.01186563061835,89.60202791211437,5.011180410939899,69.2459132826303,5.189883377036859,15.532179699947573,0.9837870936436941,5.374445667222515,NORMAL
HemorrhageClass4NoFluid,StandardMale.xml,1786,72.28091930486556,117.05446779553348,75.74315638763464,89.51359352360092,5.034276017729347,69.51790333736716,5.194405623386967,15.614914033831674,0.9843895630220073,5.381384515095702,NORMAL
HemorrhageClass4NoFluid,StandardMale.xml,1787,72.20872274438669,116.70090990216443,76.11337420694085,89.64255277201538,5.068840100310559,69.63468520120874,5.190766307732722,15.566885848347138,0.9853484323528234,5.389705850087692,NORMAL
HemorrhageClass4NoFluid,StandardMale.xml,1788,71.88808105392435,116.38430275469588,76.54958929413338,89.82782711432088,5.045542991646702,70.10688271600543,5.1954641264240236,15.629288597503642,0.9839771408017992,5.38300918600617,NORMAL
HemorrhageClass4NoFluid,StandardMale.xml,1789,71.91773272740612,116.48971681490718,76.68282152471706,89.9517866214471,5.025647362075087,70.08197122085915,5.195830545902385,15.685169562899068,0.9829108135967555,5.3916535897019155,NORMAL
HemorrhageClass4NoFluid,StandardMale.xml,1790,71.98076136209438,116.49541313942704,76.4652237109795,89.80862018712868,5.020191371494363,69.81855197510082,5.1942815353706875,15.666564046574,0.9831438128323101,5.392327834090871,NORMAL
HemorrhageClass4NoFluid,StandardMale.xml,1791,72.0087971413743,117.20880660837375,76.82118794905654,90.28372750216228,5.053932263575122,69.70279667918109,5.1991936578860285,15.665558648825023,0.9842930401655623,5.3894775171150915,NORMAL
HemorrhageClass4NoFluid,StandardMale.xml,1792,72.17628063248486,117.77760082769457,76.7972788600654,90.45738618260846,5.045960167744854,70.08677622304332,5.20214777999899,15.539645143491114,0.9849056683083314,5.39851625888352,NORMAL
HemorrhageClass4NoFluid,StandardMale.xml,1793,72.1906504426978,117.71331214136973,76.52141271139782,90.25204585472179,5.0018654980543635,69.85777131650022,5.200632924747,15.439253316139382,0.9848114382957804,5.403952105983846,NORMAL
HemorrhageClass4NoFluid,StandardMale.xml,1794,72.29212265857453,118.06688695720169,76.11668105561583,90.10008302281112,5.006400680852261,69.31663097795403,5.205561320007076,15.450600229449966,0.9861447363038901,5.401164637756715,NORMAL
HemorrhageClass4NoFluid,StandardMale.xml,1795,72.14513573669977,117.60963537257378,76.40012486424709,90.13662836702265,4.96640240251197,69.2913362977211,5.204537467085342,15.388194493489241,0.9861312160269892,5.410233322820954,NORMAL
HemorrhageClass4NoFluid,StandardMale.xml,1796,71.72331872171704,117.39005140314512,75.86603913417228,89.70737655716323,4.960384379371596,68.92617622552538,5.201712274515179,15.468899114916445,0.9873054608471448,5.408349342496868,NORMAL
HemorrhageClass4NoFluid,StandardMale.xml,1797,71.85889205997262,116.80866172022397,75.61172165250507,89.34403500841137,4.963956883492522,69.18514485987694,5.197014542480924,15.50765554949205,0.9877076236012698,5.403150737208005,NORMAL
HemorrhageClass4NoFluid,StandardMale.xml,1798,71.68690095313963,117.12402623468518,76.2227143942882,89.85648500775386,4.994621075560362,69.12139684802841,5.200885099701201,15.610270468366561,0.9887738584889433,5.394506492968922,NORMAL
HemorrhageClass4NoFluid,StandardMale.xml,1799,72.14144144349042,117.41209198118555,76.18490534547594,89.92730089071247,4.993213002576266,69.62757956795724,5.204563699349997,15.55460882692714,0.989223876473924,5.401628662072959,NORMAL
HemorrhageClass4NoFluid,StandardMale.xml,1800,72.36174700781777,116.8346440255608,75.59778275880689,89.34340318105819,5.025657712765849,69.25134757710342,5.2007307236023985,15.50376540112168,0.9895947424651732,5.408397612194024,NORMAL
HemorrhageClass4NoFluid,StandardMale.xml,1801,72.59290397719161,116.45588445032186,75.54853163019462,89.18431590357036,5.049906354957504,69.46760620867825,5.1962327781112405,15.605684607570208,0.9896398016089077,5.401344596338049,NORMAL
HemorrhageClass4NoFluid,StandardMale.xml,1802,72.13528909774163,116.07378845502055,75.65448074473328,89.12758331482904,5.081934990432997,69.5762280122334,5.193475812327219,15.672535437964733,0.9896108349266107,5.393067977085154,NORMAL
HemorrhageClass4NoFluid,StandardMale.xml,1803,71.72410490808407,116.77230721733844,76.11295635854154,89.66607331147384,5.056346055275205,70.32275428183142,5.196090547105203,15.739975144433409,0.9904593471676064,5.387994915143329,NORMAL
HemorrhageClass4NoFluid,StandardMale.xml,1804,71.84359419521884,117.53858628649142,76.11929217600974,89.9257235461703,5.084088762980095,70.34353632070457,5.195434860546676,15.616687015604859,0.9910359918905361,5.392806259399771,NORMAL
HemorrhageClass4NoFluid,StandardMale.xml,1805,72.00765869753303,116.9837406879832,76.49533202785898,89.99146824790039,5.073016745744039,70.58240370101164,5.19808943960833,15.481439234596273,0.9893052867264286,5.3915997378879315,NORMAL
HemorrhageClass4NoFluid,StandardMale.xml,1806,71.9609895078863,116.78888994225895,76.07554906167225,89.64666268853448,5.063733869671702,70.31744005463327,5.194971881718064,15.579369139015515,0.9897015402907023,5.396484399165663,NORMAL
HemorrhageClass4NoFluid,StandardMale.xml,1807,72.23834866817464,116.23571326104026,75.7951875800214,89.27536280702769,5.043304265306296,70.24295804463533,5.193788432761478,15.613760174929105,0.9895301456817939,5.3907478157172175,NORMAL
HemorrhageClass4NoFluid,StandardMale.xml,1808,72.35217713253753,116.53568742159986,75.7748601202164,89.3618025540109,5.006840445778479,69.77670899167745,5.190190699447187,15.71139551648061,0.9898565863635266,5.388570164512206,NORMAL
HemorrhageClass4NoFluid,StandardMale.xml,1809,72.03686536045471,116.83535662734946,76.3602334681458,89.85194118788034,5.027267636761093,69.24947996495487,5.1938623746023405,15.658450262970756,0.9886208527139553,5.381950015629927,NORMAL
HemorrhageClass4NoFluid,StandardMale.xml,1810,71.92980645142343,116.38599073749754,76.58703703875567,89.8533549383363,5.003376281129704,69.74350912496624,5.197726195258755,15.605558833795957,0.9887582974901843,5.388706224067592,NORMAL
HemorrhageClass4NoFluid,StandardMale.xml,1811,72.26371374192853,116.14316230828238,76.82505742061396,89.9310923831701,4.9735456087034375,69.54060132237213,5.193441351691901,15.684871634980254,0.9890755425035772,5.3958159972957205,NORMAL
HemorrhageClass4NoFluid,StandardMale.xml,1812,71.95831377927975,115.85794299164799,76.50675979403441,89.6238208599056,4.955144103241808,68.9192621804781,5.190848205167217,15.727730702308625,0.9899003858538588,5.387931504513231,NORMAL
HemorrhageClass4NoFluid,StandardMale.xml,1813,71.70755987907913,115.82254660796704,76.68428374109527,89.73037136338586,4.942279025893977,68.93705863641966,5.191478798886982,15.778071735006055,0.9897446611270244,5.383159884560529,NORMAL
HemorrhageClass4NoFluid,StandardMale.xml,1814,71.63965763692461,116.27696040116965,76.54348605569253,89.7879775041849,4.960445075774209,68.97886881209465,5.195477420925326,15.78431917479828,0.9879754922504683,5.38432023302007,NORMAL
HemorrhageClass4NoFluid,StandardMale.xml,1815,71.97275597948234,116.31937585919658,76.5251633015454,89.78990082076247,4.942563734126118,69.25196749289039,5.197860901051364,15.704115421799678,0.9872783496179424,5.391678052765254,NORMAL
HemorrhageClass4NoFluid,StandardMale.xml,1816,72.22642114068258,116.93163436247227,76.11239133619755,89.71880567828912,4.966182076583292,68.77421965312956,5.198069586478688,15.696629119733583,0.988085755888835,5.396063867919935,NORMAL
HemorrhageClass4NoFluid,StandardMale.xml,1817,72.42081397490854,116.4842311347248,76.42727580085004,89.77959424547495,4.9513410975347485,68.85998426089989,5.1979008157953,15.588565873189207,0.9864333766226872,5.396447867643584,NORMAL
HemorrhageClass4NoFluid,StandardMale.xml,1818,72.03677189108213,116.88400372505261,76.00078018353058,89.62852136403792,4.929003895373379,68.5306607667142,5.198936864910045,15.667532265727907,0.9859356183987267,5.396137314594377,NORMAL
HemorrhageClass4NoFluid,StandardMale.xml,1819,71.9324344036637,117.13888383849886,75.4413082523215,89.34050011438062,4.954558108622884,68.56098513676413,5.200316589294157,15.596972651187404,0.9869687977867727,5.39804373699698,NORMAL
HemorrhageClass4NoFluid,StandardMale.xml,1820,71.55100061008457,117.13003852253496,75.30861123683015,89.24908699873176,4.972437933717176,68.95030032684181,5.196293353090005,15.551986469058058,0.9880508278764575,5.400582552423643,NORMAL
HemorrhageClass4NoFluid,StandardMale.xml,1821,71.47741089513873,117.18583941610133,75.01324442980638,89.07077609190469,4.937847051397363,69.46727627936258,5.199681933532446,15.553547661846164,0.9876762341758516,5.393179440426913,NORMAL
HemorrhageClass4NoFluid,StandardMale.xml,1822,71.6329123894815,117.19046167426535,75.00839144235442,89.06908151965807,4.9728486953476905,69.10679164619663,5.197233112418863,15.543698838699406,0.9870818986406658,5.399414729446093,NORMAL
HemorrhageClass4NoFluid,StandardMale.xml,1823,71.56975669269984,117.5355631134692,74.88511647668952,89.10193202228274,5.014124387815132,69.40726673042464,5.20122866766675,15.542883012996871,0.9877049581894319,5.394908681070136,NORMAL
HemorrhageClass4NoFluid,StandardMale.xml,1824,71.96843899257739,117.599880947223,74.92130192593011,89.14749493302774,5.034169915479314,69.9567587172763,5.205670248227034,15.481972822761893,0.9871909320561422,5.402260857648457,NORMAL
HemorrhageClass4NoFluid,StandardMale.xml,1825,71.59700416936393,117.66398226565212,75.55487660809104,89.5912451606114,5.060548764259135,69.88092868726059,5.209869236321182,15.470620764948157,0.9883442937968605,5.410433760421689,NORMAL
HemorrhageClass4NoFluid,StandardMale.xml,1826,71.42882463463923,118.36486424355023,75.90940009572516,90.06122147833352,5.02287965173878,70.49650500793362,5.207411606898262,15.459306921955097,0.9894566387253465,5.4181602715079205,NORMAL
HemorrhageClass4NoFluid,StandardMale.xml,1827,71.9086212653126,118.05497451999948,76.23903359949344,90.17768057299546,5.043953034364689,70.17570485348851,5.206406142725608,15.335601687040612,0.9880963318104093,5.413638015060348,NORMAL
HemorrhageClass4NoFluid,StandardMale.xml,1828,71.525859987306,117.55500225697162,76.67049209954602,90.29866215202122,5.022204500808806,70.0464223306042,5.201697688538321,15.390297031275878,0.9870573135360362,5.411787871668027,NORMAL
HemorrhageClass4NoFluid,StandardMale.xml,1829,71.37446457570454,117.03352452245713,76.28538622820415,89.86809899295514,5.03402567713825,70.08967936953498,5.205018632819183,15.478541825975935,0.9865155932593235,5.403123897714925,NORMAL
HemorrhageClass4NoFluid,StandardMale.xml,1830,71.4697301825444,116.92968499319291,76.21681329576982,89.78777052824418,5.044439022613614,70.35455342445887,5.206605162579097,15.570582323071111,0.9876329122509756,5.409234730188729,NORMAL
HemorrhageClass4NoFluid,StandardMale.xml,1831,71.70060127336465,117.51933611068662,76.43880598268825,90.13231602535437,5.059567700454389,70.40401365112596,5.202035291567857,15.588909935659412,0.9863079033916713,5.4121540858772335,NORMAL
HemorrhageClass4NoFluid,StandardMale.xml,1832,71.96530849284152,117.06275238253744,76.71515744782512,90.16435575939589,5.083479626288935,70.40132200060837,5.205070469400591,15.484836878700666,0.9868944455330934,5.403745117278298,NORMAL
HemorrhageClass4NoFluid,StandardMale.xml,1833,71.91127094806473,117.02427238508231,76.11711238769433,89.75283238682366,5.071431389411575,70.47733904495375,5.207069348232101,15.565423623873102,0.9870022608977351,5.409330114103126,NORMAL
HemorrhageClass4NoFluid,StandardMale.xml,1834,71.70471003162224,117.29085467041388,76.42476403085236,90.04679424403953,5.0514528981230225,70.37548241766318,5.204902623865984,15.572215319586224,0.9878118833811317,5.4130082287120285,NORMAL
HemorrhageClass4NoFluid,StandardMale.xml,1835,71.84669024074567,117.7265396872004,76.87235614242077,90.49041732401398,5.0562495617430665,70.29999049067277,5.200891430707869,15.525163711368418,0.9866509692469928,5.409021263409855,NORMAL
HemorrhageClass4NoFluid,StandardMale.xml,1836,71.64346646061196,117.66823300051789,76.57735558044921,90.2743147204721,5.061085096742281,70.24414591699558,5.200077269043541,15.448265575805092,0.9858738574070084,5.401640311687608,NORMAL
HemorrhageClass4NoFluid,StandardMale.xml,1837,71.61754743937638,118.15700167057784,75.95130650416941,90.01987155963889,5.089634340006984,70.46559134615916,5.199288459851183,15.45855666988455,0.9847946162578737,5.400142181903867,NORMAL
HemorrhageClass4NoFluid,StandardMale.xml,1838,71.83274614817331,118.60647898102476,75.91493538358415,90.14544991606435,5.0443132661430905,70.83168398788159,5.201206007657119,15.37228930240289,0.983615253124612,5.398690702920593,NORMAL
HemorrhageClass4NoFluid,StandardMale.xml,1839,72.15303731183572,118.96018618181338,75.33960012648429,89.87979547826065,5.023936253344354,70.11131868960165,5.20185640270586,15.292956835552594,0.9833779422279544,5.402219161217866,NORMAL
HemorrhageClass4NoFluid,StandardMale.xml,1840,72.08905000620999,118.82795646939313,75.96910441965692,90.25538843623565,5.012886080278754,69.61149642165246,5.2044215695422045,15.23052773372903,0.9829164983456854,5.403415945881658,NORMAL
HemorrhageClass4NoFluid,StandardMale.xml,1841,71.87982721806003,118.91843307099032,76.09709800280027,90.37087635886361,5.035364129823499,69.52918646896822,5.203570739773759,15.253866196057137,0.9827015618864363,5.4081360807224,NORMAL
HemorrhageClass4NoFluid,StandardMale.xml,1842,71.88044867585461,118.57960325225507,76.12771768579461,90.27834620794809,5.01984532556369,69.96583697186824,5.206140186422525,15.237897131923958,0.9843275383750011,5.406570478369883,NORMAL
HemorrhageClass4NoFluid,StandardMale.xml,1843,71.9274889573367,118.3483586274106,76.32237315359305,90.3310349781989,4.989234451755429,69.77824156315963,5.204020401120089,15.297700385031387,0.9856838366662508,5.411298488445654,NORMAL
HemorrhageClass4NoFluid,StandardMale.xml,1844,72.01275539389064,117.8840836788518,76.65989544073274,90.40129152010576,5.008877885471147,69.3720277047716,5.203248841215337,15.338514918064305,0.9842747909000238,5.407397895190215,NORMAL
HemorrhageClass4NoFluid,StandardMale.xml,1845,71.83581439756686,117.36787622951307,76.56990137653175,90.16922632752552,4.9970643723855,69.54124732285344,5.206880737563342,15.420459158874458,0.9848919383336854,5.405978156428377,NORMAL
HemorrhageClass4NoFluid,StandardMale.xml,1846,71.66743764174815,117.21459917322588,76.25830954428888,89.91040608726787,5.022988716714547,69.53892856191878,5.206758069142958,15.511569453900961,0.9839367630084567,5.412661168327366,NORMAL
HemorrhageClass4NoFluid,StandardMale.xml,1847,71.61322925942191,116.63141279338316,76.01751643275941,89.55548188630065,5.030807026460066,69.98589028869633,5.207175512825531,15.538622759383108,0.9835935081908905,5.412435447537314,NORMAL
HemorrhageClass4NoFluid,StandardMale.xml,1848,71.31262878087928,117.12637845771205,75.71381025894317,89.5179996585328,4.993429679159637,70.1237694492263,5.202547516245624,15.641554794151252,0.9843863272797178,5.413203580994461,NORMAL
HemorrhageClass4NoFluid,StandardMale.xml,1849,71.54356406252923,117.13257246001982,75.47707392011989,89.36224010008654,5.032052556097256,69.91178788438364,5.20423374770308,15.554193661020058,0.983667695953846,5.404687656185928,NORMAL
HemorrhageClass4NoFluid,StandardMale.xml,1850,71.88675898889436,117.70338294616946,75.81774468714522,89.77962410681997,5.02967035231425,70.19468438082217,5.203479431618564,15.553100423449816,0.9825038295350557,5.407790471854337,NORMAL
HemorrhageClass4NoFluid,StandardMale.xml,1851,71.80552236472468,117.243686994854,76.41137225013807,90.02214383171005,5.036745731350184,69.89167364196126,5.207021600505372,15.452352726251846,0.9823491512914371,5.406402463253489,NORMAL
HemorrhageClass4NoFluid,StandardMale.xml,1852,72.2249883688483,116.7428269277346,76.8759633979926,90.1649179079066,5.051795422356006,70.041756229177,5.205685483416928,15.533488776885157,0.9811282518772111,5.412920368653451,NORMAL
HemorrhageClass4NoFluid,StandardMale.xml,1853,72.54449200118871,116.55014986337665,76.95650950603444,90.15438962514851,5.075534335907496,69.88925505477185,5.2085994304348455,15.621890268457395,0.9812381256148016,5.410461794524425,NORMAL
HemorrhageClass4NoFluid,StandardMale.xml,1854,72.13893269076006,116.2888128373007,76.55728757428335,89.80112932862247,5.049735160009007,69.92095582674291,5.208052253666774,15.655897650956394,0.9826016394318479,5.415823715881146,NORMAL
HemorrhageClass4NoFluid,StandardMale.xml,1855,71.9087503887487,116.90841836886811,76.34088822233282,89.86339827117791,5.040947783074887,69.93277174314102,5.210015621466454,15.702023474164932,0.9826042386574467,5.4148168620225885,NORMAL
HemorrhageClass4NoFluid,StandardMale.xml,1856,72.12278697122714,117.42631515534788,76.03305737354523,89.83080996747945,5.049211899436567,70.01009865355498,5.210261042271054,15.592663481678425,0.9840250323874381,5.418429633178505,NORMAL
HemorrhageClass4NoFluid,StandardMale.xml,1857,72.24309606858087,117.17547606638144,75.91779238001999,89.67035360880713,5.004158223932413,69.93930204305872,5.208583863028153,15.501255019693044,0.9829922873229712,5.418881229259517,NORMAL
HemorrhageClass4NoFluid,StandardMale.xml,1858,72.01267285109623,117.41107141372404,76.49852917684058,90.13604325580174,4.9890574240044225,69.3029346332866,5.205110772090325,15.545527963505048,0.9817070339353391,5.41579507046999,NORMAL
HemorrhageClass4NoFluid,StandardMale.xml,1859,71.87006272031745,116.86948378876122,76.18534802866917,89.74672661536651,5.0074768110354855,69.30270919230537,5.207971887081293,15.50394553064641,0.982234067458202,5.409404274632294,NORMAL
HemorrhageClass4NoFluid,StandardMale.xml,1860,72.00143448337892,116.76257576639296,76.03041647625099,89.60780290629832,5.040871297910165,69.63735775447235,5.202460162429935,15.59953541094798,0.9819770071473765,5.4146689803663985,NORMAL
HemorrhageClass4NoFluid,StandardMale.xml,1861,71.87826750746395,116.83011323563302,75.98117950820863,89.59749075068342,5.054836117409574,69.93539290103617,5.199369832648533,15.618404610668268,0.9828118884035066,5.4045269174054855,NORMAL
HemorrhageClass4NoFluid,StandardMale.xml,1862,72.03872262593462,116.62554818952907,75.42211078627119,89.15658992069048,5.0757195525047445,70.2018467367334,5.204097454134027,15.606484289185715,0.983380992337296,5.398840436096002,NORMAL
HemorrhageClass4NoFluid,StandardMale.xml,1863,72.08076399367798,116.57046940385645,75.13907600099606,88.94954046861619,5.104429095038162,70.32513972611854,5.202461754341472,15.642589893098478,0.9828859101703762,5.407539679580424,NORMAL
HemorrhageClass4NoFluid,StandardMale.xml,1864,71.91839443414594,116.98274559530721,74.67571471920445,88.77805834457203,5.100516290388158,70.63689559641037,5.19893226638411,15.652311264649319,0.9826098225943386,5.404529846664122,NORMAL
HemorrhageClass4NoFluid,StandardMale.xml,1865,71.87841164692156,117.79643231509826,74.25941235439055,88.77175234129312,5.1250039161925445,70.72028311132182,5.199582032522581,15.579544772256387,0.9827732012580174,5.398035275300778,NORMAL
HemorrhageClass4NoFluid,StandardMale.xml,1866,71.68822672729344,118.40999894215688,74.02197366125993,88.81798208822558,5.11693287175998,71.04771943757785,5.203112133264938,15.435929570278422,0.9817421857214955,5.399230902713809,NORMAL
HemorrhageClass4NoFluid,StandardMale.xml,1867,71.51938593822868,119.0508060652161,74.33929190180321,89.24312995627417,5.075656317362812,71.10439603131239,5.199454476009174,15.327635440696717,0.9828352402085109,5.405726601655976,NORMAL
HemorrhageClass4NoFluid,StandardMale.xml,1868,71.79407505632366,118.78889621087933,74.42464967058615,89.21273185068388,5.0856872631254895,70.74196239973149,5.198679893654894,15.214533380445936,0.983306070458853,5.398996187398389,NORMAL
HemorrhageClass4NoFluid,StandardMale.xml,1869,71.68692571391028,118.50464301678923,74.13652474644444,88.92589750322604,5.105061024022558,70.64153265449303,5.203387837532633,15.26076030748765,0.9842267689820491,5.3975708870609385,NORMAL
HemorrhageClass4NoFluid,StandardMale.xml,1870,71.5978965313896,118.49522376741422,74.2260969004169,88.98247252274935,5.1197996068540235,70.96200433937786,5.2030652931421635,15.31093082015451,0.9841803349467948,5.40623392199914,NORMAL
HemorrhageClass4NoFluid,StandardMale.xml,1871,71.93169627331504,118.36627173653163,74.94322867786876,89.41757636408971,5.078061761795237,71.2124416419011,5.200704283935221,15.312593311834135,0.9843438688636418,5.405640411669298,NORMAL
HemorrhageClass4NoFluid,StandardMale.xml,1872,71.81132151703366,118.27286375404105,74.67412738328773,89.20703950687216,5.10025248694911,70.43901572532035,5.199481506740158,15.335353265401313,0.9848556429367108,5.401295945001827,NORMAL
HemorrhageClass4NoFluid,StandardMale.xml,1873,72.2249210368778,118.11521274340552,74.99362177258048,89.36748542952216,5.096416742702889,70.80339100020639,5.195908683589886,15.351839716446232,0.9852269459744791,5.3990459263445185,NORMAL
HemorrhageClass4NoFluid,StandardMale.xml,1874,72.58327767694679,118.24107032731952,75.39045192511715,89.67399139251793,5.119220664961085,70.42517726702388,5.194486010291952,15.37966502216127,0.984458622638912,5.392471614376786,NORMAL
HemorrhageClass4NoFluid,StandardMale.xml,1875,72.53299228953102,118.17342277872547,74.97123544039364,89.37196455317091,5.0929734326240155,70.41283741950895,5.1973565383157565,15.357451236567092,0.9856524462241689,5.389853769133573,NORMAL
HemorrhageClass4NoFluid,StandardMale.xml,1876,72.5596700144798,118.22592536829573,75.52824438956772,89.7608047158104,5.108621335099569,70.13874536380276,5.194181690578787,15.369390986987431,0.9852074724690147,5.395135795684251,NORMAL
HemorrhageClass4NoFluid,StandardMale.xml,1877,72.75793921004943,117.74467382867775,76.10824619980774,89.98705540943108,5.1278722896078,70.30481153770945,5.192874138932163,15.360124312452745,0.9845698296332828,5.389293793828857,NORMAL
HemorrhageClass4NoFluid,StandardMale.xml,1878,72.93610466659929,117.36448562389766,76.04894244127009,89.82079016881261,5.090453419521186,70.37745917288242,5.1944763811943835,15.445064911068135,0.9860733641404589,5.386887782650225,NORMAL
HemorrhageClass4NoFluid,StandardMale.xml,1879,73.00382052412795,118.1010879339037,76.04344947977903,90.06266229782058,5.047304654069782,69.79060165868451,5.1959580933280245,15.51216789369166,0.9854813203866526,5.389836050738703,NORMAL
HemorrhageClass4NoFluid,StandardMale.xml,1880,73.15798338575541,117.61218300818292,75.99299871052139,89.86606014307523,5.078005281272925,69.22382162208324,5.191350099480687,15.38215804228826,0.9840398038383243,5.392562532683993,NORMAL
HemorrhageClass4NoFluid,StandardMale.xml,1881,73.08957450999515,118.17164050568917,76.58846284393299,90.44952206451838,5.096594572046869,69.46887827528181,5.187745363475832,15.46844945880965,0.9838678457174292,5.384083414680212,NORMAL
HemorrhageClass4NoFluid,StandardMale.xml,1882,72.70009155752227,118.45383942317125,76.06449500618386,90.19427647851299,5.105863422010752,69.74333186221155,5.1901960835097505,15.369705557074251,0.9840608802110221,5.377450380225254,NORMAL
HemorrhageClass4NoFluid,StandardMale.xml,1883,72.19216258902657,118.37364247463644,76.32815474425269,90.34331732104727,5.075207706633397,70.16049463071315,5.189963928757598,15.31989762295612,0.9851029153572102,5.381959922783308,NORMAL
HemorrhageClass4NoFluid,StandardMale.xml,1884,72.37233863395889,118.1384609012456,76.54954509475488,90.41251703025178,5.066120674746894,70.19655438192139,5.192262666756509,15.334052334691858,0.9848804523129152,5.381532737417212,NORMAL
HemorrhageClass4NoFluid,StandardMale.xml,1885,72.00409056752154,117.62656855184545,76.19997076353954,90.00883669297484,5.083336838943683,69.94439370345076,5.19541708833177,15.375561736704338,0.9837253620183641,5.3857626195304,NORMAL
HemorrhageClass4NoFluid,StandardMale.xml,1886,71.73851184635987,117.54849817971065,75.98427512834677,89.83901614546807,5.105280831146038,70.44454083299316,5.198739048709249,15.465910419264812,0.9829575313968828,5.391567035433811,NORMAL
HemorrhageClass4NoFluid,StandardMale.xml,1887,71.46361217030137,117.80040084209786,75.47500631611774,89.58347115811111,5.123201250690724,70.92290829511285,5.1987556381130915,15.479689791583331,0.9823550235022347,5.3976797376156505,NORMAL
HemorrhageClass4NoFluid,StandardMale.xml,1888,71.3688424309933,117.53726325894827,75.47030117864543,89.49262187207971,5.129790357323175,71.36305614170267,5.200850748519614,15.435229127721428,0.9827711977158411,5.397710263592344,NORMAL
HemorrhageClass4NoFluid,StandardMale.xml,1889,71.55879439202468,117.95748809220646,75.1101712000271,89.39261016408689,5.095586826779207,71.5204227188623,5.197992941819427,15.481672748138045,0.9825619562629194,5.40156545284745,NORMAL
HemorrhageClass4NoFluid,StandardMale.xml,1890,71.52895078832947,117.67018899021873,75.74847913329177,89.72238241893409,5.055526303279632,70.95127412555583,5.199492363130057,15.407503325390152,0.9826827460045746,5.396306834662255,NORMAL
HemorrhageClass4NoFluid,StandardMale.xml,1891,71.56622740671668,117.42177426847027,76.07051341363092,89.85426703191071,5.063741126482814,70.49055677520745,5.19599821293345,15.458211438914054,0.98224502204168,5.3990659030662975,NORMAL
HemorrhageClass4NoFluid,StandardMale.xml,1892,71.55223837745132,117.68118484513195,75.49583351487416,89.55761729162676,5.032188737333623,70.55992548312679,5.194347743834085,15.502056483413938,0.9827180022396286,5.39263635632177,NORMAL
HemorrhageClass4NoFluid,StandardMale.xml,1893,71.44094072754815,118.02824172815927,75.8496233246681,89.90916279249849,5.067593106711597,70.18937310008666,5.193858119608142,15.456270677333617,0.9832558406804707,5.389599346568991,NORMAL
HemorrhageClass4NoFluid,StandardMale.xml,1894,71.27860908184392,117.80682219736066,75.45434527813438,89.57183758454315,5.086803808191571,70.70776750517327,5.192492159595879,15.395015352475161,0.9830183837097264,5.388698394500299,NORMAL
HemorrhageClass4NoFluid,StandardMale.xml,1895,71.70170202090078,117.80886528510514,75.12140645049506,89.35055939536508,5.07726725261221,71.07257692618087,5.189846326933371,15.434095762495463,0.9843682258197622,5.386184906740521,NORMAL
HemorrhageClass4NoFluid,StandardMale.xml,1896,71.36716034755214,118.45705176046995,75.03548430805391,89.50934012552592,5.05172593642946,70.61426519533305,5.187901269701457,15.433735158774219,0.9837536863401547,5.381316339614152,NORMAL
HemorrhageClass4NoFluid,StandardMale.xml,1897,71.70428620264374,118.8083307078838,75.32881388390388,89.82198615856385,5.033360188237915,70.5750946133471,5.188461847882015,15.319330647412887,0.9850914435951182,5.377737261529438,NORMAL
HemorrhageClass4NoFluid,StandardMale.xml,1898,72.08293164199112,119.18931733616691,75.82257545311153,90.27815608079665,5.051566204975211,70.08175976904663,5.189625570921664,15.257330130805705,0.9842692461296265,5.378768775177408,NORMAL
HemorrhageClass4NoFluid,StandardMale.xml,1899,71.82992267325426,119.27951058547045,75.72161285495224,90.24091209845831,5.012608805086164,69.99928810839454,5.188750215281051,15.190086226928507,0.9830292671646924,5.380910128943018,NORMAL
HemorrhageClass4NoFluid,StandardMale.xml,1900,71.90338004689765,119.17781955042383,76.04383367191367,90.42182896475039,5.040739543562273,69.73111361598738,5.194354070600784,15.174167174299626,0.9818547626613747,5.379299396807099,NORMAL
HemorrhageClass4NoFluid,StandardMale.xml,1901,71.97425600195835,118.68658282992025,75.74596956689004,90.05950732123344,5.054471072234383,70.01186874629802,5.196702484574748,15.192115578989478,0.9825586636010202,5.389610988381719,NORMAL
HemorrhageClass4NoFluid,StandardMale.xml,1902,71.77499223837833,118.871399651134,75.72309819076709,90.10586534422272,5.010438392083125,70.120801848447,5.198057516435229,15.278818555845522,0.9829097890458158,5.393932278701685,NORMAL
HemorrhageClass4NoFluid,StandardMale.xml,1903,71.48886658282265,118.3350273263257,76.15246586709407,90.21331968683795,4.974142326269124,69.74858262904927,5.20224416471609,15.24619850139219,0.9831445861875436,5.396425657691447,NORMAL
HemorrhageClass4NoFluid,StandardMale.xml,1904,71.23021144298848,117.91428132614581,76.23736352466658,90.12966945849298,4.9840861891052235,69.53728558898915,5.201707444140772,15.340867884447274,0.983403737819196,5.404129462425093,NORMAL
HemorrhageClass4NoFluid,StandardMale.xml,1905,71.59488050456746,117.67075521017533,76.37015941756506,90.13702468176848,4.961918735348198,69.86439827297983,5.197734988363741,15.415129292833996,0.9822815265223178,5.403141848890018,NORMAL
HemorrhageClass4NoFluid,StandardMale.xml,1906,71.426233203916,117.76875885988575,75.98465727137726,89.91269113421342,4.965966646736147,69.30521680871857,5.1986093813880085,15.458111501442477,0.9827440242971729,5.395832177389979,NORMAL
HemorrhageClass4NoFluid,StandardMale.xml,1907,71.81915076140089,117.25206387264711,76.45028106948966,90.05087533720881,4.992688907333067,69.48805532328505,5.195668556758197,15.44081391798019,0.9838416997486145,5.3974411382263145,NORMAL
HemorrhageClass4NoFluid,StandardMale.xml,1908,71.94346379224335,117.27870489679111,75.79796579642749,89.62487882988204,5.014026995351792,69.4993433754843,5.197028421303403,15.532010263144008,0.9839121277418902,5.392029759676191,NORMAL
HemorrhageClass4NoFluid,StandardMale.xml,1909,71.69493756892079,117.3736694804615,75.83874572317572,89.68372030893765,5.048274548063653,69.65811141932923,5.195262388292283,15.527308138886255,0.9851008921051654,5.39453203123513,NORMAL
HemorrhageClass4NoFluid,StandardMale.xml,1910,71.54945360773044,117.13266894438492,75.9312107811807,89.66503016891544,5.026552460236689,70.26942933554258,5.195041624813729,15.510546948697385,0.9865245122098111,5.391282373619266,NORMAL
HemorrhageClass4NoFluid,StandardMale.xml,1911,71.98768142765768,117.2171956472861,75.72234278542156,89.55396040604307,5.060966092173268,70.12339711546367,5.195143137894815,15.553083394019147,0.985392011563522,5.39087614920847,NORMAL
HemorrhageClass4NoFluid,StandardMale.xml,1912,71.64236198585262,117.21399846773355,75.52053754328948,89.4183578514375,5.086873784899672,70.1883062319457,5.194963454480018,15.538164483319951,0.9857743169756638,5.391062942295001,NORMAL
HemorrhageClass4NoFluid,StandardMale.xml,1913,71.73806283503995,116.86207402201576,75.91142601924822,89.56164202017074,5.09633717604818,70.77824288543275,5.192498318911603,15.53872878353038,0.9857177450195374,5.3907323088506285,NORMAL
HemorrhageClass4NoFluid,StandardMale.xml,1914,71.6415566763482,117.03834317669522,75.44533427735115,89.30967057713251,5.067517482365823,70.81526845730164,5.194193387093661,15.600843230188325,0.9858733825758131,5.38619624042858,NORMAL
HemorrhageClass4NoFluid,StandardMale.xml,1915,71.43020954761107,116.67028364766117,75.8301860765417,89.44355193358152,5.081394303510664,70.54489057821392,5.198181231071723,15.569731833583162,0.9861339204491909,5.389315316455217,NORMAL
HemorrhageClass4NoFluid,StandardMale.xml,1916,71.2592011600659,117.465919212865,76.4275250282649,90.10698975646493,5.0828381732594865,70.88370169081966,5.201214138131012,15.63469411245102,0.9868825219128282,5.396653303612075,NORMAL
HemorrhageClass4NoFluid,StandardMale.xml,1917,71.2089917569542,118.13465632338998,76.34366752195332,90.2739971224322,5.100309584608355,71.04024361445522,5.1991532422153215,15.494264928075316,0.9856669633536935,5.402234122012052,NORMAL
HemorrhageClass4NoFluid,StandardMale.xml,1918,71.21935495722494,117.91434078840065,76.597542246409,90.36980842707288,5.082932792066945,71.29343632034633,5.19847392435648,15.376233242338984,0.9852942625263565,5.398441890459326,NORMAL
HemorrhageClass4NoFluid,StandardMale.xml,1919,71.29456080675077,118.29151785279403,76.41222650953698,90.37199029062266,5.109387000822366,71.07386976325876,5.197132062211558,15.415118797782853,0.9861868468634177,5.397191885255756,NORMAL
HemorrhageClass4NoFluid,StandardMale.xml,1920,71.80242384556762,118.63113164126919,75.78716416611965,90.06848665783616,5.111172286309031,71.33368046820505,5.19444746027658,15.34854727957223,0.9867419699219478,5.3947227397124795,NORMAL
HemorrhageClass4NoFluid,StandardMale.xml,1921,71.67407583850164,118.37983697992767,75.59838799034445,89.85887098687219,5.119646395653588,70.94234097053061,5.193148268167735,15.28860565629136,0.9867826064829248,5.38978283368092,NORMAL
HemorrhageClass4NoFluid,StandardMale.xml,1922,71.49271758211322,117.93617675437295,75.64911075207708,89.74479941950904,5.132231091559119,71.14867252912018,5.189764448158071,15.332959008345346,0.9858694905839963,5.387392204794374,NORMAL
HemorrhageClass4NoFluid,StandardMale.xml,1923,71.44505871354559,117.91523196119518,75.9558581007451,89.94231605422846,5.112217951657034,71.44865021722013,5.195294169418334,15.411264763315753,0.9844379698054705,5.381165675394369,NORMAL
HemorrhageClass4NoFluid,StandardMale.xml,1924,71.67318709114325,118.18811382058104,76.45170972689209,90.36384442478841,5.096242570133941,71.24512928384499,5.193471852983726,15.414961506336686,0.9848030217874926,5.3913408537142935,NORMAL
HemorrhageClass4NoFluid,StandardMale.xml,1925,71.63244339075176,117.60802574641785,76.56618683430442,90.24679980500889,5.065514254703912,70.86656179268905,5.192688303089611,15.366798027200776,0.986089589572875,5.387987629599596,NORMAL
HemorrhageClass4NoFluid,StandardMale.xml,1926,71.38789473310743,117.14208256269434,76.79944957752772,90.2469939059166,5.042756500912929,70.5280117640655,5.196025343174091,15.469183212935832,0.9857438029403802,5.3865458281922685,NORMAL
HemorrhageClass4NoFluid,StandardMale.xml,1927,71.22026866391589,116.75347792376449,76.4641385311851,89.89391832871156,5.0130642103098335,70.44958938324021,5.192223190773156,15.55142189621911,0.9849200117472033,5.392686278374507,NORMAL
HemorrhageClass4NoFluid,StandardMale.xml,1928,71.41979651033414,117.26785015374021,76.12246377466172,89.83759256768789,5.013807273563183,70.22438362699512,5.1907591839527125,15.62001037425623,0.9834919626814163,5.3856899802144085,NORMAL
HemorrhageClass4NoFluid,StandardMale.xml,1929,71.74265013205937,116.74908549801911,76.45115475354478,89.88379833503623,5.028881435504253,70.07300039611529,5.1896376511825775,15.52922399431041,0.9846728386737188,5.382996077618152,NORMAL
HemorrhageClass4NoFluid,StandardMale.xml,1930,72.11338254522738,116.82024834705697,76.85964493447987,90.17984607200557,4.999767880468737,69.99701481604914,5.1901494428374555,15.620785634679256,0.9845814081198856,5.38093235769618,NORMAL
HemorrhageClass4NoFluid,StandardMale.xml,1931,71.95923945509304,117.20760914357703,77.00350636467918,90.40487395764514,4.9802274028369835,69.35223372697075,5.193413552702547,15.608225435908256,0.9831842918029318,5.381874099803229,NORMAL
HemorrhageClass4NoFluid,StandardMale.xml,1932,71.66198043790554,117.17580805407215,76.76116083582463,90.2327099085738,4.981768174973704,69.23847489950403,5.189420486781582,15.539856495285925,0.9834146599599553,5.387880351903457,NORMAL
HemorrhageClass4NoFluid,StandardMale.xml,1933,72.05363875176266,117.28981949737967,76.09116360322935,89.82404890127945,4.979171787130886,69.49204095011139,5.185587218130822,15.5454693678833,0.9835540514277068,5.380532755907796,NORMAL
HemorrhageClass4NoFluid,StandardMale.xml,1934,72.28253829145399,117.77946041118099,76.07086296205736,89.9737287784319,4.9879297201314055,69.1514950911396,5.188083338983691,15.525346418767683,0.984372964516207,5.373479201083983,NORMAL
HemorrhageClass4NoFluid,StandardMale.xml,1935,72.28356823274407,118.46929304763555,76.39924219708281,90.42259248060039,4.9920775361150085,69.0771863028609,5.192022052359369,15.43892510080601,0.9854619975304757,5.378072285181828,NORMAL
HemorrhageClass4NoFluid,StandardMale.xml,1936,71.90235023716653,119.0056452944841,76.48436778184804,90.65812695272672,5.0325681691961,69.12615895919689,5.195179007324805,15.317170067811428,0.9862264041028708,5.385319867666064,NORMAL
HemorrhageClass4NoFluid,StandardMale.xml,1937,71.86480851911303,118.57508973442863,76.36899937221749,90.4376961596212,5.0586758730686965,69.91419703795096,5.19795383850924,15.222504228503801,0.9865796773387672,5.3911289452324365,NORMAL
HemorrhageClass4NoFluid,StandardMale.xml,1938,71.54773520643579,118.71449071812071,76.13341246599448,90.32710521670323,5.053081935029322,70.25890909279426,5.200043302216052,15.298497018131705,0.9874139988927415,5.3962348810979925,NORMAL
HemorrhageClass4NoFluid,StandardMale.xml,1939,71.57563464179925,117.96061278574193,76.20742149791411,90.12515192719005,5.00652387288389,70.4458397210622,5.203322066389661,15.273892830866606,0.9857776011486783,5.4000796799240405,NORMAL
HemorrhageClass4NoFluid,StandardMale.xml,1940,71.43274297970798,117.86325041136344,75.89367236962174,89.88353171686897,4.983486600145252,69.86010644894222,5.204801831752959,15.406951818916838,0.9851952854302929,5.406112897253671,NORMAL
HemorrhageClass4NoFluid,StandardMale.xml,1941,71.50177188893775,118.11088152961918,76.23007958934114,90.19034690276716,4.991639971809109,69.69518733269526,5.20296435159467,15.424136217680296,0.986320606490302,5.408835796968599,NORMAL
HemorrhageClass4NoFluid,StandardMale.xml,1942,71.88587982173104,117.6114993019403,76.5306349262478,90.22425638481197,4.9692444100217354,69.73889437309585,5.199543202335685,15.380429478711445,0.9847936900968379,5.405454670255349,NORMAL
HemorrhageClass4NoFluid,StandardMale.xml,1943,71.98810347535216,118.13972698201042,76.80363953995014,90.58233535397024,4.976544758829619,69.16390136013453,5.204126331810126,15.468570132537927,0.9842925688699018,5.399159451720664,NORMAL
HemorrhageClass4NoFluid,StandardMale.xml,1944,71.84252894880468,117.74545402620745,76.35977810942082,90.15500341501637,4.963901530349881,69.17140142701315,5.203039244920109,15.375338274233663,0.9836623657603594,5.407592817069627,NORMAL
HemorrhageClass4NoFluid,StandardMale.xml,1945,72.22011542080129,117.37949409966465,76.1439167852916,89.88910922341594,4.939692007684,69.13361363667553,5.206785036632831,15.44492720668746,0.9835882399094605,5.405592480626874,NORMAL
HemorrhageClass4NoFluid,StandardMale.xml,1946,72.44754105862367,117.27756498360449,76.05974907234612,89.79902104276557,4.967235724592164,68.54676612102615,5.208641662705012,15.509518907016279,0.9833423677089328,5.412485070114183,NORMAL
HemorrhageClass4NoFluid,StandardMale.xml,1947,72.32386553763865,117.22130281704233,75.69948709248916,89.54009233400689,4.962037764805478,68.70034021453921,5.211095707668716,15.527509332857537,0.9822534601212306,5.415901427009713,NORMAL
HemorrhageClass4NoFluid,StandardMale.xml,1948,72.00523610259647,117.89139864315213,76.00422029817966,89.96661307983715,4.936827677492653,68.73424854136367,5.2127746074356756,15.537439570402299,0.981334136300279,5.420417087733924,NORMAL
HemorrhageClass4NoFluid,StandardMale.xml,1949,71.99557369936333,118.05094741279606,76.30334350846852,90.2192114765777,4.930587676224705,68.67976225654165,5.208663017658175,15.419168072206947,0.9830826988893291,5.423506412440551,NORMAL
HemorrhageClass4NoFluid,StandardMale.xml,1950,72.23620902208758,117.84876280484866,75.9740411506766,89.93228170206729,4.908787379248959,68.61217552133711,5.2075398985020485,15.391007813202554,0.9817577646048152,5.415940722020478,NORMAL
HemorrhageClass4NoFluid,StandardMale.xml,1951,72.43612092906439,117.72696533085634,76.40608308406992,90.17971049966539,4.909304282865121,68.16316128771011,5.211394359341008,15.426693271255328,0.983026603337904,5.413874083007363,NORMAL
HemorrhageClass4NoFluid,StandardMale.xml,1952,72.3043847246115,118.24597917039551,76.11920038893619,90.16145998275597,4.9613544123423905,68.01516680188425,5.206327831386423,15.448190449963496,0.9836151332888224,5.4209666333399475,NORMAL
HemorrhageClass4NoFluid,StandardMale.xml,1953,72.16095810362206,118.17698189776186,76.6467649470996,90.49017059732036,4.948476284486738,68.74122296439245,5.207295482086689,15.356584828805126,0.9831956739139089,5.411643771847588,NORMAL
HemorrhageClass4NoFluid,StandardMale.xml,1954,71.84437000443165,117.80478334703636,76.64826316071262,90.36710322282053,4.925571093941687,68.69836203969295,5.203269750694681,15.368762804682323,0.9839251504941801,5.413424335091774,NORMAL
HemorrhageClass4NoFluid,StandardMale.xml,1955,72.08241120895693,117.21337595283639,76.93494655877174,90.36108969012662,4.964786831108556,68.6698482498376,5.204617837766454,15.434455618314669,0.9836262028329285,5.406016631727743,NORMAL
HemorrhageClass4NoFluid,StandardMale.xml,1956,71.99937368741553,116.82628248680541,76.43199142890226,89.89675511486998,5.004377809047539,68.95585905029537,5.208901617730654,15.53883865702409,0.9844619456020675,5.408497231689381,NORMAL
HemorrhageClass4NoFluid,StandardMale.xml,1957,72.24774295824739,116.51845849924494,76.83612399190405,90.06356882768435,4.972546351988762,69.49764809739048,5.204813620817977,15.607160413980704,0.984497632230978,5.4163797673485075,NORMAL
HemorrhageClass4NoFluid,StandardMale.xml,1958,72.04768663264494,116.86798169714689,77.22865385624095,90.44176313654293,4.957415546864403,68.91974608086045,5.2026394722987686,15.661491157093373,0.9853876060367753,5.408857489895446,NORMAL
HemorrhageClass4NoFluid,StandardMale.xml,1959,71.90430815046318,117.54534598480954,76.52535054916065,90.19868236104361,4.992846734339268,68.89437040798809,5.206564201084037,15.599800529187387,0.9839961131193733,5.4048568634921015,NORMAL
HemorrhageClass4NoFluid,StandardMale.xml,1960,71.82328355668439,117.73667970731894,76.49386575260738,90.2414704041779,4.966452798356907,69.4338728968794,5.201188741157853,15.480246152030645,0.9852679455673925,5.412078713087743,NORMAL
HemorrhageClass4NoFluid,StandardMale.xml,1961,71.52901593249248,118.45108876887252,75.97072770475218,90.13084805945896,4.968973821890751,69.17955264485359,5.20592738253554,15.446475868535739,0.9863149431023016,5.402187389325444,NORMAL
HemorrhageClass4NoFluid,StandardMale.xml,1962,71.64377262032154,117.88625199545842,76.09809260474216,90.02747906831425,4.984052510858686,69.44280377423985,5.20356776402005,15.320383111735858,0.9861182669994737,5.4109069103903895,NORMAL
HemorrhageClass4NoFluid,StandardMale.xml,1963,72.03065204951412,117.37909579394324,76.27421554655979,89.9758422956876,4.975422092232868,69.53410270709985,5.204418597082011,15.420076452336623,0.9866778011845506,5.406565002718725,NORMAL
HemorrhageClass4NoFluid,StandardMale.xml,1964,72.00732765179325,117.80026044390907,76.66435653626952,90.3763245054827,4.954396922653315,69.12443366194663,5.201258416859917,15.509589207729368,0.9854330744457258,5.408130611131604,NORMAL
HemorrhageClass4NoFluid,StandardMale.xml,1965,72.35983067784058,117.43950303797187,76.08491936666375,89.86978059043312,4.928050835285479,68.88964451880908,5.200196184726104,15.435253907914774,0.9865592014954169,5.402315598806485,NORMAL
HemorrhageClass4NoFluid,StandardMale.xml,1966,71.97878700974212,117.12207593213222,75.69649318535483,89.50502076761396,4.950378407937391,68.29871879546884,5.1984667562496405,15.49892736657958,0.9878564048616476,5.400360997322975,NORMAL
HemorrhageClass4NoFluid,StandardMale.xml,1967,72.11731736323645,117.25311842538957,75.82475670643781,89.63421061275507,4.98767076567986,68.86361309662038,5.201188283828972,15.554953054119556,0.9865231406300382,5.397178695302433,NORMAL
HemorrhageClass4NoFluid,StandardMale.xml,1968,72.03366809492417,117.56656188344286,75.9405906076835,89.81591436626995,5.024082012051325,69.20367991017572,5.196435527029616,15.531824135238242,0.9876194006204386,5.40218654779968,NORMAL
HemorrhageClass4NoFluid,StandardMale.xml,1969,71.93558911556025,116.9847180089446,75.58504677839497,89.38493718857818,4.995449961620928,69.707703664973,5.193150071212549,15.476501559064754,0.9860123070281347,5.3934410531050005,NORMAL
HemorrhageClass4NoFluid,StandardMale.xml,1970,72.18308260164385,116.63065607448566,75.42084392108531,89.15744797221876,5.001822610901475,69.4405226414742,5.193536209881776,15.579196642471263,0.9854630727363021,5.387395522556995,NORMAL
HemorrhageClass4NoFluid,StandardMale.xml,1971,72.2528656934094,117.23534351131536,75.58153833169152,89.4661400582328,4.997748310225663,69.32206840231075,5.191201387914765,15.641688354567886,0.9857899851664289,5.388106052008784,NORMAL
HemorrhageClass4NoFluid,StandardMale.xml,1972,72.24373246110912,116.79013979712329,75.36587510754518,89.17396333740454,5.019528944160149,69.21830373969813,5.196143742405434,15.53496139656108,0.9852385852137974,5.383809772188979,NORMAL
HemorrhageClass4NoFluid,StandardMale.xml,1973,72.51357273666696,116.58970031156194,75.80877294548254,89.40241540084234,5.015917621984586,69.4869860330803,5.196941079603366,15.613539576319814,0.9857092532042775,5.392904143477496,NORMAL
HemorrhageClass4NoFluid,StandardMale.xml,1974,72.55488794145364,116.53473992598252,75.85413022314896,89.4143334574268,4.978848056372311,69.23178067141072,5.195839879819957,15.648917021352522,0.9860794225294934,5.394371314748563,NORMAL
HemorrhageClass4NoFluid,StandardMale.xml,1975,72.82610666207523,116.18363196023473,75.54382044083108,89.0904242806323,4.97825852261441,68.75594112060699,5.1922838743276625,15.65861749536026,0.9861445109779277,5.392345009328329,NORMAL
HemorrhageClass4NoFluid,StandardMale.xml,1976,72.51292967602295,116.9196902654696,75.365859438606,89.21713638089386,4.976045922352177,68.5388325325178,5.197743938666756,15.720587833809297,0.9848019026642368,5.385801643345175,NORMAL
HemorrhageClass4NoFluid,StandardMale.xml,1977,72.71352529320195,117.05324321570325,75.31744263778332,89.22937616375663,5.014534717070208,68.7550136406025,5.20290977130786,15.590673998911011,0.9839023756022643,5.395848646742575,NORMAL
HemorrhageClass4NoFluid,StandardMale.xml,1978,72.85619535359942,116.77508999860416,74.81770832814772,88.80350221829987,5.03127281088563,69.05911829218635,5.201216483812771,15.567101985928566,0.9842929457017414,5.4053542376792905,NORMAL
HemorrhageClass4NoFluid,StandardMale.xml,1979,72.42241042021519,117.42291739489104,74.9866855302999,89.13209615183028,5.051130507739981,69.14774432796412,5.199745780640499,15.616195856435345,0.9835407492771837,5.402238438274853,NORMAL
HemorrhageClass4NoFluid,StandardMale.xml,1980,72.70357120134734,117.53394449175634,74.9551196632618,89.14806127275997,5.012334953024276,69.72514078448164,5.196422462058297,15.50185472230882,0.9840603623865235,5.399532213796402,NORMAL
HemorrhageClass4NoFluid,StandardMale.xml,1981,72.67058278969088,118.069241767458,75.37922135691265,89.60922816042776,4.982856984596995,69.04059820805449,5.201130426077565,15.482258508491503,0.9844644883222975,5.393417012397222,NORMAL
HemorrhageClass4NoFluid,StandardMale.xml,1982,72.83566290945367,117.75089557729747,76.0030328878182,89.91898711764462,5.021051027466296,68.71407270321262,5.199005006513349,15.387778870937769,0.98571017533104,5.40208008439763,NORMAL
HemorrhageClass4NoFluid,StandardMale.xml,1983,73.06179001496835,118.33140841097264,75.96428149065747,90.08665713076253,4.989138260694171,69.0418254516476,5.203465995100687,15.44396677629102,0.9841544536844216,5.398169123600027,NORMAL
HemorrhageClass4NoFluid,StandardMale.xml,1984,72.67038353137382,118.37052722614283,75.74240494702639,89.9517790400652,5.024428370442572,68.48676766508882,5.204320042104985,15.341506620765234,0.985599887093453,5.4063777388670395,NORMAL
HemorrhageClass4NoFluid,StandardMale.xml,1985,72.19624139509352,118.20151487011034,75.34522304450024,89.63065365303694,5.04697171456596,69.21095885407817,5.206620559914322,15.334602174121137,0.9864728875988371,5.407949261219311,NORMAL
HemorrhageClass4NoFluid,StandardMale.xml,1986,72.52139735541355,117.81728453639079,75.76573678430869,89.78291936833605,5.052405511244246,69.85410224907473,5.205001205813914,15.364432750260576,0.9854352359020299,5.412182418341782,NORMAL
HemorrhageClass4NoFluid,StandardMale.xml,1987,72.694347270705,117.23749846273823,76.34929225043108,89.97869432120012,5.027526609239596,69.66238083745118,5.208527716475959,15.432249166137886,0.9842708506265346,5.409202662951007,NORMAL
HemorrhageClass4NoFluid,StandardMale.xml,1988,72.76020745181427,117.94917230321661,75.89046477121579,89.9100339485494,5.019332717626767,69.22925723958473,5.209568258601697,15.534581048969901,0.9851109039772898,5.415691755826497,NORMAL
HemorrhageClass4NoFluid,StandardMale.xml,1989,72.23102044886826,117.4193535334653,75.67672820869035,89.590936650282,4.984968082500677,69.08004617154094,5.21008868024187,15.40897105699537,0.9850153645820178,5.417606445768442,NORMAL
HemorrhageClass4NoFluid,StandardMale.xml,1990,72.31748069354232,117.20593239329769,75.26455103692362,89.24501148904831,5.006402101391485,69.0819826633043,5.208825708209143,15.502483741642711,0.9837253442971363,5.418564067815026,NORMAL
HemorrhageClass4NoFluid,StandardMale.xml,1991,72.64312557492453,117.87394642684671,75.16062119645522,89.39839627325239,4.987318063225387,69.27144485991086,5.212999637618722,15.54015244067151,0.9834717652720985,5.41624008708594,NORMAL
HemorrhageClass4NoFluid,StandardMale.xml,1992,72.83944008442026,117.3467307137672,75.21908162716474,89.26163132269889,4.995804595226408,68.78869237858977,5.215722667208785,15.4222483775735,0.9841682669434664,5.423920487966621,NORMAL
HemorrhageClass4NoFluid,StandardMale.xml,1993,72.92283990355833,117.78533522446148,74.98040205216363,89.24871310959624,4.96460710956433,68.73779582421017,5.219441605217436,15.51530162433082,0.9845447168519215,5.428931104297035,NORMAL
HemorrhageClass4NoFluid,StandardMale.xml,1994,72.83479499466641,117.61812813426528,75.54344151442602,89.56833705437244,4.982511534330996,68.30156846333131,5.221254231463293,15.437888199901352,0.985970852539661,5.435774280583461,NORMAL
HemorrhageClass4NoFluid,StandardMale.xml,1995,72.62081162894339,117.85628313172823,76.03528924289799,89.97562053917474,4.9672559207934315,68.58284938094071,5.221795360621053,15.467400147739019,0.9852208243647123,5.4391096738900835,NORMAL
HemorrhageClass4NoFluid,StandardMale.xml,1996,72.30961421642021,117.88412328122641,75.93471707849736,89.91785247940705,4.9985185811743715,68.56616993029768,5.2248835659143085,15.425365938219798,0.9839524483038558,5.4401053996084645,NORMAL
HemorrhageClass4NoFluid,StandardMale.xml,1997,71.93439546664214,118.32612723966619,75.6336810870189,89.86449647123466,4.998313877368073,69.18303522329036,5.22380483022366,15.420452169079871,0.984533091375012,5.44578797167104,NORMAL
HemorrhageClass4NoFluid,StandardMale.xml,1998,71.62945991402535,118.68109697706004,75.9269596002029,90.17833872582194,5.003391998379986,69.4759730863241,5.2252756213511615,15.342438744229224,0.9841978903474417,5.443803002176955,NORMAL
HemorrhageClass4NoFluid,StandardMale.xml,1999,71.7118008648426,119.19640630153644,75.79464674288602,90.26189992910282,5.011073433134065,69.77929963124201,5.2241581245959425,15.279786805476956,0.9851428233981729,5.446509388500843,NORMAL
HemorrhageClass4NoFluid,StandardMale.xml,2000,72.12729968726816,119.16170058982338,75.3597444230154,89.96039647861807,5.0307217684092915,69.80653736314709,5.220833555879305,15.18883502893228,0.9856492320521064,5.444453095204832,NORMAL
HemorrhageClass4NoFluid,StandardMale.xml,2001,72.42725585419866,118.91575822944041,75.30747055631586,89.84356644735738,5.046176804141523,69.71341942888095,5.217640841256689,15.194960565550033,0.9864617313775641,5.4383355934472455,NORMAL
HemorrhageClass4NoFluid,StandardMale.xml,2002,72.63159393393286,118.91083669255097,75.41616338002332,89.91438781753254,5.075245411102408,69.66196351642375,5.219361964180905,15.238369239800496,0.9867292128372085,5.432460714935157,NORMAL
HemorrhageClass4NoFluid,StandardMale.xml,2003,72.73920999471511,119.04050627178265,74.9155346767394,89.62385854175382,5.070582983731113,69.84874199814733,5.213055311233249,15.239237888012672,0.987928801886759,5.435627734001789,NORMAL
HemorrhageClass4NoFluid,StandardMale.xml,2004,72.28425731596235,119.50718113195134,75.40523700660744,90.10588504838874,5.07951141810036,69.70831091808479,5.215505767015558,15.216351287606393,0.9869551704938857,5.424022932362796,NORMAL
HemorrhageClass4NoFluid,StandardMale.xml,2005,72.4874249524012,119.11175229499536,76.04341897609203,90.39953008239314,5.048822777748276,70.17492868741489,5.2137260642307846,15.1339834638838,0.9854422410310387,5.428531988674415,NORMAL
HemorrhageClass4NoFluid,StandardMale.xml,2006,72.36563345646134,119.66848392298098,75.75412554910059,90.39224500706072,5.065814668997143,69.64624547081434,5.209722398913073,15.203776408645059,0.986219308103565,5.425257177460754,NORMAL
HemorrhageClass4NoFluid,StandardMale.xml,2007,72.33717752808866,119.22306550510349,75.6646016060803,90.18408957242136,5.044936413406503,69.94603557930809,5.212099733342077,15.105513621191417,0.9871559771477983,5.417890077633542,NORMAL
HemorrhageClass4NoFluid,StandardMale.xml,2008,72.56137469919616,118.84662009334897,75.84369522852037,90.17800351679658,5.058143129773912,69.71816878505095,5.21449464857618,15.18412969601762,0.9861663075035233,5.422264584159764,NORMAL
HemorrhageClass4NoFluid,StandardMale.xml,2009,72.72256121852782,118.1889570447733,76.12839032384313,90.14857923081986,5.061559133243078,69.6995562704278,5.21146496391453,15.25057207799073,0.9860646327835092,5.4266714409290575,NORMAL
HemorrhageClass4NoFluid,StandardMale.xml,2010,72.34053680708624,118.00252894462452,75.83092053347394,89.8881233371908,5.069955939031954,69.61363889570897,5.209054215060305,15.366649198653203,0.9868972019458059,5.421096552026979,NORMAL
HemorrhageClass4NoFluid,StandardMale.xml,2011,72.59543214113367,118.35891097070342,76.40195789644092,90.38760892119508,5.046464039697166,70.01558825579409,5.204445086020545,15.39955364284041,0.9869910505602907,5.416660559990172,NORMAL
HemorrhageClass4NoFluid,StandardMale.xml,2012,72.8145628661941,118.5970574413576,76.42730894742775,90.4838917787377,5.060820295364841,69.53307461456349,5.204472220157749,15.33665243601012,0.9865257686443591,5.4081793531315,NORMAL
HemorrhageClass4NoFluid,StandardMale.xml,2013,72.82341653825378,118.10496879982284,75.88574948346883,89.95882258892017,5.06056132049732,69.53266530801776,5.207883971683394,15.294619731467368,0.9861176861885412,5.4082292823542595,NORMAL
HemorrhageClass4NoFluid,StandardMale.xml,2014,72.48485247895375,118.39487798129504,75.9385675760238,90.09067104444755,5.044239809472052,69.52264075220538,5.211466187370051,15.381473071857663,0.9848391990147212,5.414507208224805,NORMAL
HemorrhageClass4NoFluid,StandardMale.xml,2015,72.7618236020775,118.78888091562061,76.4107274001048,90.5367785719434,5.021863493828019,69.59339535987138,5.21125046946492,15.330304280921656,0.9835986907551274,5.421098803293816,NORMAL
HemorrhageClass4NoFluid,StandardMale.xml,2016,73.02327952424129,118.61573544118814,75.81139306905447,90.07950719309903,5.022791956920902,69.10899632109943,5.212026144869951,15.260763007091342,0.9830320981437344,5.420701863186315,NORMAL
HemorrhageClass4NoFluid,StandardMale.xml,2017,72.83338475739211,119.00993177036965,76.41346972124127,90.61229040428407,4.999385982810585,68.91694290988777,5.2083229139356835,15.291323076067982,0.9836331280434786,5.422129174834243,NORMAL
HemorrhageClass4NoFluid,StandardMale.xml,2018,72.45509220670279,118.20864735516325,76.05730198975638,90.107750444892,4.961129638358671,68.78519945716131,5.208779655624377,15.2217476681654,0.984756209250423,5.415314900959933,NORMAL
HemorrhageClass4NoFluid,StandardMale.xml,2019,72.30421865779456,118.25584726020473,76.1322716705189,90.17346353374751,4.959290027792014,68.62133294647448,5.211556720873878,15.363173871067193,0.9850183885219065,5.4161553462391545,NORMAL
HemorrhageClass4NoFluid,StandardMale.xml,2020,72.35087725781224,118.76983021212729,76.69168663924586,90.717734496873,4.984452847219136,68.71658288344959,5.212700155776463,15.354843117066913,0.9864626668325899,5.421265392982884,NORMAL
HemorrhageClass4NoFluid,StandardMale.xml,2021,72.53001486986685,118.34835305433161,76.45468551896157,90.41924136408491,5.018526745636165,68.98202464717268,5.216053929106762,15.264125444456326,0.9858061826190302,5.423369414774113,NORMAL
HemorrhageClass4NoFluid,StandardMale.xml,2022,72.31959881105156,118.94874802137922,75.96264992457718,90.29134929017786,5.044856002339016,69.25013968318052,5.219632885732996,15.338515901709293,0.9849824098851395,5.429540655615062,NORMAL
HemorrhageClass4NoFluid,StandardMale.xml,2023,72.29228571523853,118.31753773490276,76.54425190411938,90.46868051438051,5.061622165836839,69.73108979611652,5.218137665204976,15.232546561959914,0.9849110294425165,5.436126253723398,NORMAL
HemorrhageClass4NoFluid,StandardMale.xml,2024,72.09009112876821,118.71038106280388,76.60521052326698,90.64026736977928,5.071027393433303,69.95387085130272,5.218863102925275,15.343954786498918,0.985353041019722,5.433374915132509,NORMAL
HemorrhageClass4NoFluid,StandardMale.xml,2025,72.11701863831618,119.30601700627044,76.49244013503706,90.76363242544818,5.067512809906692,70.2276674773046,5.212886907042244,15.274618182484165,0.9856812312405244,5.434709784977954,NORMAL
HemorrhageClass4NoFluid,StandardMale.xml,2026,72.09351311506018,119.06321391317655,76.9783737073289,91.00665377594478,5.03223265733544,70.16393310982352,5.212456114141154,15.169488807448706,0.9858037511223966,5.423713053692127,NORMAL
HemorrhageClass4NoFluid,StandardMale.xml,2027,71.72259867548257,118.72492732671599,77.30450434421904,91.11131200505136,4.999772188097571,69.75834632472417,5.2132802483429685,15.212343402967369,0.9844357250092439,5.422920356487108,NORMAL
HemorrhageClass4NoFluid,StandardMale.xml,2028,71.94797803996427,118.73740119735285,77.68804239569187,91.37116199624553,5.018023355009396,69.66144183689758,5.214354540196658,15.272050775914842,0.9844532713954951,5.424436836625677,NORMAL
HemorrhageClass4NoFluid,StandardMale.xml,2029,72.12078227716657,119.27060168642447,78.07314009852743,91.8056272944931,4.992840379298138,69.70267809868234,5.21272793176598,15.269849145474787,0.9846121725028559,5.426413629065015,NORMAL
HemorrhageClass4NoFluid,StandardMale.xml,2030,72.238622261894,118.88404859631626,77.91336855343178,91.57026190105994,5.023870978920678,69.26311362294999,5.216172940397826,15.175739589462328,0.9835758806831311,5.423420525062147,NORMAL
HemorrhageClass4NoFluid,StandardMale.xml,2031,72.22705747495819,119.03402056945392,77.46589213315045,91.3219349452516,4.981235251408627,69.54314945659239,5.215975767830097,15.243965970403329,0.9843260881183857,5.429759646962305,NORMAL
HemorrhageClass4NoFluid,StandardMale.xml,2032,72.07257854859574,118.38007668625441,77.86646988588363,91.37100548600722,4.992841290946212,69.04026032105298,5.214996135754048,15.217496010049633,0.9850711121652036,5.42939683192299,NORMAL
HemorrhageClass4NoFluid,StandardMale.xml,2033,72.24546735941153,117.98373584386592,77.76898445577407,91.17390158513803,5.014499953575447,69.3010589683971,5.2105905190996396,15.332916700327171,0.9841091406285131,5.427594221883071,NORMAL
HemorrhageClass4NoFluid,StandardMale.xml,2034,72.32049728700345,117.97861200364183,77.10452341770181,90.72921961301515,4.979698147381154,69.42523864905665,5.214205219339618,15.402870613482296,0.9844023784796954,5.419487495891298,NORMAL
HemorrhageClass4NoFluid,StandardMale.xml,2035,72.62162489741876,117.82355675632827,76.8638275194497,90.51707059840922,4.998113977068938,68.94872997182559,5.209454527745591,15.403774968107715,0.9839800476695806,5.426138865424001,NORMAL
HemorrhageClass4NoFluid,StandardMale.xml,2036,72.18563406031589,117.6415091167419,77.0110406519159,90.55453014019123,5.028690210963588,68.93446260032904,5.208695403681606,15.431142123204456,0.9831152976968126,5.417397170890579,NORMAL
HemorrhageClass4NoFluid,StandardMale.xml,2037,72.0731265178108,117.30092919253028,77.47500347134948,90.75031204507641,5.0355114958906855,69.64286509371233,5.206397359296061,15.46327341881602,0.9840214363331646,5.416000315180417,NORMAL
HemorrhageClass4NoFluid,StandardMale.xml,2038,72.07896474800609,116.71163324404286,77.42907730683824,90.52326261923977,5.069344940799843,69.8139486806976,5.201477316696085,15.523385564455868,0.983719118909106,5.411771709377437,NORMAL
HemorrhageClass4NoFluid,StandardMale.xml,2039,71.79946135702806,117.51205998722382,77.29610145710167,90.70142096714238,5.020486478723036,70.2163062710925,5.200206732175756,15.627395934305028,0.9824044931821764,5.402718393949744,NORMAL
HemorrhageClass4NoFluid,StandardMale.xml,2040,72.15992888252002,117.65810503326387,77.57503587029662,90.93605892461903,5.054216211753235,69.85038627485639,5.197075023739358,15.486121109984413,0.9829746356400161,5.400380405567256,NORMAL
HemorrhageClass4NoFluid,StandardMale.xml,2041,71.87636805848122,117.3040021510074,77.20426183176023,90.57084193817596,5.076766603375196,69.96995917602234,5.201435038226723,15.46034424983078,0.9834357297488359,5.394617783856946,NORMAL
HemorrhageClass4NoFluid,StandardMale.xml,2042,71.95796673677881,117.93379552700621,77.31039841567005,90.85153078611543,5.096921027462373,70.4677793083697,5.198095219019208,15.5228431891883,0.9825073511548731,5.402640597810553,NORMAL
HemorrhageClass4NoFluid,StandardMale.xml,2043,72.22078243417502,117.28405309158771,76.60295168049028,90.16331881752275,5.087025884504916,70.64513712773194,5.202827830594513,15.41168504847085,0.9840287643863782,5.396495033795059,NORMAL
HemorrhageClass4NoFluid,StandardMale.xml,2044,72.4265252363001,117.10451055842556,76.28182012266149,89.8893836012495,5.063365137684474,70.31570074559426,5.199405897341749,15.526364185817773,0.9841618866422973,5.405203459488,NORMAL
HemorrhageClass4NoFluid,StandardMale.xml,2045,72.66939380966107,117.20644481073464,76.37290942927675,89.9840878897627,5.094717189923902,69.86848763698067,5.203653390567905,15.55805333169733,0.9855423532735843,5.398906798335119,NORMAL
HemorrhageClass4NoFluid,StandardMale.xml,2046,72.89093847418154,117.36686261095824,76.19570642961901,89.91942515673209,5.077943085134681,70.05161417362677,5.199525097864792,15.540061999311323,0.9856623746343768,5.406722563172922,NORMAL
HemorrhageClass4NoFluid,StandardMale.xml,2047,72.60011388192059,117.25322913014506,75.86005194507909,89.65777767343441,5.0929739780816865,69.67697299163568,5.1964464707983895,15.511748356947969,0.9853222681635823,5.399126137886013,NORMAL
HemorrhageClass4NoFluid,StandardMale.xml,2048,72.37798881558459,117.9242317226177,76.38184585279788,90.22930780940449,5.105469675868979,70.0855808325324,5.200827275936555,15.531804595917478,0.9859194133284958,5.3934611906116725,NORMAL
HemorrhageClass4NoFluid,StandardMale.xml,2049,72.58072083035928,117.37142724805632,76.36079034539934,90.031002646285,5.104510339094757,70.41165224873633,5.198966661241681,15.41337305402081,0.9859279135623874,5.4015222612095695,NORMAL
HemorrhageClass4NoFluid,StandardMale.xml,2050,72.53552343682803,117.48998244835654,76.1914182607779,89.9576063233041,5.09430819291309,70.23892120858204,5.196058603323182,15.510942701327874,0.9853146709503776,5.398098564893978,NORMAL
HemorrhageClass4NoFluid,StandardMale.xml,2051,72.39677316282827,117.12716921245377,76.7020227585436,90.17707157651365,5.0758592241883,70.15271203078345,5.195725128245767,15.490017781917825,0.9840366779172615,5.39274748000331,NORMAL
HemorrhageClass4NoFluid,StandardMale.xml,2052,71.94391771057893,116.6757754362548,76.69303650093674,90.02061614604276,5.074533743825658,70.04177205478446,5.194125903942307,15.554054093298006,0.9855905629739073,5.392133856238523,NORMAL
HemorrhageClass4NoFluid,StandardMale.xml,2053,72.17067632250257,117.21055575470224,76.85028454989526,90.30370828483092,5.066815665694128,70.38671600733392,5.190011896150376,15.633724815166314,0.9868836837314109,5.389191141462247,NORMAL
HemorrhageClass4NoFluid,StandardMale.xml,2054,71.9854338185662,117.42577570140729,77.23070509535877,90.62906196404161,5.061343986477805,70.11282778943087,5.1922198251223515,15.5393364202477,0.9874508438547069,5.381621001680832,NORMAL
HemorrhageClass4NoFluid,StandardMale.xml,2055,72.0155079248018,116.85933940365659,76.84962854129235,90.1861988287471,5.028236867024912,70.19465100241644,5.197483764678849,15.501350232979377,0.9859121909653346,5.38568378711796,NORMAL
HemorrhageClass4NoFluid,StandardMale.xml,2056,72.27301221939162,117.51655784254292,77.03604266038712,90.52954772110573,5.026396671065892,69.77211156101116,5.194467852922854,15.601325888634669,0.9854517279772752,5.395369903493764,NORMAL
HemorrhageClass4NoFluid,StandardMale.xml,2057,72.38286999134695,118.14829073530932,76.43268532020073,90.33788712523693,5.058879834868526,69.5463534228602,5.198833739750737,15.485327241306937,0.986052841539508,5.389820357961527,NORMAL
HemorrhageClass4NoFluid,StandardMale.xml,2058,71.97183822154724,117.71591764141749,76.02992778457572,89.92525773685631,5.062275318930949,69.84925224384543,5.194082915866868,15.373826777081508,0.9872349199935968,5.397853977543322,NORMAL
HemorrhageClass4NoFluid,StandardMale.xml,2059,71.7417669571762,118.01444352683626,76.53558586049589,90.361871749276,5.0143642004502675,70.21672331441135,5.191959893642795,15.4501403603056,0.9879971389004396,5.389112039584841,NORMAL
HemorrhageClass4NoFluid,StandardMale.xml,2060,72.05361989721534,118.6909091186539,77.05715545614446,90.9350733436476,5.038577784821769,69.8224180040806,5.1913205828276014,15.39745072646092,0.9887708628375989,5.385205490106056,NORMAL
HemorrhageClass4NoFluid,StandardMale.xml,2061,71.67970568778459,118.10806234433748,76.6283442111025,90.45491692218083,5.046924853529574,69.8663205489988,5.195833998607324,15.278054968564096,0.9882378830930102,5.384029101416594,NORMAL
HemorrhageClass4NoFluid,StandardMale.xml,2062,71.79419698303188,118.6046054147395,76.70594031370135,90.6721620140474,5.0170682209438855,70.26533520612078,5.1999539041490115,15.380927063167228,0.988688896960025,5.3923341873746615,NORMAL
HemorrhageClass4NoFluid,StandardMale.xml,2063,71.6495946902113,118.79995616574685,76.52205498352022,90.6146887109291,5.007887251822254,69.81332524269621,5.197738456604478,15.293287518841304,0.9895971764566801,5.399915179539521,NORMAL
HemorrhageClass4NoFluid,StandardMale.xml,2064,71.96649211000724,118.68946192649331,76.5808674580583,90.6170656142033,5.016960252069656,69.81759844125112,5.196873964367967,15.258808232304991,0.9898176118211653,5.395838559261016,NORMAL
HemorrhageClass4NoFluid,StandardMale.xml,2065,71.93186862323562,118.83659625715303,76.18018324232776,90.39898758060285,5.025710232101,69.67519351072478,5.193276692393464,15.278310397083931,0.9906390682700998,5.394247816753632,NORMAL
HemorrhageClass4NoFluid,StandardMale.xml,2066,71.9350481909214,118.29499559178335,75.95186543104775,90.06624215129295,5.057767881971051,69.80807797351486,5.191379250023507,15.252341278869714,0.9907309100678662,5.387628516777545,NORMAL
HemorrhageClass4NoFluid,StandardMale.xml,2067,72.2913174120323,118.11781904833994,76.00103349453467,90.03996201246976,5.032854086251735,70.1918106021929,5.192769610471094,15.347933460795016,0.9890981679554766,5.3841370542684235,NORMAL
HemorrhageClass4NoFluid,StandardMale.xml,2068,71.93403108842527,118.55600341824386,76.46174392618136,90.49316375686885,5.064497207237464,69.60941532159481,5.19389522036709,15.379205010954909,0.9887643981823138,5.386695440996672,NORMAL
HemorrhageClass4NoFluid,StandardMale.xml,2069,71.64768124732865,119.18445314305082,76.37023597041876,90.64164169462944,5.024658715122249,70.27370473501122,5.191669782387411,15.301865741114668,0.9894626977236722,5.388766663192397,NORMAL
HemorrhageClass4NoFluid,StandardMale.xml,2070,71.45912846490579,119.41283420543317,76.6944230334535,90.93389342411339,5.000716242811619,70.02186382955549,5.193489038081391,15.190944754000213,0.9889202057992648,5.384671659625781,NORMAL
HemorrhageClass4NoFluid,StandardMale.xml,2071,71.27137880716607,119.38262387705852,76.062088464285,90.5022669352095,5.035310142376567,69.88287499948748,5.1966775276650035,15.15063563796793,0.9876736717222089,5.388019251705838,NORMAL
HemorrhageClass4NoFluid,StandardMale.xml,2072,71.17180050820949,118.96525112432859,76.1373544986147,90.41332004051932,5.066496735302953,70.45330722898731,5.19535665280727,15.15596774221127,0.988811139930644,5.393886355770851,NORMAL
HemorrhageClass4NoFluid,StandardMale.xml,2073,71.65939942635774,118.64199523188938,75.76199407717645,90.0553277954141,5.069175363848092,70.91289761757236,5.194641032994205,15.229633774512742,0.9874657105587364,5.391455828700288,NORMAL
HemorrhageClass4NoFluid,StandardMale.xml,2074,71.55458431498428,117.95566793616958,75.41071630460304,89.59236684845855,5.035513721454941,70.55056020733149,5.196649634505095,15.286688239276707,0.9870851780050734,5.390139024676271,NORMAL
HemorrhageClass4NoFluid,StandardMale.xml,2075,71.93239433098387,117.35801312640291,75.17489030966544,89.23593124857793,5.033070588455763,70.22772768506616,5.1974860462560475,15.407824581803105,0.9858485467272966,5.393835029878893,NORMAL
HemorrhageClass4NoFluid,StandardMale.xml,2076,72.31599039007196,116.81284695095194,75.49355864823198,89.26665474913864,5.021462095725966,69.89634699728677,5.198029788560353,15.51331028548988,0.9861364593526468,5.395374101798479,NORMAL
HemorrhageClass4NoFluid,StandardMale.xml,2077,71.99464324357102,117.55826190034188,75.39751365170919,89.45109640125342,4.990083934603235,69.45328727206997,5.1942252439491305,15.609531777735754,0.985246578973595,5.396374635938628,NORMAL
HemorrhageClass4NoFluid,StandardMale.xml,2078,71.90058497026489,117.69796381443848,75.84475494252958,89.7958245664992,5.0128996167103965,69.3292783656848,5.190883388876673,15.47796650094038,0.9844004178288615,5.389373935899101,NORMAL
HemorrhageClass4NoFluid,StandardMale.xml,2079,72.02123513217735,117.82254826332898,75.35170553279634,89.50865310964056,5.0230914029468945,69.67852522818852,5.195720427431709,15.4533091996453,0.9857599905822285,5.3832246257112715,NORMAL
HemorrhageClass4NoFluid,StandardMale.xml,2080,72.13321797824047,117.53885522301975,75.56714105043325,89.55771244129542,5.015991123544068,69.70563242802619,5.198543297234808,15.431320121594087,0.9862478686083785,5.392125206323087,NORMAL
HemorrhageClass4NoFluid,StandardMale.xml,2081,72.19915645699871,117.37624591765166,76.20357629335732,89.92779950145543,5.0102610940770544,69.53164665049577,5.202854033981044,15.481391767465627,0.9851075082979919,5.397319537514221,NORMAL
HemorrhageClass4NoFluid,StandardMale.xml,2082,72.19221925736576,117.25372816036749,75.75294432969072,89.58653893991631,5.019862572816771,69.41079586868064,5.1993693696203085,15.510092209129382,0.9865010224281618,5.405251676046843,NORMAL
HemorrhageClass4NoFluid,StandardMale.xml,2083,72.55668820180873,117.87612989918938,75.62366785110285,89.7078218671317,4.978893395456739,69.5316087728542,5.202474296830871,15.53171651739236,0.9853129586238764,5.398839584082939,NORMAL
HemorrhageClass4NoFluid,StandardMale.xml,2084,72.42372340634263,118.18564517603127,75.71768627524618,89.87367257550788,4.959861999856945,68.75508490328494,5.201298772470791,15.421862996057644,0.9863083418780293,5.404552925958756,NORMAL
HemorrhageClass4NoFluid,StandardMale.xml,2085,72.22926848201244,118.78246482362376,75.65622779835738,90.03164014011284,4.958623304822661,68.63050384955734,5.203529421268451,15.367233741434525,0.9860354113024165,5.402389856715251,NORMAL
HemorrhageClass4NoFluid,StandardMale.xml,2086,72.0984634409803,118.49950714983198,75.48783527845902,89.82505923558334,4.956042102235076,68.76698977375928,5.205480301428553,15.261895443354126,0.9850703696266934,5.406494448649825,NORMAL
HemorrhageClass4NoFluid,StandardMale.xml,2087,71.85418249551789,118.00816461832306,75.18153854491626,89.4570805693852,4.991782360781271,68.83811780268552,5.206635380500241,15.311837297490882,0.9854213719359161,5.41008424143965,NORMAL
HemorrhageClass4NoFluid,StandardMale.xml,2088,72.20089818812241,118.07469297307141,75.59448219681836,89.75455245556938,4.985532957363506,69.460679061979,5.207544845250605,15.398558949923821,0.9845282219443089,5.412209689536375,NORMAL
HemorrhageClass4NoFluid,StandardMale.xml,2089,71.87754671677942,117.51802657184659,75.8248167239919,89.72255333994346,4.971484462417092,69.11237682413055,5.210270471682817,15.38681673652393,0.9853896762190597,5.413883185464124,NORMAL
HemorrhageClass4NoFluid,StandardMale.xml,2090,71.99862060334685,116.9458999346025,75.50601506788972,89.31931002346064,4.979415956556688,69.19747209766611,5.206016483575274,15.485068011494693,0.9850113909318804,5.418898580214769,NORMAL
HemorrhageClass4NoFluid,StandardMale.xml,2091,72.0128713321359,116.62220128395384,75.49563623763828,89.2044912530768,4.997673716362807,69.19769856084763,5.20439513882146,15.586048008545504,0.9855114607752714,5.41107086421828,NORMAL
HemorrhageClass4NoFluid,StandardMale.xml,2092,71.82919414094899,117.12845728022788,75.63093734777142,89.46344399192357,4.970451850750327,69.4062775275609,5.203062487760923,15.643180619859155,0.9863161433659401,5.408087445848409,NORMAL
HemorrhageClass4NoFluid,StandardMale.xml,2093,71.61840378996844,117.10667187348133,75.63659906876606,89.45995667033782,5.003827770365921,69.22313615770942,5.1991231756000005,15.553826750133812,0.987504667757519,5.405635249518616,NORMAL
HemorrhageClass4NoFluid,StandardMale.xml,2094,71.54054713019941,117.81786899977709,75.814089680703,89.8153494537277,5.0221436193222875,69.79338020984494,5.202952448315051,15.557671860928885,0.9878329738060958,5.39838656521634,NORMAL
HemorrhageClass4NoFluid,StandardMale.xml,2095,71.85340161096232,117.25932003827323,75.24633713851134,89.2506647717653,5.048175755739688,70.07717525938362,5.198243910640726,15.432146008712271,0.9886642645031122,5.405432767163488,NORMAL
HemorrhageClass4NoFluid,StandardMale.xml,2096,71.73061049550672,117.90887748766839,74.97850334350305,89.28862805822483,5.013810732869014,70.14140545487463,5.195514438350294,15.53072955440607,0.9893933216304388,5.396768639586821,NORMAL
HemorrhageClass4NoFluid,StandardMale.xml,2097,71.66979457831938,118.4925285123037,75.19867058993869,89.62995656406036,5.038232579849061,69.82461889614689,5.195623957380395,15.416083066977674,0.9896528606782187,5.391746168115425,NORMAL
HemorrhageClass4NoFluid,StandardMale.xml,2098,71.56144350562582,117.87675417109666,75.367094344889,89.53698095362489,5.065208343168831,70.16823491762301,5.192494015372108,15.313069022691476,0.9890263960879111,5.391947692859304,NORMAL
HemorrhageClass4NoFluid,StandardMale.xml,2099,71.6667844553799,118.05684038734789,75.03139922554567,89.37321294614641,5.060713368191349,70.58153689238175,5.19278983753314,15.42175281245273,0.9901543722917969,5.386188321533629,NORMAL
HemorrhageClass4NoFluid,StandardMale.xml,2100,71.87915715594052,118.61527372240111,75.71656248919957,90.01613290026675,5.065740604302196,70.4423433534252,5.189832793197204,15.389967706844754,0.9895769631035826,5.38673266058759,NORMAL
HemorrhageClass4NoFluid,StandardMale.xml,2101,72.10560105776696,118.03281539107188,75.60700624638366,89.7489426279464,5.0473386573195524,70.33260592999325,5.187350297743107,15.291404569147863,0.9877708716979747,5.381291436337412,NORMAL
HemorrhageClass4NoFluid,StandardMale.xml,2102,72.23695603158336,118.47409186697206,76.17031484696778,90.27157385363587,5.047828132180301,69.93042684304955,5.185180048746077,15.394208103804393,0.9887312891590294,5.376723424183643,NORMAL
HemorrhageClass4NoFluid,StandardMale.xml,2103,72.57024055573899,119.04363031341711,76.23044193219816,90.5015047259378,5.072309459777608,69.8321318668593,5.191243139611484,15.316323079171319,0.9895924238662887,5.3727299732475,NORMAL
HemorrhageClass4NoFluid,StandardMale.xml,2104,72.12198547305137,118.4099212797374,75.96348974078602,90.11230025376982,5.054172732771156,69.86203805310807,5.188438159496682,15.2157998961932,0.9907039243345073,5.383886599019714,NORMAL
HemorrhageClass4NoFluid,StandardMale.xml,2105,72.33264728914223,118.59821967261621,76.52166994194509,90.54718651883546,5.032617031513518,69.99958414258761,5.1914766750364345,15.327649148065646,0.9915941490489304,5.378725186444175,NORMAL
HemorrhageClass4NoFluid,StandardMale.xml,2106,71.93880672138769,118.67186458975519,76.81955331083918,90.77032373714452,4.989551426553744,69.57398069351567,5.196068639455074,15.294414598370203,0.9908201259850262,5.384316324946402,NORMAL
HemorrhageClass4NoFluid,StandardMale.xml,2107,71.68514730769475,119.08467237574655,76.3536810347156,90.59734481505926,4.973362029828774,69.36691252402969,5.196587289761232,15.281416316116953,0.9916025495727131,5.3927659473774945,NORMAL
HemorrhageClass4NoFluid,StandardMale.xml,2108,71.73390765823551,119.52536332628917,75.77453570166766,90.35814490987482,4.956012446632301,69.37209502798322,5.194926516199664,15.208555997616918,0.9909214320611479,5.393720310012146,NORMAL
HemorrhageClass4NoFluid,StandardMale.xml,2109,71.72850175437794,118.70276644432006,76.1010256029522,90.30160588340816,4.98264936721335,69.12399132602249,5.194913044804031,15.130774317846734,0.9891887130525285,5.390664339133577,NORMAL
HemorrhageClass4NoFluid,StandardMale.xml,2110,71.81873532777516,118.10309900913037,76.66305317692628,90.47640178766098,4.994892692308474,69.44995459771518,5.197666187941208,15.275962157929431,0.9874114385248325,5.3906395505689595,NORMAL
HemorrhageClass4NoFluid,StandardMale.xml,2111,71.75612993057646,118.65733330455956,76.44116269484044,90.51321956474682,4.958451240464419,69.52626067963419,5.199571828427684,15.38180308875658,0.9878091988211882,5.395705578501028,NORMAL
HemorrhageClass4NoFluid,StandardMale.xml,2112,71.66884400425012,119.00449904842617,76.81367670487899,90.87728415272805,4.9867119269356905,69.1359201084007,5.198678013505513,15.283981078952099,0.9871109737477962,5.399212126272776,NORMAL
HemorrhageClass4NoFluid,StandardMale.xml,2113,72.08319740670903,119.19323124862387,76.78092635107505,90.91836131692466,4.987587296689727,69.54634439473428,5.196450439008541,15.222706540222948,0.9881822616578945,5.397567427419064,NORMAL
HemorrhageClass4NoFluid,StandardMale.xml,2114,72.40313716730502,118.47173630404852,76.88863219880973,90.749666900556,4.974728815668491,69.2295006401301,5.19682215905539,15.189395423804456,0.9867683978789963,5.393468492470845,NORMAL
HemorrhageClass4NoFluid,StandardMale.xml,2115,72.57866486252726,118.84502314285487,76.31267469324733,90.49012417644984,4.944046138969177,68.82467557718115,5.195810128097223,15.316738834568095,0.9855890229748243,5.394152490376662,NORMAL
HemorrhageClass4NoFluid,StandardMale.xml,2116,72.71493636401945,119.13615765511094,76.71236292734176,90.85362783659815,4.912266453979189,68.32119793638212,5.191279603989145,15.250853938763655,0.9864628860332986,5.392290263515676,NORMAL
HemorrhageClass4NoFluid,StandardMale.xml,2117,72.88146806413737,119.16710054753914,76.21615062556437,90.53313393288929,4.934035838169338,67.8366416908216,5.195690342148758,15.199468877703364,0.9862282091157833,5.383953696713714,NORMAL
HemorrhageClass4NoFluid,StandardMale.xml,2118,73.02040616052126,119.43054690414468,75.71775154288572,90.28868332997205,4.912575397541906,67.96895761037689,5.198076399669735,15.194007476358385,0.9852285708670229,5.392069846730003,NORMAL
HemorrhageClass4NoFluid,StandardMale.xml,2119,73.03228916924172,118.6760710512744,75.26096126948265,89.7326645300799,4.960324897925011,67.60738571666322,5.193268613611675,15.147509357618068,0.9860850735387396,5.396460404520321,NORMAL
HemorrhageClass4NoFluid,StandardMale.xml,2120,72.63162748650353,117.96662869271357,74.84309495731276,89.21760620244636,4.9512389269579815,68.1665887101651,5.194100160362088,15.280673878264643,0.9859264481775629,5.38761365110142,NORMAL
HemorrhageClass4NoFluid,StandardMale.xml,2121,72.27497265083852,118.65365133505426,75.10558427355652,89.6216066273891,4.932615293820721,68.36632818653572,5.192452520437443,15.405890015063093,0.9863808514735755,5.389143770987861,NORMAL
HemorrhageClass4NoFluid,StandardMale.xml,2122,72.51713514668948,117.96261815961294,74.83259430854216,89.20926892556575,4.9020907587618305,68.41920236875424,5.189814492711303,15.284630944288867,0.98536360618512,5.38611196716788,NORMAL
HemorrhageClass4NoFluid,StandardMale.xml,2123,72.13850866536264,118.02580845116891,75.53703655293047,89.69996051900995,4.931122004204032,67.86653235526161,5.192657561856415,15.406597871670897,0.9840618731191322,5.381257761817736,NORMAL
HemorrhageClass4NoFluid,StandardMale.xml,2124,71.86303974718311,117.77274350290224,76.18181268732197,90.0454562925154,4.913285073775378,68.5072552166278,5.194597600043042,15.395444824356584,0.9844138062123635,5.386489261592468,NORMAL
HemorrhageClass4NoFluid,StandardMale.xml,2125,71.96910960083457,117.80876308023107,75.90293275123884,89.87154286090292,4.918950611465043,68.50709294226519,5.198274237799367,15.440110630956198,0.9851670051426381,5.390059104188014,NORMAL
HemorrhageClass4NoFluid,StandardMale.xml,2126,71.99914975624392,118.04801304483235,76.47610530472497,90.33340788476076,4.909873530066096,68.49267109639473,5.200955193063914,15.433753197871177,0.9838476121610813,5.396824444252658,NORMAL
HemorrhageClass4NoFluid,StandardMale.xml,2127,71.64953026067415,117.82428391713371,76.69965847274015,90.40786695420468,4.931458986111742,68.35998530324102,5.204055855153797,15.391525727330361,0.9826796068404546,5.401757640086693,NORMAL
HemorrhageClass4NoFluid,StandardMale.xml,2128,71.92460669268634,118.14748469691979,76.03184516763753,90.07039167739828,4.960124805678223,68.89377380068954,5.199613883732294,15.43101377977276,0.9831295511037835,5.407463133761594,NORMAL
HemorrhageClass4NoFluid,StandardMale.xml,2129,72.27133988806578,117.93622648968712,76.24540024008688,90.14234232328695,4.9796887193529695,69.02352330337231,5.1953035440118915,15.373969042357931,0.9825664158531213,5.399289511768998,NORMAL
HemorrhageClass4NoFluid,StandardMale.xml,2130,72.4939344520058,117.874821805903,76.50719612810151,90.29640468736868,4.980828504295926,68.98703932651549,5.195676001207228,15.411255985063612,0.9835512319358236,5.391358103799178,NORMAL
HemorrhageClass4NoFluid,StandardMale.xml,2131,72.25517906515782,118.58826702968035,76.0759410733466,90.24671639212451,4.990358984186776,68.82704228566102,5.191448723898986,15.422093873712347,0.9832257539291213,5.392043458123693,NORMAL
HemorrhageClass4NoFluid,StandardMale.xml,2132,72.18087880117163,118.46544013794319,76.57515298655457,90.53858203701745,5.019360944936859,69.12777829468712,5.196855206833086,15.29617123368289,0.9832584863863396,5.384264892370618,NORMAL
HemorrhageClass4NoFluid,StandardMale.xml,2133,72.46736269375769,118.34379645143741,76.07807019763294,90.16664561556776,5.03682774195959,69.53452964825328,5.1963026222458275,15.317850103985318,0.9819711695878932,5.394213301223232,NORMAL
HemorrhageClass4NoFluid,StandardMale.xml,2134,72.09418983130753,118.04681220150255,76.65661126825522,90.453344912671,5.0425005986017055,69.51839367719505,5.19559243077301,15.339320139297381,0.9807551919910986,5.393196496496998,NORMAL
HemorrhageClass4NoFluid,StandardMale.xml,2135,72.31021619688093,118.26779252308333,76.18679334881092,90.2137930735684,5.044277802742501,69.88130354523203,5.192783936740427,15.391737675434165,0.9798791267123724,5.391889681101231,NORMAL
HemorrhageClass4NoFluid,StandardMale.xml,2136,72.1670168558635,117.74618583061722,75.96962281350972,89.89514381921222,5.000117902383113,69.73156636856692,5.19228322027941,15.352734785568728,0.9796991355269004,5.386721802604836,NORMAL
HemorrhageClass4NoFluid,StandardMale.xml,2137,72.50089844508014,117.8450698702978,75.64647937599489,89.7126762074292,4.999024988680173,69.3142229562496,5.195137511962947,15.444798043662477,0.9799215379766785,5.385800439838292,NORMAL
HemorrhageClass4NoFluid,StandardMale.xml,2138,72.76796567394032,117.38702354997079,76.25093904114892,89.96296721075622,4.963935617570574,69.03946711684053,5.20014068920633,15.427345071915843,0.9790283076184341,5.391052590080614,NORMAL
HemorrhageClass4NoFluid,StandardMale.xml,2139,72.48738311488425,117.42643053269965,75.96863915346908,89.78790294654594,4.947548777487497,68.41279930023039,5.204562820199137,15.508189963701616,0.9804166439171615,5.400258880636965,NORMAL
HemorrhageClass4NoFluid,StandardMale.xml,2140,72.3321118756495,116.81198135279541,75.74193336263505,89.43194935935517,4.92721938612393,68.43366292263602,5.205502587591844,15.501234655661928,0.9813352815401812,5.408395994478347,NORMAL
HemorrhageClass4NoFluid,StandardMale.xml,2141,72.21510815148233,116.42216356702762,75.32757068511694,89.0257683124205,4.919459864118114,68.31019244163899,5.207310192482543,15.609684555274157,0.9825496691035627,5.410125249959769,NORMAL
HemorrhageClass4NoFluid,StandardMale.xml,2142,72.46739368810823,116.42495879115826,75.97110005900751,89.4557196363911,4.895231535527942,68.30765955130977,5.206196483847448,15.678487152976649,0.9824965884808015,5.413451403526858,NORMAL
HemorrhageClass4NoFluid,StandardMale.xml,2143,72.15023437735937,116.36671187557852,75.6546219110982,89.22531856592498,4.93892843598713,67.8225680486791,5.203826410769774,15.677993797649185,0.983943963948225,5.4114020807083705,NORMAL
HemorrhageClass4NoFluid,StandardMale.xml,2144,72.50102380298851,116.96015688301358,75.76119980387473,89.49418549692102,4.9532359946640465,68.59196522092925,5.201831075059034,15.688274342166032,0.9831115332442537,5.407040935713615,NORMAL
HemorrhageClass4NoFluid,StandardMale.xml,2145,72.11190987364911,116.8329075230125,75.94847764459062,89.57662093739792,4.997152171886259,68.4911942103221,5.198973937392422,15.583531665982886,0.9835410310571735,5.403369340761662,NORMAL
HemorrhageClass4NoFluid,StandardMale.xml,2146,71.88123835593684,117.41756428285214,75.94083718505048,89.7664128843177,4.9951114840946405,69.32194060331086,5.194249949737801,15.605991099194249,0.9836905651718482,5.398111953657676,NORMAL
HemorrhageClass4NoFluid,StandardMale.xml,2147,71.57923231725893,117.83627153578156,76.09611739563243,90.00950210901547,4.962266867075602,69.47941669472735,5.194619103146636,15.502799543267525,0.9841030611296562,5.389419396744852,NORMAL
HemorrhageClass4NoFluid,StandardMale.xml,2148,71.96823301656643,118.49709198139693,75.80403208743978,90.03505205209217,4.963248774971055,69.32181988813299,5.197823668084478,15.428897972507539,0.985048621139709,5.390098671808733,NORMAL
HemorrhageClass4NoFluid,StandardMale.xml,2149,71.79495968615693,117.93899883652618,76.24438626360998,90.14259045458205,4.932862875469117,69.0268953969174,5.195463534143177,15.312263573223511,0.9854439430701967,5.39599535595349,NORMAL
HemorrhageClass4NoFluid,StandardMale.xml,2150,71.69389869166947,118.40093815457894,76.19473386606626,90.26346862890382,4.913489926208147,68.79651910431205,5.193553825597698,15.410766667563939,0.9848685543516636,5.3916524998525475,NORMAL
HemorrhageClass4NoFluid,StandardMale.xml,2151,72.13761310068841,118.5005061139961,76.2154242347651,90.31045152784209,4.9509372442861626,68.64179112276774,5.195527649021048,15.32923466409122,0.9862522412525127,5.388138466490872,NORMAL
HemorrhageClass4NoFluid,StandardMale.xml,2152,72.19073782766088,117.91020248068344,76.47021512149196,90.28354424122246,4.97630817185162,68.74615394952355,5.19283466927918,15.311660980934757,0.9870486630660729,5.3917704769231065,NORMAL
HemorrhageClass4NoFluid,StandardMale.xml,2153,71.98212793192018,118.32774699382651,76.32255297911836,90.32428431735441,5.004949000545839,69.00951874242254,5.188516717641451,15.415849206531327,0.9861678246495001,5.386815154982676,NORMAL
HemorrhageClass4NoFluid,StandardMale.xml,2154,71.70061526876357,117.62463287915811,76.46661396438907,90.18595360264541,5.025280069548798,69.51815829883235,5.185221966925983,15.34215285862334,0.985969268988558,5.3788697404088115,NORMAL
HemorrhageClass4NoFluid,StandardMale.xml,2155,72.08272981273683,117.17540031895359,76.56285322274461,90.10036892148094,5.0263358825857845,69.98707847754592,5.187342003863713,15.466252064295011,0.9866671552205544,5.372807106422087,NORMAL
HemorrhageClass4NoFluid,StandardMale.xml,2156,71.75392933956397,116.95526621410751,76.22785556546668,89.80365911501363,5.039333733110461,69.69596176677986,5.187887416197089,15.54554133287914,0.9855225601278862,5.37670816270882,NORMAL
HemorrhageClass4NoFluid,StandardMale.xml,2157,71.50136292917315,117.7165734541913,75.74977976180413,89.73871099259986,5.063516559788743,70.11421036958005,5.1893816361493466,15.58439486601512,0.9850872445105487,5.377711769850805,NORMAL
HemorrhageClass4NoFluid,StandardMale.xml,2158,71.4439654805727,118.05857869682085,75.83933395764694,89.91241553737157,5.065372329052649,70.60954742638286,5.191693916822224,15.450024609757284,0.9847668819189523,5.380461267293409,NORMAL
HemorrhageClass4NoFluid,StandardMale.xml,2159,71.40604581152812,118.52219816972199,75.29965350297827,89.70716839189285,5.039302540821937,70.67841178454158,5.193014203454579,15.389660896299631,0.9849911098971149,5.3847160691296825,NORMAL
HemorrhageClass4NoFluid,StandardMale.xml,2160,71.82031913050191,117.83904112448069,75.64267066236678,89.70812748307142,5.004619844586717,70.39308130815806,5.189211535930457,15.307832346537001,0.9836955046710799,5.387145513813298,NORMAL
HemorrhageClass4NoFluid,StandardMale.xml,2161,71.5741456872105,117.88984710784719,76.21280531253929,90.10515257764192,4.982805928964341,69.64236036760191,5.1926207295502635,15.428409141817857,0.9852167646615072,5.3801482677807755,NORMAL
HemorrhageClass4NoFluid,StandardMale.xml,2162,71.52186641722359,117.78048891790259,76.4888208606612,90.252710213075,4.984491295935185,69.57434210382965,5.193661857248486,15.419441917227118,0.9852734711466814,5.386421486877362,NORMAL
HemorrhageClass4NoFluid,StandardMale.xml,2163,71.72199229818548,117.66066838553412,76.01736370610728,89.89846526591623,5.012383523303592,69.63633154653004,5.197312268679453,15.438743570006793,0.9850971000388593,5.388337254324693,NORMAL
HemorrhageClass4NoFluid,StandardMale.xml,2164,71.46458586311894,118.27653502641361,75.72822904637923,89.91099770639069,4.989876232693755,69.81424533704251,5.198974753608079,15.459891819743032,0.9852623900829588,5.395054335621014,NORMAL
HemorrhageClass4NoFluid,StandardMale.xml,2165,71.2036264617098,118.72409175763252,75.43078681839857,89.8618884648099,4.95461551642727,69.74719879561005,5.196246736823025,15.351191739146767,0.9844394074808016,5.398113455566989,NORMAL
HemorrhageClass4NoFluid,StandardMale.xml,2166,71.0700890900843,119.15768512746783,75.49837177982148,90.05147622903694,4.9464932145422456,69.52764299414153,5.199106461946459,15.272198253340452,0.9849950189921735,5.393093662354781,NORMAL
HemorrhageClass4NoFluid,StandardMale.xml,2167,70.8540579254942,119.39340488489361,75.54798736615204,90.1631265390659,4.9671875161016725,69.53551082062255,5.201149152755211,15.19566929216828,0.985145510495615,5.3983558106091625,NORMAL
HemorrhageClass4NoFluid,StandardMale.xml,2168,70.6938859988993,119.35521162123878,75.25170418191404,89.95287332835562,4.9781747177108935,69.96103171331976,5.196128795311104,15.154064901007029,0.9857393487523153,5.402114543147976,NORMAL
HemorrhageClass4NoFluid,StandardMale.xml,2169,70.9959108729968,119.01133558054013,75.81792602274285,90.21572920867528,4.954214479451875,70.22465669480158,5.193566103057931,15.160805988382027,0.9857889236391116,5.392876639496189,NORMAL
HemorrhageClass4NoFluid,StandardMale.xml,2170,71.51008188314658,119.23445596801322,75.57702085699451,90.12949922733408,4.96481056166345,69.68887893642857,5.194189325292185,15.221499896539946,0.9847054347529615,5.388161058108297,NORMAL
HemorrhageClass4NoFluid,StandardMale.xml,2171,71.36015770470875,119.24006948583428,75.42810510555356,90.0320932323138,4.955659700285311,69.40743250356074,5.1922573396736285,15.182119286370252,0.9835864898713765,5.389307842379694,NORMAL
HemorrhageClass4NoFluid,StandardMale.xml,2172,71.30444681995358,118.43470194966471,75.61934595592062,89.89113128716865,4.973675063527738,69.41564380011648,5.192994459692012,15.181128503952314,0.9834165803627861,5.3857528172247005,NORMAL
HemorrhageClass4NoFluid,StandardMale.xml,2173,71.17839485096269,117.74194724761671,76.02963696448477,89.93374039219542,4.996604566989966,69.67860309356368,5.197296934970825,15.32327537517468,0.9826436115120827,5.387109183536351,NORMAL
HemorrhageClass4NoFluid,StandardMale.xml,2174,71.38349217796221,118.11845149791951,76.42567016732158,90.32326394418756,5.010993080801058,70.05809431713571,5.201379581654329,15.445546150936337,0.983785598811,5.395026120235055,NORMAL
HemorrhageClass4NoFluid,StandardMale.xml,2175,71.38399674380787,117.48064765638226,76.52699376439026,90.1782117283876,5.014877386268319,70.06801057415481,5.205113080683766,15.379093383995905,0.983139694700645,5.402538552791182,NORMAL
HemorrhageClass4NoFluid,StandardMale.xml,2176,71.50453869688924,117.2755353569749,76.12477863068253,89.84169753944666,4.987370409121051,70.1147025447949,5.203043581463219,15.491665366918543,0.9832872146406689,5.409408522649297,NORMAL
HemorrhageClass4NoFluid,StandardMale.xml,2177,71.77030427677606,117.66861918157186,76.05957795577841,89.92925836437622,4.980312038085473,69.68499113936376,5.2053388165459165,15.52786756070034,0.9846866182494454,5.405600460251408,NORMAL
HemorrhageClass4NoFluid,StandardMale.xml,2178,71.79608150661169,117.84299397860812,76.40658117220114,90.2187187743368,4.996294885992436,69.38864022107433,5.2092902000937125,15.458488509167756,0.9834446972465262,5.409823896687602,NORMAL
HemorrhageClass4NoFluid,StandardMale.xml,2179,71.5188549301804,117.1618217057747,75.79624654917156,89.58477160137261,4.960790361746063,69.56113405405263,5.2036595157965815,15.427711465513092,0.9828917463533768,5.417094793414018,NORMAL
HemorrhageClass4NoFluid,StandardMale.xml,2180,71.20607931816633,117.18339511059071,76.09468608544307,89.79092242715895,5.0029067028883185,69.35180091352005,5.199339243768801,15.547937949693495,0.9826644623020442,5.4067338341377855,NORMAL
HemorrhageClass4NoFluid,StandardMale.xml,2181,71.46661041493218,117.93866499190845,76.37377596032799,90.2287389708548,4.99234543381604,70.11240738267166,5.197191861727463,15.544130257107827,0.983312079504047,5.3987841498401075,NORMAL
HemorrhageClass4NoFluid,StandardMale.xml,2182,71.40127348505374,117.29486190052384,75.8739479476872,89.68091926529941,4.964711472394031,69.7754938237626,5.196985664558407,15.410825590932156,0.9847437750986828,5.39483277613369,NORMAL
HemorrhageClass4NoFluid,StandardMale.xml,2183,71.89643064054907,117.95811030079986,75.43314947928386,89.60813641978919,4.980345938107352,69.49269700323455,5.201750927445449,15.524456437736418,0.985642549287472,5.394453355026286,NORMAL
HemorrhageClass4NoFluid,StandardMale.xml,2184,72.21943703422986,118.56789291656271,75.10925371851744,89.59546678453253,4.95196926947477,69.28941323580835,5.203859021316183,15.407393505958865,0.9854569076154156,5.403221862033213,NORMAL
HemorrhageClass4NoFluid,StandardMale.xml,2185,72.48881185288646,118.77404974774468,74.94168063034829,89.55247033614708,4.920167937012742,68.69474352775593,5.20418277753,15.299767252026733,0.9841102268309087,5.407100942015779,NORMAL
HemorrhageClass4NoFluid,StandardMale.xml,2186,72.55364651190234,118.28476230930082,74.94308315661227,89.39030954084178,4.920989350716564,68.10471501726816,5.199219952781032,15.263380699033785,0.9839788317368384,5.407696682208227,NORMAL
HemorrhageClass4NoFluid,StandardMale.xml,2187,72.42584869212513,117.79633390536372,74.48319703580952,88.92090932566093,4.963300063348208,68.06464674709655,5.200848422187292,15.34973962881384,0.985438766490197,5.398564643826083,NORMAL
HemorrhageClass4NoFluid,StandardMale.xml,2188,72.64975608144513,118.11412774495099,74.92407108677425,89.32075663949983,4.944401526522258,68.67004793835326,5.198453430476625,15.435946939535603,0.9859174123371092,5.40156117218933,NORMAL
HemorrhageClass4NoFluid,StandardMale.xml,2189,72.9025269725946,117.66401512200243,75.27810630708873,89.40674257872664,4.976631226268602,68.27061985510792,5.2035354618969,15.379856523716356,0.9844764294109567,5.397154174696366,NORMAL
HemorrhageClass4NoFluid,StandardMale.xml,2190,72.78949616298944,118.2032918880826,75.43366432759217,89.69020684775565,4.995977881289073,68.46048409151588,5.206172419698483,15.459301122829622,0.9851649997748735,5.406505563942755,NORMAL
HemorrhageClass4NoFluid,StandardMale.xml,2191,72.8404055603387,117.8805284137459,75.00630972291215,89.29771595319006,4.9858970864668475,68.77855420823921,5.208886042284068,15.364119107689305,0.9852855793491386,5.411357800536674,NORMAL
HemorrhageClass4NoFluid,StandardMale.xml,2192,72.58667984674392,118.45711594590419,75.39450973175907,89.74871180314078,4.991035857144995,68.61889136457528,5.206382665953611,15.42108666096322,0.9856806882391679,5.4163511071432335,NORMAL
HemorrhageClass4NoFluid,StandardMale.xml,2193,72.40593414927558,118.51569991435564,75.31218861271495,89.71335904659517,5.030910205996761,68.87701791035012,5.208545469049475,15.319319318723505,0.9845691629708164,5.411744672322129,NORMAL
HemorrhageClass4NoFluid,StandardMale.xml,2194,72.47047712566587,119.00030429074863,75.60386141760888,90.06934237532214,5.0194214367056516,69.49581094521146,5.212476075225343,15.308979284583604,0.9833629474764161,5.415724422138714,NORMAL
HemorrhageClass4NoFluid,StandardMale.xml,2195,72.18775433670632,118.37546352700724,76.16007181870637,90.23186905480667,5.028473145515338,69.30748859948703,5.210986230773578,15.22344691235445,0.9836114743503347,5.422957086655144,NORMAL
HemorrhageClass4NoFluid,StandardMale.xml,2196,72.29799038443655,118.87698266938146,75.95340739768446,90.26126582158346,5.058146635224845,69.6385816727096,5.214934961175341,15.333730920076524,0.9826576462100771,5.42021564052212,NORMAL
HemorrhageClass4NoFluid,StandardMale.xml,2197,72.11729379511549,118.95971091498546,76.25263484448665,90.48832686798626,5.0784938616566695,69.90764434665633,5.214477753522456,15.245213102130098,0.984276626412499,5.427481655224156,NORMAL
HemorrhageClass4NoFluid,StandardMale.xml,2198,72.3298542768783,119.301501615783,76.098569678646,90.499546991025,5.093920063632127,70.29574930449394,5.21712740641779,15.23061161802974,0.9858059759710024,5.4266403525294304,NORMAL
HemorrhageClass4NoFluid,StandardMale.xml,2199,72.3052592298906,119.17596752960179,76.1775449457907,90.51035247372774,5.0617946005661105,70.31151071545344,5.216262460253539,15.170285771072532,0.987068403271297,5.431515949223547,NORMAL
HemorrhageClass4NoFluid,StandardMale.xml,2200,72.44169413035263,119.29540266810322,76.50195195766129,90.7664355278086,5.052702772919195,69.94565551755333,5.213217058711958,15.192442459517272,0.987912429230422,5.4299243714488,NORMAL
HemorrhageClass4NoFluid,StandardMale.xml,2201,72.26028626868195,119.75488813540416,76.47071627978102,90.89877356498873,5.07123574108893,69.72876328176443,5.209350995269226,15.171362231559817,0.9872329673203709,5.4243205620915305,NORMAL
HemorrhageClass4NoFluid,StandardMale.xml,2202,72.13950313099332,119.90087506614398,75.94311761265446,90.5957034304843,5.072990237403729,70.09465572194303,5.208139871861077,15.090263331224673,0.9880574769505738,5.417206661937353,NORMAL
HemorrhageClass4NoFluid,StandardMale.xml,2203,72.43040298509683,119.24117994357637,75.3505168135452,89.98073785688892,5.086761143306351,70.21186583465543,5.2075341545080045,15.064496728385528,0.9866364171933516,5.414978087283163,NORMAL
HemorrhageClass4NoFluid,StandardMale.xml,2204,72.06786859994041,118.49642679898305,75.96696582169203,90.14345281412237,5.054557985667978,70.14573709772888,5.205992955478202,15.180932508848747,0.9874812723667896,5.413863513548089,NORMAL
HemorrhageClass4NoFluid,StandardMale.xml,2205,72.08913961604598,117.87331722806988,76.34824066054645,90.18993284972093,5.009175561096751,70.04726191907912,5.200824759655996,15.312380977507493,0.986146107386859,5.411027570429683,NORMAL
HemorrhageClass4NoFluid,StandardMale.xml,2206,71.82155263849329,118.2746978369915,75.79292468508874,89.95351573572299,4.9882288032496565,69.48448638696118,5.205268942084699,15.422359430767832,0.9858202222823551,5.4015176310298205,NORMAL
HemorrhageClass4NoFluid,StandardMale.xml,2207,71.73991108891309,118.1066211233551,76.05463889361292,90.07196630352698,4.9738130479089575,69.4436326139548,5.203725133864986,15.351516001941661,0.9848799861441764,5.409695321472066,NORMAL
HemorrhageClass4NoFluid,StandardMale.xml,2208,71.729876314268,118.21965992611517,76.02234603613292,90.08811733279367,4.986483364135951,69.33421292661637,5.19884603743791,15.381181437777805,0.9848635823310031,5.406854577212455,NORMAL
HemorrhageClass4NoFluid,StandardMale.xml,2209,71.40405586204622,117.94133379074758,75.45696869193152,89.61842372487021,5.0043332473160085,69.49516915595359,5.202550051915073,15.36123015911628,0.984525755502411,5.397876606380116,NORMAL
HemorrhageClass4NoFluid,StandardMale.xml,2210,71.54329604959099,117.38543679706302,75.7470859229065,89.62653621429202,5.013374934283295,69.97078314456854,5.200856710235149,15.410354549590329,0.9859777610488939,5.404692322042955,NORMAL
HemorrhageClass4NoFluid,StandardMale.xml,2211,71.61832920157475,116.7959092575145,75.22321000059607,89.08077641956888,5.010590306937113,69.96884744864116,5.204846965619373,15.50847002460687,0.9858241989508589,5.4015764229336085,NORMAL
HemorrhageClass4NoFluid,StandardMale.xml,2212,71.72250234257201,116.35354420540986,75.58361959358513,89.17359446419337,5.0264291822150815,69.87521531989971,5.2086825325406805,15.612521270134849,0.9856223582337463,5.408918847292009,NORMAL
HemorrhageClass4NoFluid,StandardMale.xml,2213,71.97204591124185,116.18493795656318,76.2133458771335,89.53720990361006,4.985658245955965,69.98348378023483,5.206086451349629,15.69059842779365,0.9864040885315669,5.415976631137781,NORMAL
HemorrhageClass4NoFluid,StandardMale.xml,2214,72.2608268825801,116.00139086441001,76.08100558709747,89.38780067953498,4.948390966436774,69.29379678670507,5.201883647119,15.720357326266372,0.9873799738729719,5.411199611138278,NORMAL
HemorrhageClass4NoFluid,StandardMale.xml,2215,72.43821491480865,116.84598708588705,76.00480314585661,89.61853112586675,4.955427078281479,68.61955236824082,5.201364838788919,15.752753274327087,0.9877810748169094,5.403466078021937,NORMAL
HemorrhageClass4NoFluid,StandardMale.xml,2216,72.26932251412514,117.57655984000733,76.1886815412785,89.98464097418811,4.925257909479836,68.56611896122554,5.202112322924462,15.60368256444946,0.9881533620360219,5.402511424609228,NORMAL
HemorrhageClass4NoFluid,StandardMale.xml,2217,72.21338182582885,118.18948181313154,75.91857824664672,90.008879435475,4.908227428256611,68.33527259129748,5.19984629748077,15.474736925924692,0.9873954799413084,5.403886861817089,NORMAL
HemorrhageClass4NoFluid,StandardMale.xml,2218,71.86244191944294,117.6839317796406,76.33299487619965,90.11664051067997,4.896374232207364,68.17408636929002,5.199721061375356,15.366556577363061,0.9857210254397016,5.399717173711336,NORMAL
HemorrhageClass4NoFluid,StandardMale.xml,2219,72.10796906105855,118.15059449523456,76.78035890272857,90.5704374335639,4.931966125563238,68.30363436637249,5.195182110834346,15.455785845094518,0.9847114088275165,5.399486728152743,NORMAL
HemorrhageClass4NoFluid,StandardMale.xml,2220,71.96045391911863,118.38914556516607,77.10331041699087,90.8652554663826,4.919321539750007,68.54116755198773,5.1950139921230925,15.373420164881841,0.9853368233823279,5.391134655965674,NORMAL
HemorrhageClass4NoFluid,StandardMale.xml,2221,72.29694656415657,117.78557256474527,76.54071439488602,90.28900045150577,4.949290137263445,68.5038835646625,5.199879375593385,15.331316048817282,0.9854982047344532,5.3908253026031066,NORMAL
HemorrhageClass4NoFluid,StandardMale.xml,2222,72.19359711960885,117.6241143535715,76.71588421790933,90.35196092979672,4.917683749110258,68.60225291774434,5.200140772393446,15.437846309488293,0.9860398067530421,5.399778040376852,NORMAL
HemorrhageClass4NoFluid,StandardMale.xml,2223,72.26636951458808,117.11714143605072,76.60015520870962,90.10581728448999,4.910954037801011,68.30299401831932,5.2007023324440835,15.466343583739832,0.985723434095717,5.4002590337086485,NORMAL
HemorrhageClass4NoFluid,StandardMale.xml,2224,71.87022518545939,116.8887658592663,77.06802955195911,90.34160832106151,4.911419430274527,68.16586218284993,5.199659446772834,15.555823989621107,0.9869234148525989,5.401292354084784,NORMAL
HemorrhageClass4NoFluid,StandardMale.xml,2225,72.21904236052254,117.54508548238698,76.48774582431871,90.17352571034147,4.89617108753017,68.4789916371275,5.2003908821476355,15.596132137448748,0.9872635499410705,5.399373351810924,NORMAL
HemorrhageClass4NoFluid,StandardMale.xml,2226,72.136218410745,118.2936679651804,76.27841441822,90.28349893387346,4.891033545086744,68.02491175127274,5.1960278177895916,15.48029213054685,0.9879525609716225,5.400719257873421,NORMAL
HemorrhageClass4NoFluid,StandardMale.xml,2227,71.8599343501945,118.1377191433162,76.31729975981176,90.25743955431324,4.884119251852102,68.02711919699571,5.192819288254863,15.348167786067995,0.9866161316968358,5.392690831886847,NORMAL
HemorrhageClass4NoFluid,StandardMale.xml,2228,72.04650306673172,117.43720778673166,75.75200883856431,89.6470751546201,4.922592507818521,68.15780011187046,5.189520952096432,15.375692656519368,0.9869846465175576,5.386786852531646,NORMAL
HemorrhageClass4NoFluid,StandardMale.xml,2229,72.1065317709949,116.81573810224117,76.2376101421063,89.76365279548459,4.903862099113793,68.4762503591888,5.194566127086378,15.499332477001607,0.9879077200005122,5.380717621011378,NORMAL
HemorrhageClass4NoFluid,StandardMale.xml,2230,72.32820107012824,116.5190263598122,76.17940167739063,89.62594323819782,4.914958926656568,68.20432416869433,5.190991065715134,15.609021491324224,0.9873388041601124,5.390001191152033,NORMAL
HemorrhageClass4NoFluid,StandardMale.xml,2231,72.37542555981535,116.75100931259396,76.52296537153978,89.93231335189118,4.897968764534159,68.16615224203633,5.187980936155771,15.661390930055031,0.987181407382681,5.383422760658894,NORMAL
HemorrhageClass4NoFluid,StandardMale.xml,2232,72.59632083083204,116.29296121079001,76.47757682612757,89.74937162101506,4.950540314073234,67.92601100527631,5.189603501533904,15.620446082598566,0.9862481951421466,5.3778838548820875,NORMAL
HemorrhageClass4NoFluid,StandardMale.xml,2233,72.69095720078455,116.96922288255315,76.25552708608593,89.82675901824167,4.935151855254547,68.38523648607318,5.188059444182559,15.701291288813913,0.984827414019625,5.380869519309133,NORMAL
HemorrhageClass4NoFluid,StandardMale.xml,2234,72.51120473696271,117.609278603792,76.56226026155502,90.24459970896736,4.905997795403342,68.12838624349509,5.190730718119544,15.581931522680383,0.9861335531769639,5.378028316625187,NORMAL
HemorrhageClass4NoFluid,StandardMale.xml,2235,72.3311600214992,117.80420069507619,76.93651545068587,90.55907719881598,4.93840024682951,67.91785130655829,5.187745112483315,15.468962084385415,0.9863876065957623,5.382943697956522,NORMAL
HemorrhageClass4NoFluid,StandardMale.xml,2236,72.5035049689034,118.37144951757068,77.00172113668296,90.79163059697886,4.967034948681369,68.44504125189201,5.185297810446979,15.434558456024694,0.9865735962515807,5.377449918376726,NORMAL
HemorrhageClass4NoFluid,StandardMale.xml,2237,72.24233714504331,118.71014188629469,76.80330563308586,90.77225105082213,4.93389644648588,68.65446599438783,5.182136672379946,15.334439390255465,0.9852023064364938,5.372946665237842,NORMAL
HemorrhageClass4NoFluid,StandardMale.xml,2238,72.51172924642002,118.13048731687884,76.87859487876707,90.62922569147099,4.93225798062108,68.45990607688128,5.182497618626981,15.27466039698987,0.9850796521856674,5.3671298903929525,NORMAL
HemorrhageClass4NoFluid,StandardMale.xml,2239,72.66441757909946,118.69910972542037,76.5395535253993,90.59273892540632,4.944099216800479,68.23179126715485,5.182167909443254,15.376969069405568,0.9844977091398124,5.367794063550084,NORMAL
HemorrhageClass4NoFluid,StandardMale.xml,2240,72.90277585919442,118.63297811175278,76.33946693865964,90.43730399635736,4.9812335707170625,68.25571064010661,5.185478201576141,15.276607566549949,0.9851236187845716,5.367187369364203,NORMAL
HemorrhageClass4NoFluid,StandardMale.xml,2241,73.07789355840127,118.7058879677326,76.492789112848,90.5638220644762,4.989650846065378,68.51514133584533,5.186332581474861,15.288279755394864,0.9838866978571222,5.373278600939512,NORMAL
HemorrhageClass4NoFluid,StandardMale.xml,2242,72.87424503406152,118.40231797939495,76.45528196213839,90.43762730122391,5.00153781704404,68.4804751735127,5.184941297311735,15.275411210980852,0.9832803474567281,5.37485073584709,NORMAL
HemorrhageClass4NoFluid,StandardMale.xml,2243,72.53277225566904,118.05957011582511,76.41800641392919,90.2985276478945,4.986377230248664,68.7792071861794,5.190203432905011,15.328991125865972,0.9846394961755726,5.372290649400195,NORMAL
HemorrhageClass4NoFluid,StandardMale.xml,2244,72.48900896976726,117.84048894450612,76.13650652436988,90.03783399774862,5.014249539078646,68.86323311391118,5.191163440776551,15.389485911459548,0.9844029382011232,5.381973446323428,NORMAL
HemorrhageClass4NoFluid,StandardMale.xml,2245,72.21149480129635,117.75261934502403,76.31139993933184,90.12513974122923,5.033817734766144,69.231039015574,5.195775476999411,15.42815360248027,0.983368509645108,5.383739946083848,NORMAL
HemorrhageClass4NoFluid,StandardMale.xml,2246,72.38908452143109,117.494708757168,76.49933353900951,90.164458611729,5.018234802043173,69.68402152793324,5.196541010390759,15.443662532355127,0.982962383877714,5.392226502417669,NORMAL
HemorrhageClass4NoFluid,StandardMale.xml,2247,72.55697997576382,117.66853067953262,76.04875903302536,89.92201624852778,5.033774762780338,69.35712853732204,5.200579032634751,15.48918359134047,0.9835410887456654,5.393635151859515,NORMAL
HemorrhageClass4NoFluid,StandardMale.xml,2248,72.22060369520842,118.11340238777345,76.43949681212912,90.33079867067723,5.003924822120115,69.41146959207427,5.202007509089582,15.458504129722858,0.983648603913344,5.4010654714829816,NORMAL
HemorrhageClass4NoFluid,StandardMale.xml,2249,71.97712208045095,118.0781579011881,76.11274316775457,90.10121474556576,5.008857492434259,69.3178125388766,5.202221083677309,15.379984548808846,0.9826956753312922,5.403693995050375,NORMAL
HemorrhageClass4NoFluid,StandardMale.xml,2250,72.06605614931429,117.72252407769535,76.65931194063762,90.34704931965686,5.032727526677706,69.5691868733442,5.206882171294092,15.386205178857796,0.9813897201769737,5.4040869912634655,NORMAL
HemorrhageClass4NoFluid,StandardMale.xml,2251,71.80522467178163,118.36289915531229,77.09520759810624,90.85110478384159,5.0247516148598,69.78606368994078,5.211240440792833,15.44897432839513,0.9819291330343873,5.412663806519303,NORMAL
HemorrhageClass4NoFluid,StandardMale.xml,2252,71.66220477957766,118.41469247770657,76.60554533112419,90.54192771331832,4.985536071110432,69.8972644917105,5.209618777737611,15.335948523897265,0.9836197559846702,5.420683409538835,NORMAL
HemorrhageClass4NoFluid,StandardMale.xml,2253,71.79965408435075,118.33288024390842,76.39865350908863,90.3767290873619,4.9570171215934495,69.53740327601965,5.205660750013102,15.326807034579764,0.9833141190020006,5.4176994054661005,NORMAL
HemorrhageClass4NoFluid,StandardMale.xml,2254,72.077010468016,117.6700687868471,76.76842014143408,90.40230302323842,4.944927574394264,69.08431874161714,5.205693048428599,15.341246843163841,0.9827541574731867,5.410416282864336,NORMAL
HemorrhageClass4NoFluid,StandardMale.xml,2255,72.29014734897865,118.3048836601581,76.90219751996345,90.70309290002834,4.928650350552843,68.72119447811107,5.2091509727956335,15.458232654734683,0.9831334271454161,5.410475714817894,NORMAL
HemorrhageClass4NoFluid,StandardMale.xml,2256,71.84543743611721,118.04170713655323,76.94541854429488,90.644181408381,4.920322470089253,68.35985427117562,5.207717327839704,15.346188222852366,0.9824741350659459,5.416838602818094,NORMAL
HemorrhageClass4NoFluid,StandardMale.xml,2257,71.96810439680884,118.13567035915537,76.55441186905186,90.41483136575303,4.9351385737491595,68.60570872435619,5.210507964337625,15.392638716235219,0.9816312007631102,5.414200568749568,NORMAL
HemorrhageClass4NoFluid,StandardMale.xml,2258,72.01685428793785,117.86313358368702,76.15311352269926,90.05645354302851,4.968229887677144,68.68842759078969,5.212918987613832,15.376054265654567,0.9810099787052385,5.419335587795912,NORMAL
HemorrhageClass4NoFluid,StandardMale.xml,2259,72.10683643122232,118.51547845654625,75.64453551061747,89.93484982592706,4.991695680463072,69.04869972493248,5.216672767364585,15.424156837692811,0.980638190668563,5.4237720847935424,NORMAL
HemorrhageClass4NoFluid,StandardMale.xml,2260,72.07647593354402,117.8888652631052,76.10076241167053,90.03013002881542,4.970479047802681,69.2603187502163,5.214934752621078,15.309018371749769,0.9799838693631018,5.430679372980402,NORMAL
HemorrhageClass4NoFluid,StandardMale.xml,2261,71.80144768656372,117.5104022033663,75.61778680753483,89.58199193947866,4.953510598420131,69.02898352085943,5.2118255780912675,15.419615212215842,0.9806238497378694,5.427481271465787,NORMAL
HemorrhageClass4NoFluid,StandardMale.xml,2262,71.91721218242645,117.40931607167575,75.31876341523095,89.34894763404589,4.927728694287491,69.04059256991869,5.206700028440986,15.486413707808296,0.9816110224289237,5.4217601141452665,NORMAL
HemorrhageClass4NoFluid,StandardMale.xml,2263,71.8862411126121,117.81355340721818,75.2601814487701,89.44463876825279,4.946553836027951,68.63891683419246,5.204965950086257,15.504255347430533,0.9820057839793864,5.412328647489973,NORMAL
HemorrhageClass4NoFluid,StandardMale.xml,2264,71.72424074185712,118.36999028512231,75.33693621237342,89.68128756995638,4.976835722230308,68.8900691384021,5.204808248441669,15.43290770812548,0.9817114283229124,5.409137789280377,NORMAL
HemorrhageClass4NoFluid,StandardMale.xml,2265,71.77345313572071,118.48840824859882,75.82071100483921,90.04327675275908,4.988443714421411,69.38311395189058,5.203153412651297,15.334696943878633,0.9825847371588878,5.408847604245816,NORMAL
HemorrhageClass4NoFluid,StandardMale.xml,2266,71.89528195354657,118.70951915035413,75.69497514022872,90.0331564769372,5.013027707553849,69.48430725302283,5.199972588802744,15.313796246682955,0.9822204862560974,5.405802559393694,NORMAL
HemorrhageClass4NoFluid,StandardMale.xml,2267,71.83834594281036,118.274420376776,75.47963108199687,89.74456084692325,4.989765069953256,69.68427603947244,5.200979136841333,15.274770309497605,0.9823518629780427,5.399949560962133,NORMAL
HemorrhageClass4NoFluid,StandardMale.xml,2268,71.4870696348622,118.8515468750324,75.23366351755811,89.77295797004955,5.006934038273079,69.44887783394864,5.200423307452027,15.351564973497815,0.9834638982426515,5.401801698764054,NORMAL
HemorrhageClass4NoFluid,StandardMale.xml,2269,71.491144038625,118.5347452896729,75.18087554714262,89.63216546131937,5.005287562294852,69.9358423877067,5.2026312465458115,15.249702504075662,0.9848142822637802,5.400778923313817,NORMAL
HemorrhageClass4NoFluid,StandardMale.xml,2270,71.25495269967493,118.12880708442229,74.95139341092174,89.34386463542192,4.993911251177024,69.91264442887132,5.207391854499265,15.305617787638393,0.9847647236866629,5.404841727375974,NORMAL
HemorrhageClass4NoFluid,StandardMale.xml,2271,71.12484018798783,118.60877757721704,75.24861867050247,89.70200497274065,5.002650215849715,69.96387894754575,5.209902255980497,15.377265629393275,0.9858212429845516,5.4136016688916015,NORMAL
HemorrhageClass4NoFluid,StandardMale.xml,2272,71.66680894510544,118.34764490215684,75.64976059339467,89.8823886963154,4.96949521365377,70.17470851914588,5.213269014485284,15.2925511347486,0.9845327103628655,5.418221030614172,NORMAL
HemorrhageClass4NoFluid,StandardMale.xml,2273,71.88345647246054,117.6768866505115,75.18602124206548,89.34964304488082,5.008116882379228,69.33988281192207,5.21173909097909,15.33864089012945,0.9839495312099352,5.424416165329642,NORMAL
HemorrhageClass4NoFluid,StandardMale.xml,2274,72.19138243227647,117.40477231443914,75.78082171888353,89.65547191740207,4.985363439317873,69.63445430971682,5.208916468556924,15.457029306021465,0.9840950459653377,5.421600970176273,NORMAL
HemorrhageClass4NoFluid,StandardMale.xml,2275,71.94214319106594,116.90389278655007,75.26915168889019,89.14739872144348,4.99968164200936,69.11780240772568,5.211046176636354,15.505057317768012,0.985528918746427,5.416407094188033,NORMAL
HemorrhageClass4NoFluid,StandardMale.xml,2276,72.30583787761968,116.57901027860387,75.41255489102491,89.13470668688457,5.035085310935878,69.48632681450863,5.214112193161298,15.593462244154036,0.984695364405996,5.420325946234573,NORMAL
HemorrhageClass4NoFluid,StandardMale.xml,2277,72.4965818597466,116.31951998078904,75.73661638744963,89.26425091856277,4.995805248896364,69.62473230492692,5.20899894752859,15.650803805547326,0.985671591004989,5.4259676889924435,NORMAL
HemorrhageClass4NoFluid,StandardMale.xml,2278,72.14955131688309,115.99077378120657,75.72260933238448,89.14533081532518,5.0172324855294015,69.00428898962056,5.2105115163693965,15.696603682361793,0.9845760493758166,5.416558862822443,NORMAL
HemorrhageClass4NoFluid,StandardMale.xml,2279,72.46816234593038,115.87076924442148,75.1656993857924,88.73405600533542,5.043371047158685,69.53367500541417,5.212334558230916,15.75462718293539,0.9846496843231868,5.419342123849896,NORMAL
HemorrhageClass4NoFluid,StandardMale.xml,2280,71.9998732779326,116.12727409805686,74.73195237758365,88.53039295107472,5.008393330610249,69.59612891547418,5.206831786073322,15.77580790933718,0.9836454222495883,5.422696682814548,NORMAL
HemorrhageClass4NoFluid,StandardMale.xml,2281,71.70572903555627,116.85368879898975,75.2820878047874,89.13928813618818,5.013185153057669,69.54560011464613,5.204078317143205,15.730534961570953,0.9829910950675577,5.412571093237405,NORMAL
HemorrhageClass4NoFluid,StandardMale.xml,2282,71.49918731608065,116.4422105726391,75.06430246826892,88.85693850305898,5.022640807371965,69.83688370247037,5.206297369050639,15.602323216857915,0.9818529403289151,5.407504465817386,NORMAL
HemorrhageClass4NoFluid,StandardMale.xml,2283,71.49190933249702,115.92605840339576,75.12717707194928,88.72680418243144,5.043533859769163,70.11634266420243,5.207569113363756,15.674948868905005,0.9817896160877023,5.4115877184437995,NORMAL
HemorrhageClass4NoFluid,StandardMale.xml,2284,71.61718570799276,116.03521081140984,75.259797411663,88.85160187824528,5.07470693284823,70.37519276384114,5.211396773898543,15.76604940702892,0.9816081106706052,5.413927840948039,NORMAL
HemorrhageClass4NoFluid,StandardMale.xml,2285,71.7709918949956,116.57177782471399,75.64598547018099,89.28791625502532,5.084892289987572,70.65146528945381,5.210720242332095,15.746784074632505,0.9816023460447847,5.420971076340296,NORMAL
HemorrhageClass4NoFluid,StandardMale.xml,2286,71.81502606029541,116.7392157323478,76.05338974361162,89.61533173985701,5.050142691047378,70.65052694046511,5.2108610812548815,15.652080329178508,0.9814765112510302,5.419726198162234,NORMAL
HemorrhageClass4NoFluid,StandardMale.xml,2287,71.6873098897141,117.03351584445937,75.94201188806008,89.63917987352652,5.0335431284438705,70.19580992526795,5.208728911305446,15.62252764220609,0.9812018693981611,5.4199853542907785,NORMAL
HemorrhageClass4NoFluid,StandardMale.xml,2288,71.5029532685955,116.46953888404008,75.8714707161223,89.40416010542823,5.0401540907713995,70.09754722734348,5.204502687762804,15.57058385473234,0.9826011426896958,5.416061972184741,NORMAL
HemorrhageClass4NoFluid,StandardMale.xml,2289,71.82547199697481,116.99828824247169,76.06545888831225,89.70973533969872,5.018966464982654,70.32538094372417,5.201587590520732,15.670125438872159,0.9813420788631843,5.408285345453974,NORMAL
HemorrhageClass4NoFluid,StandardMale.xml,2290,71.63876574520657,117.03062892885268,76.04189826621736,89.7048084870958,5.0137495331909285,69.81134796670864,5.201112700827278,15.57680150466026,0.9827817004013871,5.402921307582636,NORMAL
HemorrhageClass4NoFluid,StandardMale.xml,2291,71.67488585071027,117.02665307040513,75.49859059220832,89.34127808494058,5.047737200952321,69.89710397400245,5.204994122850068,15.571093393548527,0.9842273060227269,5.402047468362582,NORMAL
HemorrhageClass4NoFluid,StandardMale.xml,2292,71.57015351687934,116.51539142781728,75.51561505147978,89.18220717692562,5.032306872344866,70.27901750425539,5.206129135015199,15.57179513010154,0.9840892342207133,5.409189629668356,NORMAL
HemorrhageClass4NoFluid,StandardMale.xml,2293,71.72666063808998,116.48652167159904,75.58760558829104,89.22057761606037,5.026174761555292,70.17643337532527,5.209978848228147,15.662032493300359,0.9852679421433175,5.411278152874486,NORMAL
HemorrhageClass4NoFluid,StandardMale.xml,2294,71.75977546748197,116.45783546940618,75.26823837125266,88.99810407063717,5.05644914530506,69.97709152108128,5.205840437535836,15.667127987388554,0.986722817357059,5.41836196715348,NORMAL
HemorrhageClass4NoFluid,StandardMale.xml,2295,71.52007200986242,116.93459161072876,75.07775296098966,89.03003251090269,5.010909197252169,70.31617007604764,5.202560399909026,15.672191084304975,0.9866483415822309,5.410746923867675,NORMAL
HemorrhageClass4NoFluid,StandardMale.xml,2296,71.22638007298879,116.92455727206325,75.54433325395652,89.3377412599921,5.0062802196821545,69.95757637144703,5.203573408352404,15.588043920703901,0.9858713289753527,5.4047113632710335,NORMAL
HemorrhageClass4NoFluid,StandardMale.xml,2297,71.00734665447955,117.07472165241454,75.14583286174854,89.12212912530387,5.0005160112733655,70.13705615187246,5.203162862632418,15.58981497526226,0.9865925802999311,5.406575388791637,NORMAL
HemorrhageClass4NoFluid,StandardMale.xml,2298,70.81620891624858,117.57447575082297,75.52059747543508,89.53855690056437,5.005755364815366,70.24354667336333,5.198582865909631,15.56331105515455,0.9878696329813572,5.405819948198392,NORMAL
HemorrhageClass4NoFluid,StandardMale.xml,2299,71.37715190026567,117.45357115222748,75.76966827092227,89.66430256469067,5.000178115324988,70.46224501198749,5.200921608895352,15.475104766374674,0.9869415073425427,5.397392347390751,NORMAL
HemorrhageClass4NoFluid,StandardMale.xml,2300,71.20382409964158,118.09877097530837,75.30856048459302,89.57196398149813,4.9908655670895525,69.94195761644627,5.199791915178308,15.496444353128425,0.9854119479355483,5.401695842233282,NORMAL
HemorrhageClass4NoFluid,StandardMale.xml,2301,71.19047453811599,118.7221486043516,75.0231989043979,89.58951547104914,4.997625152286642,69.96792237049569,5.1989844432422085,15.38256698404502,0.9863567767668713,5.399617105444065,NORMAL
HemorrhageClass4NoFluid,StandardMale.xml,2302,71.05853377163004,118.7031722664857,74.8441535167714,89.46382643334283,5.03122699780638,70.06078362152638,5.194071312493914,15.272541218690783,0.9849469796791512,5.398131285354509,NORMAL
HemorrhageClass4NoFluid,StandardMale.xml,2303,71.51626516752059,118.29225811116379,74.95916654997873,89.40353040370708,4.992357120111161,70.57597885839363,5.194228410327107,15.275890530568596,0.986394810756955,5.389090688347887,NORMAL
HemorrhageClass4NoFluid,StandardMale.xml,2304,71.94380884362866,118.24879200398018,74.5774311406395,89.13455142841973,4.990143058814719,69.73601955710285,5.198683934264137,15.348416624428545,0.9866336829088462,5.389379762315846,NORMAL
HemorrhageClass4NoFluid,StandardMale.xml,2305,72.33756107916263,118.7103895365224,75.2913894999725,89.7643895121558,4.972101904543849,69.37009217072577,5.199374846930645,15.356088365419936,0.9876705717451761,5.397578322140868,NORMAL
HemorrhageClass4NoFluid,StandardMale.xml,2306,72.52787597876359,118.38975637529647,75.57258322808275,89.844974277154,4.977952490036545,68.8442937150362,5.201102350022545,15.274616686878096,0.9884631205825094,5.3988496628205045,NORMAL
HemorrhageClass4NoFluid,StandardMale.xml,2307,72.50401196324407,118.59960079820242,75.99023277506342,90.19335544944309,5.003151189847659,68.76621593153615,5.198467176376823,15.331208241207653,0.9891310203134395,5.402028421962418,NORMAL
HemorrhageClass4NoFluid,StandardMale.xml,2308,72.35974878737977,118.21020979174489,76.51930851014846,90.41627560401393,4.986777212790677,69.08643296892238,5.203317345633584,15.294170830559825,0.9902746608712326,5.3971794683737695,NORMAL
HemorrhageClass4NoFluid,StandardMale.xml,2309,71.9355666519071,118.313879472801,76.82029671017192,90.65149096438161,4.969148840185423,69.00296533743416,5.206292795265899,15.362898101978436,0.9900179645225378,5.406104210643148,NORMAL
HemorrhageClass4NoFluid,StandardMale.xml,2310,72.22283699196196,117.88353124379641,77.27132146222942,90.80872472275175,4.970403617605374,69.12364347080135,5.202322233697429,15.344600467493645,0.9884125419329379,5.4115793022735925,NORMAL
HemorrhageClass4NoFluid,StandardMale.xml,2311,72.21621091535073,117.70540675481912,77.41296553524782,90.84377927510492,4.9678868726135805,68.9134824080962,5.200448689480537,15.420556663319509,0.9868830777527776,5.404273116285568,NORMAL
HemorrhageClass4NoFluid,StandardMale.xml,2312,71.90697490581509,117.71366551356307,77.76102952780592,91.07857485639164,4.937467487292756,68.88843486679676,5.198552384302359,15.451995525278894,0.98790043467169,5.400825628500943,NORMAL
HemorrhageClass4NoFluid,StandardMale.xml,2313,71.87233623481438,118.18839587137306,77.13895823468677,90.8221041135822,4.943645877893927,68.76429455103462,5.193974084399706,15.450537859476746,0.9889813107845938,5.397336258525712,NORMAL
HemorrhageClass4NoFluid,StandardMale.xml,2314,71.59005887243096,117.79621402059546,77.46005412658894,90.90544075792445,4.950496719114582,68.86591496401195,5.199038632640084,15.36674824541071,0.9889282524219631,5.3889117800178425,NORMAL
HemorrhageClass4NoFluid,StandardMale.xml,2315,71.58862274963039,118.30938958976685,77.03225435382086,90.79129943246953,4.965932517761551,69.17086966974342,5.195764443598933,15.435968099122936,0.9875917427010247,5.398230998660205,NORMAL
HemorrhageClass4NoFluid,StandardMale.xml,2316,71.52490711295738,118.10062205911258,76.41041531910228,90.30715089910572,4.937035241640989,69.35872459429565,5.199065042971343,15.345392929067767,0.9859099879858411,5.392206199980702,NORMAL
HemorrhageClass4NoFluid,StandardMale.xml,2317,71.64332320490296,118.07850651924075,75.87296830486952,89.94148104299326,4.983022059544456,69.05943763899577,5.202220782935385,15.382240268900294,0.98628113864715,5.3982795960157315,NORMAL
HemorrhageClass4NoFluid,StandardMale.xml,2318,72.10144755569718,117.37220392590122,75.50098260672559,89.45805637978413,4.955960862659347,69.52200237447633,5.206880229575977,15.38614364798747,0.9857790054171887,5.404086437871609,NORMAL
HemorrhageClass4NoFluid,StandardMale.xml,2319,72.23158759586414,117.90343223645034,75.38831929814864,89.56002361091588,4.967583225574443,68.83480760528263,5.2017344151105664,15.510805618169389,0.9868953587634819,5.412660233585489,NORMAL
HemorrhageClass4NoFluid,StandardMale.xml,2320,72.05372127780696,117.2692983944203,75.55962987862694,89.46285271722472,5.010953388142748,68.87277490782442,5.202739372360377,15.417044150444418,0.9877081035871763,5.4031914778702514,NORMAL
HemorrhageClass4NoFluid,StandardMale.xml,2321,71.79778178154581,116.89306624405411,75.4804117266902,89.28462989914485,5.048973740157196,69.53384617663508,5.198595728951031,15.528968380727534,0.9877716860496332,5.405040688479511,NORMAL
HemorrhageClass4NoFluid,StandardMale.xml,2322,71.92678579369903,117.05965687954529,75.93962761770537,89.64630403831868,5.025209841386079,70.19549971649641,5.194357433463082,15.595373122197717,0.9878685774667797,5.397416016529542,NORMAL
HemorrhageClass4NoFluid,StandardMale.xml,2323,71.74804305534016,117.37099974686568,76.18665283172675,89.9147684701064,4.989543469541692,69.80608640560172,5.195873424051534,15.565969978233603,0.9882063147594891,5.38961717634707,NORMAL
HemorrhageClass4NoFluid,StandardMale.xml,2324,71.4193420905191,117.93792823109251,76.36273083698214,90.22112996835226,5.006528166554445,69.51772112390948,5.199306074743639,15.511018155023194,0.9875262077534694,5.392406733694141,NORMAL
HemorrhageClass4NoFluid,StandardMale.xml,2325,71.53169821564839,117.65633643351609,76.56689775444318,90.26337731413415,4.997746645710152,69.98514213851846,5.202431216590485,15.410955628759758,0.9865295985907789,5.39872311588743,NORMAL
HemorrhageClass4NoFluid,StandardMale.xml,2326,72.00426586562291,117.42977449988241,76.29221709277766,90.00473622847925,4.977301119298801,69.78895297021631,5.198724036423578,15.460656406590648,0.9853729558750854,5.40447365448966,NORMAL
HemorrhageClass4NoFluid,StandardMale.xml,2327,71.66705509620097,117.61953409620838,75.79914244593975,89.7392729960293,4.948936801520865,69.16779537290164,5.198315258750982,15.500644447525705,0.9842911164345343,5.397652113676486,NORMAL
HemorrhageClass4NoFluid,StandardMale.xml,2328,71.38616149276895,118.04275341017119,76.04801479923707,90.04626100288178,4.962076066150436,69.09122462315476,5.200636368024281,15.46715199632703,0.9841538001385609,5.396899926447492,NORMAL
HemorrhageClass4NoFluid,StandardMale.xml,2329,71.19552633938333,118.23976518462499,76.57346738823001,90.46223332036168,4.971294198796328,69.47276948437127,5.201462194825124,15.392454049589798,0.985533767139356,5.401170973692777,NORMAL
HemorrhageClass4NoFluid,StandardMale.xml,2330,71.10917017660347,118.17411162570995,75.94668654869557,90.02249490770036,4.947638051890344,69.73677101519607,5.1982601702203395,15.357681593444163,0.9841892555263874,5.40269056836391,NORMAL
HemorrhageClass4NoFluid,StandardMale.xml,2331,70.89575383763326,118.6479475864148,75.65556939345892,89.98636212444421,4.929533583759605,69.51821778751561,5.1983754486068054,15.3692694059214,0.9847290674233956,5.396798558657634,NORMAL
HemorrhageClass4NoFluid,StandardMale.xml,2332,71.01391141632207,118.86461016038186,75.48433655610211,89.94442775752869,4.909546481418582,69.46832168960134,5.196774422406215,15.285637652390355,0.9861508213471427,5.397010681128826,NORMAL
HemorrhageClass4NoFluid,StandardMale.xml,2333,71.13053767120014,118.50371951832791,76.0435204966935,90.19692017057164,4.9269133428855065,69.13055245141084,5.199030877821089,15.247396842303967,0.984581122862865,5.39406465070177,NORMAL
HemorrhageClass4NoFluid,StandardMale.xml,2334,71.51470979688891,119.08053631594085,75.93736794441755,90.31842406825865,4.935594328523638,69.24914135549633,5.203992052967381,15.311093817060842,0.9835591177527462,5.3982167291044,NORMAL
HemorrhageClass4NoFluid,StandardMale.xml,2335,71.91005328731255,118.58960268167722,76.06943360615979,90.24282329799894,4.980733155703688,69.05004513528958,5.207745934997213,15.209286009610405,0.984336677505758,5.407345732071088,NORMAL
HemorrhageClass4NoFluid,StandardMale.xml,2336,71.86065401538957,118.89952645900817,76.21912049637199,90.44592248391739,5.000207215924447,69.28333571635147,5.21012869048335,15.295935491932857,0.9840087855214878,5.414253208460535,NORMAL
HemorrhageClass4NoFluid,StandardMale.xml,2337,71.48810300255168,118.76974702631908,76.58256200899237,90.64495701476794,5.000265782387076,69.55715537728841,5.206429462725559,15.241234137226478,0.9835855924139744,5.41863769021343,NORMAL
HemorrhageClass4NoFluid,StandardMale.xml,2338,71.70782669864688,119.01046301607178,76.5200865363186,90.68354536290299,5.002699928831773,69.8542601032605,5.209811254976242,15.264140126699942,0.9851795754083417,5.411830782539436,NORMAL
HemorrhageClass4NoFluid,StandardMale.xml,2339,71.8507597622747,119.04884479000323,76.38089995136978,90.60354823091427,5.038325863852185,69.70854971021235,5.212029584803795,15.221653903628072,0.9850300748529298,5.418053580682791,NORMAL
HemorrhageClass4NoFluid,StandardMale.xml,2340,72.05309819384856,118.99157473187235,76.38269373029846,90.58565406415642,5.053685730563458,70.02472215497161,5.206512888907128,15.214879544306033,0.9845254864207852,5.422135504618083,NORMAL
HemorrhageClass4NoFluid,StandardMale.xml,2341,71.96934216347016,119.05292145558029,76.68793196921632,90.80959513133764,5.044500378771482,70.04852423834159,5.209774490808622,15.2249876740883,0.9858505716544314,5.41198429412421,NORMAL
HemorrhageClass4NoFluid,StandardMale.xml,2342,72.30618365110334,119.0814645644447,76.28423211571179,90.54997626528943,5.023790758721654,70.00463259888068,5.209901902325584,15.214160015357105,0.9856303777144116,5.417985931348635,NORMAL
HemorrhageClass4NoFluid,StandardMale.xml,2343,72.09090797710924,119.16726570302063,75.69728653005376,90.18727958770938,4.998981516976394,69.48894523863508,5.213153994230148,15.209122174324511,0.9848424012396688,5.418220379857718,NORMAL
HemorrhageClass4NoFluid,StandardMale.xml,2344,71.88672188739325,119.07314831307774,75.18150927615595,89.81205562179655,5.035277786677351,69.3604813534704,5.211594758246117,15.193978326518211,0.9845459426848643,5.4242045178430285,NORMAL
HemorrhageClass4NoFluid,StandardMale.xml,2345,71.85126433251521,119.58914248772994,75.64055388434178,90.2900834188045,5.012472310099114,69.95930358992494,5.213811939342662,15.210589987539002,0.9847218848925652,5.4213353851266355,NORMAL
HemorrhageClass4NoFluid,StandardMale.xml,2346,71.81162958134512,119.40486589797652,76.22590661752565,90.61889304434261,5.034382347671434,69.71251631062118,5.214107794183896,15.119517335362548,0.9841627341194705,5.42541519529483,NORMAL
HemorrhageClass4NoFluid,StandardMale.xml,2347,71.92597132453439,118.6114637726553,76.78600395809097,90.72782389627908,5.006878461642442,70.00836546290454,5.214592683100673,15.1520420392978,0.9835923496181127,5.425959594483267,NORMAL
HemorrhageClass4NoFluid,StandardMale.xml,2348,71.63208777425288,118.16838166125659,77.28077855755438,90.90997959212179,5.010823163530336,69.58583823538241,5.211711790424753,15.2920770229178,0.9838400888923593,5.426851833162459,NORMAL
HemorrhageClass4NoFluid,StandardMale.xml,2349,71.45898460868268,118.40771395146687,76.62589537953772,90.55316823684744,5.021129799727794,69.86705261770742,5.215241152949448,15.370280741097801,0.9824949029530228,5.421550734731207,NORMAL
HemorrhageClass4NoFluid,StandardMale.xml,2350,71.26095604313664,118.70898064551432,76.26218259595674,90.4111152791426,5.030913529818011,70.13029004960703,5.215740646316828,15.328038740137991,0.9824419263950341,5.428045075287301,NORMAL
HemorrhageClass4NoFluid,StandardMale.xml,2351,71.71968561900205,118.21140388228557,75.82806408842154,89.95584401970955,4.994606600622699,70.40834440415814,5.218799508434053,15.274865355268238,0.9820749359398845,5.428964187452907,NORMAL
HemorrhageClass4NoFluid,StandardMale.xml,2352,71.80435362883625,118.25471620632925,75.33057481443501,89.63862194506642,5.033949669702102,69.6013643596469,5.221028594331389,15.362687345737726,0.98336790200784,5.434592765465055,NORMAL
HemorrhageClass4NoFluid,StandardMale.xml,2353,71.44248087416838,117.86015824835333,75.74363219163381,89.78247421054031,5.052984340076515,70.00894959703103,5.2237908797775106,15.355042747375268,0.9848938283815516,5.4386944815242,NORMAL
HemorrhageClass4NoFluid,StandardMale.xml,2354,71.23423855387144,117.80839831814117,75.31948305531755,89.48245480959208,5.067210936867452,70.52950994844458,5.224684041311273,15.424681982536036,0.9847982090732836,5.443777332116833,NORMAL
HemorrhageClass4NoFluid,StandardMale.xml,2355,71.07072556309684,118.06610983854976,75.13340658439729,89.44430766911478,5.024925123886899,70.87078174610798,5.22560041461459,15.433817578154082,0.9843740638752971,5.4454208286778325,NORMAL
HemorrhageClass4NoFluid,StandardMale.xml,2356,71.14947898566162,117.62336195342017,75.7691628564019,89.720562555408,5.039632258497412,70.48940528140393,5.227662717817044,15.388331654449892,0.9847851368747297,5.447107036956696,NORMAL
HemorrhageClass4NoFluid,StandardMale.xml,2357,71.67918998169064,118.0406955867954,76.38683450990678,90.27145486886965,5.007339699518821,70.60446649456469,5.223871940898124,15.466476381900442,0.9848685765067684,5.4509018580420765,NORMAL
HemorrhageClass4NoFluid,StandardMale.xml,2358,71.88896681444227,117.6077523471434,76.93071649940428,90.48972844865065,5.026947772014621,69.78739964274564,5.220477071725697,15.39281725414084,0.9843996268768668,5.44392649177936,NORMAL
HemorrhageClass4NoFluid,StandardMale.xml,2359,71.82051628369551,118.0133015042215,76.34563769225306,90.23485896290921,5.024354008095514,69.85709551312706,5.221957909779539,15.469231467738403,0.9835847100043583,5.4376796309383835,NORMAL
HemorrhageClass4NoFluid,StandardMale.xml,2360,71.60516611113678,118.20422346253466,76.63318024911193,90.49019465358617,5.040930698847603,69.88028859182015,5.215871257910024,15.397652292744961,0.9851769370831684,5.440404504499199,NORMAL
HemorrhageClass4NoFluid,StandardMale.xml,2361,71.45813831252775,118.40006257650977,77.05423891885945,90.83618013807623,5.035031932126763,70.25266640507152,5.2173106523589645,15.36395468537561,0.9848246167791417,5.429204524386519,NORMAL
HemorrhageClass4NoFluid,StandardMale.xml,2362,71.67038307802683,117.93181229334805,76.38072013416571,90.23108418722649,5.026601161254378,70.2993881370792,5.210963786422709,15.329389203078023,0.9844049040311071,5.43185313803291,NORMAL
HemorrhageClass4NoFluid,StandardMale.xml,2363,72.12026240510643,118.5473126314193,76.51444452890117,90.52540056307387,5.016302653385467,70.0271947713495,5.213462361628953,15.41203508798294,0.9858612364669544,5.420174340922804,NORMAL
HemorrhageClass4NoFluid,StandardMale.xml,2364,72.38806800673437,117.90231706981848,76.86562256466436,90.54452073304907,5.0217042892666734,69.54562183452344,5.213000093504401,15.30339965960541,0.9846418574789466,5.424771941248878,NORMAL
HemorrhageClass4NoFluid,StandardMale.xml,2365,72.02633945305344,117.90587868834456,77.35927204635578,90.87480759368538,5.036887263145815,69.39951571793915,5.210367696736646,15.417240976664115,0.9850453326182397,5.423921326836766,NORMAL
HemorrhageClass4NoFluid,StandardMale.xml,2366,71.64754899760514,118.38625563067723,76.98003366233777,90.78210765178426,5.016941407373103,69.86763976562342,5.212760387234588,15.416612353200625,0.9844220619730463,5.419077482950243,NORMAL
HemorrhageClass4NoFluid,StandardMale.xml,2367,71.99836305645506,117.71774760645484,76.62512281119002,90.32266440961163,5.0518123717756955,69.92867950621108,5.208109317816457,15.331826120464296,0.9837431155490494,5.423480246007379,NORMAL
HemorrhageClass4NoFluid,StandardMale.xml,2368,71.90232471264912,117.26516460150201,76.35959837863906,89.99478711959338,5.0378773866229745,70.06956817199806,5.203204905071732,15.449817372610138,0.9839364974660973,5.414921865126971,NORMAL
HemorrhageClass4NoFluid,StandardMale.xml,2369,71.58011956730498,117.0832492214303,76.07712861802543,89.74583548582704,4.994653648218637,69.97821125323276,5.2077611936557195,15.529697992616796,0.9835047919634997,5.405897310021327,NORMAL
HemorrhageClass4NoFluid,StandardMale.xml,2370,71.82567122332003,117.7082771163432,76.58575814638463,90.29326446970416,5.003597878627864,69.71292374267216,5.2106563417910206,15.561805944505956,0.9832119386833718,5.414281285747602,NORMAL
HemorrhageClass4NoFluid,StandardMale.xml,2371,71.533397481765,117.41243525046065,76.31747193740456,90.0157930417566,5.034191592359601,69.62578463162035,5.206630497321032,15.451488908248034,0.9824918355752055,5.41960861549042,NORMAL
HemorrhageClass4NoFluid,StandardMale.xml,2372,71.85827543914846,117.10560305918595,76.01198587851438,89.70985827207157,5.056957311171866,70.22873396279306,5.206602435905755,15.503704814307275,0.9828162963233118,5.412200704052861,NORMAL
HemorrhageClass4NoFluid,StandardMale.xml,2373,72.17136780764737,117.64690541269974,76.06930130145886,89.9285026718725,5.055563984745413,70.2434121720134,5.207979356459655,15.557860505989908,0.9823825148324384,5.412149068556076,NORMAL
HemorrhageClass4NoFluid,StandardMale.xml,2374,72.18219749093113,117.40495960388625,76.53554915915205,90.15868597406346,5.068351344867098,69.97707112248129,5.20274873664399,15.462320975922372,0.9838483123326183,5.414682724686083,NORMAL
HemorrhageClass4NoFluid,StandardMale.xml,2375,72.08530761473358,117.69593521048145,76.19547830174707,90.02896393799186,5.023416547680224,70.12211258940654,5.198216435306108,15.505024261296617,0.9852873476702215,5.40505791959318,NORMAL
HemorrhageClass4NoFluid,StandardMale.xml,2376,72.1404873747844,117.18122393976816,76.14488150126327,89.82366231409823,5.017837137104364,69.65880611487945,5.196970323256705,15.453667246987031,0.9853902658566399,5.3967180825305086,NORMAL
HemorrhageClass4NoFluid,StandardMale.xml,2377,71.92644713423313,117.40462805932495,76.20128604043184,89.93573338006287,5.0389911894388595,69.54809867850875,5.193032651618154,15.544513467413003,0.9843642013437064,5.394425125668398,NORMAL
HemorrhageClass4NoFluid,StandardMale.xml,2378,72.05856861226029,117.571207421508,76.61766493956632,90.26884576688022,5.044267710573833,69.97242137705081,5.188758184942129,15.505082778706301,0.9835702906401432,5.387179460073012,NORMAL
HemorrhageClass4NoFluid,StandardMale.xml,2379,72.21448112127834,117.15870929503217,77.09383726447439,90.44879460799365,5.067480723687379,69.93085251447755,5.18975387537273,15.475681624474088,0.9851535444317356,5.379314061691421,NORMAL
HemorrhageClass4NoFluid,StandardMale.xml,2380,71.77983148197215,117.28972873157582,76.69328529373581,90.22543310634914,5.082070429084488,70.085976251402,5.193335733384576,15.548487288261462,0.9842039175539044,5.381146220530169,NORMAL
HemorrhageClass4NoFluid,StandardMale.xml,2381,71.85779227998769,116.75630813084055,76.26503114553931,89.76212347397306,5.084495624146735,70.6093471235947,5.190793296657683,15.525362438875835,0.9843509122297813,5.387737157445757,NORMAL
HemorrhageClass4NoFluid,StandardMale.xml,2382,71.75898446111714,116.76877460844005,76.34281331917329,89.81813374892887,5.106107088077126,70.57589623695057,5.189406051552548,15.61951084446057,0.9836499024522246,5.383058848025504,NORMAL
HemorrhageClass4NoFluid,StandardMale.xml,2383,72.08758514989395,116.38795573571379,76.2068007133843,89.6005190541608,5.103848898826942,70.91632755599771,5.190229869270113,15.617310518887031,0.9851912978268821,5.380506193804102,NORMAL
HemorrhageClass4NoFluid,StandardMale.xml,2384,71.99614462645916,116.1450068441308,75.88602444330427,89.30568524357977,5.060279598171406,70.62444349169333,5.187854625114945,15.684524814012368,0.9855984641762889,5.382022091583538,NORMAL
HemorrhageClass4NoFluid,StandardMale.xml,2385,71.6928252755571,116.60240756785832,75.4583552133313,89.17303933150697,5.01547154711213,70.17328547694763,5.193807165459999,15.727405142874037,0.9862852540656262,5.377651431346852,NORMAL
HemorrhageClass4NoFluid,StandardMale.xml,2386,71.93350859417954,117.02432444368385,75.0815546376394,89.06247790632088,4.990862796017481,69.87479153761429,5.1988963152983745,15.646674198488139,0.9864062149960412,5.3886046343414975,NORMAL
HemorrhageClass4NoFluid,StandardMale.xml,2387,72.06704383861812,117.44310045032115,75.58543966178306,89.53799325796243,4.953179953529297,69.38689558881627,5.19505409758732,15.5722061312753,0.985412780593436,5.397969122109515,NORMAL
HemorrhageClass4NoFluid,StandardMale.xml,2388,71.77039781231865,117.82257776660434,75.97686876369126,89.92543843132896,4.988916827812675,68.82825964725619,5.193700666234993,15.498292425528467,0.9851131569993264,5.3908991002198245,NORMAL
HemorrhageClass4NoFluid,StandardMale.xml,2389,71.9396338100534,118.09586576779445,75.91168088251264,89.97307584427324,4.966516158201572,69.49243883976166,5.195554848872818,15.431314914284263,0.9842244538594108,5.388408666307239,NORMAL
HemorrhageClass4NoFluid,StandardMale.xml,2390,71.83311889552894,118.60253274718495,76.35179495618559,90.43537421985204,4.983957881853434,69.08872520757068,5.1958093968645,15.3830797513715,0.9856338921333787,5.391820527066505,NORMAL
HemorrhageClass4NoFluid,StandardMale.xml,2391,71.81332996292758,118.18468905213085,76.230410028076,90.21516970276095,4.958781850248109,69.38296228454116,5.198958389866984,15.293653343380697,0.9865842790375651,5.39228891798251,NORMAL
HemorrhageClass4NoFluid,StandardMale.xml,2392,72.04582695252071,118.1969823103737,75.84794399070685,89.96429009726246,4.933102215789491,69.09484492779097,5.196913771780244,15.367402496710646,0.9858079455971385,5.398083344829795,NORMAL
HemorrhageClass4NoFluid,StandardMale.xml,2393,71.77916799797201,118.5505112677782,75.83369180248677,90.07263162425058,4.963018456130916,68.60324722118352,5.192813483264901,15.36523274424625,0.9856066330000569,5.394321065928283,NORMAL
HemorrhageClass4NoFluid,StandardMale.xml,2394,71.66175460063452,118.09986651914372,75.49434233893615,89.69618373233867,4.997049341649509,69.17289042345192,5.196782765103423,15.302835102269562,0.9869486538336327,5.386776170834464,NORMAL
HemorrhageClass4NoFluid,StandardMale.xml,2395,71.53877968403667,118.06062229619283,75.47951382861794,89.67321665114291,4.968121078123708,69.676915288307,5.199850079134591,15.382373621236752,0.9872285091491388,5.394080002005708,NORMAL
HemorrhageClass4NoFluid,StandardMale.xml,2396,71.5300500629317,118.73458935343096,75.60276843608153,89.98004207519801,4.983715947059022,69.42473201602543,5.196308987829724,15.38930020227645,0.9863533547733679,5.399724132290288,NORMAL
HemorrhageClass4NoFluid,StandardMale.xml,2397,71.51190479715822,118.30500848150533,75.16804589355247,89.54703342287009,5.014843906983,69.62043115492,5.19676891013165,15.27034543418511,0.9856757980326548,5.393208209736818,NORMAL
HemorrhageClass4NoFluid,StandardMale.xml,2398,71.52335323815358,117.65732392382864,75.81438803584857,89.76203333184192,4.981437387090073,70.01174789298966,5.201015010504051,15.346166191961904,0.9848780605079568,5.394054507626917,NORMAL
HemorrhageClass4NoFluid,StandardMale.xml,2399,71.40518999337111,118.33833997344443,76.35384396766943,90.34867596959444,5.0123764936862045,69.5981784370119,5.201677991450961,15.460482115162213,0.9861611022683296,5.401867709490084,NORMAL
HemorrhageClass4NoFluid,StandardMale.xml,2400,71.85047274058242,118.47711104839122,76.88520830022462,90.74917588294682,4.9709985758520085,70.06737453686637,5.2061300418319485,15.340283204282946,0.9855503956873736,5.403087653324505,NORMAL
HemorrhageClass4NoFluid,StandardMale.xml,2401,72.02928765707018,118.49647036455556,76.86273485913968,90.74064669427831,4.934976147828548,69.21295185404257,5.202574102123958,15.31579019552117,0.984331787185378,5.411279821497857,NORMAL
HemorrhageClass4NoFluid,StandardMale.xml,2402,71.86904914940285,118.80796066103119,76.46276209573975,90.57782828417022,4.9679997150021,68.63869989476775,5.203230211842294,15.312373288210935,0.9847717556618156,5.404736576563668,NORMAL
HemorrhageClass4NoFluid,StandardMale.xml,2403,72.02865553671619,119.35793836332428,76.48664492465345,90.77707607087706,4.960810660563562,69.16214965956313,5.2017711535068845,15.257395443845954,0.985163862745402,5.405943876727145,NORMAL
HemorrhageClass4NoFluid,StandardMale.xml,2404,72.33566682499783,118.95297747774765,76.8588183673166,90.89020473746028,4.954578080011652,68.95013856767378,5.204218805166549,15.160324720093106,0.9852482189639231,5.40325907978292,NORMAL
HemorrhageClass4NoFluid,StandardMale.xml,2405,72.26934119148768,118.74415214070243,76.8328268813542,90.80326863447027,4.975803085097018,68.63558691333328,5.199913412285631,15.231800065530965,0.9864161483917758,5.407762976259784,NORMAL
HemorrhageClass4NoFluid,StandardMale.xml,2406,72.005561462567,119.16988413764966,76.38091836477327,90.64390695573206,4.9720130192249625,68.94196237947577,5.204879895995744,15.268657608155683,0.9850207313103797,5.399840670914038,NORMAL
HemorrhageClass4NoFluid,StandardMale.xml,2407,72.14932194203071,119.69871730247831,76.2656966870568,90.74337022553064,4.946596404530389,69.10311187349808,5.206869965802744,15.193516174428265,0.9841744850972606,5.408979442109713,NORMAL
HemorrhageClass4NoFluid,StandardMale.xml,2408,71.79973941371112,119.15815191257477,76.73632064949453,90.87693107052128,4.946436657817126,68.68484131554783,5.211233829495446,15.100177448439204,0.9846695473028674,5.412641347331018,NORMAL
HemorrhageClass4NoFluid,StandardMale.xml,2409,72.14788175152304,119.57240930714397,76.1619802430834,90.63212326443693,4.9874524954431205,68.95657232761803,5.211453362439014,15.195586904886067,0.9834764993124346,5.420671244164366,NORMAL
HemorrhageClass4NoFluid,StandardMale.xml,2410,71.92132868012797,119.52529919890101,76.43864834568167,90.80086529675478,5.024184582759084,69.17704460499579,5.207949702131299,15.12247073137005,0.9835263490997841,5.421075204281479,NORMAL
HemorrhageClass4NoFluid,StandardMale.xml,2411,71.75725457187144,118.87992464102909,76.69589748579293,90.75723987087164,5.0392582476649945,69.79806691248424,5.211576361209906,15.13078563629102,0.9836128240677828,5.414628158087737,NORMAL
HemorrhageClass4NoFluid,StandardMale.xml,2412,72.19506241756152,119.19054197130367,77.07908930383472,91.11624019299104,5.002039590818939,70.11064050873708,5.2106877710169615,15.244693845956792,0.9829117242149783,5.421301532945812,NORMAL
HemorrhageClass4NoFluid,StandardMale.xml,2413,72.22024343737385,118.35077967876357,77.18794786786397,90.9088918048305,5.036540462373057,69.31525251170204,5.212366497908606,15.189870079585509,0.9832475541129369,5.419666448057985,NORMAL
HemorrhageClass4NoFluid,StandardMale.xml,2414,71.911755559196,118.64402295922557,77.62520619481202,91.29814511628321,5.03741245719075,69.70980613588037,5.213050713276117,15.338087604000304,0.9824653058261416,5.422755454658677,NORMAL
HemorrhageClass4NoFluid,StandardMale.xml,2415,72.18560278263836,118.19625564592339,76.88848443464862,90.65774150507355,5.006783357465846,69.9650958495401,5.215280010464239,15.286330346658012,0.9817609027830244,5.424014471713241,NORMAL
HemorrhageClass4NoFluid,StandardMale.xml,2416,71.98795868037797,117.55898022263685,76.72344517654456,90.33529019190865,5.015372039707199,69.37968743261256,5.209373197288108,15.365361000071577,0.9826971182304342,5.428116576566202,NORMAL
HemorrhageClass4NoFluid,StandardMale.xml,2417,72.16939091568398,117.42410079034208,76.9463453948239,90.43893052666328,5.034213089931355,69.63905868094992,5.211971221769121,15.477839717500306,0.982676714064224,5.417247515624284,NORMAL
HemorrhageClass4NoFluid,StandardMale.xml,2418,72.28901925490386,117.95883826695663,76.4260295250198,90.27029910566542,5.019905462927557,69.72207121684694,5.207727807232858,15.501645853744808,0.9814678622703635,5.422028111449938,NORMAL
HemorrhageClass4NoFluid,StandardMale.xml,2419,71.97670554588541,118.443745693576,76.28039772156671,90.33484704556982,4.9840417906627374,69.45583810693455,5.20368526913403,15.407265020383155,0.9804699154913654,5.414219851763846,NORMAL
HemorrhageClass4NoFluid,StandardMale.xml,2420,71.9129703855854,118.30007004391996,76.48707516773631,90.42474012646419,4.959461315470525,69.27065698717163,5.205527581409818,15.321679159976785,0.9814732879729662,5.406781222566339,NORMAL
HemorrhageClass4NoFluid,StandardMale.xml,2421,72.23580908831318,118.30802300850121,76.91093895455396,90.70996697253638,4.97219254370582,69.02466919126867,5.20970453146895,15.347037823136443,0.9820121297082081,5.410171240805024,NORMAL
HemorrhageClass4NoFluid,StandardMale.xml,2422,72.05710358478258,118.20610657412936,77.19843145380572,90.8676564939136,4.983435898095081,68.92482524612356,5.2105337662136915,15.345634129814577,0.9813977893838567,5.417857199949204,NORMAL
HemorrhageClass4NoFluid,StandardMale.xml,2423,72.00599931947922,117.72287743415052,77.46164008129855,90.8820525322492,4.981247009304126,69.20007877981901,5.207848834781485,15.363622317345705,0.9820046501780451,5.4193830655398365,NORMAL
HemorrhageClass4NoFluid,StandardMale.xml,2424,72.34588231812917,118.17306315123513,77.69264128929493,91.186115243275,4.959445018756369,69.21393722085175,5.205176618788708,15.448911961199691,0.9830618193282236,5.414442553204108,NORMAL
HemorrhageClass4NoFluid,StandardMale.xml,2425,72.25507920162063,117.58016234218321,77.59143371744706,90.92100992569245,4.9885719270218845,68.68601346233083,5.2010305086490956,15.369454461016693,0.9818781642841207,5.4095254384064315,NORMAL
HemorrhageClass4NoFluid,StandardMale.xml,2426,72.39844404883947,117.67645461821996,77.83304628399635,91.11418239540423,4.994898443967207,69.1064026797893,5.199894184242142,15.474101086522335,0.9825767383243341,5.401896227453655,NORMAL
HemorrhageClass4NoFluid,StandardMale.xml,2427,72.49617757614898,118.15785829096556,77.08105570593236,90.77332323427676,4.969960981377264,69.07007838371464,5.2036606356424695,15.457105559453286,0.9836673203141747,5.399805289606006,NORMAL
HemorrhageClass4NoFluid,StandardMale.xml,2428,72.19862216920654,117.51037089346943,77.38399209986252,90.75945169773149,4.977453479575743,68.69518599996128,5.199109676684134,15.372138109435118,0.983890884152273,5.4067358947536945,NORMAL
HemorrhageClass4NoFluid,StandardMale.xml,2429,71.82947238426897,117.6030100505597,76.73361257480943,90.35674506672619,4.961346135131071,69.01710404038708,5.199669937305968,15.4864192339857,0.9849638944819756,5.3983617260120464,NORMAL
HemorrhageClass4NoFluid,StandardMale.xml,2430,71.49559864662763,117.63636929498007,77.0528925408122,90.58071812553482,4.937668813130636,69.11307115826564,5.20259660900329,15.470068480147653,0.9855631078789066,5.399392655323757,NORMAL
HemorrhageClass4NoFluid,StandardMale.xml,2431,71.25853757362896,117.18604813826725,76.85999158157136,90.30201043380333,4.939736264385796,69.09025832796199,5.203727540362658,15.464180594172948,0.9842585549082222,5.404777991220907,NORMAL
HemorrhageClass4NoFluid,StandardMale.xml,2432,71.60105358479005,117.22694889050717,76.97654663276454,90.39334738534542,4.987178850463062,69.30319114355827,5.201806317565228,15.543661999366424,0.9829171559569871,5.406859005381939,NORMAL
HemorrhageClass4NoFluid,StandardMale.xml,2433,71.28259399333561,116.65603531924543,77.05965794192616,90.25845040103259,4.950822205697781,69.60584674423811,5.204757867213978,15.536443041933401,0.9816747331941439,5.403323784773869,NORMAL
HemorrhageClass4NoFluid,StandardMale.xml,2434,71.27063492720374,117.17453726381397,77.30471141703613,90.59465336596207,4.964236100060793,69.41864942670979,5.200203775219637,15.6372089335898,0.981011872899072,5.408754898311537,NORMAL
HemorrhageClass4NoFluid,StandardMale.xml,2435,71.76531730837496,116.70909653164809,77.49178340295444,90.564221112519,4.972119572657502,69.59102216686851,5.198902877215786,15.545693661576635,0.9821931432929801,5.400374964505334,NORMAL
HemorrhageClass4NoFluid,StandardMale.xml,2436,72.00663545845138,117.00760077130589,77.57956472174956,90.722243404935,5.014903306158201,69.29368467341276,5.197119038569547,15.627843662471255,0.9829341028436313,5.397981196620442,NORMAL
HemorrhageClass4NoFluid,StandardMale.xml,2437,72.24118430610145,117.12983888367363,77.14179513010706,90.47114304796258,4.996290381161772,69.61862684496482,5.193942132047832,15.57515784908998,0.9832366085599971,5.3946987750543,NORMAL
HemorrhageClass4NoFluid,StandardMale.xml,2438,71.91581989891364,117.46748650426615,77.05564669062402,90.52625996183806,4.979758917613351,69.2099675912424,5.194648714032289,15.553582897981517,0.9841815628633427,5.388852984852091,NORMAL
HemorrhageClass4NoFluid,StandardMale.xml,2439,71.65154096120501,117.98415832241608,76.67837756820498,90.44697115294201,4.992185850084491,69.26704716552379,5.190501177564145,15.493988302113925,0.9838853372585815,5.390153158468648,NORMAL
HemorrhageClass4NoFluid,StandardMale.xml,2440,71.3470123998648,117.89458565681335,76.03016772710662,89.98497370367552,5.001163018010555,69.62625065033826,5.18628861736666,15.40279604627991,0.9832583166607276,5.3825213229446724,NORMAL
HemorrhageClass4NoFluid,StandardMale.xml,2441,71.26186924254252,117.69046519642131,75.83640989892608,89.78776166475782,4.989925533889953,69.97805464212765,5.187543826037897,15.418605566270042,0.9834876796352611,5.374769837982701,NORMAL
HemorrhageClass4NoFluid,StandardMale.xml,2442,71.31981632739173,117.81503860432485,75.5385943717408,89.63074244926882,4.963208512677814,69.90993560968663,5.1862338595220905,15.454632701080063,0.9827921323521971,5.377079533437033,NORMAL
HemorrhageClass4NoFluid,StandardMale.xml,2443,71.3004250452807,118.06262560871765,75.43226373237103,89.6423843578199,4.9938325298095165,69.53933114508943,5.1901859384195355,15.432645571756208,0.9825946402886565,5.374669078684594,NORMAL
HemorrhageClass4NoFluid,StandardMale.xml,2444,71.06073499344063,118.35527025739768,75.6489947929734,89.8844199477815,4.958896494201783,69.926456673963,5.188049792606829,15.38894661885684,0.9825175126244231,5.38194125491613,NORMAL
HemorrhageClass4NoFluid,StandardMale.xml,2445,71.51581534857634,118.3950922252698,75.83194831393966,90.01966295104971,4.9872901370543845,69.69393435270345,5.184175222062888,15.337295019653222,0.9830891957770624,5.378010556868503,NORMAL
HemorrhageClass4NoFluid,StandardMale.xml,2446,71.71257911545592,118.96270349641738,76.3612657373788,90.56174499039166,4.963763414913153,69.67503415643205,5.181085646628575,15.330266466992828,0.9825454073050787,5.370881002892421,NORMAL
HemorrhageClass4NoFluid,StandardMale.xml,2447,71.40226896411598,118.32095749811936,76.18882776856022,90.2328710117466,4.995379162425807,69.23443854540473,5.178840599379432,15.230083429260862,0.9829090460244492,5.365195909648591,NORMAL
HemorrhageClass4NoFluid,StandardMale.xml,2448,71.5340509237225,117.5902044195008,76.31733401159991,90.07495748090021,4.976687228227595,69.86366993605175,5.184101869221084,15.343351200409675,0.9821085646926508,5.361064823284286,NORMAL
HemorrhageClass4NoFluid,StandardMale.xml,2449,71.97726933736348,117.63618278256655,76.79712602531075,90.41014494439601,4.9810437413351965,69.53217057316566,5.184153892782121,15.47232866609668,0.9831313095588077,5.370746027147623,NORMAL
HemorrhageClass4NoFluid,StandardMale.xml,2450,72.0040467481038,117.06876472470412,76.42482057492724,89.9728019581862,4.955956112995047,69.23410701787178,5.181076183105717,15.464213513498393,0.983870655417305,5.3708417551211465,NORMAL
HemorrhageClass4NoFluid,StandardMale.xml,2451,72.09857294509206,116.89139931136505,75.97994820353861,89.61709857281409,4.9675329620157935,68.91098627853977,5.1842841997406275,15.564362449205225,0.9846526081468314,5.365178495925894,NORMAL
HemorrhageClass4NoFluid,StandardMale.xml,2452,72.00681767107166,116.54369333711196,75.67356381825552,89.296940324541,4.965439019378435,68.97622689575292,5.187710676950525,15.595667334784698,0.9842851536098601,5.371081531499868,NORMAL
HemorrhageClass4NoFluid,StandardMale.xml,2453,72.18576467448703,116.75446334500218,75.36857026289637,89.16386795693164,4.9548066524698715,69.02298020392692,5.191476225377169,15.6570372238424,0.9830888144026428,5.3773865539375105,NORMAL
HemorrhageClass4NoFluid,StandardMale.xml,2454,72.45084660577031,117.35166944431717,75.19271559741223,89.24570021304721,4.99939955707197,68.75508110354357,5.19105655728749,15.61983644801823,0.9828056526128186,5.384315497533411,NORMAL
HemorrhageClass4NoFluid,StandardMale.xml,2455,72.56935635471592,117.7885715024553,75.72710216046629,89.74759194112929,4.962865024885438,69.08304747159595,5.190804427322003,15.51442994144821,0.9821683401172033,5.383543270969595,NORMAL
HemorrhageClass4NoFluid,StandardMale.xml,2456,72.60675028229419,117.58931800991493,75.97898857680795,89.84909838784361,4.951315158824109,68.5535045139016,5.196131848983656,15.437316998840263,0.9836290459897175,5.3830793294365815,NORMAL
HemorrhageClass4NoFluid,StandardMale.xml,2457,72.1153763956883,117.05602401925417,75.83418284368268,89.57479656887318,4.950691517198509,68.38644702600885,5.194239005699709,15.47248511683947,0.9831104637169055,5.39288225852494,NORMAL
HemorrhageClass4NoFluid,StandardMale.xml,2458,72.15502973110013,117.60755482427507,75.85992647769451,89.77580259322137,4.990699680926059,68.7605596114739,5.197419998339693,15.566611175824491,0.9839538829164658,5.3893992587426105,NORMAL
HemorrhageClass4NoFluid,StandardMale.xml,2459,72.0216250436423,117.73219479999614,75.87754934767942,89.82909783178499,4.966214129239246,69.21045890143203,5.202449283291201,15.469266330402302,0.9835321795084421,5.3952525677654,NORMAL
HemorrhageClass4NoFluid,StandardMale.xml,2460,72.39568598291716,117.71561851682044,76.29004171473487,90.09856731543006,4.935634181792615,69.02069108174808,5.204136022430878,15.447267451899894,0.9822621629005891,5.404506898823829,NORMAL
HemorrhageClass4NoFluid,StandardMale.xml,2461,72.47342224737794,117.1295670230212,76.67951937914506,90.16286859377044,4.923308063075224,68.36189107130703,5.207970183408887,15.450193155611675,0.9816078797945612,5.407610648672621,NORMAL
HemorrhageClass4NoFluid,StandardMale.xml,2462,72.59964249816166,117.0289344410099,76.99390443966469,90.33891444011309,4.914134822170018,68.15417405679192,5.205483660825414,15.553630881218258,0.9825057329196104,5.414665845457835,NORMAL
HemorrhageClass4NoFluid,StandardMale.xml,2463,72.40672175488596,116.7536680072339,76.44681688408946,89.8824339251376,4.893739427869258,67.94731843738786,5.200990960402943,15.571392469603069,0.9830047290679232,5.410090423028288,NORMAL
HemorrhageClass4NoFluid,StandardMale.xml,2464,72.35396474005995,117.2098682921362,76.73916221435769,90.22939757361719,4.911435291678753,67.85126230575625,5.201976292540242,15.619976824641633,0.9822601187728727,5.401823455167692,NORMAL
HemorrhageClass4NoFluid,StandardMale.xml,2465,72.36445598066732,117.48593424924748,76.28989654819374,90.02190911521166,4.900567792295651,68.10400758934603,5.200868221987943,15.539457756964733,0.9819482480831677,5.403636553826647,NORMAL
HemorrhageClass4NoFluid,StandardMale.xml,2466,72.07896540307749,118.08167445348582,76.68160904341107,90.48163084676932,4.931673281795863,67.96561205493026,5.205360908705904,15.490732286552785,0.9834466438818871,5.4015976055813315,NORMAL
HemorrhageClass4NoFluid,StandardMale.xml,2467,72.15415153768963,118.078918474708,76.91159589410569,90.63403675430646,4.926964363341544,68.56023004028602,5.203825680808472,15.385584509555695,0.983455982762098,5.409864548224409,NORMAL
HemorrhageClass4NoFluid,StandardMale.xml,2468,72.12675541074734,117.93972180407953,76.8675403393986,90.55826749429224,4.965808290582914,68.44512024406906,5.20743803521337,15.386070938102696,0.9821114513924774,5.407039592519979,NORMAL
HemorrhageClass4NoFluid,StandardMale.xml,2469,71.8516416024569,118.39529308145057,77.3623173941028,91.03997595655206,4.9327118205247675,68.93341878200206,5.2029107806484545,15.41063906423864,0.9831783060366429,5.413686645507754,NORMAL
HemorrhageClass4NoFluid,StandardMale.xml,2470,71.56814611792775,117.82791473983579,77.31887687843965,90.82188949890504,4.975615482661115,68.75027995977786,5.2001219058396915,15.330231016001349,0.9829558340130778,5.405356094955643,NORMAL
HemorrhageClass4NoFluid,StandardMale.xml,2471,71.62424635533537,118.132109335667,76.88056934018377,90.63108267201152,4.9615535354221505,69.4921120782404,5.20490217621264,15.430372941815076,0.9819783793380126,5.400224317573837,NORMAL
HemorrhageClass4NoFluid,StandardMale.xml,2472,71.87218104611296,117.99830134953633,76.18078864563579,90.11995954693597,4.9763562578570655,69.2775587702467,5.201647237495746,15.376682784094275,0.9818236893261383,5.409020439687936,NORMAL
HemorrhageClass4NoFluid,StandardMale.xml,2473,72.12901672027976,117.48599776810934,75.62907947189609,89.58138557063384,4.964401990878004,69.26044194188563,5.197224658532968,15.400299810754552,0.9809471740423856,5.4030310633150584,NORMAL
HemorrhageClass4NoFluid,StandardMale.xml,2474,72.1263990915484,117.92700900152083,75.41686718740861,89.58691445877935,4.972279218867239,68.91474182544532,5.19470500345397,15.490721075513013,0.9809622265183167,5.394893125169137,NORMAL
HemorrhageClass4NoFluid,StandardMale.xml,2475,72.0853643312352,118.40887699129951,75.58925559973628,89.86246273025735,4.9964911624881845,69.01149565289144,5.19420115823723,15.412882866014886,0.9802968711263453,5.390256736004687,NORMAL
HemorrhageClass4NoFluid,StandardMale.xml,2476,72.24825364390318,118.97907287165108,75.76540133923876,90.16995851670954,4.997426473397024,69.33489475773432,5.190399823539347,15.327833464328014,0.9805267883556265,5.389329616049688,NORMAL
HemorrhageClass4NoFluid,StandardMale.xml,2477,72.07140590663889,118.74960534747122,75.30363709819923,89.78562651462323,5.032471296781069,69.2180596639012,5.193121582086995,15.227194244672663,0.9819562784498677,5.3823348225358405,NORMAL
HemorrhageClass4NoFluid,StandardMale.xml,2478,71.89362091820321,118.68907673786047,75.27415941247371,89.74579852093596,5.0479202749808705,69.77873930729213,5.196967380756708,15.267695120539162,0.9825910748608714,5.387343100035308,NORMAL
HemorrhageClass4NoFluid,StandardMale.xml,2479,72.13531892883042,118.38059662373436,75.35029856552505,89.69373125159483,5.033180751364146,70.10620813080985,5.196563568100141,15.278378382639008,0.9836558776177815,5.394419711207023,NORMAL
HemorrhageClass4NoFluid,StandardMale.xml,2480,71.74787649087706,118.6070362029406,74.96645567271675,89.51331584945804,4.9990665758820265,69.73663270362485,5.199641397652318,15.332824931684051,0.9823172542086341,5.393676660048563,NORMAL
HemorrhageClass4NoFluid,StandardMale.xml,2481,71.42730554654189,118.10582157066803,75.67621024685752,89.81941402146103,5.000811360314141,69.63284075998249,5.196701891995441,15.292858486229639,0.9822035239368818,5.399340139825885,NORMAL
HemorrhageClass4NoFluid,StandardMale.xml,2482,71.83874911984636,117.51711885387641,76.159738782769,89.9455321398048,4.962884912144547,69.90948176646283,5.193505512312366,15.381322558331766,0.9822940040772333,5.393931188303123,NORMAL
HemorrhageClass4NoFluid,StandardMale.xml,2483,71.72428151639824,117.91708469936167,75.6609038762288,89.74629748393976,4.941866402965801,69.12432801764257,5.191210823625324,15.485228223154113,0.9837028444424516,5.388049565754226,NORMAL
HemorrhageClass4NoFluid,StandardMale.xml,2484,71.65889706959337,118.3711842554645,75.71163970160798,89.93148788622682,4.924277581302508,68.9607279050718,5.192633982416242,15.41463449919804,0.9837627176432513,5.383827134734576,NORMAL
HemorrhageClass4NoFluid,StandardMale.xml,2485,71.99867391328554,118.22183193914917,75.81916796407178,89.95338928909757,4.966551337674524,68.79960660049416,5.1944347233223835,15.334486208852883,0.9853134049115783,5.386445873328006,NORMAL
HemorrhageClass4NoFluid,StandardMale.xml,2486,72.26402752215739,117.90232715219949,76.39617115894228,90.23155649002801,4.940270379298396,69.04276464074974,5.192919760234756,15.360846800161305,0.9854519385908234,5.389759396553785,NORMAL
HemorrhageClass4NoFluid,StandardMale.xml,2487,72.45121654796485,118.5930096720879,76.68591173757332,90.65494438241151,4.93563045433982,68.51958344561673,5.190860121685559,15.417239197130112,0.9865043046273206,5.386971729899502,NORMAL
HemorrhageClass4NoFluid,StandardMale.xml,2488,72.69960428452981,118.85465056384305,76.63964453355335,90.71131321031659,4.936796043267835,68.31889949013193,5.188710513502203,15.295334160235944,0.9868194338007621,5.383181812012815,NORMAL
HemorrhageClass4NoFluid,StandardMale.xml,2489,72.66439437859479,118.22801845221375,76.08745400660423,90.13430882180741,4.934854912731387,68.14137990524975,5.19152424877828,15.249154704923264,0.985228122436907,5.379226342007337,NORMAL
HemorrhageClass4NoFluid,StandardMale.xml,2490,72.80176560070454,118.21158483911147,76.66900649158548,90.51653260742748,4.949994653591455,68.14526193605217,5.187850331707436,15.359754884437848,0.9845779315823334,5.3844038648573385,NORMAL
HemorrhageClass4NoFluid,StandardMale.xml,2491,72.71570014963763,118.79566919781195,76.84797947971279,90.83054271907918,4.952900105377884,68.2204102213563,5.186374205683225,15.362655406970054,0.9855336528606432,5.377643531095655,NORMAL
HemorrhageClass4NoFluid,StandardMale.xml,2492,72.50824977579396,118.83916611388366,76.83568411898847,90.83684478395354,4.994577418202145,68.32133585204778,5.1866710432484915,15.259564879489798,0.9858644360414331,5.374927328087926,NORMAL
HemorrhageClass4NoFluid,StandardMale.xml,2493,72.6625757688402,119.25797348443065,76.92561408669467,91.03640055260666,5.021721858529397,68.98048808577404,5.189154260982628,15.251887700748743,0.9865738034849422,5.375473535575878,NORMAL
HemorrhageClass4NoFluid,StandardMale.xml,2494,72.73928636716383,119.35642976493322,77.13015284446983,91.2055784846243,5.04716637207248,69.18471509132965,5.185917985226948,15.177968459291279,0.986514606360452,5.380042876789078,NORMAL
HemorrhageClass4NoFluid,StandardMale.xml,2495,72.3214213232677,119.59398812951031,77.09249188319255,91.25965729863181,5.051829646019554,69.42866592709659,5.187731532976946,15.160590986774576,0.98533430067794,5.374087841922652,NORMAL
HemorrhageClass4NoFluid,StandardMale.xml,2496,72.3154294192686,119.1188600898148,77.29088010547406,91.2335401002543,5.0759170474577715,69.81330663757039,5.189407280778433,15.11866208259011,0.986184467137106,5.37742493087875,NORMAL
HemorrhageClass4NoFluid,StandardMale.xml,2497,72.54371947525055,119.621994438409,77.60784530753223,91.61256168449115,5.034479200086043,70.10702150754798,5.193646091606327,15.202521887262582,0.9870109946156312,5.38050845568892,NORMAL
HemorrhageClass4NoFluid,StandardMale.xml,2498,72.22358218303954,119.82414442792353,77.75044103973397,91.77500883579715,5.024279224118934,69.43030102484201,5.194793273447809,15.113718986418922,0.9882320884606178,5.388308244142669,NORMAL
HemorrhageClass4NoFluid,StandardMale.xml,2499,71.82687162638572,119.78090682412505,76.97231159998384,91.24184334136424,5.025679806490042,69.5599156833004,5.1917595884798615,15.078039638498108,0.9883943833475315,5.390419160634309,NORMAL
HemorrhageClass4NoFluid,StandardMale.xml,2500,71.82399967361036,119.45642987747294,77.32799096740028,91.3708039374245,5.033616133140146,69.891222564738,5.189157601650376,15.085671048783574,0.9872707039999059,5.3848369108132985,NORMAL
HemorrhageClass4NoFluid,StandardMale.xml,2501,71.90523084506552,119.97786348280691,76.84568034084229,91.22307472149717,5.037679568791076,69.98925438984786,5.188282292827304,15.142941028859692,0.9875767785033518,5.380049023914486,NORMAL
HemorrhageClass4NoFluid,StandardMale.xml,2502,72.24869758925831,119.95572382023425,77.22453656113596,91.46826564750207,5.034280267353861,69.97351194095275,5.190791780767248,15.050908320537545,0.9875542105422824,5.378438377926997,NORMAL
HemorrhageClass4NoFluid,StandardMale.xml,2503,71.81761578396889,120.17220239461255,76.82229143593536,91.27226175549443,4.989962585262031,69.66017852585829,5.18997485819521,15.054815957266474,0.9870724036757148,5.383056058652448,NORMAL
HemorrhageClass4NoFluid,StandardMale.xml,2504,71.98154274118167,120.5911991556815,77.20836785358303,91.66931162094919,4.9966002140057135,69.46766592539255,5.190117906375137,15.016607622993515,0.985496523108699,5.381552848553273,NORMAL
HemorrhageClass4NoFluid,StandardMale.xml,2505,72.22855668419416,120.68443170029805,76.95385800506581,91.53071590347656,5.018101222135183,69.41808074651293,5.191353039186081,14.942654954226253,0.9843966601152446,5.381816069911201,NORMAL
HemorrhageClass4NoFluid,StandardMale.xml,2506,72.31586127440328,119.79989901217732,76.90251347505055,91.20164198742614,5.021524611586458,69.48180098755533,5.1904915862363294,14.926199467857415,0.984835959007666,5.384088823999271,NORMAL
HemorrhageClass4NoFluid,StandardMale.xml,2507,72.59737447590174,119.19169025094146,76.87061821956787,90.97764223002574,5.043358581199949,69.45413887433699,5.187234364807668,15.082318939357688,0.9858409175546772,5.3825036740495005,NORMAL
HemorrhageClass4NoFluid,StandardMale.xml,2508,72.79491835654518,119.42475036194926,77.13699684107122,91.23291468136391,5.022682170407163,69.49441185440318,5.186623573549664,15.189667408940782,0.9870451594761679,5.376510097284198,NORMAL
HemorrhageClass4NoFluid,StandardMale.xml,2509,72.3469728533971,119.7379687563611,77.33605852493938,91.47002860207995,5.011556311535545,69.09299012232827,5.184182613945555,15.148532443724697,0.9871444711885003,5.375386187113337,NORMAL
HemorrhageClass4NoFluid,StandardMale.xml,2510,72.50259322632738,120.02342099853547,76.90534925678948,91.27803983737148,5.041937423249641,69.31011773342597,5.188993671533553,15.093249591144504,0.9879705986245904,5.370894604613143,NORMAL
HemorrhageClass4NoFluid,StandardMale.xml,2511,72.1428848987002,120.13892874754208,76.20014173006341,90.84640406922297,5.049771932437935,69.55187260449051,5.190012675037405,15.042867447233565,0.988034259996806,5.37974737793774,NORMAL
HemorrhageClass4NoFluid,StandardMale.xml,2512,72.44285547728306,119.73259879718856,76.77475664746026,91.09403736403637,5.012488903899393,69.93007597248375,5.195607722929344,15.022480401088991,0.987453216260175,5.3816224349021535,NORMAL
HemorrhageClass4NoFluid,StandardMale.xml,2513,72.12422633719201,118.9427128190832,76.31571981474421,90.52471748285721,5.019777543903997,69.24609924686916,5.199194515444949,15.09419738561186,0.9882270422687081,5.3919178200272775,NORMAL
HemorrhageClass4NoFluid,StandardMale.xml,2514,71.72209618635091,119.4554220670323,76.12885148557679,90.5710416793953,4.981623615923075,69.58427005789437,5.200741770407175,15.233611771426457,0.9867093355206478,5.398517836868111,NORMAL
HemorrhageClass4NoFluid,StandardMale.xml,2515,71.87636121932671,118.68683338681564,76.39898745573251,90.49493609942688,4.948415801571464,69.44264015942578,5.199760372186079,15.143118906778145,0.9856042322211365,5.401364923440118,NORMAL
HemorrhageClass4NoFluid,StandardMale.xml,2516,72.00240291687606,118.18038765800137,76.45106011834292,90.36083596489574,4.9507478878713975,68.92026918991913,5.198890881397598,15.278774332708704,0.984486864834662,5.399559063536424,NORMAL
HemorrhageClass4NoFluid,StandardMale.xml,2517,72.18594844684414,117.76790662837458,76.1338194253209,90.01184849300546,4.918649864818243,68.84956919214487,5.198932249576669,15.368161690109861,0.9843559776895847,5.397959123249397,NORMAL
HemorrhageClass4NoFluid,StandardMale.xml,2518,71.97744247461189,117.3224155167938,76.37527367151137,90.02432095327218,4.925401372565642,68.32052960116103,5.195414927222836,15.440964336313971,0.9841171285565267,5.398035244373592,NORMAL
HemorrhageClass4NoFluid,StandardMale.xml,2519,72.27194450262773,117.641984587669,76.44675226451469,90.17849637223279,4.922896137171358,68.56386629188036,5.196336174298182,15.519593241533773,0.9829639276185553,5.3915630588014025,NORMAL
HemorrhageClass4NoFluid,StandardMale.xml,2520,72.52060800241159,117.99903594158823,76.78546472398709,90.5233217965208,4.966986677384351,68.30489342703679,5.20086001818627,15.463189498491932,0.9845726703452414,5.393258235253734,NORMAL
HemorrhageClass4NoFluid,StandardMale.xml,2521,72.47857487820208,118.6046284562115,76.17332311873345,90.31709156455946,4.993600670385744,68.64061467888959,5.196018605625476,15.400170155712459,0.9859165611715771,5.401582509857514,NORMAL
HemorrhageClass4NoFluid,StandardMale.xml,2522,72.53152990575508,118.20150144795203,76.71731348297432,90.54537613796688,4.97032770253748,68.99194257937137,5.195875604731351,15.29328345203577,0.9846108375268027,5.392673880686564,NORMAL
HemorrhageClass4NoFluid,StandardMale.xml,2523,72.14131241687583,118.78176567469013,76.46248165033894,90.56890965845601,5.008726624730478,68.67212519295252,5.1932315588863975,15.364435119263206,0.985889411391753,5.392410746338712,NORMAL
HemorrhageClass4NoFluid,StandardMale.xml,2524,72.03674666139419,118.64397568967497,76.92073879023954,90.82848442338468,5.004705320918492,69.43793291651565,5.190821903980948,15.2620188427078,0.987306630572986,5.387545467115364,NORMAL
HemorrhageClass4NoFluid,StandardMale.xml,2525,72.35619595593978,118.81755232728425,76.30686263221772,90.47709253057323,4.977149563782508,69.47206706087842,5.1903540395121235,15.286338689704412,0.9862788157855127,5.383111488041479,NORMAL
HemorrhageClass4NoFluid,StandardMale.xml,2526,72.22914823035924,119.1767217134043,76.84625837738255,90.95641282272314,4.965611936928399,68.89029282426934,5.1908025650246925,15.255702520694165,0.9863149056833775,5.382250575858787,NORMAL
HemorrhageClass4NoFluid,StandardMale.xml,2527,72.56875718987808,118.86482681884405,76.37528503498433,90.53846562960423,4.9659888962350545,68.85100780717632,5.195451956755662,15.192309346543333,0.9863453380125379,5.383075902644103,NORMAL
HemorrhageClass4NoFluid,StandardMale.xml,2528,72.31133760165321,118.89278402263672,76.60237185416425,90.69917591032174,4.944012012097999,68.59133821768327,5.196603663434705,15.247358602219606,0.9848811276019575,5.391631196431108,NORMAL
HemorrhageClass4NoFluid,StandardMale.xml,2529,72.5461999297255,118.49950224389308,75.98319280352317,90.15529595031313,4.976862156234031,68.52774187299623,5.196186816955183,15.242424173069216,0.9842449139865249,5.393750439025798,NORMAL
HemorrhageClass4NoFluid,StandardMale.xml,2530,72.08951077769775,118.37324328213927,76.2036261890077,90.26016522005155,5.006502348211775,68.73892925126574,5.195475298016479,15.311838163386062,0.9844078327882559,5.392983404475313,NORMAL
HemorrhageClass4NoFluid,StandardMale.xml,2531,72.41543238685452,118.89644595105707,76.46879923211822,90.61134813843117,5.005609406476809,69.45204074207288,5.195970981094347,15.334122791920315,0.9857006914524641,5.391674146424398,NORMAL
HemorrhageClass4NoFluid,StandardMale.xml,2532,72.00027012190176,119.25865177856383,76.58058882818796,90.80660981164658,5.035117189188164,69.18515157929251,5.200235785974536,15.241777844971526,0.9859116464867334,5.392586247318837,NORMAL
HemorrhageClass4NoFluid,StandardMale.xml,2533,72.26207938306398,118.55402944156843,76.14443031579842,90.28096335772176,5.031996274417642,69.86703977244585,5.204953717477218,15.177848740796966,0.984853614120379,5.40043386713784,NORMAL
HemorrhageClass4NoFluid,StandardMale.xml,2534,72.25147250809805,118.81729642609973,76.11702632493922,90.35044969199272,5.046235145412858,69.62219248202297,5.205622580969201,15.302214146775036,0.9840669120317217,5.409115280193133,NORMAL
HemorrhageClass4NoFluid,StandardMale.xml,2535,72.1467046775736,119.17812878048977,76.5529552728693,90.76134644207612,5.043229017685008,69.80151267566387,5.2089394548414605,15.255747687094704,0.9851857458415403,5.410346048433029,NORMAL
HemorrhageClass4NoFluid,StandardMale.xml,2536,71.86188491787108,119.2938394386866,76.27011127451833,90.61135399590775,4.999806836508498,69.84839826403254,5.2055137783943515,15.1920610000744,0.9859217081045565,5.416449390993433,NORMAL
HemorrhageClass4NoFluid,StandardMale.xml,2537,72.254734842294,118.47389545257148,76.58110158621334,90.54536620833272,5.006921478193348,69.55135212110594,5.207264750297023,15.171638140583457,0.9856340799926361,5.410145842030454,NORMAL
HemorrhageClass4NoFluid,StandardMale.xml,2538,72.35315549769722,119.11046603710633,76.45710881659723,90.67489455676693,5.022009000165617,69.32696246159021,5.205710486341018,15.316357746191349,0.9868979649043813,5.413367785868905,NORMAL
HemorrhageClass4NoFluid,StandardMale.xml,2539,72.07789920089128,118.84710140186542,76.73926015196854,90.7752072352675,4.990802649624574,69.43061110923082,5.208177941172941,15.204003432365653,0.9863414709330108,5.410507802125741,NORMAL
HemorrhageClass4NoFluid,StandardMale.xml,2540,71.66557964257034,118.80443327113862,76.15361780109163,90.37055629110729,5.019281473030556,69.27234633143458,5.204328558832902,15.250487127335738,0.9866217376232725,5.415048138198664,NORMAL
HemorrhageClass4NoFluid,StandardMale.xml,2541,71.58851225076073,118.23281387964178,76.72614819529008,90.56170342340731,5.031014452766986,69.94256908922203,5.205578017850958,15.258018025976835,0.9850365670990572,5.4079649327552115,NORMAL
HemorrhageClass4NoFluid,StandardMale.xml,2542,71.53114314041163,118.88988025031658,77.16529404815783,91.07348944887741,5.04182554314322,70.14608048736483,5.2041813710304226,15.358908494467485,0.9839846649088039,5.410264048336954,NORMAL
HemorrhageClass4NoFluid,StandardMale.xml,2543,71.27442220988911,118.99713892740179,77.55284891729654,91.36761225399829,5.002077901417098,70.3229491076898,5.204553229716142,15.242936687084883,0.983548024255677,5.407694094124066,NORMAL
HemorrhageClass4NoFluid,StandardMale.xml,2544,71.3242915039301,118.81938802598071,77.48338975899672,91.26205584799139,4.964956072185694,70.04740482393217,5.205095500677472,15.224005597024279,0.9844818304986528,5.408378347137722,NORMAL
HemorrhageClass4NoFluid,StandardMale.xml,2545,71.26159065899391,118.62505290003155,77.43984038665555,91.16824455778088,4.952725520649256,69.55696848469977,5.205155348078698,15.255378521011423,0.9830717598974467,5.409376173876096,NORMAL
HemorrhageClass4NoFluid,StandardMale.xml,2546,71.1221111327379,119.10065443286074,76.71600044545866,90.84421844125936,4.945489329733676,69.45847928081386,5.200082259546304,15.289678550354129,0.9835414330529904,5.4094862984105525,NORMAL
HemorrhageClass4NoFluid,StandardMale.xml,2547,71.46495481865202,119.19856313888327,76.68260696390996,90.85459235556773,4.990746651443586,69.48175326882634,5.201057911305084,15.205735174436878,0.9842322729190878,5.400151364872253,NORMAL
HemorrhageClass4NoFluid,StandardMale.xml,2548,71.56783104214736,118.76634291325817,76.15838433939105,90.36103719734676,5.022577770111478,69.75744834802252,5.199350534979739,15.188454348476688,0.9849999311154247,5.401946650774832,NORMAL
HemorrhageClass4NoFluid,StandardMale.xml,2549,71.65593449141242,118.85761768697151,76.31649859445727,90.49687162529536,5.00225744462375,70.0605792476924,5.198921099921836,15.264740950546402,0.9851370137872045,5.3988049266712235,NORMAL
HemorrhageClass4NoFluid,StandardMale.xml,2550,71.68461134811388,119.19120810184539,76.77481148960389,90.91361036035106,5.017579357900174,69.74449646079486,5.198421419586931,15.248631009529177,0.984696872379088,5.398014728018284,NORMAL
HemorrhageClass4NoFluid,StandardMale.xml,2551,71.48501544862857,119.60451193645397,76.56575273612144,90.91200580289895,5.00647885149705,69.90681084576666,5.195507523393064,15.189752507957554,0.9855284310383771,5.397095271815825,NORMAL
HemorrhageClass4NoFluid,StandardMale.xml,2552,71.70374769782539,118.75268186326362,76.63797448344539,90.67621027671814,4.9876083767269686,69.93197290183215,5.1986692012628675,15.116804637183868,0.9868767509404344,5.391733443979872,NORMAL
HemorrhageClass4NoFluid,StandardMale.xml,2553,71.40823400182944,118.84318599093668,77.13103936501766,91.035088240324,4.988849836181558,69.52947793107536,5.199097579132297,15.267152117407651,0.986380117422628,5.397551212109811,NORMAL
HemorrhageClass4NoFluid,StandardMale.xml,2554,71.23543664261841,118.91720677439177,77.49652066784107,91.3034160366913,4.990798609095658,69.77975350177528,5.20135513015567,15.251178194939133,0.9852315152925303,5.398339465442049,NORMAL
HemorrhageClass4NoFluid,StandardMale.xml,2555,71.64129894303294,118.55759492649621,77.41283998317391,91.12775829761468,4.991536090459161,69.94173685897049,5.2037444247306315,15.23811357251393,0.9860845883867277,5.4024935598616395,NORMAL
HemorrhageClass4NoFluid,StandardMale.xml,2556,71.73203294720146,118.74626362185137,76.64761246005723,90.68049618065528,5.004146780559962,69.62653773172329,5.2052684243265,15.301584840894042,0.9868750851910502,5.406890074118834,NORMAL
HemorrhageClass4NoFluid,StandardMale.xml,2557,71.67555186675261,118.93227761335773,77.03114054306975,90.99818623316574,5.016680361438198,69.70677669453546,5.208525059578414,15.26828493304092,0.9874918631018398,5.409694368750987,NORMAL
HemorrhageClass4NoFluid,StandardMale.xml,2558,71.64648788082626,119.14149614651306,76.70823065286723,90.85265248408251,5.0109906726583935,69.90317518164505,5.2032265914054046,15.23545357877257,0.9878116584616887,5.415686866899005,NORMAL
HemorrhageClass4NoFluid,StandardMale.xml,2559,71.44490448461278,119.56704027014834,76.23610000690803,90.67974676132147,5.029245394702158,69.85759084194406,5.206493423390457,15.198526637277993,0.9868918179831419,5.405937214801668,NORMAL
HemorrhageClass4NoFluid,StandardMale.xml,2560,71.29157106273283,119.41592701021024,76.16118050442792,90.57942933968869,5.016877546799501,70.239922062149,5.202377779513457,15.123418363073753,0.9877199618337816,5.411948475844426,NORMAL
HemorrhageClass4NoFluid,StandardMale.xml,2561,71.50909737781869,118.80951564374705,75.83819104974106,90.16196591440972,5.050761960675248,70.21326874842252,5.204022918646646,15.150089759840718,0.988220567262312,5.404375325521151,NORMAL
HemorrhageClass4NoFluid,StandardMale.xml,2562,71.87547741949251,119.11974417874117,76.25357414574191,90.542297490075,5.0217801939916,70.44887538453546,5.20810731607764,15.25712099035989,0.9881016111864065,5.407402527662709,NORMAL
HemorrhageClass4NoFluid,StandardMale.xml,2563,72.21926384574653,119.0898030285295,75.74750153265249,90.1949353646115,5.011272853520134,69.80552047462939,5.205066374920057,15.202365846114755,0.9884070278220906,5.414918181749734,NORMAL
HemorrhageClass4NoFluid,StandardMale.xml,2564,72.51231575567185,118.52299030559242,76.09096873411592,90.23497592460808,5.027565854893832,69.40711607227574,5.208982901060219,15.20765044057908,0.9871683126513152,5.409322579895234,NORMAL
HemorrhageClass4NoFluid,StandardMale.xml,2565,72.77546817534012,118.30624446982284,76.64263321838477,90.53050363553079,4.997644805488722,69.37219659973776,5.212725315321204,15.307692535046584,0.9861599003244769,5.416529335895245,NORMAL
HemorrhageClass4NoFluid,StandardMale.xml,2566,72.79057778562616,118.05091485930623,76.69664691203454,90.48140289445844,5.012873331965214,68.80932387159358,5.207730062517755,15.345948040789537,0.9871485104170796,5.423415710571341,NORMAL
HemorrhageClass4NoFluid,StandardMale.xml,2567,72.99893389655365,117.49362707836951,76.86752708725248,90.40956041762483,5.000698121212887,68.97932411120561,5.202368593546438,15.391013558873345,0.9874141874988273,5.4142240016883925,NORMAL
HemorrhageClass4NoFluid,StandardMale.xml,2568,72.83300589295553,118.19189003409474,77.30508245993641,90.93401831798919,5.005299978076383,68.67278618140485,5.197335535367138,15.489374506978322,0.986682483970898,5.4043584225258545,NORMAL
HemorrhageClass4NoFluid,StandardMale.xml,2569,72.6722222461721,118.421486652739,77.54156561696152,91.16820596222068,4.982530970537839,68.85602920320602,5.194490169594941,15.366131527854908,0.9869323432329092,5.395097148393116,NORMAL
HemorrhageClass4NoFluid,StandardMale.xml,2570,72.24635124886474,118.61755806418708,77.37519911985625,91.12265210129986,4.991013650835388,68.70890598300662,5.199193897529039,15.325607866895416,0.9856174322802395,5.389861422620541,NORMAL
HemorrhageClass4NoFluid,StandardMale.xml,2571,72.18666921878297,118.52294179979346,76.66987676641789,90.62089844420974,4.993933339917176,69.14255833964789,5.201305211075848,15.291001384237752,0.9858139959989791,5.398516699847946,NORMAL
HemorrhageClass4NoFluid,StandardMale.xml,2572,71.96813885594105,117.81426127914052,76.99743955439133,90.6030467959744,4.971555815730273,69.22446173993796,5.199276656951712,15.307701096290051,0.9852246504306509,5.402401704320493,NORMAL
HemorrhageClass4NoFluid,StandardMale.xml,2573,71.93685568648706,117.59356111721031,76.67355669041704,90.3135581660148,4.943920143152593,69.12702211020834,5.2016238169823215,15.432782769169702,0.9848050187365387,5.398668984537123,NORMAL
HemorrhageClass4NoFluid,StandardMale.xml,2574,72.25718091716014,118.08587328708286,76.56543845091463,90.40558339630404,4.979055644426456,68.81865849518765,5.201739231533496,15.471736211030368,0.9840350550879429,5.4029879674899295,NORMAL
HemorrhageClass4NoFluid,StandardMale.xml,2575,72.15156199087734,118.56796596964902,75.95394828552068,90.1586208468968,5.018627817888776,68.99051424271148,5.199257714494974,15.384843418026923,0.9851520230587403,5.40320034051628,NORMAL
HemorrhageClass4NoFluid,StandardMale.xml,2576,72.28178919745051,118.7018650691458,75.49028513867091,89.89414511549587,5.052178986904824,69.5488587869862,5.202241607024113,15.299754358202255,0.983745444535892,5.398634128734081,NORMAL
HemorrhageClass4NoFluid,StandardMale.xml,2577,72.11379708813278,118.55867991401684,75.6890407299229,89.9789204579542,5.0810708226769785,69.84886133297292,5.198282515029571,15.276121250089304,0.9841209576543982,5.4041247560446575,NORMAL
HemorrhageClass4NoFluid,StandardMale.xml,2578,72.07147934680121,117.87723255269212,76.00458154482327,89.96213188077955,5.040809256292444,70.32952722800684,5.19819997575571,15.301393341268783,0.9835062880797814,5.396839675091494,NORMAL
HemorrhageClass4NoFluid,StandardMale.xml,2579,71.76234305221114,118.37424117125708,76.03618290773414,90.14886899557513,5.0638929139566695,69.8789883404174,5.196827060300126,15.421668378397484,0.9826140872590876,5.396687795495687,NORMAL
HemorrhageClass4NoFluid,StandardMale.xml,2580,71.51490276254405,118.09351718619244,76.40284876652571,90.29973823974795,5.080138694480865,70.40397713010108,5.196362272221932,15.333946665109199,0.9814799617870325,5.39416150910235,NORMAL
HemorrhageClass4NoFluid,StandardMale.xml,2581,71.46240011011004,118.46462440079796,76.36324011138609,90.39703487452338,5.09285411081333,70.79985581910756,5.196150925585601,15.38349427456935,0.9815880129722856,5.393306257751693,NORMAL
HemorrhageClass4NoFluid,StandardMale.xml,2582,71.39877057674316,117.94465539745521,76.31181250785924,90.18942680439123,5.067524418524488,70.99641971746163,5.194831533906101,15.317994081086116,0.9825832260247963,5.392917361167079,NORMAL
HemorrhageClass4NoFluid,StandardMale.xml,2583,71.64320678878249,118.00904780427344,76.0826170159057,90.0580939453616,5.065601123676226,70.74107455085608,5.19989013566792,15.409768288064111,0.9836662679506485,5.3904895632762155,NORMAL
HemorrhageClass4NoFluid,StandardMale.xml,2584,71.56174425087906,118.30573127121573,76.20928664549122,90.24143485406606,5.031090173198862,70.52039459634582,5.196187888356761,15.3984030681507,0.985146922637284,5.399797839869807,NORMAL
HemorrhageClass4NoFluid,StandardMale.xml,2585,71.96957594143247,118.92449505340753,76.55959627823663,90.6812292032936,5.0211999661614986,70.16845514144266,5.194815635746943,15.346038620025771,0.9840435511723163,5.392985375949388,NORMAL
HemorrhageClass4NoFluid,StandardMale.xml,2586,72.25590139876682,119.35135001333352,75.94529190238288,90.41397793936642,5.042507501461891,69.72381306161328,5.1939551906088335,15.236827195782615,0.9833087447630985,5.390460309251143,NORMAL
HemorrhageClass4NoFluid,StandardMale.xml,2587,72.32738638566518,118.8174875917192,76.5018738616888,90.60707843836559,5.007339045487939,69.75325702276842,5.198212224227889,15.161487559785105,0.984593222264016,5.388877013764317,NORMAL
HemorrhageClass4NoFluid,StandardMale.xml,2588,72.52970227799078,119.14046721073393,76.8850842430062,90.97021189891545,4.971901462404901,69.27490998976951,5.193410863949167,15.255713946481293,0.9841455357276121,5.3967103337725195,NORMAL
HemorrhageClass4NoFluid,StandardMale.xml,2589,72.06071498761938,118.5921865596957,76.94069026849891,90.8245223655645,4.980085682807751,68.69237839678071,5.190759192532693,15.198708243805603,0.9830149630618081,5.387875404358397,NORMAL
HemorrhageClass4NoFluid,StandardMale.xml,2590,71.89231917119105,119.01417377605144,76.85990652042854,90.9113289389695,4.9733821232254405,69.15693029102563,5.192362381749745,15.295479439063262,0.9846589791169332,5.382996093406078,NORMAL
HemorrhageClass4NoFluid,StandardMale.xml,2591,71.90434191862252,118.8944234683695,77.17927528931509,91.08432468233322,5.016162594705678,69.20870974848364,5.190193907151048,15.220998956790416,0.984533258717632,5.385946103975563,NORMAL
HemorrhageClass4NoFluid,StandardMale.xml,2592,72.0315392495738,118.70681529778064,77.58005579735804,91.28897563083224,5.025462643680952,69.71487417386221,5.187475005899102,15.24213481191299,0.9830896734365239,5.381955918089972,NORMAL
HemorrhageClass4NoFluid,StandardMale.xml,2593,71.9188574393019,118.64520193913522,77.68089249763972,91.33566231147155,4.995489718888463,69.72600732511529,5.1871647925464766,15.275247537801835,0.9823698671545914,5.3769528982684065,NORMAL
HemorrhageClass4NoFluid,StandardMale.xml,2594,72.30051936221521,118.60554744072621,77.8498441361801,91.4350785710288,4.9699200499477865,69.45422573266914,5.188624686243015,15.28612225743432,0.9835292290451234,5.376382078143553,NORMAL
HemorrhageClass4NoFluid,StandardMale.xml,2595,72.43568138430206,118.1009869465207,77.10798042469452,90.77231593196991,4.949938843583027,68.84701293158565,5.18596633219412,15.293121251838219,0.9846703265326946,5.379068412226459,NORMAL
HemorrhageClass4NoFluid,StandardMale.xml,2596,71.96237317581034,117.81593789446498,76.48891419640827,90.26458876242718,4.946775596281018,68.50233214233891,5.182169550830016,15.382175866498802,0.9834662387105575,5.374176804636873,NORMAL
HemorrhageClass4NoFluid,StandardMale.xml,2597,71.76499254886545,117.50491228184987,76.02364622119346,89.85073490807893,4.97126450725936,68.83307539998454,5.183227055708771,15.43248684760357,0.9821615476561671,5.3671903896616495,NORMAL
HemorrhageClass4NoFluid,StandardMale.xml,2598,71.53963948461626,117.5234116633821,76.04328527753398,89.8699940728167,4.942057187641741,69.28361870774842,5.18412842100644,15.487382675555033,0.9832492666186201,5.3691362925759325,NORMAL
HemorrhageClass4NoFluid,StandardMale.xml,2599,71.94296999871796,117.55152368089173,75.82321775749479,89.73265306529377,4.969516784225984,69.10858980182985,5.184029316387864,15.484117546174648,0.9837724511178692,5.370794884791254,NORMAL
HemorrhageClass4NoFluid,StandardMale.xml,2600,71.94037446510389,117.43469448298441,76.27927549983883,89.99774849422069,5.008945792003778,69.1222534043261,5.183560604132642,15.479155792499117,0.9842264350530329,5.370612523489685,NORMAL
HemorrhageClass4NoFluid,StandardMale.xml,2601,71.95992527493338,117.88684488303633,76.45020084083681,90.26241552156999,5.004040771938395,69.59934108958574,5.188871540230347,15.499776073556049,0.9844496851865443,5.369750051304713,NORMAL
HemorrhageClass4NoFluid,StandardMale.xml,2602,72.1508345948103,117.74963475148478,76.45654974384179,90.22091141305611,4.978035056417497,69.52477767139285,5.189156687936036,15.419971808046405,0.9833564752321817,5.379522645491008,NORMAL
HemorrhageClass4NoFluid,StandardMale.xml,2603,72.09851090516693,117.16770415484952,76.62788314631449,90.14115681582616,4.956824770983542,69.06153423916057,5.1928957878441,15.444189311265902,0.9841727945863692,5.3800473425989335,NORMAL
HemorrhageClass4NoFluid,StandardMale.xml,2604,72.42128989011388,117.48305601480727,77.11404919955275,90.5703848046376,4.999107628399208,68.84749345521057,5.197724680623668,15.546899701075866,0.9837164021035495,5.386927618571246,NORMAL
HemorrhageClass4NoFluid,StandardMale.xml,2605,72.08295807869963,117.65110583376189,77.06339450614196,90.59263161534861,5.008411158921933,69.10265732871454,5.200316550873395,15.491240293148461,0.9849637090551069,5.395813210232616,NORMAL
HemorrhageClass4NoFluid,StandardMale.xml,2606,72.43219390877708,118.01802915900149,77.2977259123927,90.87116032792896,5.019871215993665,69.48017127225327,5.201143008229792,15.461579604206994,0.9853876832533928,5.400582481726026,NORMAL
HemorrhageClass4NoFluid,StandardMale.xml,2607,72.14286809521053,118.08683317539058,76.82898476748542,90.5816009034538,4.990551024085379,69.34290140980025,5.202584815007787,15.396817864604998,0.9859640965624112,5.402103236675391,NORMAL
HemorrhageClass4NoFluid,StandardMale.xml,2608,71.91258744457109,118.18527722814542,77.20500246986707,90.86509405595986,4.968063812158626,69.21822778709284,5.202937585979024,15.384673998335245,0.9853111959037735,5.404756289221529,NORMAL
HemorrhageClass4NoFluid,StandardMale.xml,2609,71.86273296877343,118.14825109608238,77.2369387345597,90.87404285506726,4.99128441929432,69.12864692282155,5.206527773016655,15.36729868400844,0.9844429121180567,5.405405419144989,NORMAL
HemorrhageClass4NoFluid,StandardMale.xml,2610,72.13420872591492,117.83661104427276,77.62187261724743,91.02678542625587,4.998128153091492,69.44791029213873,5.2036162204023775,15.373833773380504,0.9837491431502817,5.412011682207883,NORMAL
HemorrhageClass4NoFluid,StandardMale.xml,2611,72.35849158166064,118.24071309342123,77.56475296916362,91.12340634391616,5.01637971927354,69.31612257642682,5.20013168805467,15.428838049469164,0.9836896363116503,5.406654166766552,NORMAL
HemorrhageClass4NoFluid,StandardMale.xml,2612,72.55340331701888,118.71728849123583,77.307444847052,91.11072606177994,4.989142794629921,69.35891409380153,5.196864464515497,15.35751428812884,0.9825040546355428,5.4002423177183445,NORMAL
HemorrhageClass4NoFluid,StandardMale.xml,2613,72.09743833258938,118.27808996316796,77.63510314300314,91.1827654163914,4.988069009682569,68.88026783549755,5.197385168780137,15.27339902564496,0.9826967221461468,5.394230336181222,NORMAL
HemorrhageClass4NoFluid,StandardMale.xml,2614,71.76978623084841,118.23187202781857,77.91743272711777,91.3555791606847,4.97580742961248,69.22409560242875,5.198390024698538,15.350917293772884,0.9830558188305032,5.395188478281934,NORMAL
HemorrhageClass4NoFluid,StandardMale.xml,2615,72.14350151987222,117.84486442117708,77.2712159356704,90.7957654308393,5.004013656705978,69.33467234527792,5.201046241025301,15.359074730730821,0.9820069361973761,5.397037502432397,NORMAL
HemorrhageClass4NoFluid,StandardMale.xml,2616,72.3520760100769,117.71907769383346,77.47054702191808,90.88672391255653,5.032517603158461,69.3795556698037,5.201442382966401,15.427381333558378,0.9812660473532221,5.401925176423369,NORMAL
HemorrhageClass4NoFluid,StandardMale.xml,2617,72.59495264098342,117.42352312901373,77.36280521388876,90.71637785226375,5.036715188765614,69.55747873222454,5.205724325259935,15.449582613011778,0.9827190739809766,5.402654112783987,NORMAL
HemorrhageClass4NoFluid,StandardMale.xml,2618,72.50200522103952,117.49954249980215,77.28537695028935,90.69009880012695,5.019772619445366,69.41686407061248,5.202372490817458,15.501747810611409,0.9836213901167468,5.4105332669658495,NORMAL
HemorrhageClass4NoFluid,StandardMale.xml,2619,72.57496942845972,117.3794178479631,77.15154264286711,90.56083437789911,4.99191294318195,69.28698614853872,5.203557068253736,15.488330438759967,0.9834146549786562,5.404365593850724,NORMAL
HemorrhageClass4NoFluid,StandardMale.xml,2620,72.11944996091017,117.92533440562394,77.3169610244566,90.85308548484572,5.032793163610817,68.89662164530289,5.205958347653727,15.509532365394369,0.9826473977501147,5.40654532155861,NORMAL
HemorrhageClass4NoFluid,StandardMale.xml,2621,71.92030150718739,117.65705278434456,77.6692676181961,90.99852934024558,5.040060216224531,69.74453940578225,5.208628671756023,15.413178431153302,0.9839010583193617,5.410963888958463,NORMAL
HemorrhageClass4NoFluid,StandardMale.xml,2622,71.99383024730814,117.1506233189308,76.95281362536838,90.35208352322252,5.061542042618972,69.99019845875998,5.204568808736611,15.46052997111319,0.9831190790939167,5.415877522509598,NORMAL
HemorrhageClass4NoFluid,StandardMale.xml,2623,72.17731485927601,117.80838334069716,77.28196605447528,90.79077181654924,5.015176683066856,70.1903332462993,5.200695660711696,15.54991445803423,0.9835010345487437,5.408407013919257,NORMAL
HemorrhageClass4NoFluid,StandardMale.xml,2624,72.3685495390306,118.15257247505923,77.23558648704072,90.87458181638023,5.001016134976137,69.48706495206929,5.195880338237336,15.433820221663671,0.9830292571833513,5.401280077504545,NORMAL
HemorrhageClass4NoFluid,StandardMale.xml,2625,72.28411783327563,118.34990132046184,77.37230779444289,91.03150563644921,4.976308967004215,69.16680937978819,5.197330529983478,15.373071052668113,0.9822758269326793,5.392419456410197,NORMAL
HemorrhageClass4NoFluid,StandardMale.xml,2626,71.83654598964623,118.19060500228176,77.1751733113113,90.84698387496812,4.956296135426814,68.93648662191245,5.198478818663486,15.338242633696431,0.9812724274636025,5.395087938042558,NORMAL
HemorrhageClass4NoFluid,StandardMale.xml,2627,72.24010685780573,117.67146599480859,76.4951865625787,90.22061303998866,4.934188623381211,69.04658656988529,5.195118319469756,15.366358335173846,0.980692204565595,5.3972008912154035,NORMAL
HemorrhageClass4NoFluid,StandardMale.xml,2628,71.89104623994666,117.97157008899146,76.6774830061882,90.44217870045595,4.939777152634237,68.46514579588185,5.19517416523903,15.457986048395025,0.9815171853082906,5.39101727418829,NORMAL
HemorrhageClass4NoFluid,StandardMale.xml,2629,71.553598975613,118.12308293065884,76.89310194403932,90.63642893957916,4.914933071610573,68.80460800887477,5.1916871135292695,15.40501786168116,0.981503744665406,5.391120035364491,NORMAL
HemorrhageClass4NoFluid,StandardMale.xml,2630,71.3381197387818,117.66161007448594,76.33330784800019,90.1094085901621,4.94399101477449,68.76932398367973,5.191816685273654,15.378275938986508,0.9824522878850153,5.384703550466314,NORMAL
HemorrhageClass4NoFluid,StandardMale.xml,2631,71.58747241425205,118.2971148539978,76.60608553102705,90.50309530535063,4.986039241437842,69.29161519868053,5.189450500304666,15.459725612226398,0.9830249137401817,5.384941973985743,NORMAL
HemorrhageClass4NoFluid,StandardMale.xml,2632,71.84599572677782,117.61403517330679,76.62112921637215,90.28543120201704,4.982413611087961,69.6028614618391,5.188667123570221,15.347559412327012,0.9832912782947005,5.380587983456348,NORMAL
HemorrhageClass4NoFluid,StandardMale.xml,2633,72.00218174019523,117.59686778776714,77.00039162716159,90.53255034736344,5.009655485700252,69.35415941343044,5.192339737901828,15.468122552812673,0.9822387888424151,5.379146500678196,NORMAL
HemorrhageClass4NoFluid,StandardMale.xml,2634,72.21327431865488,117.33910005137007,76.40339292210662,90.0486286318611,4.9911261619103025,69.55897051266314,5.1958505886366195,15.471152585725513,0.9830086882480715,5.38590443728396,NORMAL
HemorrhageClass4NoFluid,StandardMale.xml,2635,72.27489295797162,116.91361354459767,76.16057975329949,89.74492435039888,4.953006838509224,69.16985311524529,5.197831592091891,15.516648431516847,0.9846138562692585,5.392364714502245,NORMAL
HemorrhageClass4NoFluid,StandardMale.xml,2636,71.94516578124258,116.74266546518741,75.69628002777497,89.37840850691245,4.98646197741926,68.66401272637236,5.1989189805491085,15.591746536380484,0.9852466076997289,5.396009936831012,NORMAL
HemorrhageClass4NoFluid,StandardMale.xml,2637,71.84848729529402,117.54515303888209,75.99785711127613,89.84695575381146,5.015435872393451,69.32467335107816,5.1946655898336,15.62191876649695,0.9859532261971017,5.398010828184203,NORMAL
HemorrhageClass4NoFluid,StandardMale.xml,2638,72.00007700028563,118.02610598547366,75.65565070732205,89.77913580003926,5.02673706127277,69.75046430510343,5.196054133207121,15.480280206867313,0.9847616204308594,5.390184211442124,NORMAL
HemorrhageClass4NoFluid,StandardMale.xml,2639,72.15571150994398,118.01821973730343,75.11661906168311,89.41715262022322,4.990951212310601,69.76629679555191,5.201058482367239,15.395392309736115,0.9836366312083015,5.39273925459268,NORMAL
HemorrhageClass4NoFluid,StandardMale.xml,2640,71.94785535054186,117.9094858318589,75.05123834498342,89.33732084060858,4.978286921213895,69.21294636070608,5.199640756877612,15.396784227652764,0.9831664756329048,5.401947701579925,NORMAL
HemorrhageClass4NoFluid,StandardMale.xml,2641,72.29652360826148,117.51693918123406,74.59517136107259,88.90242730112641,5.016498424644831,69.22406604623102,5.203550503357229,15.415975694604906,0.9841486393332888,5.3993389607435045,NORMAL
HemorrhageClass4NoFluid,StandardMale.xml,2642,71.86328943522892,118.25984032356489,75.27646535226901,89.60425700936764,5.0080989028683165,69.4090482920246,5.201884846582013,15.485259935264185,0.9832025719615642,5.4065332415658816,NORMAL
HemorrhageClass4NoFluid,StandardMale.xml,2643,71.6727162919082,118.22210820643554,74.83385367162452,89.2966051832282,5.014946104387508,69.65023125900728,5.1973493281769265,15.354138343857482,0.9840028093257859,5.403468285140429,NORMAL
HemorrhageClass4NoFluid,StandardMale.xml,2644,72.10323797869951,118.09972045112059,75.40523662497895,89.63673123369283,4.974746878968517,69.88447915988208,5.194843276681367,15.360798039156403,0.9829619886186324,5.395122528388331,NORMAL
HemorrhageClass4NoFluid,StandardMale.xml,2645,71.90964313572734,118.2981349676548,75.95646716423522,90.07035643204175,4.9654998533641,69.05932568849933,5.192866204056,15.382399402152348,0.9842171045299934,5.390511171025807,NORMAL
HemorrhageClass4NoFluid,StandardMale.xml,2646,72.18823616802639,118.5213313570083,76.13203158675555,90.26179817683979,4.94783953793724,69.10006202541322,5.195539908107607,15.347379362898497,0.9836360687757326,5.386873181773234,NORMAL
HemorrhageClass4NoFluid,StandardMale.xml,2647,71.95387269145236,117.9346458636767,76.25588210852683,90.14880336024346,4.987421688868656,68.66944825084796,5.194951917406162,15.307985338443991,0.9837342837894023,5.391793034731341,NORMAL
HemorrhageClass4NoFluid,StandardMale.xml,2648,72.29359939813563,118.13809933470779,76.06809448698017,90.09142943622271,5.020539542704184,69.32936697590318,5.193438133083755,15.411534964575278,0.9825301320264753,5.390711079609904,NORMAL
HemorrhageClass4NoFluid,StandardMale.xml,2649,72.19462867102871,118.36976809348894,76.65774062036847,90.5617497780753,5.007562859548505,69.45984164368677,5.193214492069267,15.375625552974276,0.9817450592811968,5.387925581988336,NORMAL
HemorrhageClass4NoFluid,StandardMale.xml,2650,71.9562265078156,118.29771929402878,76.10816409088571,90.17134915860007,5.033497692223505,69.38194677991075,5.191268026854648,15.33473616056428,0.9818078645866185,5.3875140626558125,NORMAL
HemorrhageClass4NoFluid,StandardMale.xml,2651,71.65260948077062,118.33965431667947,76.41844272410847,90.39217992163213,5.052819133358448,69.88254039967758,5.192108027108882,15.347452729035984,0.9806792848179193,5.383932393757853,NORMAL
HemorrhageClass4NoFluid,StandardMale.xml,2652,71.3368970290484,118.87579892211818,76.72031031352758,90.77213984972444,5.0500952074668675,70.3583194926617,5.188742806325927,15.340051223516175,0.980720665149247,5.385478068842243,NORMAL
HemorrhageClass4NoFluid,StandardMale.xml,2653,71.66785260077535,118.19886279906584,76.22992084903973,90.2195681657151,5.044728821340637,70.57978319146834,5.190086608167743,15.245422032788756,0.9811133776474932,5.379285763671538,NORMAL
HemorrhageClass4NoFluid,StandardMale.xml,2654,71.9779296434179,118.41376806518434,76.14021788746021,90.23140128003492,5.010624998091717,70.24830138786494,5.186184059742464,15.36490083915702,0.9820835126509116,5.381758478429399,NORMAL
HemorrhageClass4NoFluid,StandardMale.xml,2655,72.36129125448934,118.65117431630819,76.07988825329242,90.27031694096435,4.984849436201655,69.58983391718655,5.182713227580885,15.326970192817278,0.9821755914924644,5.3745774426664035,NORMAL
HemorrhageClass4NoFluid,StandardMale.xml,2656,72.093002663543,118.52138394805952,75.74552794028155,90.00414660954087,4.953242917281815,68.97864458350416,5.179573385451955,15.285068136563076,0.9835121062436206,5.368190803177651,NORMAL
HemorrhageClass4NoFluid,StandardMale.xml,2657,71.96504104695771,118.50309150708564,75.5060865449598,89.83842153233508,4.943486243882113,68.80872135236928,5.184216873828359,15.307976056156027,0.9826560135389646,5.362413214750571,NORMAL
HemorrhageClass4NoFluid,StandardMale.xml,2658,72.13462982460497,117.77868290054101,75.64228036142109,89.68774787446107,4.925547542768875,68.79136691981122,5.185795739837612,15.31120466065606,0.9829277953259893,5.370957645840784,NORMAL
HemorrhageClass4NoFluid,StandardMale.xml,2659,71.9944923919581,117.70096009396578,75.5996954258061,89.63345031519266,4.915759662600303,68.44325850745243,5.182228290233102,15.439062330952314,0.9819549687859477,5.373862899547307,NORMAL
HemorrhageClass4NoFluid,StandardMale.xml,2660,71.59986409570837,117.31464892491759,75.85199337791303,89.67287856024788,4.956747361217415,68.43447918450777,5.180652893839981,15.452780358164878,0.9819061755969848,5.367298475381103,NORMAL
HemorrhageClass4NoFluid,StandardMale.xml,2661,71.93046478751064,117.98241849761553,75.79675609778981,89.85864356439838,4.9428429339481585,69.23872356071996,5.181574551796434,15.52096404018865,0.9818344163498449,5.364399606076468,NORMAL
HemorrhageClass4NoFluid,StandardMale.xml,2662,72.20162384261891,117.39499115677253,75.92281451093967,89.74687339288396,4.952421075858838,68.81068385146064,5.186354699666743,15.403103124279417,0.9826859542063971,5.366095538586533,NORMAL
HemorrhageClass4NoFluid,StandardMale.xml,2663,72.14507835382243,116.81100005093157,76.50767142471553,89.94211430012088,4.950993629296863,68.71405369088,5.1867013530902595,15.506783686036904,0.982302778951389,5.374891435284894,NORMAL
HemorrhageClass4NoFluid,StandardMale.xml,2664,71.98304550782741,117.07575109758083,76.75413371818846,90.19467284465259,4.98112573183952,68.74100550144082,5.18327042973313,15.609857754445226,0.9827839796999583,5.375529308377132,NORMAL
HemorrhageClass4NoFluid,StandardMale.xml,2665,72.11934805855464,116.6584059938173,76.36830061948125,89.79833574425993,4.945210142631081,69.23054603654262,5.186159084253723,15.563129358720424,0.9832178567008388,5.369216104633635,NORMAL
HemorrhageClass4NoFluid,StandardMale.xml,2666,72.1328163157206,117.43411468851066,75.80655780089131,89.68241009676443,4.969696104539812,68.69155225378286,5.189838615092605,15.636790510996459,0.9844341099615258,5.374531485548566,NORMAL
HemorrhageClass4NoFluid,StandardMale.xml,2667,72.21360046243758,117.17798672718946,75.23292012660353,89.2146089934655,4.953673464624222,68.97541362417051,5.195625924592931,15.499878406921493,0.9831766925030059,5.381302149142105,NORMAL
HemorrhageClass4NoFluid,StandardMale.xml,2668,72.4024474213063,116.63379152870236,75.45572447081771,89.18174682344593,4.95998743286736,68.71976043757266,5.199053975752336,15.545084833427744,0.9827153627072772,5.3919513127051175,NORMAL
HemorrhageClass4NoFluid,StandardMale.xml,2669,72.59360084357752,117.24472158418217,76.03479176508237,89.77143503811564,4.956914006662856,68.64853564480201,5.200190706764766,15.641134948841,0.9843671258958726,5.398259231349666,NORMAL
HemorrhageClass4NoFluid,StandardMale.xml,2670,72.59710454217729,117.54070681689726,75.66910016338609,89.62630238122314,4.969875077044165,68.46356199625761,5.202027015823397,15.533306172509645,0.9853587236264236,5.4003509173875095,NORMAL
HemorrhageClass4NoFluid,StandardMale.xml,2671,72.39464485049763,117.67383400911706,75.45912114063029,89.53069209679255,4.9667563469280145,68.61585119867678,5.200684984809345,15.481064962293278,0.9841287719636307,5.403729889173363,NORMAL
HemorrhageClass4NoFluid,StandardMale.xml,2672,72.09613474425758,117.41347656642485,74.98160108908252,89.12555958152996,4.969573162096976,68.73573271204657,5.198291957693351,15.457568095336526,0.9833983281560168,5.401260432895887,NORMAL
HemorrhageClass4NoFluid,StandardMale.xml,2673,71.81806480912336,117.23364224349548,74.72088451535683,88.89180375806971,4.992581083753988,69.00267432822854,5.20309893392035,15.503521022684671,0.9840355852723773,5.396857050431633,NORMAL
HemorrhageClass4NoFluid,StandardMale.xml,2674,71.9271411370562,117.43970116761594,75.36554810606549,89.39026579324897,5.033222350987963,69.4989024934284,5.202311836644563,15.535261669277382,0.9826566770508768,5.405702313689446,NORMAL
HemorrhageClass4NoFluid,StandardMale.xml,2675,72.10953771994555,118.08103719265306,75.03826944357571,89.38585869326816,5.023262682121116,69.90235447971966,5.207007443874584,15.498892396820139,0.9833250056930236,5.404253984784733,NORMAL
HemorrhageClass4NoFluid,StandardMale.xml,2676,71.71072746086375,118.02569093620231,75.16996125982716,89.45520448528555,5.045751003229136,69.6377868886641,5.206852662948453,15.385696985697905,0.9824735153944643,5.41289431919528,NORMAL
HemorrhageClass4NoFluid,StandardMale.xml,2677,71.43438193081842,117.39956362650923,74.8575235522064,89.03820357697401,5.052889172155839,70.22628707300082,5.201579048336807,15.39546556567539,0.9835852704668675,5.412609508542124,NORMAL
HemorrhageClass4NoFluid,StandardMale.xml,2678,71.63912714682017,116.90322603015301,75.50883467954877,89.30696512975018,5.080769473284525,70.53489418868138,5.205889936168185,15.505976647960946,0.984595943501176,5.402905589205419,NORMAL
HemorrhageClass4NoFluid,StandardMale.xml,2679,71.49271088465278,117.29018499216016,75.86765893264595,89.67516761915068,5.075742268594963,70.70705856198298,5.20637374228855,15.593579926245075,0.9857831029941875,5.410838005748124,NORMAL
HemorrhageClass4NoFluid,StandardMale.xml,2680,71.80869834181989,117.30160282420212,75.45913648982186,89.40662526794861,5.0346158348262975,70.76458584119635,5.21062423901195,15.525281909165344,0.9871080472217578,5.411728251985734,NORMAL
HemorrhageClass4NoFluid,StandardMale.xml,2681,72.02814083493871,117.4361691976117,75.67384243729464,89.59461802406699,5.067174277558439,70.01352136829492,5.21405280548568,15.523266668883089,0.986964149568816,5.419549543525264,NORMAL
HemorrhageClass4NoFluid,StandardMale.xml,2682,72.27529485996217,117.9943818816225,76.27677680953764,90.18264516689926,5.092477955945015,70.23074717496166,5.2168708410783395,15.499515787337891,0.986219447072791,5.4258584103939445,NORMAL
HemorrhageClass4NoFluid,StandardMale.xml,2683,71.93598488324977,118.35600776539809,76.18580429072044,90.24253878227965,5.1105812828694095,70.33768775304755,5.214082431707228,15.400991594413298,0.9861613814897965,5.43104384620845,NORMAL
HemorrhageClass4NoFluid,StandardMale.xml,2684,72.28927068871944,118.41369843012522,76.09239602446647,90.19949682635271,5.096408309275422,70.82739743367144,5.212333141098402,15.337164849948024,0.9846031246259049,5.425912925273268,NORMAL
HemorrhageClass4NoFluid,StandardMale.xml,2685,71.97489483654742,118.80170598158756,75.7929400201157,90.12919534060632,5.047320018864376,70.37371233273558,5.211090113945641,15.326982483362077,0.9845546827987189,5.422694075164841,NORMAL
HemorrhageClass4NoFluid,StandardMale.xml,2686,71.65440328646031,119.18713271451362,76.22781272571213,90.54758605531262,5.0314406711136,70.03416926046484,5.206054677732319,15.258499390893085,0.9848773295627199,5.4204067947865795,NORMAL
HemorrhageClass4NoFluid,StandardMale.xml,2687,71.39025230870307,119.2547737369951,75.70188304900373,90.21951327833419,4.999881701322194,70.09846708745094,5.209480471910618,15.190471811296977,0.9854101591377774,5.411141144860002,NORMAL
HemorrhageClass4NoFluid,StandardMale.xml,2688,71.5731247665924,119.51538253802583,75.85679476730814,90.40965735754737,4.993775410863785,69.92787201206946,5.212760571453874,15.178533212731462,0.9843286756711226,5.41744491045883,NORMAL
HemorrhageClass4NoFluid,StandardMale.xml,2689,71.83146847386543,119.1862667424559,76.40554601980455,90.66578626068834,5.008226134401879,69.70787020520793,5.215219616288839,15.132535920792284,0.9848761020817444,5.42348058498723,NORMAL
HemorrhageClass4NoFluid,StandardMale.xml,2690,71.50203835724054,118.40726529706203,76.18346260096196,90.25806349966199,5.024201614042921,69.6770170044952,5.211589237380506,15.19062465482871,0.9857574209746451,5.428005445918695,NORMAL
HemorrhageClass4NoFluid,StandardMale.xml,2691,71.82439676727581,118.25234227422001,75.98743722984871,90.0757389113058,4.984501539783775,70.13295563409486,5.214658482993115,15.328117927362513,0.9861238413711888,5.421325226243496,NORMAL
HemorrhageClass4NoFluid,StandardMale.xml,2692,71.59785166141828,117.9204557267739,76.46142876696335,90.28110442023353,5.00183916296989,69.39641628818916,5.21406833160997,15.355461744921936,0.9855339047184715,5.426972910809509,NORMAL
HemorrhageClass4NoFluid,StandardMale.xml,2693,71.57265826057235,117.37961486799925,76.92442165890802,90.40948606193842,5.008077029721636,69.78571333939753,5.216533423122935,15.414039514948076,0.9859671095293643,5.4258869798418115,NORMAL
HemorrhageClass4NoFluid,StandardMale.xml,2694,71.76306369963613,117.00692739382666,76.98379759775862,90.32484086311463,5.037783196145241,69.88127370211899,5.219473754557804,15.509497591480038,0.9864958168144499,5.43042296719792,NORMAL
HemorrhageClass4NoFluid,StandardMale.xml,2695,71.63244495305841,117.27737122353739,76.72867514444074,90.24490717080629,5.012645811500202,70.08818913560022,5.2155650328240215,15.575276699797916,0.9867116297169733,5.435833438225538,NORMAL
HemorrhageClass4NoFluid,StandardMale.xml,2696,71.31956820856723,117.29656601619351,76.41792596663271,90.04413931648631,4.976143168779171,69.8888043888707,5.209436673990003,15.527543531389348,0.9867572747921933,5.428641043026527,NORMAL
HemorrhageClass4NoFluid,StandardMale.xml,2697,71.12467730714785,116.87849725791257,76.94628991580637,90.25702569650844,4.967764749353977,69.69647611549443,5.211282651379789,15.524155662376394,0.9875933302721736,5.417364318394359,NORMAL
HemorrhageClass4NoFluid,StandardMale.xml,2698,71.20865115864453,117.06994482383494,76.3851671564046,89.94675971221471,4.972258601380833,69.75059709241624,5.211119243840717,15.597944539226457,0.9882540114901501,5.420761080768369,NORMAL
HemorrhageClass4NoFluid,StandardMale.xml,2699,71.12970043336416,117.22770009441818,76.37915295302659,89.99533533349046,4.976096297556921,69.73798540616441,5.211371000621741,15.564154162439685,0.9891348379253376,5.420460396381106,NORMAL
HemorrhageClass4NoFluid,StandardMale.xml,2700,70.9974264922078,116.98039193861902,76.31002962698219,89.86681706419446,5.0185260245558725,69.84788741030275,5.212990778382742,15.536310454908465,0.9886397574943038,5.420923651221559,NORMAL
HemorrhageClass4NoFluid,StandardMale.xml,2701,71.23976243467068,116.99507925258413,76.42148705930012,89.94601779039479,4.981132599443767,70.47090248912578,5.209951089922257,15.5799601912038,0.9874920939451303,5.423904186185458,NORMAL
HemorrhageClass4NoFluid,StandardMale.xml,2702,71.64132712864664,117.23425766815063,76.67998734698261,90.19807745403862,5.001625935694719,69.82087312108253,5.207732915829151,15.5773678893875,0.9880593102813057,5.418310889404895,NORMAL
HemorrhageClass4NoFluid,StandardMale.xml,2703,71.78609553961331,117.76504348208417,77.19838151152501,90.72060216837806,5.031260111449735,69.74849426568038,5.209261973751338,15.535153047206995,0.9866385827298441,5.4142292520348185,NORMAL
HemorrhageClass4NoFluid,StandardMale.xml,2704,71.59554487622367,118.10025183194747,77.53089893469719,91.05401656711395,5.014437021079668,69.9910589598535,5.213331553437205,15.441469679860557,0.9851389414725688,5.417042854436724,NORMAL
HemorrhageClass4NoFluid,StandardMale.xml,2705,71.4724701747149,118.16728321544193,76.86428823828903,90.63195323067333,4.999111191795926,69.93993100890138,5.215566209163339,15.382305613765585,0.9836936249439678,5.424531242556466,NORMAL
HemorrhageClass4NoFluid,StandardMale.xml,2706,71.3005537978495,118.7166276340418,76.49683168708938,90.57009700274018,4.983396565209614,69.85276755243625,5.210768049401513,15.370474616103621,0.982671784919979,5.428643207595364,NORMAL
HemorrhageClass4NoFluid,StandardMale.xml,2707,71.10523104307389,118.37745881259349,75.87633138419818,90.04337386032995,4.961066738313186,69.79969739605832,5.207798605406074,15.273515666530319,0.9814427036051984,5.419814167416629,NORMAL
HemorrhageClass4NoFluid,StandardMale.xml,2708,71.32120060603539,118.19599687870331,75.3666783415801,89.64311785395451,4.986698056037078,69.68470667008786,5.207017459269533,15.333378753406597,0.9829617915242284,5.414350126691513,NORMAL
HemorrhageClass4NoFluid,StandardMale.xml,2709,71.6422635036063,118.55432645487919,74.99322833604103,89.51359437565375,4.969164187491201,69.82324139156391,5.206838775670199,15.365406672325616,0.9838837821592786,5.412912748411646,NORMAL
HemorrhageClass4NoFluid,StandardMale.xml,2710,71.8114996655342,118.55457750905033,75.65923845179172,89.95768480421125,4.991627976824944,69.35531367356874,5.209954964888553,15.302161724109684,0.9838582051972753,5.412583954716538,NORMAL
HemorrhageClass4NoFluid,StandardMale.xml,2711,71.8865913416867,117.92507028902105,75.19482233597442,89.4382383203233,4.974412084350314,69.49260197686074,5.209328725788057,15.302117413203998,0.9854353272906601,5.418318019687089,NORMAL
HemorrhageClass4NoFluid,StandardMale.xml,2712,72.13697033636493,118.40950324586984,75.43649022480254,89.76082789849164,5.011347739302345,69.2256400297207,5.2098487430395695,15.413225047570098,0.986742075231516,5.417165684113822,NORMAL
HemorrhageClass4NoFluid,StandardMale.xml,2713,72.14887384119129,118.5244407788782,75.54878887369128,89.87400617542025,5.034218412322304,69.47286514463886,5.206551038838105,15.327722930784304,0.988028554028797,5.418122562049351,NORMAL
HemorrhageClass4NoFluid,StandardMale.xml,2714,72.03854964555701,118.62878049838058,75.53022353551992,89.8964091898068,5.064087968700185,69.73837420690069,5.204838870859926,15.307436527410186,0.9872234551427951,5.412054493386037,NORMAL
HemorrhageClass4NoFluid,StandardMale.xml,2715,72.34558033899931,117.98131105822523,75.3937657163904,89.58961416366868,5.0364539537452195,70.18529542817812,5.2025875328208,15.28902063155471,0.9875253972965973,5.408903952215574,NORMAL
HemorrhageClass4NoFluid,StandardMale.xml,2716,71.97145403565194,118.14268301399534,75.73185802904594,89.86879969069574,5.04596297043464,69.60980444630263,5.197966525908967,15.403298586645764,0.987885835560186,5.404761290238895,NORMAL
HemorrhageClass4NoFluid,StandardMale.xml,2717,71.95883391412907,117.93175981841726,75.99975461129235,89.97708968033399,5.030363476025418,70.02056619528902,5.200076780228221,15.374816536419535,0.9872088800173977,5.396258227040503,NORMAL
HemorrhageClass4NoFluid,StandardMale.xml,2718,71.62260298477752,117.34982710689907,76.21910271185655,89.92934417687073,4.991270795891915,69.84271390276132,5.20339588142953,15.412044349775716,0.9871457201292537,5.4001412824402575,NORMAL
HemorrhageClass4NoFluid,StandardMale.xml,2719,71.90804737157833,117.85672990180377,75.84192730852034,89.84686150628148,4.977583886578488,69.63819598999946,5.202232257680726,15.514755112861206,0.9876022276974764,5.406248723483964,NORMAL
HemorrhageClass4NoFluid,StandardMale.xml,2720,71.62532598492947,117.8940994790412,75.57238774826027,89.67962499185391,4.970359036660732,69.24696091218173,5.197611889844186,15.425287083578231,0.9873506894458305,5.404107552422332,NORMAL
HemorrhageClass4NoFluid,StandardMale.xml,2721,71.33256424248387,118.03830746849597,75.80422633654477,89.88225338052851,4.958395524714201,69.38317622993654,5.194161700048528,15.418691376345645,0.9872537972542381,5.395605665179248,NORMAL
HemorrhageClass4NoFluid,StandardMale.xml,2722,71.5178409347241,117.58430477987412,75.57921118288178,89.58090904854589,4.954040841168988,69.4707822407052,5.193378951451868,15.39323875554129,0.9881691452958935,5.389257009477435,NORMAL
HemorrhageClass4NoFluid,StandardMale.xml,2723,71.8336552518232,117.96993435192799,75.69675802030442,89.78781679751228,4.954951661980631,69.27089293839678,5.193883375740406,15.473369948836062,0.9865657614677998,5.387816682528602,NORMAL
HemorrhageClass4NoFluid,StandardMale.xml,2724,72.09515077520746,117.64045027606332,75.1496159845849,89.3132274150777,4.98418882914171,69.03264242609342,5.192479854839142,15.405306568259551,0.9862113421374185,5.38874486802715,NORMAL
HemorrhageClass4NoFluid,StandardMale.xml,2725,71.96925288178001,118.04147130119642,75.05743882825954,89.38544965257184,5.017690734197267,69.17922757401462,5.193793233940628,15.463460303539852,0.9869620390780465,5.386162264895102,NORMAL
HemorrhageClass4NoFluid,StandardMale.xml,2726,71.8216435112519,117.78310345511414,74.83307189596489,89.14974908234798,5.037836466170991,69.68180346024775,5.197342145819239,15.3926803410296,0.9853918371018865,5.3885789991083275,NORMAL
HemorrhageClass4NoFluid,StandardMale.xml,2727,71.55865872191535,118.30844172814253,74.81362516237733,89.31189735096574,5.056713993332188,70.04204934149206,5.2013135125651475,15.438282105808614,0.9862103448580217,5.395109312212183,NORMAL
HemorrhageClass4NoFluid,StandardMale.xml,2728,71.92209090312997,117.83025437098536,74.85550864669925,89.18042388812795,5.065211981095633,70.48099566154396,5.196750413921873,15.345560226057277,0.9858030421810423,5.402416979798218,NORMAL
HemorrhageClass4NoFluid,StandardMale.xml,2729,71.80341509210962,118.00173621123754,74.6646724647113,89.11036038022004,5.020826750714196,70.29186809201238,5.1989581620117145,15.429959998366538,0.9862646371249973,5.394020472957925,NORMAL
HemorrhageClass4NoFluid,StandardMale.xml,2730,71.56726120294441,117.56296547433826,74.43146707694449,88.80863320940908,5.001583236002826,69.85134488247127,5.203674252476324,15.399693559792127,0.9870580980262013,5.398082925555858,NORMAL
HemorrhageClass4NoFluid,StandardMale.xml,2731,71.58824902541244,118.1482142772052,74.84851410954766,89.28174749876685,4.999288346609654,69.80701189671598,5.202392836424133,15.477136323043801,0.9876849683190644,5.40676095093756,NORMAL
HemorrhageClass4NoFluid,StandardMale.xml,2732,71.75350531799039,117.97699955999315,74.50820482830756,88.99780307220276,4.973533284653304,69.76251314498255,5.204292925498945,15.37384027188952,0.9862700342068536,5.40440303157429,NORMAL
HemorrhageClass4NoFluid,StandardMale.xml,2733,71.69619463956155,118.64107928054626,74.68752797400481,89.33871174285196,5.0135802130031895,69.3200870643578,5.204283771138446,15.404059563412826,0.9862196963813391,5.407899364255448,NORMAL
HemorrhageClass4NoFluid,StandardMale.xml,2734,71.66186114996319,117.94970653778046,75.15433903334868,89.41946153482594,5.050126694855501,69.84925453182815,5.199091399794425,15.28684990412135,0.9860459308299331,5.407882519418955,NORMAL
HemorrhageClass4NoFluid,StandardMale.xml,2735,71.73617162595052,117.8101295185985,75.50686727951818,89.60795469254495,5.082784681226725,70.31834699864902,5.195442568963402,15.4088767649258,0.9870861592377721,5.398328094911459,NORMAL
HemorrhageClass4NoFluid,StandardMale.xml,2736,71.5223069206186,117.96617403727596,76.09493419089702,90.05201413969,5.0672912777364685,70.65313331250863,5.198662895820783,15.433512022345814,0.9854602190759637,5.391613922059438,NORMAL
HemorrhageClass4NoFluid,StandardMale.xml,2737,71.85042919218363,117.89471020803668,76.67683835674798,90.41612897384421,5.05101721602628,70.63833495313075,5.196401026990338,15.40597026146618,0.98441575181816,5.397539609536267,NORMAL
HemorrhageClass4NoFluid,StandardMale.xml,2738,72.12713297203402,117.31367765014335,76.87384398660518,90.35378854111791,5.077787437099657,70.17804966852783,5.192223497149942,15.41858358305628,0.9845487513873369,5.393377569968116,NORMAL
HemorrhageClass4NoFluid,StandardMale.xml,2739,71.88713372719751,117.75793366207925,76.74563078048054,90.4163984076801,5.0456702857318065,70.27940264656827,5.19130246429639,15.521135469584614,0.9848510578402953,5.38569054397491,NORMAL
HemorrhageClass4NoFluid,StandardMale.xml,2740,71.81628847136872,118.13995977909372,76.11572927919049,90.12380611249156,5.043919171886024,70.08426172157712,5.1967349099914975,15.44272455868701,0.9852696406290767,5.383995761709709,NORMAL
HemorrhageClass4NoFluid,StandardMale.xml,2741,71.7443863494756,117.79413201201602,76.1189980537167,90.01070937314981,5.022853595340475,70.1197122904891,5.1932300311857365,15.375297185692673,0.9854205576023192,5.39399194434883,NORMAL
HemorrhageClass4NoFluid,StandardMale.xml,2742,71.99166408298731,117.82316990363415,76.55939535611547,90.31398687195504,5.008773611003899,69.92284225297908,5.19629554253968,15.436335572347437,0.9867370025430041,5.387542656010444,NORMAL
HemorrhageClass4NoFluid,StandardMale.xml,2743,71.63089439022025,118.0900968743719,76.40874937612394,90.30253187553993,4.9920458960938,69.55667173381559,5.195266006924464,15.431210402465318,0.9870547405938693,5.393183469208802,NORMAL
HemorrhageClass4NoFluid,StandardMale.xml,2744,71.56863324898184,117.58340900764756,75.9968912518925,89.85906383714419,5.023509121067274,69.64097408510152,5.191758552712247,15.38409795748685,0.988223845611294,5.391289032223918,NORMAL
HemorrhageClass4NoFluid,StandardMale.xml,2745,71.37015783868243,117.93045506557063,75.93419582320169,89.93294890399133,5.041959611649474,70.07120571097671,5.193565268624745,15.473528052079136,0.9886755180953527,5.384835004908881,NORMAL
HemorrhageClass4NoFluid,StandardMale.xml,2746,71.86604927361026,118.19366774632267,76.08687605685418,90.122473286677,5.06162177241799,70.45423718507217,5.189928429217271,15.412274637844874,0.98819680497987,5.388159522677114,NORMAL
HemorrhageClass4NoFluid,StandardMale.xml,2747,72.10917334096145,118.5407313704374,75.7681432960953,90.02567265420933,5.036896138948831,70.29343895160238,5.192148864178416,15.365817762747941,0.9886679870452546,5.381467415109611,NORMAL
HemorrhageClass4NoFluid,StandardMale.xml,2748,72.0808117393009,117.8201808936126,76.23651897885736,90.09773961710911,5.036391554996061,69.80201796896685,5.1915716760695165,15.304561248091735,0.9873838588574484,5.385553212677712,NORMAL
HemorrhageClass4NoFluid,StandardMale.xml,2749,71.72438382950116,117.8059361315525,76.46578739778751,90.24583697570917,5.0439514185081675,69.81843935331415,5.187853349783535,15.43173796088248,0.9882336406713434,5.384491135286144,NORMAL
HemorrhageClass4NoFluid,StandardMale.xml,2750,71.85973698536377,117.6705740576054,76.10738150460593,89.96177902227242,5.0014367172136955,70.19361227037182,5.18711405543155,15.434252152561701,0.9883811179757934,5.377649084623771,NORMAL
HemorrhageClass4NoFluid,StandardMale.xml,2751,71.51172246855602,117.86171572946961,76.44615524690754,90.25134207442822,4.979609010687964,69.57270867116048,5.190336224753434,15.458143474758847,0.9881199026636733,5.376288717345149,NORMAL
HemorrhageClass4NoFluid,StandardMale.xml,2752,71.31609324667642,118.05174510257514,76.06905533167046,90.06328525530535,5.010145138944155,69.58529813497726,5.19491986329977,15.424407088083846,0.9864058949269211,5.382217795120328,NORMAL
HemorrhageClass4NoFluid,StandardMale.xml,2753,71.72633528771566,118.5541768203214,76.40634822050956,90.45562442044684,5.028019101034881,70.1118431398177,5.195473070766457,15.390867021450703,0.9869389519285254,5.3906520972068,NORMAL
HemorrhageClass4NoFluid,StandardMale.xml,2754,71.69301350394491,118.45289821841156,76.10252792735102,90.2193180243712,5.056689378011865,69.99962633129458,5.199260625721225,15.302188134516435,0.9863199430275739,5.391670048086514,NORMAL
HemorrhageClass4NoFluid,StandardMale.xml,2755,71.48646069481836,118.05542492122927,76.5906282995171,90.41222717342116,5.085583689397054,70.3726413655623,5.1969362704460815,15.320063745013144,0.9859968986403618,5.398639485648985,NORMAL
HemorrhageClass4NoFluid,StandardMale.xml,2756,71.84023105531172,117.64328474242072,76.56332390401091,90.25664418348084,5.063121150008614,70.8888312211685,5.192840806594595,15.390217535737836,0.9862254932411949,5.394362465471966,NORMAL
HemorrhageClass4NoFluid,StandardMale.xml,2757,71.64314640734202,117.971607415159,76.56009687823686,90.36393372387758,5.0159638975343865,70.33219897969524,5.1952756281910455,15.462960021983676,0.9868944635034385,5.386826448188213,NORMAL
HemorrhageClass4NoFluid,StandardMale.xml,2758,71.94819543521176,118.2122689831245,76.18339203933297,90.19301768726348,5.021499263560189,69.9203774671516,5.1921242037259425,15.405011273635711,0.9866124705407657,5.391306736209078,NORMAL
HemorrhageClass4NoFluid,StandardMale.xml,2759,71.95945738994243,118.41282538567579,76.61080306375626,90.54481050439611,5.0374645278023245,69.74438019318266,5.19579296881896,15.362534655975569,0.9866872401304487,5.3855078352545895,NORMAL
HemorrhageClass4NoFluid,StandardMale.xml,2760,71.90727448386819,118.48517330449808,76.55642277031,90.53267294837269,5.004877455517269,69.92775440013763,5.199996592589881,15.327136575166566,0.9871241356042879,5.392258688919426,NORMAL
HemorrhageClass4NoFluid,StandardMale.xml,2761,71.57281946164713,119.11865467733031,76.26844386600617,90.55184746978088,5.010530172211219,69.57653077777144,5.196325314044995,15.314367212312742,0.9868923229289497,5.399993730062702,NORMAL
HemorrhageClass4NoFluid,StandardMale.xml,2762,71.46964683630073,118.91638908254521,75.8019372300458,90.17342118087893,4.999275746789334,69.91082491703386,5.191983417588897,15.202558142438846,0.9855096462934585,5.393238251423162,NORMAL
HemorrhageClass4NoFluid,StandardMale.xml,2763,71.74890306641102,118.94621483749125,76.12244900966074,90.39703761893757,4.989879241876287,69.85701703473411,5.19015072043027,15.238257894618304,0.9847722960762679,5.385248776256498,NORMAL
HemorrhageClass4NoFluid,StandardMale.xml,2764,72.11806606907533,119.29932983540758,76.2864978504454,90.62410851209945,4.998617970053412,69.52109360012736,5.187565565699372,15.232993667346875,0.9839968997559189,5.3818764506874945,NORMAL
HemorrhageClass4NoFluid,StandardMale.xml,2765,72.15107486146688,118.59113923466825,76.82377655992296,90.74623078483806,5.037628389740337,69.33471882251314,5.190155077962833,15.170669088963413,0.9840770107546365,5.377119536345264,NORMAL
HemorrhageClass4NoFluid,StandardMale.xml,2766,72.03720737201141,118.96535449390925,77.25942201464393,91.16139950773237,5.037945718937226,69.7776173810705,5.19577628881604,15.29566429128181,0.984202052209723,5.381884468934487,NORMAL
HemorrhageClass4NoFluid,StandardMale.xml,2767,72.04220997086811,118.22104889861698,77.20512490440706,90.8770995691437,5.066824147973724,69.87174742628272,5.192791830581489,15.229615529845793,0.9831292323475169,5.39222799623238,NORMAL
HemorrhageClass4NoFluid,StandardMale.xml,2768,72.287530066329,117.51593893245358,76.73954232822246,90.33167452963283,5.08904547001635,70.21530325530797,5.188530938464922,15.360985006330154,0.9838538055738137,5.386736327973594,NORMAL
HemorrhageClass4NoFluid,StandardMale.xml,2769,72.14416156180798,117.48037633696025,76.19018101067019,89.95357945276687,5.10999481013577,70.28674123358859,5.189527185840039,15.485436478554302,0.9843395874818459,5.378895907987223,NORMAL
HemorrhageClass4NoFluid,StandardMale.xml,2770,72.25520793025716,117.62278550243968,76.53027995443338,90.22778180376882,5.0938197858025855,70.65295745090744,5.189226884125363,15.491713254628447,0.9829260033999446,5.380729091653354,NORMAL
HemorrhageClass4NoFluid,StandardMale.xml,2771,71.87583570495381,117.38076976396295,76.31517603278425,90.00370727651048,5.105079065706853,70.36981619966528,5.187975893797786,15.466578125141396,0.9843436385392056,5.380176509822771,NORMAL
HemorrhageClass4NoFluid,StandardMale.xml,2772,71.68652831409591,117.52777676213529,76.79240928440379,90.37086511031428,5.103080771202616,70.80956968320551,5.1903488210776985,15.509293753057886,0.9831512754526245,5.377874576495486,NORMAL
HemorrhageClass4NoFluid,StandardMale.xml,2773,71.75161889107154,116.9495750077683,76.67840415449656,90.10212777225381,5.083049655446384,70.93839868202727,5.193631238131865,15.483347108948813,0.9843677349553014,5.382240973475897,NORMAL
HemorrhageClass4NoFluid,StandardMale.xml,2774,71.9098543683147,116.64598557358588,76.36988558834702,89.7952522500933,5.1013022764612925,70.64388691148505,5.195027472147648,15.585399360408385,0.9854144606544173,5.388280912430236,NORMAL
HemorrhageClass4NoFluid,StandardMale.xml,2775,72.1582793872065,116.15390335517743,75.96468977786405,89.36109430363518,5.109664279366296,70.73663085783282,5.190594070499289,15.638982707473065,0.986387225441196,5.3908501070457095,NORMAL
HemorrhageClass4NoFluid,StandardMale.xml,2776,72.05301036510852,115.92615662350966,75.81290877655438,89.18399139220614,5.120311968592205,70.63766295066092,5.19578071120419,15.725834914185546,0.9876337996496499,5.382692254196947,NORMAL
HemorrhageClass4NoFluid,StandardMale.xml,2777,72.11406225060624,116.08238846870601,75.32433202648575,88.91035084055918,5.065859399408885,70.85028886037733,5.198008382997167,15.76603207123966,0.9872309476328662,5.392236133819413,NORMAL
HemorrhageClass4NoFluid,StandardMale.xml,2778,72.47134155941694,116.54353250955552,75.31022326657825,89.05465968090401,5.024454260288316,70.14640758772168,5.193298043028477,15.738457247345487,0.987494485416539,5.396335247800925,NORMAL
HemorrhageClass4NoFluid,StandardMale.xml,2779,72.71881372881516,116.43339909418451,74.89512426612265,88.7412158754766,4.988422559695394,69.36708296593628,5.197241136537232,15.657065609806484,0.9887743899968021,5.387667803842529,NORMAL
HemorrhageClass4NoFluid,StandardMale.xml,2780,72.36835126803717,116.31254910302592,75.39426601567054,89.03369371145567,4.993296080396052,68.74315832689804,5.193467438912382,15.67650408939368,0.9888149619357532,5.3949234461607105,NORMAL
HemorrhageClass4NoFluid,StandardMale.xml,2781,72.63949637218506,116.63890360959115,75.7923527442953,89.40786969939391,4.991743222441388,69.07440314514947,5.194217681120509,15.697834037968644,0.9870550676026884,5.387979507316224,NORMAL
HemorrhageClass4NoFluid,StandardMale.xml,2782,72.741979809691,117.16312895312292,75.73262774818701,89.54279481649898,4.996701162992768,68.8444048457938,5.192622020761911,15.640232669730974,0.9858132336066918,5.389360019622638,NORMAL
HemorrhageClass4NoFluid,StandardMale.xml,2783,72.63491835440225,117.35591916515635,75.91024091073632,89.725466995543,4.969884760116079,68.82404119939162,5.194281263880679,15.547707221346348,0.9866029459579357,5.386423862821491,NORMAL
HemorrhageClass4NoFluid,StandardMale.xml,2784,72.5421907690717,117.48751051842137,75.99042396042037,89.82278614642071,4.975496885199442,68.58667425648726,5.196091299485439,15.513679868352725,0.985329721311945,5.3894770175493605,NORMAL
HemorrhageClass4NoFluid,StandardMale.xml,2785,72.46721915637873,117.80270909418029,76.16055563401544,90.04127345407039,5.001285933837637,68.72570670351266,5.1921303004225985,15.490454076020063,0.9838952628775777,5.39280764384624,NORMAL
HemorrhageClass4NoFluid,StandardMale.xml,2786,72.62480729177389,117.72614742928224,75.97731546650179,89.8935927874286,5.028626184013795,69.09284569357399,5.19345302380558,15.434821722658802,0.9851739693318181,5.385519053718003,NORMAL
HemorrhageClass4NoFluid,StandardMale.xml,2787,72.13024784959256,117.8909081908924,75.5317860069105,89.65149340157113,5.0602768476060405,69.29676002536011,5.190303501619419,15.448334809084649,0.9863035980847298,5.387952982239225,NORMAL
HemorrhageClass4NoFluid,StandardMale.xml,2788,72.31783833004133,117.70563618288624,76.00592675428086,89.90582989714932,5.062737446248481,70.06640182922881,5.191851913101271,15.419254636726961,0.9871924791780998,5.382157581646968,NORMAL
HemorrhageClass4NoFluid,StandardMale.xml,2789,72.00964159079116,117.06079439880298,76.57856377626898,90.07264065044698,5.058649387322387,69.9469974597444,5.187561841761908,15.451955031367174,0.9883480025371116,5.385006796317819,NORMAL
HemorrhageClass4NoFluid,StandardMale.xml,2790,72.32575174373635,116.98711524881591,76.07762099266078,89.71411907804583,5.0166690305695125,70.14289109802924,5.188166197127093,15.565769206789295,0.9875871542402104,5.377112683969536,NORMAL
HemorrhageClass4NoFluid,StandardMale.xml,2791,72.11818663719276,117.74640401972998,76.02118505898413,89.92959137923275,5.011003466399216,69.38811109537261,5.191173039171759,15.578773531119026,0.987893189436533,5.378224751525915,NORMAL
HemorrhageClass4NoFluid,StandardMale.xml,2792,71.80713882917105,117.49171933628458,76.1412435648375,89.92473548865318,5.0322633302702044,69.48354476673033,5.187844523925768,15.444759533419237,0.988180785597702,5.38375760798365,NORMAL
HemorrhageClass4NoFluid,StandardMale.xml,2793,72.10992717420619,117.62344003061638,75.86104406707246,89.7818427215871,5.0366525016996695,69.986379351093,5.189738628353963,15.4897112222745,0.9892463601730336,5.377632844261484,NORMAL
HemorrhageClass4NoFluid,StandardMale.xml,2794,72.0385947219012,117.21552360873399,75.44646774948501,89.36948636923466,5.067215254142889,69.79849064749976,5.188901756594361,15.466462601323677,0.9891697445904793,5.381118164661256,NORMAL
HemorrhageClass4NoFluid,StandardMale.xml,2795,71.99102196580753,117.7433298787836,75.96947924045435,89.89409611989743,5.091340454347987,70.22289537695424,5.187432461265484,15.538459597088597,0.9895305840638354,5.37957824628489,NORMAL
HemorrhageClass4NoFluid,StandardMale.xml,2796,71.80577024282475,117.25813590286434,76.36103451939229,89.9934016472163,5.066909936847867,70.55138355155565,5.186373790948634,15.445302117391897,0.9891266582604719,5.376874612363341,NORMAL
HemorrhageClass4NoFluid,StandardMale.xml,2797,72.10898478346228,117.0918518570724,76.65401459462048,90.13329368210445,5.028116269131302,70.40553842059205,5.190912500860451,15.530938553572188,0.9877213166998131,5.3749265649394395,NORMAL
HemorrhageClass4NoFluid,StandardMale.xml,2798,72.36488046321226,117.01259849449909,76.9737712979527,90.32004703013483,5.041197901846786,69.6965889151554,5.1868197153360205,15.56028758464431,0.9882066842287318,5.383278194347419,NORMAL
HemorrhageClass4NoFluid,StandardMale.xml,2799,71.9494343212317,116.98763904379385,77.36975907763386,90.57571906635386,5.067591664577649,69.65147152327198,5.186973640166232,15.574275754042382,0.9893022093460642,5.375747105423363,NORMAL
HemorrhageClass4NoFluid,StandardMale.xml,2800,71.92608684934731,116.70237555871498,76.7720230587991,90.08214055877106,5.086403185676471,70.29866753203996,5.187715197425072,15.5786810816299,0.987991099653213,5.376030340783981,NORMAL
HemorrhageClass4NoFluid,StandardMale.xml,2801,71.66984903082147,116.93883646140844,76.47502598517613,89.9629628105869,5.092590572118418,70.5440275250662,5.19157291064386,15.629029910030418,0.9862671151273839,5.377394872012227,NORMAL
HemorrhageClass4NoFluid,StandardMale.xml,2802,71.40086277393753,117.09176537235355,76.9535928021311,90.33298365887191,5.105610887494174,70.82512623403025,5.189074385700483,15.587294707188551,0.9867323441116654,5.384493407012602,NORMAL
HemorrhageClass4NoFluid,StandardMale.xml,2803,71.68312933525478,116.83500441987971,76.40504235941152,89.88169637956759,5.085126568122052,71.20108556099049,5.18884281032746,15.560302849143614,0.9878957146931356,5.37989589917467,NORMAL
HemorrhageClass4NoFluid,StandardMale.xml,2804,72.07992502762758,117.38467283283534,76.20521857649221,89.93170332860659,5.072311966553796,70.72420061504913,5.18532406449665,15.60562099819618,0.98721848294241,5.37946977991764,NORMAL
HemorrhageClass4NoFluid,StandardMale.xml,2805,72.11540369136083,117.73419661146454,76.71965440238968,90.3911684720813,5.030002991500614,70.25123070035916,5.187241096981691,15.508604863819794,0.9884652765454175,5.372994975021365,NORMAL
HemorrhageClass4NoFluid,StandardMale.xml,2806,72.18281927948408,118.24680604084253,77.09818307689682,90.81439073154539,4.994745514433537,69.7141946648274,5.191424058682526,15.446914133415806,0.9869467292762538,5.3765224850824165,NORMAL
HemorrhageClass4NoFluid,StandardMale.xml,2807,71.89842358910713,117.6310247252809,77.42527749246837,90.8271932367392,5.014954456577578,69.2372442783368,5.1893838807638035,15.35643888668346,0.9877418987865706,5.3842195061813385,NORMAL
HemorrhageClass4NoFluid,StandardMale.xml,2808,72.1519923424269,117.04891661920553,77.34121722425654,90.57711702257286,4.9889324535524295,69.70500856275275,5.185560979230358,15.465123907413982,0.9862353091837194,5.3804653975833965,NORMAL
HemorrhageClass4NoFluid,StandardMale.xml,2809,72.0685911788751,116.9001460050845,76.60126705026816,90.0342267018736,5.02696427687991,69.19160457790001,5.184279716442981,15.56786562753016,0.9867385225006039,5.373430919176348,NORMAL
HemorrhageClass4NoFluid,StandardMale.xml,2810,72.4465371164526,116.45065544320444,76.53563232263926,89.84064002949432,5.046191342656084,69.71471829096218,5.186154384700522,15.594123548761647,0.9860812043304017,5.371073281833951,NORMAL
HemorrhageClass4NoFluid,StandardMale.xml,2811,72.200022124429,117.06772766186639,76.04171296093216,89.7170511945769,5.0454412121487655,69.64694129530079,5.186944671133374,15.673458354481674,0.986274050240265,5.374522837953219,NORMAL
HemorrhageClass4NoFluid,StandardMale.xml,2812,72.22223174339766,117.68855886604717,75.93136157842376,89.8504273409649,5.009912387481633,69.83272053373297,5.185559425983535,15.564545490153641,0.9875418324667342,5.375977035190225,NORMAL
HemorrhageClass4NoFluid,StandardMale.xml,2813,72.39474084862212,117.60394160826405,76.2186697540459,90.01376037211863,5.04533972294284,69.38844089154603,5.189644345871747,15.454969167210159,0.9873826099677162,5.373428061064221,NORMAL
HemorrhageClass4NoFluid,StandardMale.xml,2814,72.03618701405378,117.61426858899796,76.55870355905381,90.24389190236853,5.0641789470196175,69.67757160053489,5.1862987628591455,15.469904060789922,0.9883971965868021,5.380944676518935,NORMAL
HemorrhageClass4NoFluid,StandardMale.xml,2815,72.20990970870727,117.05860575478164,76.20243447407273,89.82115823430904,5.01926762569339,70.18827518338361,5.185912203380944,15.46808135508778,0.9883100127676001,5.3747885065900896,NORMAL
HemorrhageClass4NoFluid,StandardMale.xml,2816,72.26047863137907,116.77971314858314,75.79845885798461,89.4588769548508,5.014164444238641,69.51050882288362,5.185006300592211,15.566155501103232,0.9894578193668073,5.374077202812408,NORMAL
HemorrhageClass4NoFluid,StandardMale.xml,2817,72.44019911110463,117.24282147905862,75.74756104074305,89.57931452018157,5.014200276742392,69.40939536800758,5.190018220096947,15.615379873328017,0.9883272615475137,5.372410261210465,NORMAL
HemorrhageClass4NoFluid,StandardMale.xml,2818,72.65749023975091,116.8437298054901,75.81315101845465,89.49001061413313,5.004760431756739,69.26868274531223,5.188546404106265,15.533641539886869,0.9881982384653335,5.381632638304273,NORMAL
HemorrhageClass4NoFluid,StandardMale.xml,2819,72.16944171347366,116.88056883051132,75.46761371777636,89.27193208868802,5.007963008222397,68.98598667363086,5.194359447440703,15.604080973041174,0.9894318890540076,5.378924366141096,NORMAL
HemorrhageClass4NoFluid,StandardMale.xml,2820,72.4515237421336,117.61543397555127,75.53422654283744,89.56129568707539,5.010675953284602,69.40658858604947,5.199487171172309,15.59757890794608,0.9885312932440954,5.38962088224479,NORMAL
HemorrhageClass4NoFluid,StandardMale.xml,2821,72.15195757778811,118.25021395090425,75.94630871806551,90.04761046234509,5.019704506114773,69.21759221518813,5.203026271264189,15.467875665083056,0.9879666232037007,5.399056349402844,NORMAL
HemorrhageClass4NoFluid,StandardMale.xml,2822,71.83473213854249,117.58721901592611,75.75340860583096,89.69801207586268,5.0127226871400365,69.56148740705876,5.2022276389799345,15.35583739266871,0.9870595257652801,5.405568607947542,NORMAL
HemorrhageClass4NoFluid,StandardMale.xml,2823,71.50478688147074,117.43987057787095,75.92623341311968,89.76411246803677,4.9992241537364075,69.72866658141098,5.200691747593542,15.472855587978206,0.986586052859142,5.404099053602598,NORMAL
HemorrhageClass4NoFluid,StandardMale.xml,2824,71.35934577726356,117.06156868653817,76.32448355458007,89.90351193189943,5.006852765630606,69.82832033072314,5.201044860036391,15.498862496015079,0.9859591585686537,5.401272877019542,NORMAL
HemorrhageClass4NoFluid,StandardMale.xml,2825,71.68800450517861,116.62183345683752,76.27841714087349,89.72622257952817,5.021927484905103,70.03717559081241,5.203267516343867,15.565632545483691,0.986380715719626,5.401922635281101,NORMAL
HemorrhageClass4NoFluid,StandardMale.xml,2826,71.82463042223782,117.32904879564428,75.76537811189759,89.61993500647982,4.985675225021038,69.956641639426,5.199007430771977,15.64324554111732,0.9871070473271407,5.4060125203237686,NORMAL
HemorrhageClass4NoFluid,StandardMale.xml,2827,72.20954256293012,116.84054425218159,76.37648316898986,89.86450353005377,4.9491098976750525,69.41039090911546,5.197372131834819,15.518422471925865,0.986323372940286,5.39817358445125,NORMAL
HemorrhageClass4NoFluid,StandardMale.xml,2828,72.5255025233922,117.23155192230958,75.79702532292762,89.60853418938828,4.9721002700970365,68.6681092627437,5.194264145463446,15.60464322122673,0.9847889409046189,5.395164489144486,NORMAL
HemorrhageClass4NoFluid,StandardMale.xml,2829,72.60391448421404,117.14117560312245,75.50144488634184,89.38135512526871,5.0012201517617845,68.69801883822873,5.199044434391086,15.535630609671776,0.9854017140505777,5.389445518141034,NORMAL
HemorrhageClass4NoFluid,StandardMale.xml,2830,72.1609696225156,116.79006720485356,74.96080669549774,88.90389353194968,4.967673162647509,68.98539378708634,5.195473168850621,15.551581974021705,0.9851828069151471,5.398241674397415,NORMAL
