scenario_name,patient_file,simulation_time_seconds,heart_rate_bpm,systolic_bp_mmhg,diastolic_bp_mmhg,map_mmhg,cardiac_output_l_min,stroke_volume_ml,blood_volume_l,systemic_vascular_resistance,spo2,cvp_mmhg,clinical_state
IVFluids,StandardMale.xml,1,72.11154143876631,117.33501505731174,75.73003518204294,89.59836180713253,4.977856859051906,69.44444444444444,5.20236471214164,15.399999999999999,0.9855300984622687,5.4,NORMAL
IVFluids,StandardMale.xml,2,72.40506606032442,116.8348672134934,75.6680630679684,89.39033111647673,4.94318837803609,69.09020994814504,5.199362019946158,15.517369430437558,0.9855037799937241,5.404351280396245,NORMAL
IVFluids,StandardMale.xml,3,71.95286881636282,116.55014663576947,75.88692801096411,89.44133421923256,4.954346578918781,68.44516808537139,5.196617436235225,15.605645215038368,0.9857312970210556,5.398826060029636,NORMAL
IVFluids,StandardMale.xml,4,72.20895661586954,116.02960716041399,76.26719742210612,89.52133400154207,4.9762752098157605,68.93172191990098,5.19529039626627,15.655898220627058,0.9846392642390925,5.393775782202182,NORMAL
IVFluids,StandardMale.xml,5,72.53684966523691,116.03236678534816,75.74709590944342,89.17551953474499,4.947170813859749,68.99485996875016,5.199141899053139,15.747773115561904,0.9849792851721206,5.391333910779329,NORMAL
IVFluids,StandardMale.xml,6,72.68523794932858,116.58519428401853,75.82028663317848,89.4085891834585,4.992052807191578,68.39087969650473,5.197995852788735,15.747286043470563,0.9851370633321292,5.398421018033304,NORMAL
IVFluids,StandardMale.xml,7,72.8245491136938,116.91736599119731,76.27545179079989,89.8227565242657,4.999298925809866,68.81257159587906,5.2002018139143305,15.649712332422528,0.983763577504143,5.3963121911043626,NORMAL
IVFluids,StandardMale.xml,8,72.45740233732555,116.74972198964184,75.73883572450063,89.40913114621436,4.97801552518737,68.79100784747362,5.1961956920587715,15.591084231880222,0.983196357197895,5.400371355529348,NORMAL
IVFluids,StandardMale.xml,9,72.4830369155097,116.7073985790474,75.61374049634631,89.31162652391335,4.957702707109036,68.82179326840863,5.194169645947634,15.620673294302142,0.9846505322770744,5.392999735454286,NORMAL
IVFluids,StandardMale.xml,10,72.513905485797,117.01206665766667,75.26449356226946,89.1803512607352,4.9816635554095905,68.55861174031041,5.191269840256428,15.628143350053424,0.984316840498702,5.389271630637618,NORMAL
IVFluids,StandardMale.xml,11,72.81236890590677,117.32415154922651,75.41925753940134,89.3875555426764,4.99887368150377,68.82149834008054,5.195396384491003,15.574369622913842,0.9851994626511686,5.3839357305782105,NORMAL
IVFluids,StandardMale.xml,12,72.44834986368147,116.74850617704146,75.26604023499323,89.09352888234264,4.980442889465595,68.79537542368904,5.19287429769971,15.519286832884838,0.9865122436411401,5.391528938527694,NORMAL
IVFluids,StandardMale.xml,13,72.66817192271247,116.63610961075321,75.53880917911367,89.23790932299352,4.9746969251796065,68.85791886448044,5.197589513295712,15.620887884472932,0.9862678868733519,5.386888074796614,NORMAL
IVFluids,StandardMale.xml,14,72.35895703466639,116.44164946679638,75.66664229006315,89.25831134897423,4.95908465232431,68.6184362361844,5.198628105073418,15.64072580879504,0.9873599808870166,5.395564490342364,NORMAL
IVFluids,StandardMale.xml,15,72.21340956742738,116.23180954412695,76.30285798132216,89.61250850225709,4.965293492833466,68.67152185054336,5.1946468898570775,15.67504790373865,0.9858126363600058,5.397475591470679,NORMAL
IVFluids,StandardMale.xml,16,71.86244428013438,116.61800185789672,76.6177664676754,89.95117826441583,4.963686493303785,68.85947535820193,5.190710177973628,15.712084520097523,0.9853925194036677,5.390149801824217,NORMAL
IVFluids,StandardMale.xml,17,72.28427600607631,116.82115100335498,77.1104710473805,90.34736436603866,4.99738299976138,69.11533984795753,5.1865677613511645,15.643921815956762,0.9860233007430587,5.382905902263472,NORMAL
IVFluids,StandardMale.xml,18,72.37811380375813,117.01142787441812,76.70017748766621,90.13726094991685,5.009008324215884,69.18927620906835,5.1837572655911295,15.608066117630838,0.9857457778851445,5.375283487710341,NORMAL
IVFluids,StandardMale.xml,19,72.27255236436343,117.76293045972203,77.06892799257872,90.63359548162649,4.988880241236622,69.25513292026984,5.185061824059314,15.574482367761496,0.9847221044193717,5.370111925857623,NORMAL
IVFluids,StandardMale.xml,20,72.55324927400432,118.309512862779,76.70145939227505,90.57081054910971,5.001476486466754,69.09641484748326,5.187345916775404,15.441842626998493,0.9837028415288417,5.372512429322043,NORMAL
IVFluids,StandardMale.xml,21,72.66297083480552,118.32827478488002,76.95338751532829,90.74501660517886,5.0037082272629245,69.02795664923171,5.183363400368235,15.34537117145749,0.9832790247647356,5.376715362813911,NORMAL
IVFluids,StandardMale.xml,22,72.15837600475773,118.8904395436237,77.29582778262785,91.16069836962647,5.029747822610375,68.96914582765785,5.182768730684397,15.342059703829353,0.9820904018465622,5.369387178860741,NORMAL
IVFluids,StandardMale.xml,23,72.432074985008,119.41153936260395,76.6463481469336,90.90141188549039,5.024666967051951,69.67712340457878,5.17983859209389,15.24283797216265,0.9831048469658854,5.368292933818411,NORMAL
IVFluids,StandardMale.xml,24,72.56642062130734,118.72542716567388,76.54073909137867,90.6023017828104,5.025367536070798,69.40045312076018,5.17910117555432,15.150864176925158,0.9843736741593508,5.362901218529839,NORMAL
IVFluids,StandardMale.xml,25,72.40225633400256,118.23670471437683,76.52435587978343,90.42847215798123,5.040385041918088,69.30349084698594,5.17778366393033,15.271962554648416,0.9838589012824754,5.361544306592867,NORMAL
IVFluids,StandardMale.xml,26,72.72545911659701,118.41872045795995,76.3884625404583,90.39854851295885,5.036414967602123,69.61226144172646,5.175770026044255,15.358221764547057,0.9831242305094955,5.359119968171145,NORMAL
IVFluids,StandardMale.xml,27,72.46442413857672,118.49315171303859,76.01895466784049,90.17702034957318,5.009184721390524,69.31110562702965,5.173417278655493,15.326096098560306,0.9836675176289396,5.355414695590806,NORMAL
IVFluids,StandardMale.xml,28,72.16339175177343,119.00279287746942,76.44828991596324,90.6331242364653,4.9736306199799,69.18963169921103,5.172922762045029,15.312959028147834,0.9842809903718026,5.351085431402677,NORMAL
IVFluids,StandardMale.xml,29,71.90516329787253,118.37019819651569,76.91823155099428,90.73555376616808,4.982824414696484,68.99876024016048,5.174814448719057,15.223007678339869,0.9851923374803845,5.350175476911879,NORMAL
IVFluids,StandardMale.xml,30,72.16835187366107,117.89327264187413,76.32665347668248,90.18219319841303,4.979594959277619,69.31239827874883,5.176063960444806,15.3346602476465,0.9850780330286616,5.353656348429215,NORMAL
IVFluids,StandardMale.xml,31,72.32109553587249,118.1485238032435,76.86926893502995,90.6290205577678,4.950184750846422,69.06654921205786,5.180684170978437,15.418837312593421,0.9845897016683616,5.3633159163148285,NORMAL
IVFluids,StandardMale.xml,32,72.55222881897708,117.77919066381088,76.39537783280592,90.18998210980757,4.952705345264865,68.59421491800282,5.18144739579312,15.373785640735505,0.9839581427456452,5.364457158789552,NORMAL
IVFluids,StandardMale.xml,33,72.25197187513815,118.39770828373776,76.28067660686598,90.31968716582324,4.987909237414742,68.44521387778246,5.1834340332471305,15.438972711049733,0.9826932100408645,5.365861560245264,NORMAL
IVFluids,StandardMale.xml,34,72.60572309781651,118.82141494764274,76.81049174492888,90.81413281250016,5.023628143764364,69.10088155633214,5.188245532160231,15.329804734293837,0.9818765841141862,5.369517149632175,NORMAL
IVFluids,StandardMale.xml,35,72.48443702839262,118.32414236591026,76.59650480552946,90.50571732565639,4.9851735476392225,69.2519307261327,5.18797509870685,15.25502077059372,0.9835822451910318,5.37837073503416,NORMAL
IVFluids,StandardMale.xml,36,72.20878593961248,118.68375347664023,76.47242368406354,90.54286694825578,4.980987874995956,68.88646231676535,5.193509733137365,15.342789073217551,0.985181870675173,5.377873113457536,NORMAL
IVFluids,StandardMale.xml,37,72.21555412829552,118.90918191068131,76.00266862822257,90.30483972237548,4.9672554350462725,69.05159951683706,5.19871575987327,15.27931793494671,0.9854048699713266,5.388057332447158,NORMAL
IVFluids,StandardMale.xml,38,72.21023695488788,119.1495160045929,75.47095338362953,90.03047425728398,4.978348667861397,68.88136420101739,5.198846945873554,15.239529955987557,0.986430658031915,5.397636884088719,NORMAL
IVFluids,StandardMale.xml,39,71.89807364275177,119.65953477810888,75.02925175801892,89.90601276471557,4.956096935547351,69.01876269896609,5.199889490055699,15.197111137295071,0.9868419065923202,5.397878277982397,NORMAL
IVFluids,StandardMale.xml,40,71.7047128727724,118.93237556093847,75.61166246021757,90.05190016045788,4.941638631517781,68.99582113541918,5.200843517478319,15.107093139717499,0.9870527804035295,5.3997966518859695,NORMAL
IVFluids,StandardMale.xml,41,71.69361928021942,118.93995974958149,75.68463258262304,90.10307497160919,4.984184320082502,68.97337315460393,5.197818665538804,15.235436291085243,0.9875372245470961,5.401552147089138,NORMAL
IVFluids,StandardMale.xml,42,71.54010544465815,118.68361175306762,75.9277174985407,90.17968225004968,4.970289502993899,69.49614416613248,5.196154847375257,15.234097686488028,0.9880899527504594,5.3959861508250775,NORMAL
IVFluids,StandardMale.xml,43,71.28150467596302,118.54488498631862,76.53435624537643,90.53786582569049,5.013932342583225,69.4499249191702,5.192194896015204,15.279342949069479,0.9869823567063298,5.392924577608415,NORMAL
IVFluids,StandardMale.xml,44,71.22390611406853,119.08742244188223,76.92860473984516,90.98154397385751,5.04241925927591,70.18561981608444,5.191514228560576,15.303828137461792,0.9857970967125335,5.385637915346376,NORMAL
IVFluids,StandardMale.xml,45,71.63158403202395,119.24460283188436,76.95350412550987,91.0505370276347,5.07575096348058,70.57803393426337,5.193732476560445,15.208070612647592,0.9842568336997424,5.384385426766675,NORMAL
IVFluids,StandardMale.xml,46,71.95204982518538,118.81748839716593,77.03753089532339,90.96418339593757,5.100781236440266,70.65247204646472,5.190576511209813,15.180328371182807,0.9831625400075645,5.388467200131759,NORMAL
IVFluids,StandardMale.xml,47,71.64637049943136,118.79594407563651,76.64243565623649,90.69360512936983,5.095751412741983,70.69639507841642,5.193506093643655,15.255713804320443,0.9824202471338372,5.3826599435445335,NORMAL
IVFluids,StandardMale.xml,48,71.81786301979692,118.37199564366236,76.55318569931785,90.49278901409936,5.115431702862229,70.88232158493926,5.197486354860668,15.259516363724043,0.9814034081875012,5.388050635455437,NORMAL
IVFluids,StandardMale.xml,49,71.78973947108597,118.01563731686814,75.89243949310745,89.93350543436101,5.1217547299833655,70.98124996596849,5.199058468602211,15.334342999338602,0.980976841578512,5.395374669658395,NORMAL
IVFluids,StandardMale.xml,50,72.02083796549799,118.08615247327782,75.8183024886037,89.90758581682842,5.0663200605812975,71.08031570479011,5.194886187897004,15.397240023259826,0.9824478347450415,5.398267498592533,NORMAL
IVFluids,StandardMale.xml,51,72.3402035404327,118.1398556957054,76.24116653284865,90.20739625380091,5.0640921601472035,70.22629564231703,5.1917760035928495,15.384794141836466,0.9815342311698109,5.390590131474349,NORMAL
IVFluids,StandardMale.xml,52,72.12514178080237,118.68199630250845,76.56817548411165,90.60611575691058,5.084416283738933,69.94552490755764,5.196422804404935,15.375315556346234,0.9809415683604074,5.38486711607934,NORMAL
IVFluids,StandardMale.xml,53,71.90208121581618,118.04577069487836,76.83755259509876,90.5736252950253,5.103909386868402,70.36068938522556,5.195772595071045,15.279628075092429,0.98162804716829,5.393417642345447,NORMAL
IVFluids,StandardMale.xml,54,71.64347355075047,118.64222591843044,77.1766644063903,90.99851824373701,5.128173233687286,70.7743147997627,5.199218316906142,15.391921500708142,0.9830419022447817,5.392221199413477,NORMAL
IVFluids,StandardMale.xml,55,71.32792992123225,118.89795264423154,76.8370252555567,90.85733438511498,5.14557581450689,71.2766128839181,5.202303168224858,15.286647523245115,0.984290655182139,5.3985616336709725,NORMAL
IVFluids,StandardMale.xml,56,71.69835501154883,118.46596842063424,77.08352160637644,90.87767054446238,5.094844106446392,71.74547227319988,5.205840684890293,15.241511914559602,0.985423151016294,5.404238034122464,NORMAL
IVFluids,StandardMale.xml,57,71.53098094547971,118.85443693574764,76.90856834312542,90.89052454066616,5.066633529187019,70.82931520111876,5.208327144502452,15.31775686241761,0.9845721041913094,5.410747379021847,NORMAL
IVFluids,StandardMale.xml,58,71.23493122404585,118.32441965290997,76.59572309003185,90.50528861099123,5.086911369197009,70.62336847487225,5.212330233829777,15.249192410149766,0.9839436918293365,5.415322685578586,NORMAL
IVFluids,StandardMale.xml,59,71.48680005579271,118.1458490769347,77.10310340638915,90.78401862990434,5.078238803792213,71.10949289905291,5.215736734169407,15.342740132233876,0.9828741748230081,5.4226887255323195,NORMAL
IVFluids,StandardMale.xml,60,71.95614791201737,117.67870630128114,77.52852651828282,90.91191977928226,5.049060798912198,70.79960475383653,5.210562519849216,15.374257728272061,0.9828478376951241,5.428956988754138,NORMAL
IVFluids,StandardMale.xml,61,72.1469329955041,117.45560754593365,77.47637054187038,90.80278287655814,5.04344356709463,70.07007572173178,5.20856994172513,15.456708138787867,0.9832496792225129,5.419435974783365,NORMAL
IVFluids,StandardMale.xml,62,71.92407656697195,117.81187474286386,76.70492196413011,90.40723955704136,5.071706281440576,69.85079608157241,5.2082692469888325,15.496084930900796,0.9840479171422979,5.415769454035809,NORMAL
IVFluids,StandardMale.xml,63,72.13139921277227,118.07285994948562,76.45915721604618,90.33039146052599,5.027758495544206,70.36853831630371,5.209250451354378,15.433203991344115,0.9836146415926346,5.415216149010531,NORMAL
IVFluids,StandardMale.xml,64,71.95871309247359,118.5515200710524,76.66890993657687,90.62977998140204,5.008089007774487,69.67454997318313,5.206603672723483,15.387140264051293,0.9834505874609013,5.417021652202791,NORMAL
IVFluids,StandardMale.xml,65,71.88811744875483,118.20063203795331,76.14305630600812,90.16224821665652,5.000647888772442,69.57449998910177,5.210479308912582,15.302657049116604,0.9841064254832638,5.41215134441056,NORMAL
IVFluids,StandardMale.xml,66,72.23064275114882,118.33877803438497,75.88738659642604,90.03785040907901,5.004396617509182,69.54071788087126,5.204645489031169,15.364588569589392,0.9835386129074285,5.419282859268392,NORMAL
IVFluids,StandardMale.xml,67,72.13274483333193,118.4109492596824,76.08626576860016,90.1944935989609,5.001010385772126,69.3155856878505,5.203695654229397,15.340205886798312,0.9827965631708355,5.4085481124726975,NORMAL
IVFluids,StandardMale.xml,68,72.08723122608852,118.9243146049487,76.43135898574086,90.5956775254768,4.974451192791923,69.35192438908474,5.1992481213994095,15.327467710242168,0.9830190962820844,5.406800332064316,NORMAL
IVFluids,StandardMale.xml,69,72.17777157204,118.58496833345465,76.76278112626234,90.70351019532644,4.997943354669598,69.06832667526002,5.201036194998619,15.236859044823813,0.9823514025964051,5.398616476586096,NORMAL
IVFluids,StandardMale.xml,70,71.90485099923343,117.85042828520136,76.36696303417052,90.19478478451414,4.996228047152955,69.27963462443518,5.204450722367193,15.296753451523237,0.9812816574397745,5.4019066908418925,NORMAL
IVFluids,StandardMale.xml,71,71.85365139574594,118.04967495800874,75.95716602510619,89.9880023360737,5.0124385174772375,69.47419882913135,5.204038633945107,15.426399315004812,0.9808109130145213,5.408189724510004,NORMAL
IVFluids,StandardMale.xml,72,72.00502630591659,117.35160074197198,76.26335652177299,89.95943792850599,5.032386370992596,69.71021334511033,5.199781595569563,15.391232400684252,0.9809212924984421,5.407431445207855,NORMAL
IVFluids,StandardMale.xml,73,71.74482453659353,118.06894212234349,76.2539606152726,90.19228778429623,4.992092500077843,69.83038422058304,5.197291041020246,15.514442067369576,0.9822924169863398,5.399598116447292,NORMAL
IVFluids,StandardMale.xml,74,71.75624946105432,118.4828244518369,76.42521273546016,90.44441664091907,5.032176559320522,69.55105234561226,5.198462160605911,15.387831758114853,0.9838590221964661,5.395015274842434,NORMAL
IVFluids,StandardMale.xml,75,72.11357467833419,118.58380433510465,76.63837767551428,90.6201865620444,5.028275401350913,70.02594375026436,5.201890811152086,15.314781783352364,0.9840938655964752,5.397170238909743,NORMAL
IVFluids,StandardMale.xml,76,72.41075356450975,118.85632313646873,76.53297564550816,90.64075814249502,5.005246644414875,69.69486941674438,5.199212027614692,15.296958896510937,0.984579300413462,5.403479260479191,NORMAL
IVFluids,StandardMale.xml,77,72.54894752263827,118.78552225350435,76.62244748069212,90.6768057382962,4.986515995844505,69.18446806145782,5.195049863946662,15.248859496890963,0.9839701221477583,5.39855006081603,NORMAL
IVFluids,StandardMale.xml,78,72.26681230427567,118.44081435141513,76.59749064075453,90.54526521097473,4.959380939718755,68.85230582521639,5.192758269769753,15.261355808874228,0.9846343160711918,5.3908913099449425,NORMAL
IVFluids,StandardMale.xml,79,72.38358275216574,117.77893769073812,76.41640288338907,90.20391448583875,4.968197125573881,68.74681484312134,5.19249502889044,15.322196540052264,0.9837840577123236,5.3866745730988175,NORMAL
IVFluids,StandardMale.xml,80,72.25016580976713,118.37168706647445,76.46836955186322,90.43614205673363,4.988072629931304,68.76161302756455,5.196662413571735,15.43901736064036,0.9846780628180659,5.386190186497391,NORMAL
IVFluids,StandardMale.xml,81,72.10912326496717,117.63626720191205,76.23544524199042,90.03571922863097,5.0099384364900565,69.10425833291785,5.2004637517540235,15.334397463021109,0.9860640945093104,5.3938585444966645,NORMAL
IVFluids,StandardMale.xml,82,72.02455959900875,118.02552886888823,76.26313846846543,90.18393526860636,5.016875618066599,69.47788996530272,5.197632059154302,15.464198613536208,0.9851372791137931,5.400853344422128,NORMAL
IVFluids,StandardMale.xml,83,71.96877647982905,117.36316389564576,76.03557433580966,89.81143752242168,5.028960451148827,69.62818108111165,5.19686455594212,15.39549417045593,0.9841214370755011,5.395642778501486,NORMAL
IVFluids,StandardMale.xml,84,71.94834846320254,116.91667302664696,76.1781025943324,89.75762607177059,4.987262491220124,69.81791633717211,5.196055454770562,15.512401177909332,0.9843848590374887,5.394230504414329,NORMAL
IVFluids,StandardMale.xml,85,71.57939293545243,117.24381680874268,75.7200143725173,89.5612818512591,4.985894010664973,69.33180676708317,5.191873689528289,15.591206539694078,0.9840713545857962,5.392741686386806,NORMAL
IVFluids,StandardMale.xml,86,71.42496428866224,117.09025480276271,76.06638920045114,89.74101106788834,4.978101926836485,69.60752989932146,5.195043531674506,15.533465864814223,0.9851413778289565,5.385046866877916,NORMAL
IVFluids,StandardMale.xml,87,71.3310178044356,116.61182140716319,75.48184820822321,89.19183927453653,4.984170568161238,69.63613466958164,5.2004389072859345,15.560569463740624,0.9846799549130445,5.390879658001685,NORMAL
IVFluids,StandardMale.xml,88,71.57239897782969,117.16866296104253,75.724838234981,89.5394464770015,5.006616471698138,69.7847228520141,5.204899931524124,15.645012661682546,0.9838036263524046,5.4008076283939275,NORMAL
IVFluids,StandardMale.xml,89,71.26621390695786,116.77968292221489,75.30863576451007,89.13231815041168,5.019292380659031,69.86380974599645,5.205147850450136,15.546730472376762,0.9830531767304397,5.409016309261672,NORMAL
IVFluids,StandardMale.xml,90,71.55879873644237,117.29673129638229,74.99122017566374,89.09305721590326,5.025303937938156,70.26300376233719,5.207215507573548,15.615385208263287,0.9820524347387074,5.40947250210799,NORMAL
IVFluids,StandardMale.xml,91,71.89421589667738,118.0299766296204,74.63947342922255,89.10297449602183,4.9839896986150345,70.10079984719941,5.204758159885706,15.524126490525465,0.9828201509051435,5.4132771748835165,NORMAL
IVFluids,StandardMale.xml,92,72.27992957198771,117.8817705009132,75.05735716146421,89.33216160794721,4.952200741788479,69.33508395761571,5.206283862586086,15.394709143442014,0.9833761692023457,5.408755436853513,NORMAL
IVFluids,StandardMale.xml,93,71.91070799363908,118.2771360721935,75.58847250165518,89.81802702516795,4.966596808617328,68.65041804933747,5.2019919833253,15.420867433347643,0.9849575365988591,5.411562865349254,NORMAL
IVFluids,StandardMale.xml,94,72.15300216547709,118.03065699673705,75.550881873264,89.71080691442168,4.96068918170668,69.11244519084885,5.201892321029248,15.351085654938956,0.984484625309538,5.403665426264954,NORMAL
IVFluids,StandardMale.xml,95,72.40492807976328,118.47831798998907,75.13030128903368,89.57964018935215,5.002785325777593,68.85135386178992,5.20309687045466,15.394589059067403,0.9855119543276065,5.40348203878729,NORMAL
IVFluids,StandardMale.xml,96,72.49737398665187,118.33179614762658,75.51304794620648,89.78596401334651,5.039652435859246,69.159531671471,5.2005500823285145,15.315577171076832,0.9863956183760799,5.405698516729281,NORMAL
IVFluids,StandardMale.xml,97,72.43775370381148,118.26970557800642,75.49295571242469,89.75187233428527,5.052855917462051,69.52862078717472,5.198190055554428,15.341438185486009,0.9873391703719243,5.401012200347871,NORMAL
IVFluids,StandardMale.xml,98,72.62298723469674,117.6593423944784,76.0104924075449,89.8934424031894,5.025328701854149,69.73370690883564,5.197981855388094,15.352397132559908,0.9874831357482469,5.396669541444124,NORMAL
IVFluids,StandardMale.xml,99,72.41325025112384,117.03955071516343,76.43040292073398,89.96678551887713,4.996504080439339,69.25876181092042,5.195264415823699,15.460125856342938,0.9881780922464252,5.3962864346438035,NORMAL
IVFluids,StandardMale.xml,100,72.21061176384372,117.68485445270365,76.62124974480975,90.30911798077437,4.979070950654053,69.07774517603555,5.190744563372974,15.569518703791573,0.9892681737538314,5.3912861044571745,NORMAL
IVFluids,StandardMale.xml,101,71.84092469758527,118.02998956039352,76.53454439174462,90.36635944796092,5.002510241937815,69.02714472698833,5.193390680620814,15.45562299387047,0.9893646181221029,5.382969174452697,NORMAL
IVFluids,StandardMale.xml,102,71.86241722592075,118.43657170954239,75.9833977906742,90.13445576363027,4.97990378529672,69.60056722426677,5.19583700417363,15.394706861168569,0.9884342606156209,5.387838265241356,NORMAL
IVFluids,StandardMale.xml,103,71.95260122003343,118.34783786569056,76.02245491906885,90.13091590127608,4.97661934062151,69.31092282068896,5.19862921330896,15.322945363714556,0.9876520461893712,5.392339717883647,NORMAL
IVFluids,StandardMale.xml,104,72.1234771149316,117.98624883684023,75.72150080796719,89.80975015092487,4.9493842938833845,69.2002398007673,5.195664658295776,15.338606832185288,0.986298664507635,5.397477630722522,NORMAL
IVFluids,StandardMale.xml,105,72.12978568360285,118.35493009438231,75.37640513658393,89.70258012251672,4.933433134177545,68.7385177240381,5.195853278951646,15.402427071779087,0.9868685840300061,5.3920225861590385,NORMAL
IVFluids,StandardMale.xml,106,72.48754514878135,118.34771632567849,75.1892779084976,89.5754240475579,4.9103367438101415,68.54182545794201,5.193126008241347,15.337355058214712,0.9859016297905203,5.3923696649208726,NORMAL
IVFluids,StandardMale.xml,107,72.1427214417696,117.62666629454785,75.32550237251343,89.4258903465249,4.9042178109320345,67.98797592160193,5.19841857158727,15.338628283922127,0.9859896163532275,5.387351244552486,NORMAL
IVFluids,StandardMale.xml,108,72.27478434782854,117.14732545144982,75.84691136965797,89.61371606358858,4.9162388326691895,68.1805778753645,5.202272212971717,15.465893167738392,0.9861326836572918,5.397090031243463,NORMAL
IVFluids,StandardMale.xml,109,72.20049195197612,117.16417366938217,75.48613616237034,89.37881533137428,4.89149943255833,68.22279047362835,5.206501172821158,15.55049652960165,0.9859753068342303,5.404181073706953,NORMAL
IVFluids,StandardMale.xml,110,72.42184144306702,117.12337627128383,75.03541535924836,89.06473566326018,4.916298912530623,67.98310974260859,5.201517458485571,15.547522829573776,0.9848449183588043,5.411962735485291,NORMAL
IVFluids,StandardMale.xml,111,72.39564624002942,116.95175199125495,75.74145878950827,89.4782231900905,4.896917502064658,68.10997118883229,5.204040563657344,15.554723545064835,0.9851762709559352,5.402792258408164,NORMAL
IVFluids,StandardMale.xml,112,72.5565204079265,116.69088637103307,75.79892522470685,89.42957894014893,4.906681217879908,67.89786193674583,5.2031447080650866,15.585015124171596,0.986242677105948,5.407434996049787,NORMAL
IVFluids,StandardMale.xml,113,72.84766538105836,116.5722436193525,75.96778491890248,89.50260448571916,4.9278744831281,67.89125021663523,5.205294164145768,15.631057744538918,0.9874860887314914,5.405786542181845,NORMAL
IVFluids,StandardMale.xml,114,72.46024004045088,116.33544468986075,76.16408405534537,89.55453760018383,4.910040550886161,67.92135972027793,5.20160900163571,15.651998116713361,0.986012506658385,5.409741732304891,NORMAL
IVFluids,StandardMale.xml,115,71.9789532529973,116.46174028108615,76.25737710474928,89.65883149686157,4.905316884811994,68.00542825500008,5.198795115313624,15.693792981075724,0.9865524185854592,5.4029607059361275,NORMAL
IVFluids,StandardMale.xml,116,72.1451584274516,116.57813441965774,76.45199640182292,89.82737574110119,4.951834183522621,68.32081358604302,5.2017697328404955,15.671501887462423,0.9868034680702111,5.3977829051480555,NORMAL
IVFluids,StandardMale.xml,117,72.24779210290576,117.35234387128003,76.30905218391317,89.99014941303545,4.961811108469183,68.75104658434007,5.203104580049309,15.650958394108738,0.9878845050605979,5.403256465630568,NORMAL
IVFluids,StandardMale.xml,118,72.46417994273887,116.82841924406283,75.87184494210524,89.5240363760911,4.951503838925116,68.79081882657471,5.205345928754832,15.514310905507063,0.9878614939179303,5.4057127030682715,NORMAL
IVFluids,StandardMale.xml,119,72.21092686472697,116.44017873320232,76.11331714781184,89.555604342942,4.973938444539516,68.49899308905057,5.20934525429933,15.606783277648454,0.9876341180280414,5.409836983783778,NORMAL
IVFluids,StandardMale.xml,120,72.16772848627836,116.03608115612448,75.547834972974,89.04391703402416,4.971970106671055,68.96525062559166,5.206821264854972,15.675307487306906,0.9866746092864098,5.417196098042778,NORMAL
IVFluids,StandardMale.xml,121,71.8103859791881,116.91352324642232,76.0041161008799,89.64058514939404,4.9817174336783765,68.9754096302545,5.210783729408588,15.74663045932953,0.9880394321712801,5.412551733261049,NORMAL
IVFluids,StandardMale.xml,122,71.98258243738913,116.71850306659141,75.45191045405078,89.20744132489766,5.004652753738072,69.37390345011833,5.209626518243762,15.591762473952492,0.988250941061132,5.4198430200224905,NORMAL
IVFluids,StandardMale.xml,123,72.31859793618823,116.42316773170764,75.61870822369424,89.22019472636538,5.014816146944842,69.51423142745143,5.20877408236441,15.626183414880947,0.986764737384465,5.417713648685,NORMAL
IVFluids,StandardMale.xml,124,72.1392147732602,116.37508215846768,75.8676713998546,89.37014165272562,5.0414624378979624,69.37150715513502,5.206370582108663,15.67830991853269,0.9872046577958149,5.416145090945747,NORMAL
IVFluids,StandardMale.xml,125,71.94455365244008,117.18928599328177,76.2594996619339,89.90276177238319,5.039950599801251,69.83310187366584,5.20540947757303,15.686796992421343,0.986471934562719,5.411722436974026,NORMAL
IVFluids,StandardMale.xml,126,71.81322339912764,117.94280601772122,76.1140177162793,90.05694715009328,5.0357999922357966,69.96956395108859,5.209858151774947,15.543090519962156,0.9868272263325788,5.409953919254258,NORMAL
IVFluids,StandardMale.xml,127,71.88115512839619,117.82807308691154,75.7257193311297,89.75983724972365,5.019976570812574,70.02419867822869,5.211634369019664,15.410094702441501,0.9870573556079878,5.418139874958216,NORMAL
IVFluids,StandardMale.xml,128,72.11069047762116,117.43325656541889,75.81701172618553,89.68909333926331,5.05153106861777,69.77926258548622,5.210085297185001,15.430344993654298,0.987487608623402,5.421408272468556,NORMAL
IVFluids,StandardMale.xml,129,71.78776656479143,118.16225621657237,75.96915941564778,90.03352501595597,5.023814941521467,69.97679789410009,5.20586270298299,15.500029865115598,0.9874412274407528,5.418557842689875,NORMAL
IVFluids,StandardMale.xml,130,71.86803908700635,117.57368349034435,76.56349184710953,90.23355572818781,5.053679036767536,69.89986931100775,5.205008426075918,15.371361878289957,0.9860984361189732,5.41078789426826,NORMAL
IVFluids,StandardMale.xml,131,72.15767408134298,117.62150270729829,76.75720380089598,90.37863676969675,5.047242931859216,70.196072033374,5.202342223404365,15.475244599858357,0.9870147818528184,5.409215948874465,NORMAL
IVFluids,StandardMale.xml,132,72.51328832544152,117.30720058005929,76.72974810117255,90.2555655941348,5.03164073460793,69.887942167114,5.206373631060315,15.466804537689182,0.9868784114651609,5.4043098991219995,NORMAL
IVFluids,StandardMale.xml,133,72.72370594135205,117.89824436598994,76.37549732233822,90.21641300355546,5.050629148123725,69.42021057676129,5.205013447893465,15.522278668442016,0.9880309671579445,5.411728047315902,NORMAL
IVFluids,StandardMale.xml,134,72.59871045101791,118.35897023062539,76.07078200383168,90.16684474609625,5.027773757573376,69.48221756217345,5.205481971956559,15.417959806366884,0.9892853314042798,5.409225189464834,NORMAL
IVFluids,StandardMale.xml,135,72.48189493576211,117.82482370238289,76.10876159238484,90.01411562905085,5.011686371968819,69.3069912695081,5.205562831850494,15.336641976670602,0.9890729854122192,5.410087315359572,NORMAL
IVFluids,StandardMale.xml,136,72.35881789715418,117.5958957502673,75.72236461684831,89.68020832798797,5.025930531797675,69.20591670423836,5.205836028793418,15.430918508010668,0.9879480148175527,5.410236104747138,NORMAL
IVFluids,StandardMale.xml,137,72.51421082723431,117.00448547002584,76.04863381619897,89.70058436747459,5.038896835426174,69.4731819962858,5.2084834947206495,15.471324149742077,0.9873705408246067,5.410738811390001,NORMAL
IVFluids,StandardMale.xml,138,72.55195128141003,117.57050808321321,76.6199009585482,90.27010333343654,5.033345098970484,69.50634197071473,5.203175388047726,15.57570769783603,0.987187876295729,5.415610383868541,NORMAL
IVFluids,StandardMale.xml,139,72.52404383173884,118.13855515245764,76.99608912469317,90.71024446728133,5.024130626144149,69.4102730898754,5.203181008905667,15.475805057249891,0.9868837275892081,5.405842996075183,NORMAL
IVFluids,StandardMale.xml,140,72.60700586306191,117.99624456052591,77.0647831589532,90.70860362614411,4.993267204013221,69.32188467174832,5.2026215754863925,15.3755451014238,0.9881407239388568,5.40585333895309,NORMAL
IVFluids,StandardMale.xml,141,72.36782335462858,118.2664722743179,77.11947182279557,90.83513863996968,5.0223047113435895,68.88788851582949,5.205935379249443,15.400662832740746,0.9889676320703426,5.404823931767568,NORMAL
IVFluids,StandardMale.xml,142,72.20515581015285,117.97848657221698,77.2503913264154,90.82642307501592,5.040087606070814,69.42262439654908,5.209184642701142,15.352967808657956,0.9872580950251358,5.410921625054312,NORMAL
IVFluids,StandardMale.xml,143,71.82270396869,118.164639890214,77.60858139111659,91.1272675574824,5.074545133593177,69.76434619362301,5.21091794288493,15.403797106676498,0.9868794621313479,5.416900558435103,NORMAL
IVFluids,StandardMale.xml,144,71.53359678787439,118.33254115344883,77.86666317434411,91.35528916737901,5.060115812978786,70.48406715073267,5.211985003998455,15.370941161368854,0.9879394608226054,5.420089984741045,NORMAL
IVFluids,StandardMale.xml,145,71.25493412184018,118.70806738912759,77.39936580068566,91.16893299683296,5.04210035687885,70.54236503047169,5.207482433945082,15.341306692419899,0.9877979334663062,5.422053471976177,NORMAL
IVFluids,StandardMale.xml,146,71.44273410201424,119.0343945411596,76.83891636356962,90.90407575609962,5.00281333700267,70.54904689535432,5.210592567545454,15.275026544454747,0.9879333541637917,5.4137683431180115,NORMAL
IVFluids,StandardMale.xml,147,71.33641310516249,119.49081060105674,76.31208235653193,90.70499177137353,4.999330812740563,69.92139593741582,5.207285406000914,15.217430004275249,0.9869647962390037,5.4194912652135585,NORMAL
IVFluids,StandardMale.xml,148,71.0642189470209,119.74212204553805,76.75686302130939,91.08528269605227,5.0136287672099265,69.96432561620884,5.203282653320166,15.136872852445428,0.9866328891563915,5.413405794198896,NORMAL
IVFluids,StandardMale.xml,149,71.11029977333278,119.66001769628866,76.83465571481837,91.10977637530847,5.005759192171997,70.3572061443326,5.20052116909646,15.092516538177666,0.9875382423234745,5.406040373704766,NORMAL
IVFluids,StandardMale.xml,150,71.03094866269421,119.30353102376465,76.71643075632281,90.91213084547009,4.983968972568524,70.22424454576179,5.201198725639783,15.107007904957928,0.9875597314632244,5.40095899743255,NORMAL
IVFluids,StandardMale.xml,151,71.60076150373793,118.8636851463318,77.20578130486345,91.09174925201957,4.9987614418836595,70.02303867351522,5.198847684631337,15.169927581820954,0.9875528536865577,5.4022057616591095,NORMAL
IVFluids,StandardMale.xml,152,71.82177075948485,119.1047358440776,76.5229513676676,90.71687952647093,5.007438840787506,69.74616903247203,5.198907091546409,15.247560106710772,0.9885612046483645,5.39787963736234,NORMAL
IVFluids,StandardMale.xml,153,71.68303356085987,119.3933301278833,76.58998095996616,90.85776401593854,4.994634243145274,69.67521801584901,5.200360654461631,15.205014807885467,0.9886391399354706,5.3979889513631445,NORMAL
IVFluids,StandardMale.xml,154,71.88270139548104,119.5389092494738,76.71167421813412,90.98741922858068,5.022415513324207,69.63081177593233,5.201614299159904,15.154078095573038,0.9895583814839031,5.400663636246071,NORMAL
IVFluids,StandardMale.xml,155,72.02103651229962,119.09058868355311,76.55703812134804,90.73488830874973,5.025797417541783,69.80743803434895,5.203808824605003,15.128383470796116,0.9879643135512534,5.402970453851221,NORMAL
IVFluids,StandardMale.xml,156,71.85331160086052,119.30891434614314,76.10235250124435,90.50453978287729,4.992935994957342,69.73836236966916,5.20389836539398,15.207511772954113,0.9891417688696748,5.4070085756082715,NORMAL
IVFluids,StandardMale.xml,157,71.90458359546696,119.73399462049423,76.48689290880081,90.90259347936528,4.974433976909857,69.47528102125425,5.206833567432339,15.168977428756028,0.988756154804851,5.4071733386138305,NORMAL
IVFluids,StandardMale.xml,158,72.16707045029568,119.87542797268837,76.23613978846939,90.78256918320905,4.947050956194633,69.21172532557068,5.2109161184768045,15.093951023663099,0.9873781002937039,5.412574371096232,NORMAL
IVFluids,StandardMale.xml,159,72.50998588315787,120.15925621257634,76.47745268639184,91.03805386178668,4.992495023534775,68.67646783770844,5.214716011307017,15.068988124616402,0.9881017208247123,5.420086627668033,NORMAL
IVFluids,StandardMale.xml,160,72.31016116570144,120.31249167550968,75.83805290299259,90.66286582716495,4.9964198864256755,68.95420673098687,5.2130872442859815,15.018892616102967,0.9883722060661372,5.427078768017285,NORMAL
IVFluids,StandardMale.xml,161,72.39181112265109,120.15915086920299,76.24398294998052,90.88237225638801,5.032119830006187,69.15742703378129,5.208124307030199,14.991846651822009,0.9873040450627634,5.424081692016413,NORMAL
IVFluids,StandardMale.xml,162,71.94080753522965,120.44337273758528,76.28900305634112,91.00712628342251,5.06106444347555,69.52142147015782,5.204688395306609,15.018911209143104,0.9858094749145303,5.414949446611738,NORMAL
IVFluids,StandardMale.xml,163,72.2106215898544,120.7294115665777,76.01767251149363,90.92158552985498,5.045599084973131,70.2269278115281,5.200711302040492,14.968746225444269,0.9870835374725421,5.40862706383084,NORMAL
IVFluids,StandardMale.xml,164,72.01593404036078,120.39837171995286,75.5322263350002,90.48760812998442,5.070509583694317,69.82621999925564,5.197011069956532,14.918260549323325,0.9867778782849499,5.401308858938938,NORMAL
IVFluids,StandardMale.xml,165,72.14943466394429,120.45695178423733,76.12236009246236,90.90055732305402,5.054653340098367,70.28064361688044,5.1996727417554425,14.97668887717902,0.9855992956931884,5.394500103215579,NORMAL
IVFluids,StandardMale.xml,166,72.05425437689651,119.60688262798388,76.09519884794554,90.59909344129166,5.0400270435346215,69.98354878590516,5.204214123133764,14.966349532122171,0.9841495275157945,5.399397815759906,NORMAL
IVFluids,StandardMale.xml,167,71.94084369384181,119.33880526249774,76.62467889226328,90.86272101567477,5.063134574896978,69.88325506015337,5.199870726697841,15.116386211597447,0.9847745683375546,5.40775436090356,NORMAL
IVFluids,StandardMale.xml,168,71.98713960209551,119.85047103855109,76.3816857969871,90.87128087750843,5.046581139107863,70.25184001630652,5.196779148441999,15.163701700536356,0.9836590720153483,5.399762125640777,NORMAL
IVFluids,StandardMale.xml,169,72.26789734750972,119.56963927584256,76.53215901927601,90.87798577146486,5.051716517416453,70.01551899539915,5.198008133108907,15.073393008031232,0.9823303590615101,5.3940733470274225,NORMAL
IVFluids,StandardMale.xml,170,72.44877146943792,119.02619825513582,76.02073734856319,90.3558909840874,5.0499981440730055,69.85431048792263,5.1938534955204085,15.122959640178763,0.9833392838931423,5.39633478798433,NORMAL
IVFluids,StandardMale.xml,171,72.13314889941014,118.50794867428122,76.46193515799828,90.47727299675927,5.029627050399992,69.69078180256723,5.1908204846834725,15.218876643680982,0.9846736605284959,5.388689885768116,NORMAL
IVFluids,StandardMale.xml,172,71.71128153986957,118.95003170865738,75.98128192251302,90.30419851789448,4.996082405742013,69.69562914900229,5.1890609801713055,15.310347373654974,0.9837232445546737,5.383108876408048,NORMAL
IVFluids,StandardMale.xml,173,71.89246343178776,118.17449224994796,75.40131374727225,89.65903991483083,5.019802697256343,69.62586490027023,5.187314931965995,15.232319991950543,0.9832966426695661,5.37987123181018,NORMAL
IVFluids,StandardMale.xml,174,71.65135346564911,117.52734749510974,75.76172290469276,89.68359776816509,5.019253362734796,69.76818271230492,5.19078582675646,15.369202225979183,0.9833615734982861,5.37665834801224,NORMAL
IVFluids,StandardMale.xml,175,71.93696599182422,117.60141876908835,75.32058601343911,89.41419693198885,5.016997409833534,69.95358890956041,5.195976707801555,15.4834228743129,0.9821226699590151,5.383045102743708,NORMAL
IVFluids,StandardMale.xml,176,72.17497371580102,118.1620265691559,75.42616071894307,89.67144933568068,5.0113780807055015,69.69905137897085,5.200938654315619,15.470349340341576,0.9810352047892302,5.392596784968799,NORMAL
IVFluids,StandardMale.xml,177,72.1264418909053,118.00525210173407,75.71690560716056,89.81302110535172,5.009084915036711,69.44326690161179,5.204960611951505,15.371402410916701,0.9800726844584815,5.401727207320706,NORMAL
IVFluids,StandardMale.xml,178,71.76815424649013,118.15625135659918,75.22898875516425,89.5380762889759,4.989876792031069,69.45396538983455,5.205894750562136,15.399073007297524,0.9806117201590547,5.409127966638252,NORMAL
IVFluids,StandardMale.xml,179,71.67032910628586,118.83037019642872,75.35625316949215,89.84762551180434,4.987521648143197,69.50580492201031,5.206477700245679,15.372421732355313,0.979760123027545,5.410846864660652,NORMAL
IVFluids,StandardMale.xml,180,71.8915118357584,119.2267089585607,75.61299541388574,90.15089992877739,5.0106998109584096,69.55495121683731,5.208168171097255,15.253440174730619,0.9793241496571304,5.411919543861359,NORMAL
IVFluids,StandardMale.xml,181,71.87242133636263,118.70245786041302,75.46518759407034,89.87761101618457,5.005555341883945,69.65920473722134,5.206674976698381,15.183486628739479,0.9785632231115978,5.415030160391533,NORMAL
IVFluids,StandardMale.xml,182,71.83695862965226,118.85106789429511,75.3771909364259,89.86848325571565,4.9770269170862464,69.61231929349296,5.21037112538647,15.276016622797862,0.9777792793000204,5.4122825500582525,NORMAL
IVFluids,StandardMale.xml,183,72.13193052685222,118.18158692298978,74.96625024957319,89.37136247404538,4.9991888220120355,69.2963236023318,5.212659588838016,15.249787043879072,0.9785257284572314,5.419083791970484,NORMAL
IVFluids,StandardMale.xml,184,72.17718764579527,118.24647087667725,74.8832942249002,89.33768644215921,4.969075310557835,69.33066688280297,5.210183364798258,15.367950020582331,0.9795394041882909,5.42329476800384,NORMAL
IVFluids,StandardMale.xml,185,72.34529637487927,118.73283879366167,75.27978342687148,89.76413521580155,5.010663960190867,68.93322219861582,5.2103732488170165,15.356498042951003,0.9795309478799682,5.41873829580954,NORMAL
IVFluids,StandardMale.xml,186,72.34503957575188,118.24456229344106,75.55249466860977,89.78318387688687,4.987183940941884,69.30073200737827,5.205626033454929,15.270654406899947,0.9810043493994521,5.419087699271312,NORMAL
IVFluids,StandardMale.xml,187,72.17654335218933,118.58347335116231,75.69399793635577,89.99048974129128,5.013467751332814,69.0193396802777,5.208627752270009,15.356834906709855,0.9827474637885328,5.410352401313451,NORMAL
IVFluids,StandardMale.xml,188,72.39928295932141,118.67391601789103,75.90119312324528,90.15876742146052,4.973775202506034,69.46713907602337,5.212228758196776,15.297017314971722,0.9839159490097683,5.415875830573654,NORMAL
IVFluids,StandardMale.xml,189,72.14086341809971,118.14731129913618,76.15604176474862,90.15313160954447,4.961985077733449,68.81624875626038,5.209649247244569,15.281054240321804,0.9825209423094748,5.4225020013535925,NORMAL
IVFluids,StandardMale.xml,190,72.41121937761108,118.22285129786931,76.0186475868639,90.08671549053237,4.938395676358507,68.87642001048486,5.210209456159298,15.373999646959323,0.9813111281134312,5.417755472065485,NORMAL
IVFluids,StandardMale.xml,191,72.53356736031634,117.79785161215354,75.92025543016548,89.87945415749483,4.933868251847678,68.38296578502828,5.208093684040535,15.360666883978674,0.9822708619277073,5.41878630623153,NORMAL
IVFluids,StandardMale.xml,192,72.65831650270303,117.91623565312318,75.4315741120957,89.59312795910486,4.906880555168949,68.23422035972239,5.20402064776634,15.435679065227395,0.982842586305613,5.414893097590538,NORMAL
IVFluids,StandardMale.xml,193,72.67815893451221,117.6070222042989,75.69269234594547,89.66413563206328,4.9181297476302355,67.81562881475172,5.203119616387591,15.414784355333161,0.9823345841135287,5.407398349041227,NORMAL
IVFluids,StandardMale.xml,194,72.75918409009444,117.11254282386355,75.64469830723381,89.46731314611038,4.911688205180117,67.93484792805619,5.20465504818079,15.469360337498149,0.9825075972610806,5.405740371266377,NORMAL
IVFluids,StandardMale.xml,195,72.75527340879691,116.58040609852931,75.56076343195593,89.23397765414705,4.931390453338927,67.79589914734673,5.199359721937565,15.556635641823377,0.9821111368671056,5.408565702157132,NORMAL
IVFluids,StandardMale.xml,196,72.38735275014032,116.23934150638439,75.31899849402497,88.95911283147811,4.9267736887626645,68.0340828622121,5.194488214810541,15.650557444195172,0.9830831599802412,5.398821831489695,NORMAL
IVFluids,StandardMale.xml,197,72.0576934503299,116.27851475687629,75.64342379638079,89.18845411654596,4.936542716832623,68.26212834653768,5.198262454846,15.710755133425007,0.9841550226057832,5.3898578256436025,NORMAL
IVFluids,StandardMale.xml,198,71.70489579931,116.98726471192987,75.13608531864602,89.08647844974064,4.9064896065708625,68.63539254560004,5.20261300563092,15.703841078980352,0.9853089133087991,5.396802762571792,NORMAL
IVFluids,StandardMale.xml,199,71.81899644412206,117.20902379838017,75.48899672349049,89.39567241512039,4.912353423326814,68.54861107068244,5.198555814962761,15.578747150972,0.9838467836414395,5.404808162472246,NORMAL
IVFluids,StandardMale.xml,200,71.71162136594268,117.72381696808701,75.69079150723486,89.70179999418558,4.950583192738992,68.5302337889034,5.2028689831402115,15.539606809589525,0.9827033793743409,5.397342571245595,NORMAL
IVFluids,StandardMale.xml,201,72.0394830316184,117.39691239454218,75.8337700088454,89.68815080407767,4.959078665349268,69.07598346421973,5.20159725888241,15.44874613404193,0.9823178307063475,5.405279183827634,NORMAL
IVFluids,StandardMale.xml,202,71.90393659712952,117.2340731276867,75.45506179734423,89.38139890745839,4.965364862126371,68.92080926663756,5.197609815511864,15.506444588760736,0.9825621413092537,5.402939098226957,NORMAL
IVFluids,StandardMale.xml,203,72.24608812308865,117.11319727923853,75.79194865086495,89.56569819365615,4.995491452544539,69.10292380105562,5.200951294169257,15.535185618484558,0.9819658682747635,5.395601848223514,NORMAL
IVFluids,StandardMale.xml,204,71.91863528896208,116.793579869678,75.93927411113758,89.55737603065106,5.0169088634946375,69.19652679942662,5.2024303229922815,15.556520130855116,0.9812399024397882,5.401750465774189,NORMAL
IVFluids,StandardMale.xml,205,72.151662680256,116.92710180679947,76.2517445814686,89.81019698991223,5.035448092042014,69.7125260437265,5.201725057664745,15.612932405644974,0.9828130060164229,5.404472010189588,NORMAL
IVFluids,StandardMale.xml,206,72.17576432714205,117.24258831439676,76.37158994871876,89.99525607061143,5.059868917566045,69.75094624692939,5.202859303738359,15.589365866457616,0.9819407406047612,5.403174259338723,NORMAL
IVFluids,StandardMale.xml,207,71.79853266672187,117.25067782284455,76.0913115009427,89.81110027490998,5.033872934918863,70.02530754828307,5.198192407636336,15.533682693305249,0.9822073561363777,5.405261372868411,NORMAL
IVFluids,StandardMale.xml,208,71.68337877898963,117.27140490880332,75.54885017775302,89.45636842143645,5.055899429213889,70.01266824139283,5.1941042447536185,15.532254900075525,0.9835233937130011,5.396673869483768,NORMAL
IVFluids,StandardMale.xml,209,72.02500716644658,117.5180288325624,75.6103430600662,89.57957165089826,5.045474912508351,70.37083385122234,5.195118807028928,15.528596582243882,0.9845169100248362,5.38915128663109,NORMAL
IVFluids,StandardMale.xml,210,72.3371755486626,117.5042891227125,76.0279080586754,89.85336841335443,5.0515681930184515,69.97206359840352,5.193724353299042,15.485067612479753,0.9844824228504164,5.391018171340475,NORMAL
IVFluids,StandardMale.xml,211,71.99674485223252,116.94915986635783,75.54883102806265,89.3489406408277,5.076633473574209,69.79771181059714,5.192660504062979,15.487492662756742,0.9851667526818882,5.388452252609193,NORMAL
IVFluids,StandardMale.xml,212,72.00097411161772,116.61421931296012,75.29913724804095,89.07083126968067,5.06145252656731,70.3697139751979,5.192641555674575,15.58547263261016,0.9852216639793924,5.386494675513898,NORMAL
IVFluids,StandardMale.xml,213,71.72779450152359,116.59904561096761,75.12096308659653,88.94699059472022,5.045973388944797,70.18355365715048,5.1916135758664455,15.64458943279485,0.9854975982933134,5.386459808796063,NORMAL
IVFluids,StandardMale.xml,214,72.00851853249137,116.96988959077365,74.70334687179957,88.79219444479092,5.007413790654072,70.21530150678454,5.194067910765612,15.647267581796676,0.9848102534521264,5.384568234634422,NORMAL
IVFluids,StandardMale.xml,215,72.18596130852374,117.31012047551226,75.3433188672329,89.33225273665936,5.036289224236232,69.52697143663828,5.192875834793424,15.58181384909248,0.9850736432921929,5.389084428865637,NORMAL
IVFluids,StandardMale.xml,216,71.86539494663847,117.18093255903321,75.98171674357857,89.71478868206346,5.047336723514419,69.73390532012691,5.192365031436147,15.521763308703392,0.9853528787841118,5.386890903185586,NORMAL
IVFluids,StandardMale.xml,217,72.24019646294583,117.01059016272126,75.8358802501065,89.56078355431141,5.064368116090318,70.1217075423128,5.196107337655104,15.544564895932217,0.9858350133543474,5.385950979633913,NORMAL
IVFluids,StandardMale.xml,218,72.45982340930988,117.46113342419605,76.07766215739912,89.87215257966476,5.057910764465984,70.02816420072341,5.197878825958876,15.574630223357044,0.9855384684717746,5.3928371555030825,NORMAL
IVFluids,StandardMale.xml,219,72.2659340432646,117.3320886525215,75.68485212080498,89.56726429804382,5.027336974769912,69.77684118318574,5.20252510834635,15.495109616810671,0.9854542276725284,5.396096851342014,NORMAL
IVFluids,StandardMale.xml,220,71.9989628167382,116.90316179909703,75.21448107391534,89.11070798230924,5.051252090368935,69.56322127544709,5.198334619467072,15.517885939070174,0.9862305337941691,5.404646423660786,NORMAL
IVFluids,StandardMale.xml,221,72.26724668747462,117.56919871675626,74.75207897163779,89.02445222001062,5.031370454213972,70.06234443842231,5.201130851986919,15.593591262986667,0.9850252928686265,5.396935551884894,NORMAL
IVFluids,StandardMale.xml,222,72.12017897835172,117.14696529883176,75.29632762582712,89.24654018349533,5.048882178561697,69.61060193391006,5.20413087125073,15.476036159618413,0.9840198880597419,5.4020808681086745,NORMAL
IVFluids,StandardMale.xml,223,72.04853294956072,117.122401574517,75.59064681598431,89.43456506882855,5.021377296402531,69.9374089320129,5.203242572119841,15.550560096315628,0.9834530372813441,5.407601170043575,NORMAL
IVFluids,StandardMale.xml,224,72.23856463281929,117.1540212560448,75.67956046268093,89.50438072713555,5.003288937532786,69.66338058662458,5.2060695490788,15.554895578440373,0.9834837724061577,5.405966620735784,NORMAL
IVFluids,StandardMale.xml,225,72.46341091566647,117.06840372032218,76.25376930514322,89.85864744353621,5.041606290743357,69.29605815582853,5.205201054513678,15.549314724238574,0.9829503184690899,5.411168509458536,NORMAL
IVFluids,StandardMale.xml,226,72.28490671532074,117.21631287257107,76.78347240960707,90.26108589726174,5.061418873102496,69.57873322895573,5.207797793397007,15.564426166255,0.9820293975595276,5.409570402310983,NORMAL
IVFluids,StandardMale.xml,227,72.03326445886273,117.50604918813478,77.14035230880141,90.59558460191253,5.057605923354069,69.9572818882801,5.2032002135788336,15.538320292510289,0.9833045906467593,5.4143486325226995,NORMAL
IVFluids,StandardMale.xml,228,72.30816747392323,117.26317815818287,77.32209757672247,90.63579110387593,5.031760605817654,70.1114977884284,5.206997400718609,15.487182012300039,0.9823821940620154,5.4058886772576535,NORMAL
IVFluids,StandardMale.xml,229,72.2022842361553,117.97473557505617,76.83319262466055,90.54704027479242,5.023622806483658,69.5830047858188,5.2049337702294665,15.530048598632057,0.9811715128405827,5.412875838896159,NORMAL
IVFluids,StandardMale.xml,230,71.80822183474008,117.98051418381202,76.4182235991554,90.2723204607076,5.060040116969822,69.56883824369574,5.203288414476863,15.404459155351702,0.9800621844090824,5.4090785754853705,NORMAL
IVFluids,StandardMale.xml,231,72.1876460421328,118.45765063022601,76.54903385199545,90.5185727780723,5.075357901498129,70.32067818610507,5.199401483249683,15.403439234486047,0.9798176285370465,5.406050974744849,NORMAL
IVFluids,StandardMale.xml,232,72.41744085190975,118.67837604764672,76.0510719039819,90.2601732852035,5.081768993403405,70.20195640999594,5.1989353527466315,15.31922494727193,0.9787477416758921,5.3988986760136175,NORMAL
IVFluids,StandardMale.xml,233,72.00515228006616,118.25695826064768,76.44702651621199,90.38367043102389,5.074788072901737,70.09620606038204,5.201292825094237,15.280267047832837,0.979330959167745,5.398040954481976,NORMAL
IVFluids,StandardMale.xml,234,71.69316781839802,117.93010707837003,76.15588094943372,90.08062299241249,5.028652083292929,70.34076954132348,5.20038771194458,15.35464702617698,0.9806659279718967,5.402378913014092,NORMAL
IVFluids,StandardMale.xml,235,71.71447795019762,117.39352076655497,76.62374071784161,90.21366740074606,5.032576981213958,70.03376731378509,5.195521065731154,15.412336057370208,0.9810585884285706,5.400713424418191,NORMAL
IVFluids,StandardMale.xml,236,71.55978482468171,116.96579153134765,76.46553592323511,89.9656211259393,5.037425031677033,70.06415082104583,5.193284823930521,15.507043208999423,0.9811234290835766,5.391758363084913,NORMAL
IVFluids,StandardMale.xml,237,71.7710793393889,116.50717376676971,76.9804193994395,90.15600418854957,4.997857278690978,70.24668167278097,5.194082334217246,15.582537154042491,0.9814553656701696,5.387643479528048,NORMAL
IVFluids,StandardMale.xml,238,72.20324080361993,116.75839820646272,76.73376156231127,90.07530711036175,4.995753328504564,69.59982258591977,5.19591219256362,15.663482905384551,0.9831818972505908,5.389110969297867,NORMAL
IVFluids,StandardMale.xml,239,71.96931970505929,116.22702938651238,76.99376632551075,90.07152067917797,4.983902853786178,69.23330925766807,5.198568445814585,15.619141947408028,0.9837120356076108,5.392478071200157,NORMAL
IVFluids,StandardMale.xml,240,72.19208219830644,116.7646207039609,76.6760180342025,90.03888559078864,4.949592594761807,69.2748034253603,5.1991430440195465,15.712928214955266,0.9847555421512091,5.39736581313494,NORMAL
IVFluids,StandardMale.xml,241,71.89733490451367,117.30058122859795,76.55413130097148,90.13628127684697,4.971934074574944,68.68751234377419,5.200528920914183,15.618043680454328,0.9857095809671504,5.398423124873201,NORMAL
IVFluids,StandardMale.xml,242,71.56642535868343,117.76943166021296,76.43823464966933,90.21530031985054,4.959145675206984,69.18730296071742,5.1959246934894665,15.523446979874368,0.9847512555066996,5.400973261465751,NORMAL
IVFluids,StandardMale.xml,243,71.27854386094367,118.40324352623442,76.40520102804382,90.40454852744068,5.003714104911408,69.29420007949982,5.196680843983623,15.440695169139225,0.984031085313877,5.392501074014163,NORMAL
IVFluids,StandardMale.xml,244,71.61195440701277,117.92340596591664,76.1859576634152,90.09844043091567,5.025687000823328,70.06395745430822,5.20060421181663,15.328827767422165,0.9836043295139242,5.393892458091699,NORMAL
IVFluids,StandardMale.xml,245,71.38187514602049,117.74763284620552,76.63149088239052,90.33687153699552,5.041732109766177,70.06287233906353,5.204502276656695,15.413518799567004,0.983375855469405,5.401111803414288,NORMAL
IVFluids,StandardMale.xml,246,71.87290104025739,117.7719712856141,76.55431681871241,90.2935349743463,5.070121480996405,70.44202486882037,5.204335053026457,15.444542646307545,0.9844091591582806,5.408284588982216,NORMAL
IVFluids,StandardMale.xml,247,72.07760523244862,117.20926317433175,76.61212683416052,90.14450561421759,5.086574064536727,70.3904385977537,5.204443185297561,15.44024692682918,0.983920034468285,5.407976882648228,NORMAL
IVFluids,StandardMale.xml,248,71.72759291926545,117.52746411062958,76.30799506244448,90.04781807850618,5.083258873456883,70.42464606718389,5.203349088545015,15.539564559882361,0.9845756781698899,5.4081758556323685,NORMAL
IVFluids,StandardMale.xml,249,71.65820953266402,116.94228576926074,76.71584929868627,90.12466145554443,5.060380022182548,70.66577399223259,5.208062816187671,15.48340229174589,0.9839332711504265,5.406162620419881,NORMAL
IVFluids,StandardMale.xml,250,72.10418745663856,117.69363659759728,76.12178418679378,89.97906832372827,5.06334310984714,70.44520968690902,5.206051260306159,15.58668590648941,0.9849218500067124,5.414836297999299,NORMAL
IVFluids,StandardMale.xml,251,72.22882996108672,118.36354040110577,75.67880952966435,89.90705315347816,5.063516574293602,70.1240147243139,5.208380547943585,15.454072950737135,0.983532495432568,5.4111348564923,NORMAL
IVFluids,StandardMale.xml,252,71.84113681681703,118.71074480084982,75.55614457251768,89.94101131529506,5.045689466658066,70.02696602207787,5.20838292274427,15.335835344411958,0.9839651151058556,5.415420952654056,NORMAL
IVFluids,StandardMale.xml,253,72.01318347192695,119.25558302624985,75.4547150142163,90.05500435156083,5.060653946641136,70.12121648908926,5.208451879032474,15.274553982944386,0.984136239577967,5.415425322498269,NORMAL
IVFluids,StandardMale.xml,254,71.92922095066089,119.31743316299173,75.21832167273207,89.91802550281862,5.021655454882629,70.16419768888925,5.210132852691744,15.178390373679342,0.9842024339289002,5.415552208193899,NORMAL
IVFluids,StandardMale.xml,255,71.85164091966385,119.24897248076593,75.02430330927353,89.765859699771,4.999595816937981,69.76132268117084,5.208785405647356,15.167473862859515,0.985755299127451,5.418645349046601,NORMAL
IVFluids,StandardMale.xml,256,71.70699536058896,119.68528481904796,75.12839092687692,89.98068889093393,4.9694606163884,69.55692268964788,5.211611226299946,15.179557130862133,0.9855510367993219,5.416165926792207,NORMAL
IVFluids,StandardMale.xml,257,72.07905131554864,119.4104143026221,74.73615658202992,89.62757582222731,4.988080424095162,69.30767268318048,5.2141380560940105,15.102548273443466,0.9849657416457712,5.421365687808526,NORMAL
IVFluids,StandardMale.xml,258,71.94266197890178,118.63560096306752,74.93526773176016,89.50204547552929,5.020973717662012,69.23869352969078,5.216521260050542,15.151062749314995,0.985603908104559,5.426015279086021,NORMAL
IVFluids,StandardMale.xml,259,72.2949151641848,118.7536959127765,75.41281273181048,89.85977379213249,5.0188821119307425,69.74243985268713,5.211413917582925,15.287816823762626,0.9846585633920819,5.43040058606428,NORMAL
IVFluids,StandardMale.xml,260,71.95255761209783,119.07165659364678,74.91334988675555,89.6327854557193,5.020690200514138,69.43891714453949,5.209190422776222,15.266973138296812,0.9855968483348008,5.421002622242419,NORMAL
IVFluids,StandardMale.xml,261,72.00247500516619,119.10246133219637,74.54449321885089,89.39714925663272,5.002679134969383,69.73117241053367,5.213451547582689,15.210853275094472,0.9862057359564864,5.416911194286689,NORMAL
IVFluids,StandardMale.xml,262,72.02258288670782,119.34974908140715,75.10352705335511,89.85226772937246,4.968222539928305,69.4747458590532,5.217099818536711,15.205416257823483,0.9865363464004423,5.424752042443146,NORMAL
IVFluids,StandardMale.xml,263,71.97846890037137,119.44330197051764,75.02228313817824,89.8292894156247,5.002689634285686,69.04411450752907,5.218535221824259,15.161770123278355,0.9868328887127628,5.431465185071751,NORMAL
IVFluids,StandardMale.xml,264,71.72794233582817,119.9264799779838,75.05630984161594,90.01303322040523,5.035188566196423,69.4938421391816,5.212607355813502,15.14525809630479,0.9855588223847316,5.434106454626649,NORMAL
IVFluids,StandardMale.xml,265,71.49967039718013,119.23063252530811,74.95438925961197,89.71313701484402,5.047250760961915,70.08493120058058,5.210059558122876,15.059977477307612,0.9868368535786367,5.423198654598915,NORMAL
IVFluids,StandardMale.xml,266,71.90630550095297,119.57033658042248,74.77797813107678,89.70876428085867,5.051765207735282,70.41395384414905,5.209763654419422,15.182794121639148,0.9855654977608973,5.418510480529182,NORMAL
IVFluids,StandardMale.xml,267,71.76554911712306,119.43268640991386,74.92465725947413,89.76066697628737,5.018364986701509,70.14242749999396,5.213399065593646,15.122836566352376,0.9844828658570376,5.41796599142992,NORMAL
IVFluids,StandardMale.xml,268,71.93503415080937,119.57322719493621,75.17718005170332,89.97586243278094,5.043322601429815,69.85178334650816,5.212963915804999,15.147131736175194,0.9854999224221332,5.424655470921373,NORMAL
IVFluids,StandardMale.xml,269,71.56950925168691,118.75201465120092,75.44360842483259,89.87974383362203,5.043697104257383,70.0177724826889,5.21343867810297,15.12232637468139,0.9862608278349806,5.423854756656228,NORMAL
IVFluids,StandardMale.xml,270,71.58081341237111,118.85823826947546,75.50663183045394,89.95716731012779,5.048053174787652,70.31476270823116,5.2102608972966555,15.26726987992339,0.9875299681172462,5.424728361457278,NORMAL
IVFluids,StandardMale.xml,271,71.64315490397075,119.18395603039369,75.78659312797657,90.2523807621156,5.025450944950627,70.35837913661764,5.205170211501927,15.248521477101667,0.9860074221342667,5.418880962493747,NORMAL
IVFluids,StandardMale.xml,272,71.65952434573212,119.02278911176909,75.45649671272513,89.97859417907311,5.030595682731108,70.03505984145738,5.202882649207269,15.191032494076243,0.9865819617631434,5.4095136484296,NORMAL
IVFluids,StandardMale.xml,273,71.90860191502017,119.40769653518953,76.09080898593324,90.529771502352,4.996984013311557,70.08415600772297,5.201357567282987,15.219478355373305,0.9866404287315824,5.405304330604967,NORMAL
IVFluids,StandardMale.xml,274,71.7804622861771,119.19534942594072,75.80110465815795,90.26585291408554,4.977219018395891,69.48034376811678,5.1972171387218005,15.151542433583234,0.9858799033069996,5.40249804439239,NORMAL
IVFluids,StandardMale.xml,275,71.72757758903404,119.21642058772852,75.52239981334331,90.08707340480505,5.009476270650439,69.34327205806017,5.1940366406456056,15.189021566820207,0.9852918575854225,5.3948792880486085,NORMAL
IVFluids,StandardMale.xml,276,71.8391090246294,118.81128829011773,75.894264964768,90.19993940655124,5.008076012963709,69.77468552388441,5.1946606929258765,15.185302519817888,0.9852648010665281,5.389026889067123,NORMAL
IVFluids,StandardMale.xml,277,71.71510599621492,118.04840622063494,76.44096852379617,90.31011442274243,5.007436474198237,69.66914141123652,5.199754466653986,15.256808119373591,0.9843890620098259,5.390175200696923,NORMAL
IVFluids,StandardMale.xml,278,71.64906458881872,117.41347490625522,76.38302640061764,90.0598425691635,5.03703367324397,69.7599740623252,5.201316698785291,15.391456332044765,0.98434967047456,5.399548196832789,NORMAL
IVFluids,StandardMale.xml,279,71.74203098595295,117.96843473303294,76.25513293537024,90.15956686792447,5.062700131355255,70.17034903869295,5.203486501996751,15.503521315703583,0.9851932382449364,5.402422842726313,NORMAL
IVFluids,StandardMale.xml,280,71.68154271687251,117.83295801909297,76.30949199786879,90.15064733827685,5.029925782334322,70.40588312733215,5.203739965954916,15.405571250065538,0.983898383017175,5.406415473377409,NORMAL
IVFluids,StandardMale.xml,281,71.74267365206043,118.2227517298381,76.0087905426427,90.0801109383745,5.065069255388016,70.05844990296258,5.205244921188913,15.429482806150409,0.9828428965070619,5.406881869575448,NORMAL
IVFluids,StandardMale.xml,282,72.16938525769567,118.04804290944753,76.36163430071136,90.25710383695674,5.043533923445277,70.43397499105987,5.2092150461145845,15.360684457674502,0.9837802644964233,5.409651120890061,NORMAL
IVFluids,StandardMale.xml,283,71.89792722483544,118.05516924149386,76.3192346345309,90.23121283685188,5.001362864321493,69.83408251863162,5.20484861544395,15.39152045624428,0.9833769112786674,5.41695650341655,NORMAL
IVFluids,StandardMale.xml,284,71.89542520023691,117.98847066773229,76.40923620305581,90.26898102461463,5.002421895532441,69.54156992096465,5.202740600034257,15.390262663052745,0.9838458906506842,5.408921883115784,NORMAL
IVFluids,StandardMale.xml,285,71.64438303213853,118.67668743257047,76.64833291431056,90.65778442039719,4.986038235114843,69.55631670120941,5.200885208275769,15.402034920003024,0.9849230362971626,5.405042947508504,NORMAL
IVFluids,StandardMale.xml,286,71.73471731599618,118.88941029227098,76.3319004664076,90.51773707502873,5.013156761239055,69.55762323508158,5.199498009028562,15.280565087347728,0.9854506091524944,5.401628861859809,NORMAL
IVFluids,StandardMale.xml,287,72.16672333329034,118.9020848266443,76.64900691028727,90.73336621573961,5.029431242554575,69.81345061604988,5.201418582522561,15.243019634388801,0.9839945218988247,5.399076292021068,NORMAL
IVFluids,StandardMale.xml,288,72.11617369148851,119.44998604002302,76.91223137780221,91.09148293187582,5.047606255746515,69.66671778952372,5.202081502885215,15.240782586923569,0.9847391158258706,5.402610317853146,NORMAL
IVFluids,StandardMale.xml,289,72.16193359555834,118.81832507555654,76.95987165472536,90.91268946166909,5.050847675436596,69.92524823381089,5.20532674635316,15.144078362177757,0.983703302097628,5.403830150207154,NORMAL
IVFluids,StandardMale.xml,290,72.27716153068064,118.06636806316489,77.38492996711504,90.94540933246499,5.012870367796351,69.92788452965226,5.200090216905438,15.25556613110281,0.9832480577877987,5.409801686460744,NORMAL
IVFluids,StandardMale.xml,291,71.94806567523389,118.32526997545949,77.11464929746286,90.85152285679507,5.03315482154888,69.38073769457078,5.204288213058925,15.38828607796529,0.9845065884796478,5.400166007119907,NORMAL
IVFluids,StandardMale.xml,292,72.14614958818859,117.67424354626698,76.54937353542132,90.25766353903654,5.005328518468585,69.8848986660232,5.202195841817865,15.342590050830644,0.9850327198857292,5.407890692947209,NORMAL
IVFluids,StandardMale.xml,293,72.14003888351971,117.4517745768166,76.09263935200005,89.87901776027223,5.037589107772748,69.3932746190041,5.200443542176755,15.457495812283266,0.9845929647140468,5.404040543999873,NORMAL
IVFluids,StandardMale.xml,294,72.33224596788328,117.82548714798074,76.25372486119684,90.11097895679147,5.048050231601908,69.78588785838339,5.201508844303163,15.496761447575494,0.9837023019660118,5.400816157004751,NORMAL
IVFluids,StandardMale.xml,295,72.06923529991408,117.92731425976217,75.89375184970629,89.90493931972492,5.079486534060818,69.75941290207568,5.19936434942644,15.430801410273638,0.9831730725841643,5.402776407547341,NORMAL
IVFluids,StandardMale.xml,296,71.82250730512196,118.22283862301431,75.6866852304826,89.86540302799317,5.056809373641167,70.3460770480133,5.203752176987848,15.412828988124392,0.9842053617031342,5.398830346480279,NORMAL
IVFluids,StandardMale.xml,297,71.673447301661,117.66727814261215,75.93544738130595,89.84605763507469,5.0396223253381285,70.27025520267266,5.208253774853584,15.36066912108273,0.9852240298537097,5.406904338960741,NORMAL
IVFluids,StandardMale.xml,298,72.09632835408243,118.13283615897222,75.69157569634031,89.83866251721761,5.017358145501467,70.18210440193505,5.209735252328632,15.458725201713396,0.9847452079579027,5.415187678907296,NORMAL
IVFluids,StandardMale.xml,299,72.03276787537253,117.7762490645071,75.70271162295829,89.72722410347455,4.991212833291917,69.57722287308226,5.209342643767052,15.376554500231155,0.9860646518061262,5.417913729059929,NORMAL
IVFluids,StandardMale.xml,300,72.18376510779798,117.2947226291984,75.87645636938367,89.68254512265526,4.999329039265008,69.3128204218009,5.206020227599851,15.439491901504578,0.9864890288424308,5.417191294431495,NORMAL
IVFluids,StandardMale.xml,301,72.17528733688314,117.57071730757667,75.35396245685439,89.42621407376181,4.9924824682510955,69.29157159445236,5.207712457340542,15.524481019039083,0.9851716073840325,5.41107775355608,NORMAL
IVFluids,StandardMale.xml,302,72.36012597981,116.92841337857321,75.49029694815619,89.30300242496186,5.0278111922798026,69.21596968306139,5.206164877814702,15.475768129279352,0.9864629827109768,5.414191606598466,NORMAL
IVFluids,StandardMale.xml,303,72.59756591186417,117.02275605435703,75.18953580511103,89.1339425548597,5.0612220310643385,69.49470357867327,5.20388363842148,15.589134374852044,0.9867837028256043,5.411343922800578,NORMAL
IVFluids,StandardMale.xml,304,72.81559515602278,116.56283025361665,75.37372788216521,89.10342867264903,5.055884207858982,69.70788542006694,5.205804296620547,15.572482951019893,0.9879510939613076,5.407146239676246,NORMAL
IVFluids,StandardMale.xml,305,72.99833661683317,116.27679283600175,75.9060107636335,89.36293812108958,5.022507881341106,69.4729723665862,5.2095365588050955,15.65365956993432,0.989206652925413,5.410680421373172,NORMAL
IVFluids,StandardMale.xml,306,72.7349645495478,116.47281247151042,76.4409852837636,89.7849276796792,5.0564820953114715,68.93288869690959,5.213034454642377,15.704144996948008,0.990000537032064,5.417548115326824,NORMAL
IVFluids,StandardMale.xml,307,72.20915181392097,116.74740835257242,75.917928975935,89.52775543481414,5.087602591226779,69.5432811078663,5.209837893714958,15.669547652711575,0.9910680145767637,5.4239845543829155,NORMAL
IVFluids,StandardMale.xml,308,72.20587940896472,116.88606913942037,76.45384517755974,89.93125316484662,5.104025529381584,70.33190532782267,5.208731506854227,15.621081649811634,0.9896612771140623,5.418102598328328,NORMAL
IVFluids,StandardMale.xml,309,71.85867721236106,116.54445143340072,76.35121432868827,89.74896003025908,5.07075862284907,70.53178622778444,5.204895364803811,15.596608106830981,0.9899984356603093,5.4160667482250595,NORMAL
IVFluids,StandardMale.xml,310,72.11690881918949,116.81037660980401,76.6186848575198,90.01591544161454,5.035378679471695,70.40952559049349,5.2080654180880535,15.656903420317061,0.9907899110965036,5.409007906090638,NORMAL
IVFluids,StandardMale.xml,311,72.35730870579752,116.97155396545357,76.05007279425524,89.69056651798802,5.044209463629154,69.7776402741326,5.204268354874038,15.609967791418029,0.9892488109924413,5.414841085727128,NORMAL
IVFluids,StandardMale.xml,312,72.151420961847,116.73966547717137,75.75713141831254,89.41797610459882,5.0171659072040455,69.69355666657611,5.206464642579328,15.581520087992526,0.990271199290376,5.4078541521230274,NORMAL
IVFluids,StandardMale.xml,313,71.96552966987808,117.1997942271447,75.1993921099587,89.1995261490207,5.027175414949966,69.53139902199698,5.207875444201912,15.62244826252334,0.9885361104609102,5.41189551659537,NORMAL
IVFluids,StandardMale.xml,314,71.6663579589036,117.02334976282995,75.17996595241583,89.1277605558872,5.0237594043357365,69.79899483665179,5.211196942148857,15.541235823195024,0.9888640497843795,5.414491516901389,NORMAL
IVFluids,StandardMale.xml,315,71.5756193591424,116.60249123497161,75.77567895601382,89.38461638233308,5.004199510542378,69.99606719726751,5.2114479385664225,15.572378161842215,0.987712483224774,5.420603368169967,NORMAL
IVFluids,StandardMale.xml,316,71.35940154407639,116.28116263409248,76.09931917807869,89.49326699674995,5.012099578726081,69.83199768901035,5.209691068091368,15.646659431294474,0.9876433085671842,5.421065223874113,NORMAL
IVFluids,StandardMale.xml,317,71.45218480526452,116.53565611131043,76.28456219422928,89.70159349992299,4.987961787206513,70.10076587193043,5.206390867362342,15.703373730292007,0.9881961799325543,5.417832426138512,NORMAL
IVFluids,StandardMale.xml,318,71.84999489985685,116.12233948297536,76.1872228279958,89.49892837965565,5.005865629389305,69.73390154173974,5.201660909042833,15.658455789217445,0.9881331336619174,5.411759763642719,NORMAL
IVFluids,StandardMale.xml,319,71.5265926494396,116.40967935781566,76.17180803311054,89.58443180801224,5.010900918423943,69.63384417644728,5.198026633901891,15.731405918075927,0.9873669750391607,5.403056220176133,NORMAL
IVFluids,StandardMale.xml,320,71.62868007631086,116.0592829902145,75.79810183970643,89.21849555654245,5.016101579543977,69.95226087325631,5.194093831987932,15.680690608168806,0.9872088482264454,5.39636883108683,NORMAL
IVFluids,StandardMale.xml,321,71.94294262578691,116.22212847032274,75.83772291074537,89.2991914306045,5.010501981514693,69.93359288631723,5.19014343091796,15.74253534998579,0.9869193733907218,5.38913212621727,NORMAL
IVFluids,StandardMale.xml,322,72.19881765508538,116.74362599362149,75.73192942331626,89.40249494675133,5.0344201937533235,69.61605588555088,5.193389563496979,15.713793223626702,0.9870008425628989,5.381863037337322,NORMAL
IVFluids,StandardMale.xml,323,71.79900997065552,116.67359424407016,75.23994044093703,89.05115837531474,5.069367998108029,69.70128140459234,5.198263932805983,15.621749233823365,0.9855479214630287,5.387836209634267,NORMAL
IVFluids,StandardMale.xml,324,72.18246373198157,116.17387984825385,75.21989011633022,88.87122002697143,5.0816513495164415,70.44062587115376,5.201061017903961,15.634109794235691,0.9869391119364874,5.396805482149448,NORMAL
IVFluids,StandardMale.xml,325,72.26609332317241,116.27696133677196,75.90298336228285,89.36097602044589,5.061380119888691,70.28170084247397,5.204672386449468,15.722309075532657,0.98800437104108,5.401952367192722,NORMAL
IVFluids,StandardMale.xml,326,72.11837521391156,116.7352462124099,76.108534163466,89.65077151311397,5.056353090529032,69.97173766019014,5.20583414404001,15.704115256666448,0.9873074644572372,5.4085976061116465,NORMAL
IVFluids,StandardMale.xml,327,71.83969633123486,116.9360205808768,76.13039211053618,89.73226826731639,5.067079900034729,70.02867014116231,5.202594573797818,15.62322826001608,0.9856333896706714,5.4107353432763095,NORMAL
IVFluids,StandardMale.xml,328,71.48694271840833,116.77874964239419,76.32327046300152,89.80843018946574,5.06170570997956,70.38037769133082,5.202706459215993,15.587791708357997,0.9865528279409125,5.404774246262052,NORMAL
IVFluids,StandardMale.xml,329,71.37795385627334,116.70687397111521,76.01606485565009,89.57966789413847,5.088484145160481,70.59926311693731,5.204740302144185,15.61554993157349,0.9852672045902163,5.404980125370193,NORMAL
IVFluids,StandardMale.xml,330,71.73829423912876,116.74575712274611,76.33344134636836,89.8042132718276,5.107405479665538,71.01209135766493,5.199517746475049,15.628235943028468,0.9843640849563425,5.408722577022827,NORMAL
IVFluids,StandardMale.xml,331,71.46645081579105,116.24014133179065,76.41160283144157,89.68778233155793,5.109370337983317,70.94874137510637,5.195043068550372,15.62137309085307,0.9851365531513437,5.399112610675868,NORMAL
IVFluids,StandardMale.xml,332,71.48497915525718,116.0750051662012,76.02396127605529,89.37430923943725,5.12390914829955,71.19319828052006,5.191003843256314,15.710613964736279,0.9851373225110166,5.390878805812138,NORMAL
IVFluids,StandardMale.xml,333,71.40974735701599,116.74329878114985,76.29896673163998,89.78041074814327,5.0929263979472825,71.35418822414987,5.192702312977614,15.739760395663758,0.9856439385135745,5.383446272469683,NORMAL
IVFluids,StandardMale.xml,334,71.3732741014178,116.61343527609235,75.83574973564411,89.4283115824602,5.09337283458875,71.04009072501069,5.190496231219801,15.621806986621909,0.9849939548940512,5.386571607630682,NORMAL
IVFluids,StandardMale.xml,335,71.13564634276574,117.40428928295583,76.31070631961389,90.00856730739453,5.11386905999166,71.07517953190558,5.1925160419923335,15.644727814816314,0.9847760399809197,5.3825122212317,NORMAL
IVFluids,StandardMale.xml,336,71.2888237092813,118.13549346685323,76.80410105647101,90.58123185993175,5.112417973551755,71.51836362280095,5.195972472195532,15.505142572525585,0.9842501502072938,5.3862288524714526,NORMAL
IVFluids,StandardMale.xml,337,71.35079780666582,117.62847721577366,76.56136891790923,90.25040501719738,5.1178059445857675,71.37516242357454,5.196029683742856,15.376085487036313,0.9853581276831898,5.392588991077469,NORMAL
IVFluids,StandardMale.xml,338,71.30906733438775,117.96273981016381,76.86233772318403,90.56247175217729,5.135302663725868,71.3898420446132,5.196970992199172,15.46557354126387,0.9867328519402827,5.392694265406606,NORMAL
IVFluids,StandardMale.xml,339,71.48014158491652,117.45484784936257,76.45244058899927,90.11990967578703,5.09355782760609,71.6363149992183,5.198680236806459,15.40657640042403,0.9878609790625703,5.39442635658196,NORMAL
IVFluids,StandardMale.xml,340,71.85208263706048,116.94835451076274,76.66877907316405,90.09530421903028,5.056341742574816,70.9905346319557,5.196470375123699,15.496219016874974,0.988153243568793,5.397571518490299,NORMAL
IVFluids,StandardMale.xml,341,71.96123314203848,117.59499475501642,76.21599141329997,90.00899252720545,5.069777124874498,70.24094312977805,5.198995640745344,15.585614777373788,0.9880776755622513,5.393505176693646,NORMAL
IVFluids,StandardMale.xml,342,71.95177574636342,118.15984751790583,75.99016892620469,90.04672845677173,5.097049828303945,70.31555606122,5.194229281939758,15.471483174845705,0.9891430775006972,5.398151889754946,NORMAL
IVFluids,StandardMale.xml,343,72.33017936539507,117.6053076186584,76.59081051624793,90.26230955038476,5.082444021438629,70.65166483847155,5.192116614898731,15.371787012112454,0.9891250199161292,5.389381366160547,NORMAL
IVFluids,StandardMale.xml,344,72.03393851486304,118.23286223942328,76.58388360166057,90.4668764809148,5.09351001071678,70.17359738726998,5.191553553012935,15.46966296080154,0.9888961519163182,5.3854938711384115,NORMAL
IVFluids,StandardMale.xml,345,71.91519415027342,117.87168648335945,76.53065531796392,90.31099903976244,5.080843945143857,70.54307800065965,5.188214975941743,15.358899958996009,0.9900285881796956,5.384457787252176,NORMAL
IVFluids,StandardMale.xml,346,71.906159180406,118.36238737319414,76.96549827312019,90.76446130647817,5.059738223088327,70.48577610204352,5.1882965561447145,15.422647256199005,0.989814098650593,5.378314508877857,NORMAL
IVFluids,StandardMale.xml,347,71.70018891375733,117.82409753272317,76.56497816737107,90.31801795582177,5.086566405389324,70.23864174778991,5.190023741109391,15.33603885312408,0.9891819187956182,5.378464623698033,NORMAL
IVFluids,StandardMale.xml,348,71.47646457172672,117.6065780178402,76.35439921242228,90.10512548089493,5.10171152091578,70.72782887268954,5.190814413552492,15.431046676505758,0.989311374928705,5.381642797457598,NORMAL
IVFluids,StandardMale.xml,349,71.71924273442355,117.31306378002412,76.6986665348719,90.23679894992264,5.125492131011895,71.09227884682683,5.192965797037862,15.469438736132943,0.9889384431702702,5.383097704987751,NORMAL
IVFluids,StandardMale.xml,350,71.50472230928371,117.80674663369321,76.21968990599618,90.08204214856185,5.126411437427734,71.18262111428365,5.193411384065858,15.521243817280375,0.9898742408102252,5.387056441706633,NORMAL
IVFluids,StandardMale.xml,351,71.62821040757821,118.02798775127553,75.6643541234676,89.78556533273691,5.072289181954931,71.36837627873007,5.197405154541482,15.434109099435958,0.9908200823666088,5.387876361419309,NORMAL
IVFluids,StandardMale.xml,352,71.83017686172448,118.3947734848118,75.59866422049357,89.86403397526631,5.090069471573776,70.61333724275691,5.1949269608498385,15.395060179237808,0.9909762429651914,5.395225253858127,NORMAL
IVFluids,StandardMale.xml,353,71.46827374346213,118.35641246513921,75.49366324891338,89.78124632098866,5.087506053219628,70.66534031523976,5.197000125960232,15.330322724486214,0.9908479670438451,5.390665157329396,NORMAL
IVFluids,StandardMale.xml,354,71.55122268445086,118.2975290341322,74.9610942138919,89.40657248730533,5.079988548503359,70.92686682104653,5.192358492326399,15.337093420694421,0.9904686423561511,5.394479965290239,NORMAL
IVFluids,StandardMale.xml,355,71.4523648002344,118.93103953857617,74.5037399788053,89.31283983206225,5.0943928826037705,70.76864823498933,5.194709803066749,15.347486309789868,0.9909498969522244,5.3859389470911125,NORMAL
IVFluids,StandardMale.xml,356,71.87945291328292,118.27146250914954,74.1951318341362,88.88724205914065,5.053738902682142,71.02321504165015,5.192052104429189,15.23567209820455,0.9905535374147147,5.390265567718545,NORMAL
IVFluids,StandardMale.xml,357,72.1534759054814,117.91381945483961,74.28348514104935,88.82692991231278,5.036429193769069,70.18767058125238,5.191747857170757,15.352087035301537,0.9903045076271872,5.385375166144037,NORMAL
IVFluids,StandardMale.xml,358,72.51784186898588,117.5401460895113,74.70603090430008,88.98406929937049,5.059409031146647,69.76130243854062,5.193945019276823,15.415210812833418,0.9909550400918159,5.384815324162464,NORMAL
IVFluids,StandardMale.xml,359,72.63164174351161,117.02508105595027,74.7131931076924,88.81715575711169,5.055716491308973,69.7490093746527,5.189990298196243,15.481163930329537,0.9890072518933313,5.3888582976099055,NORMAL
IVFluids,StandardMale.xml,360,72.25425138051759,117.13943880196297,74.78508848568003,88.90320525777435,5.071049499830581,69.6152534460502,5.191449196042858,15.572072589678987,0.9897607306625632,5.381581259526696,NORMAL
IVFluids,StandardMale.xml,361,71.88445289261887,117.27998026814613,74.37890646083872,88.67926439660786,5.038504605662198,70.09721617558989,5.195814049484457,15.551888518350435,0.9905427465767492,5.384265761157282,NORMAL
IVFluids,StandardMale.xml,362,71.88579825987408,116.7297715758776,74.05860764480106,88.28232895515991,5.06742557649363,70.00001292815465,5.20014185611691,15.527083036632167,0.9902901026217878,5.39229747921652,NORMAL
IVFluids,StandardMale.xml,363,71.53282094742667,117.4793002558936,74.06410889170749,88.53583934643619,5.095367277330324,70.34760106074792,5.201000874968889,15.624194529972584,0.9906238927795324,5.400261027856088,NORMAL
IVFluids,StandardMale.xml,364,71.78767526242386,117.3980985172027,73.78390708292041,88.32197089434784,5.05566780513418,70.96968407370052,5.198325571367911,15.491903182270097,0.9911781828205583,5.401841698849736,NORMAL
IVFluids,StandardMale.xml,365,71.73748849360108,118.02395987957411,73.8423806723838,88.56957374144723,5.068705931160093,70.28437778863184,5.194858957231704,15.506235238845939,0.9921496364703558,5.396918902578703,NORMAL
IVFluids,StandardMale.xml,366,71.96440461274983,118.02225451180325,74.66509561934524,89.11748191683124,5.023855367860233,70.4820569030065,5.194640894844094,15.39577109609791,0.9925940070740205,5.390540024631317,NORMAL
IVFluids,StandardMale.xml,367,71.84333115897066,118.39624745244652,75.36778109512316,89.71060321423094,5.012415935133164,69.75989870252529,5.197804934395211,15.396072092453018,0.9905757007699436,5.390138770467795,NORMAL
IVFluids,StandardMale.xml,368,71.69039202470323,119.0393073792722,75.43079292202371,89.9669644077732,4.999227995588139,69.71813634872726,5.202391870600276,15.330062570111783,0.9899254361897496,5.395960884301138,NORMAL
IVFluids,StandardMale.xml,369,71.89027031569685,119.14212621356185,75.00050945792078,89.71438170980115,5.00882003765764,69.68046888700623,5.205181178924327,15.216562891391794,0.9901709456540274,5.404401254372599,NORMAL
IVFluids,StandardMale.xml,370,71.57579134067399,118.52383219524073,75.37196527818683,89.7559209172048,5.018357966277417,69.63752869904687,5.207163467620289,15.1984154308342,0.9892075343533844,5.409533829461045,NORMAL
IVFluids,StandardMale.xml,371,71.33792805905682,117.76955360109207,75.21568224944785,89.40030603332926,5.004707515038004,70.00315413861703,5.204288372805819,15.307543942045193,0.9877686394946749,5.41318141674685,NORMAL
IVFluids,StandardMale.xml,372,71.20785476802209,117.72501291458201,75.37353001522625,89.49069098167817,4.996724374755838,70.02833760429137,5.199208112487975,15.440673646649605,0.9871090141652336,5.4078909868956835,NORMAL
IVFluids,StandardMale.xml,373,71.0258977460435,117.89458606577985,75.23645857556184,89.4558344056345,4.9879794662596515,70.03586737707556,5.19718990183051,15.448535050226429,0.9866037853812324,5.398542856635093,NORMAL
IVFluids,StandardMale.xml,374,70.87023214158604,118.46856299236046,75.81242614711432,90.03113842886303,5.027833510078401,70.07593258776421,5.198134189182096,15.418605494087707,0.985484302552444,5.394829169749201,NORMAL
IVFluids,StandardMale.xml,375,70.97960992926843,117.90788147196706,75.59582417427261,89.69984327350409,5.023578170136302,70.68767550205133,5.1939160426810025,15.317298922115224,0.9852496086661551,5.396566742356466,NORMAL
IVFluids,StandardMale.xml,376,71.10145714077467,117.89662952384778,75.13562171937019,89.38929098752939,5.000575373630822,70.54688903339414,5.191868389733283,15.416258863131944,0.9856047521224458,5.3888049780996266,NORMAL
IVFluids,StandardMale.xml,377,71.33938044662486,117.48254338980934,74.76555568577987,89.00455158712303,4.984871418344759,70.1683213020351,5.1970067920161105,15.418244825004606,0.9850530504584264,5.38503711478433,NORMAL
IVFluids,StandardMale.xml,378,71.55528420586688,117.96905319102515,74.70605677582269,89.12705558089017,4.973664264808262,69.7865386146746,5.200400870412628,15.491330771143037,0.9861273341792712,5.394492231425197,NORMAL
IVFluids,StandardMale.xml,379,72.0152778041674,117.46326379714439,74.6428972989933,88.916352798377,5.012952446949898,69.4787153742674,5.19737733347115,15.405462092613035,0.9854797473586455,5.400737637168257,NORMAL
IVFluids,StandardMale.xml,380,72.38416810658718,118.18254727392028,74.55209885176846,89.0955816591524,5.026824811422322,69.58830209897394,5.197497103437618,15.494733607305019,0.9856690267226299,5.395174060617393,NORMAL
IVFluids,StandardMale.xml,381,72.10846968063912,117.98757482706371,75.10202513995648,89.39720836899222,5.014688646566134,69.4639627650532,5.193836102233505,15.367780519238018,0.9858070858252798,5.3953944479947715,NORMAL
IVFluids,StandardMale.xml,382,72.1625890907161,118.05291554300081,75.42559512716886,89.63470193244618,5.016741195645221,69.5355276286999,5.1988589864024535,15.40219303532607,0.9856274214741746,5.388657880575181,NORMAL
IVFluids,StandardMale.xml,383,72.29981032968911,117.96053473882927,75.24268692847937,89.48196953192934,5.029939394866183,69.51748105051556,5.202139872492606,15.39066043944064,0.9864642261309208,5.397900433625123,NORMAL
IVFluids,StandardMale.xml,384,72.17277720920283,117.96419653066168,75.49167680768062,89.64918338200764,5.005315493155052,69.56774205400183,5.203555407420164,15.406965594148573,0.9869928622474062,5.403937555469682,NORMAL
IVFluids,StandardMale.xml,385,72.3727194251814,117.37195473902236,76.14024709459059,89.88414964273451,5.0029466595241985,69.37214773964209,5.202279183711948,15.406319290158569,0.9868533597089403,5.406542265477308,NORMAL
IVFluids,StandardMale.xml,386,72.6414706032482,117.71414441476165,76.17614187063766,90.02214271867899,5.025812067383557,69.18668891080118,5.200692245174254,15.510849599499142,0.9878916777945922,5.404193900488183,NORMAL
IVFluids,StandardMale.xml,387,72.55471649889445,117.94118584525582,75.65742297611438,89.75201059916152,5.043892234595272,69.2500880361546,5.202212912751934,15.45045333371187,0.9872254984621677,5.401273792612253,NORMAL
IVFluids,StandardMale.xml,388,72.57176333527136,117.31011206154912,76.27800668466666,89.95537514362748,5.052246959810427,69.53429544651756,5.20103215547973,15.410380661877973,0.9878056057630723,5.404071956034958,NORMAL
IVFluids,StandardMale.xml,389,72.84069364824015,117.29381379263289,75.65799736545763,89.53660284118271,5.025990804421087,69.6208445734438,5.201056391289406,15.521764793762674,0.9876376752125146,5.40189925776831,NORMAL
IVFluids,StandardMale.xml,390,72.75271638015073,117.48212241692916,75.63311799614648,89.58278613640738,5.013821587443569,69.09682484613147,5.203695349230105,15.524641428129888,0.9876925482165007,5.401943853810961,NORMAL
IVFluids,StandardMale.xml,391,72.61664467407073,117.32592897966131,75.10570295161617,89.17911162763122,4.980345577334781,69.02008995074608,5.2025596397045195,15.491405072595603,0.9888624475447515,5.406799770838525,NORMAL
IVFluids,StandardMale.xml,392,72.19772142875063,118.02208103383374,74.78079583700858,89.19455756928363,4.967913242870976,68.72589790344978,5.201908308565866,15.518973117514184,0.9876742252689723,5.404709964427214,NORMAL
IVFluids,StandardMale.xml,393,72.14822141328416,117.98611398765696,74.84985522846947,89.22860814819863,4.987925760612091,68.90320286896171,5.199944823379591,15.39610271120717,0.9868611982717244,5.403511457274828,NORMAL
IVFluids,StandardMale.xml,394,72.36950217885538,117.44886501049632,75.40401681125672,89.41896621100325,5.001370702100545,69.18246637742477,5.201720628387483,15.402450872576395,0.9857054473529698,5.399898470117149,NORMAL
IVFluids,StandardMale.xml,395,72.68964317362884,117.1551032040298,75.08339056133053,89.10729477556362,4.973999088255333,69.17031436632902,5.202181544062456,15.4972749842286,0.9870244307621168,5.403166109075114,NORMAL
IVFluids,StandardMale.xml,396,72.35011651282936,117.121447605345,74.81243713967606,88.91544062823237,4.988698694367999,68.59347649000033,5.2013284619542235,15.549123761089469,0.9854501430385164,5.404014234859861,NORMAL
IVFluids,StandardMale.xml,397,72.37793670611136,116.80093444305382,75.06262324417206,88.97539364379931,4.981310010337753,69.03353617980315,5.203269600160628,15.555063953408265,0.9845315050264732,5.402444488002061,NORMAL
IVFluids,StandardMale.xml,398,72.51128880029876,117.37405006408288,74.64784441819005,88.88991296682099,4.95193822491341,68.92321196579714,5.2067279706659555,15.611634328000175,0.983629843323221,5.4060163547317135,NORMAL
IVFluids,StandardMale.xml,399,72.279395793788,117.38817171146877,74.52155096178308,88.81042454501164,4.987347233151255,68.46771093185653,5.2064671820292805,15.510479775923976,0.9841567207593609,5.412380063666005,NORMAL
IVFluids,StandardMale.xml,400,72.30632659208126,117.61589522005215,74.79967896062266,89.07175104709916,4.976865567043072,69.07265598499392,5.209405272731126,15.50798731390849,0.9845762336826863,5.411900189408861,NORMAL
IVFluids,StandardMale.xml,401,72.50178960483126,117.94941242675246,74.6976542022816,89.11490694377189,4.989104032603421,68.92581591033117,5.204500788330568,15.467794255714384,0.9835119594755997,5.417306537288676,NORMAL
IVFluids,StandardMale.xml,402,72.10511990317953,117.68288862684948,74.47033728941723,88.87452106856131,5.006029450004822,68.92000114653464,5.20424917385984,15.408928675340043,0.9833856539454171,5.408281850329937,NORMAL
IVFluids,StandardMale.xml,403,71.79635873632131,117.55734414339308,74.27298183506286,88.70110260450627,5.01606692832152,69.43404115725083,5.205843757941828,15.455969960915937,0.9839505102144419,5.407818857353069,NORMAL
IVFluids,StandardMale.xml,404,72.23319227688107,117.68623518379896,74.4634822501663,88.87106656137718,4.985151787886619,69.7995216028573,5.2035223170014335,15.478128484473308,0.9838874256968267,5.41075303370965,NORMAL
IVFluids,StandardMale.xml,405,71.83381069856748,117.52575836260246,74.05552797248143,88.54560476918844,4.958051190241107,69.08248705550362,5.206392847490261,15.45537929568749,0.9853678694947501,5.406481376167445,NORMAL
IVFluids,StandardMale.xml,406,71.86828612386918,117.57444101093299,74.50564546322445,88.86191064579397,4.95688593872112,69.06990905788625,5.209280621648004,15.483703355215997,0.9853045548097764,5.411763407253984,NORMAL
IVFluids,StandardMale.xml,407,71.55829829963378,116.96765049818154,74.99450469218685,88.98555329418508,4.94599256587356,69.02874039291409,5.20628711329427,15.475110897943733,0.9853930298062977,5.417077168223068,NORMAL
IVFluids,StandardMale.xml,408,71.3729324161726,117.02920470444329,75.4036754076073,89.27885183988596,4.974455713329071,69.14147374439699,5.206281685315915,15.58220904754791,0.9842012378639432,5.411568846941069,NORMAL
IVFluids,StandardMale.xml,409,71.17796580594938,117.5284343976371,75.86168476387549,89.75060130846269,4.967205164188522,69.63341645367771,5.209005538767329,15.5713447682745,0.9828899349249143,5.411558858978733,NORMAL
IVFluids,StandardMale.xml,410,71.50215951815314,117.64873940116006,76.46566810599188,90.1933585377146,4.939764196719294,69.70113142943275,5.211586202809034,15.483231036690139,0.983812682897394,5.416570991287218,NORMAL
IVFluids,StandardMale.xml,411,71.43056983546713,118.38905134651422,76.35062947256677,90.36343676388259,4.935669071508041,69.11044646688605,5.213827107032379,15.46199727809525,0.9837248252415034,5.421319642362429,NORMAL
IVFluids,StandardMale.xml,412,71.92895616002157,118.72922091807825,75.99376468993506,90.2389167659828,4.969089157167064,69.11744699884255,5.21360079156539,15.331332678350966,0.9833786751091109,5.425443105191244,NORMAL
IVFluids,StandardMale.xml,413,72.11043739098794,118.82941408480194,75.59367529940934,90.00558822787355,4.944342870759618,69.12812450740057,5.209579528876142,15.27129295969921,0.9826291372520933,5.4250266646285485,NORMAL
IVFluids,StandardMale.xml,414,71.73790475520299,118.52309703133172,75.37872173283337,89.76018016566616,4.954853548381784,68.68807490002581,5.207050128195822,15.25360892784045,0.9834308622562012,5.417627184074549,NORMAL
IVFluids,StandardMale.xml,415,71.61688115762114,118.13591180269074,75.88134406751783,89.96619997924213,4.999702603020972,69.10684529789431,5.20827942422822,15.307673698019713,0.982341999074477,5.412972862137973,NORMAL
IVFluids,StandardMale.xml,416,72.05654641765582,118.51990921250709,76.39780896130698,90.43850904504035,5.0391410911830015,69.74470970008304,5.211287913921858,15.376011651020146,0.9814351856002343,5.41523487603504,NORMAL
IVFluids,StandardMale.xml,417,72.33915932710414,118.1083664083761,76.6047389947808,90.43928146597924,5.060209091134541,69.87077484980607,5.21300011803142,15.30823634606746,0.9822489160834053,5.420770764313243,NORMAL
IVFluids,StandardMale.xml,418,72.26924715202591,118.20402876076196,76.25614087227116,90.23877016843475,5.045331937617782,69.89977982822924,5.211480603209834,15.380873396052774,0.9828697638984114,5.42392137196866,NORMAL
IVFluids,StandardMale.xml,419,72.52454098858813,117.61038744707027,76.24477969290984,90.03331561096331,5.021555309901852,69.77660604715318,5.214926026000669,15.36398905011788,0.9826473016951179,5.421125329719567,NORMAL
IVFluids,StandardMale.xml,420,72.78966110169932,117.41437312105674,75.61898502297893,89.55078105567154,5.040616645011197,69.290672214601,5.216059847119922,15.468766374233713,0.9835282088777466,5.4274652137090555,NORMAL
IVFluids,StandardMale.xml,421,72.61327923381445,117.71298744242686,75.49362273814975,89.56674430624213,5.000276126807019,69.31109272420882,5.215120017286361,15.50336278134754,0.9827993766035154,5.429551545284971,NORMAL
IVFluids,StandardMale.xml,422,72.4458250494962,117.34330435990967,75.2753678408552,89.29801334720669,5.026506857590438,68.96681115884772,5.2122886390051235,15.450657538612234,0.9832091296561445,5.427822174906831,NORMAL
IVFluids,StandardMale.xml,423,72.41792436724876,117.39994119729138,75.17300190870466,89.24864833823356,5.037582363124433,69.41169719924167,5.206790186291577,15.515906373664105,0.9821510439685591,5.422612187360119,NORMAL
IVFluids,StandardMale.xml,424,72.56927934139968,117.41386443298403,74.81926136106497,89.01746238503799,5.061191448007246,69.5663330490049,5.205660132460622,15.505910006951794,0.9808808617102847,5.412494545943716,NORMAL
IVFluids,StandardMale.xml,425,72.83251191933907,117.06598266657011,75.1843120666717,89.1448689333045,5.023598560921916,69.72979717428971,5.206707545249864,15.50345256447725,0.9801871422121791,5.410415146512914,NORMAL
IVFluids,StandardMale.xml,426,73.02778356084761,116.8593598376212,75.4656634826647,89.2635622676502,5.000488213213046,69.07466065772986,5.204889677219478,15.564853480742439,0.981783357880417,5.412342479086021,NORMAL
IVFluids,StandardMale.xml,427,72.57389807210141,116.84826678344226,75.29506077232683,89.14612944269864,5.016378530966722,68.6480197538337,5.201840158629966,15.601322282052575,0.9825070020691669,5.408997440430243,NORMAL
IVFluids,StandardMale.xml,428,72.63282643257283,116.2851198289524,75.35006136498114,88.99508085297157,4.984814169888624,69.19011066051245,5.198954936284126,15.603280199243201,0.9832462793534192,5.403386055339064,NORMAL
IVFluids,StandardMale.xml,429,72.12554401979477,116.76045951095001,75.80696200002176,89.45812783699785,5.025888132244229,68.76675954006366,5.198261634303029,15.70267528785065,0.9822830245675709,5.398076989930557,NORMAL
IVFluids,StandardMale.xml,430,71.75944939419142,116.74240725373127,76.10656062105484,89.65184283194698,4.990636023344292,69.65669533871818,5.196534141124328,15.61877812844296,0.9836432289136493,5.396801252699838,NORMAL
IVFluids,StandardMale.xml,431,71.51275725714781,117.27302297381586,76.39782877920767,90.02289351074373,4.962534274078287,69.52187003081046,5.201740657452008,15.621964340659002,0.9826802695405772,5.393622511799089,NORMAL
IVFluids,StandardMale.xml,432,71.62548600345019,116.67030966487654,76.53110692119914,89.91084116909161,4.962729743862758,69.37775007110301,5.2038258024301465,15.528310994771534,0.9832499850623853,5.403202964333007,NORMAL
IVFluids,StandardMale.xml,433,71.41447317824195,116.70294624996042,76.69257961675036,90.02936849448704,4.996488240604768,69.29080011490703,5.199386788491991,15.634689520428626,0.9821913038685626,5.407039816314663,NORMAL
IVFluids,StandardMale.xml,434,71.72256770151303,116.98075756797044,76.47203765778717,89.97494429451493,5.034015630235295,69.8673522310408,5.197580854858892,15.628929183379134,0.9813353653783077,5.398871636354141,NORMAL
IVFluids,StandardMale.xml,435,71.59443177088748,116.51846991314831,76.48064772904213,89.82658845707752,5.03748802747512,70.07506128501196,5.198850210013902,15.579895657849775,0.9824652823421944,5.395548558049493,NORMAL
IVFluids,StandardMale.xml,436,71.82032967836592,117.17960323348345,76.61425657621618,90.13603879530527,5.016629489209585,70.21963967851948,5.199119633423265,15.6614891425465,0.9826965148746178,5.397884284290587,NORMAL
IVFluids,StandardMale.xml,437,72.05117329504776,116.98976126639761,76.00756248312129,89.66829541088006,5.0462487415084825,69.78724379360256,5.203736738761721,15.544799521068256,0.9828653545360402,5.398380047296499,NORMAL
IVFluids,StandardMale.xml,438,71.73209208047498,117.10788300450662,76.11938958969566,89.78222072796598,5.042354931979856,69.96056754840113,5.208214935105084,15.578306510655018,0.9844966789621995,5.4068759312533015,NORMAL
IVFluids,StandardMale.xml,439,72.1277950686311,116.6974855477598,76.53833774783135,89.9247203478075,5.042186985580597,70.16816043370329,5.206212229788456,15.557458097053196,0.9850857484374135,5.415116210319949,NORMAL
IVFluids,StandardMale.xml,440,72.31481050309647,117.4867692078436,76.79952185407507,90.36193763866457,4.997906117598567,69.85086786695153,5.20139085301199,15.629892993934728,0.9843654482023917,5.411431054638525,NORMAL
IVFluids,StandardMale.xml,441,71.88960652982678,116.93173181903443,77.05272355856165,90.34572631205258,4.998713707963516,69.17161415479399,5.202565353505857,15.490584916877813,0.9844193310593388,5.402559293090503,NORMAL
IVFluids,StandardMale.xml,442,71.84196306653051,117.33979153324113,76.42793865401808,90.06522294709242,5.001810127146548,69.51622213641755,5.203520709721282,15.58854867216636,0.9837981619915996,5.404720478329228,NORMAL
IVFluids,StandardMale.xml,443,71.71853581093971,117.43319465063864,76.02149152941658,89.82539256982393,5.026213965696733,69.5912993944457,5.203603111043491,15.516526385394965,0.9835664501619871,5.406478418629193,NORMAL
IVFluids,StandardMale.xml,444,71.8769920104088,117.96813309167888,76.23623302979298,90.14686638375495,4.988013514217004,69.98405096250342,5.205301781006908,15.500040793035955,0.984370945610738,5.406630044381707,NORMAL
IVFluids,StandardMale.xml,445,72.17646406816002,117.35294587374405,75.71193027515027,89.59226880801486,4.984367867467532,69.3971972435357,5.2044115924259655,15.405624489577667,0.9847477392359438,5.409755748005988,NORMAL
IVFluids,StandardMale.xml,446,71.99190861051467,117.76734765045511,76.03456917637273,89.94549533440019,4.95600429033427,69.11754146105642,5.206137867042312,15.514204652445093,0.9853724077266717,5.408117721942261,NORMAL
IVFluids,StandardMale.xml,447,71.72444143534155,118.42890770460419,76.05811362634793,90.18171165243335,4.984500059730452,68.92107876345722,5.207854765470951,15.44106299557048,0.9843435205114661,5.411294220580032,NORMAL
IVFluids,StandardMale.xml,448,71.475936214825,118.77208329271964,75.7738024789411,90.10656275020062,5.017476625112134,69.47552357074451,5.209941036004667,15.32429805583843,0.9829840784667742,5.414453466199543,NORMAL
IVFluids,StandardMale.xml,449,71.81661913982867,118.3621339473923,75.277027775241,89.63872983262476,5.032135959927968,70.0724428128762,5.209912711398865,15.263727777127519,0.9818764727468837,5.418292389303447,NORMAL
IVFluids,StandardMale.xml,450,71.81401867239538,118.12375554062488,75.36151125790914,89.61559268548106,5.033208843707889,69.97728209827288,5.207797012534926,15.336083582621114,0.9813915644399451,5.418240269512717,NORMAL
IVFluids,StandardMale.xml,451,71.53005529960932,118.21269110854803,75.70386971076073,89.8734768433565,5.007060366538886,69.99230061918071,5.20726184668266,15.378157223744171,0.9803121927392101,5.414347195667107,NORMAL
IVFluids,StandardMale.xml,452,71.90558461746622,117.83007127500031,75.70478344447814,89.7465460546522,4.996758833666088,69.90300316504268,5.203182068162687,15.362460151099816,0.981980489344323,5.413362442960551,NORMAL
IVFluids,StandardMale.xml,453,72.20868738095434,117.92404913042184,76.23620950758561,90.13215604853102,5.016443570784244,69.48001616372363,5.202121337083677,15.429992314694477,0.9816873221297469,5.405855288080099,NORMAL
IVFluids,StandardMale.xml,454,72.10386405536767,118.24137668284814,75.93396370841712,90.03643469989413,4.980485533703191,69.47755164767324,5.200679806002762,15.413405281430265,0.9819583120556862,5.403903448670768,NORMAL
IVFluids,StandardMale.xml,455,72.40658950367552,117.76409626535086,76.30692880057045,90.12598462216391,5.021596449557196,69.1278463440083,5.205166245790477,15.357397165006073,0.980908291309107,5.401250903431746,NORMAL
IVFluids,StandardMale.xml,456,72.30496267287137,117.48704530373325,76.68467952093103,90.28546811519844,5.0049055585722915,69.3836741494954,5.205284089537371,15.441636863027203,0.9797593537933259,5.409506351168261,NORMAL
IVFluids,StandardMale.xml,457,72.01021924158302,117.63664850653224,76.36891872520643,90.12482865231503,5.014069922223618,69.26331521057317,5.204500863971065,15.490536186124324,0.9804534455334556,5.409723194130519,NORMAL
IVFluids,StandardMale.xml,458,72.00305534804106,118.06100200059595,75.96007654094751,89.99371836083033,5.044232368404972,69.60575731478411,5.206745816960802,15.464131313506957,0.9800523485803776,5.408281989515169,NORMAL
IVFluids,StandardMale.xml,459,71.60760381360402,117.92788462996981,75.64436496127742,89.73887151750822,5.026057958443031,69.97456973221809,5.209602191285859,15.389233184684521,0.9815795367885982,5.412412902433795,NORMAL
IVFluids,StandardMale.xml,460,72.03952538452185,117.23840526606942,75.87491780008797,89.66274695541512,5.050509547309185,70.07084034309023,5.211106592851167,15.412728318136079,0.9806648689849594,5.417668884921515,NORMAL
IVFluids,StandardMale.xml,461,72.05621223908328,116.96132963861074,75.88004999822904,89.57380987835627,5.008577216340974,70.02110669324976,5.215188151419354,15.534420998743695,0.981646444347026,5.420437117436556,NORMAL
IVFluids,StandardMale.xml,462,71.72044399952333,117.6731607874285,76.37088946128986,90.1383132366694,5.009016136766729,69.50328709905651,5.2159822429789084,15.58332467534649,0.9815320557745549,5.427947547763843,NORMAL
IVFluids,StandardMale.xml,463,72.15076273733686,117.13042879178556,75.84200120719443,89.60481040205813,4.978496997724279,69.77480588422618,5.217904002304936,15.457686918547505,0.9805338287381228,5.429408746771987,NORMAL
IVFluids,StandardMale.xml,464,72.17769067210727,117.141582131983,76.41762848441627,89.99227970027185,4.960301261328251,69.06714281476191,5.214082386709403,15.553478779565197,0.9803359508219611,5.432944954640334,NORMAL
IVFluids,StandardMale.xml,465,72.38613427538891,117.52346473920188,76.6509792864673,90.2751411040455,4.951030658338791,68.82740241677217,5.210675979954961,15.551510221929654,0.9794329299115963,5.425912842473272,NORMAL
IVFluids,StandardMale.xml,466,72.07831010710177,117.97137088382972,76.67613684691908,90.44121485922263,4.9299824040543365,68.5538464792491,5.206466125535254,15.484108178325336,0.9797762135966241,5.419644751456513,NORMAL
IVFluids,StandardMale.xml,467,71.98932493448841,118.02502926238202,77.15425033982969,90.7778433140138,4.915914191529895,68.54040045891857,5.204032199865128,15.405053021268802,0.9794889082771016,5.411898245366006,NORMAL
IVFluids,StandardMale.xml,468,71.68719084065886,117.54274977441783,77.24188816124753,90.67550869897096,4.9532188059898115,68.44036166692345,5.205678582796951,15.395582350694777,0.9785505402661634,5.40741960592916,NORMAL
IVFluids,StandardMale.xml,469,72.01263332219332,117.35538921465633,76.60541794020705,90.18874169835681,4.939303919945542,69.1270876636925,5.203781975940387,15.480704381556475,0.9791065896206431,5.410449096770689,NORMAL
IVFluids,StandardMale.xml,470,72.15208999098448,117.0953664883713,77.12309140149135,90.447183097118,4.909870477068023,68.70379564386896,5.2025235081046874,15.513773404287683,0.9794344042055574,5.406959171680432,NORMAL
IVFluids,StandardMale.xml,471,72.32298351062131,116.85145740752361,76.945576581787,90.24753685703253,4.94618044873075,68.24126742305539,5.19871966992972,15.559667254397311,0.9784152754447468,5.404643479073979,NORMAL
IVFluids,StandardMale.xml,472,72.52873439839847,117.66200885213019,76.39132668963632,90.14822074380093,4.979238893645284,68.5447124212513,5.1975444369081165,15.602717056069377,0.9793326535968783,5.397644078939914,NORMAL
IVFluids,StandardMale.xml,473,72.5486391247458,117.81697718088357,76.05592937431857,89.97627864317357,5.0070224230558225,68.7809443918365,5.192958774719928,15.459655228219225,0.978479205704179,5.395481545785085,NORMAL
IVFluids,StandardMale.xml,474,72.7711845893178,117.75928678239784,75.60390735839603,89.65570049972996,5.038493820980201,69.09791180042795,5.196815321781097,15.43230341419451,0.97849522930294,5.387043520017846,NORMAL
IVFluids,StandardMale.xml,475,72.26554959484663,117.73296422185764,75.2520365211228,89.41234575470108,5.039280178669213,69.30019192379066,5.200286808607629,15.442485733789017,0.9787003181163912,5.394139909184613,NORMAL
IVFluids,StandardMale.xml,476,71.84099945416857,118.02083983636246,74.94729320084143,89.30514207934844,5.0112284072641815,69.70688738994926,5.197135387794629,15.44713164941798,0.9785435765318864,5.400527753315034,NORMAL
IVFluids,StandardMale.xml,477,72.17656040248653,117.36690031226435,75.21400136902788,89.26496768344003,4.989396440446334,69.7056645344595,5.195315481170366,15.39632178179195,0.9787957802685688,5.394728859080738,NORMAL
IVFluids,StandardMale.xml,478,72.18510636345474,116.82666218305198,75.04208982765813,88.97028061278941,4.961786889934808,69.177888459197,5.192684612682235,15.511741702690799,0.9804457998376386,5.391380069231138,NORMAL
IVFluids,StandardMale.xml,479,72.17220351895305,117.14758915521266,75.51724893927938,89.39402901125715,4.990461598947913,68.83946003899237,5.198163554915055,15.607093397828399,0.9816556808780518,5.386539037514879,NORMAL
IVFluids,StandardMale.xml,480,72.02827800462516,117.31007499819331,75.55558906672324,89.47375104387993,5.024745532256861,69.19410847286156,5.19833432151226,15.55044998605087,0.9815882216948213,5.396620777913647,NORMAL
IVFluids,StandardMale.xml,481,71.76700477098059,117.13757191715106,75.27063295359625,89.22627927478119,5.053112537560174,69.71996102044571,5.201252884624071,15.521771335422013,0.9805367861172012,5.396935003621573,NORMAL
IVFluids,StandardMale.xml,482,72.20246469942583,117.28011509693545,75.67654644284174,89.54440266087298,5.086010544755474,70.270094910626,5.205892508117886,15.552218022363231,0.9796940480077497,5.402305419001102,NORMAL
IVFluids,StandardMale.xml,483,72.2912556129336,117.03784160432008,76.09409543160834,89.74201082251226,5.10794139899963,70.31811698219654,5.2009804557405435,15.527059239434376,0.9816074646507582,5.410842738364037,NORMAL
IVFluids,StandardMale.xml,484,72.01398919615046,117.6360053226679,76.43990775179702,90.17194027542065,5.081956384026109,70.51052885659428,5.2042942853509375,15.569820360796658,0.9829143795075964,5.401804125655756,NORMAL
IVFluids,StandardMale.xml,485,71.75233367916321,117.80830313755112,76.7556694988151,90.4398807117271,5.086856303143639,70.41999487132954,5.20809073329324,15.464244835060573,0.981665756224109,5.407901866503909,NORMAL
IVFluids,StandardMale.xml,486,71.95767660931038,118.4574103417517,76.7432037762218,90.6479392980651,5.080342520918344,70.68927246060498,5.2043261706257535,15.433834377469264,0.9833963662681928,5.414887667953401,NORMAL
IVFluids,StandardMale.xml,487,72.27064962638609,118.3927806232596,76.42673871708638,90.41541935247746,5.068882069404528,70.44566946110785,5.199882842889467,15.319267358038793,0.9827224558161894,5.407960538241916,NORMAL
IVFluids,StandardMale.xml,488,71.9966363257846,118.38365560322976,75.77741579170225,89.97949572887809,5.093144038529496,70.05816960875256,5.196906854088342,15.330674463315631,0.9817960268314712,5.39978442050964,NORMAL
IVFluids,StandardMale.xml,489,72.17079616262917,118.92486798373957,76.21671102933817,90.45276334747197,5.066631613399086,70.5685951447258,5.192373297342781,15.332285023698102,0.9823120299069464,5.394308336760691,NORMAL
IVFluids,StandardMale.xml,490,72.4736153888371,119.20030622929768,76.60702387724182,90.80478466126044,5.08661503040769,70.110520740758,5.197588682320945,15.236761373810033,0.9821477204694455,5.385966189636376,NORMAL
IVFluids,StandardMale.xml,491,72.74130205474636,118.9131003168036,76.05693529567762,90.34232363605294,5.0592258679446545,70.10970378675037,5.194145997326064,15.18814669409836,0.9813482878070023,5.395562961274978,NORMAL
IVFluids,StandardMale.xml,492,72.96588161516179,119.214387736328,76.60303974252572,90.80682240712649,5.063276017266329,69.57107013572714,5.191356084246176,15.238838359734363,0.9830464912819983,5.389228115073241,NORMAL
IVFluids,StandardMale.xml,493,72.94564530079963,119.67207670842578,76.87657085602906,91.14173947349464,5.032711558070843,69.44356691397233,5.192936715147999,15.185661316830764,0.9822287401050435,5.384094427180337,NORMAL
IVFluids,StandardMale.xml,494,72.6196874727067,119.73950033150814,76.32638910300982,90.79742617917593,5.0466634032328885,69.09529655627195,5.197989345265193,15.10487949678608,0.9837964122917087,5.387002928445961,NORMAL
IVFluids,StandardMale.xml,495,72.42063833302423,120.22710003736749,76.84625810078859,91.30653874631489,5.003042092423889,69.51641417157205,5.199173995016003,15.092979269079839,0.9851557605007243,5.396300216682986,NORMAL
IVFluids,StandardMale.xml,496,72.71841488766314,119.57466223533467,76.82548044807743,91.07520771049651,5.037572146175608,69.15031220192441,5.1956464724095035,15.006918223055429,0.9858793365630173,5.3984800774560355,NORMAL
IVFluids,StandardMale.xml,497,72.3785851021184,120.06496606221629,76.32994883867438,90.90828791318835,5.0633960834374285,69.33043208170838,5.19188182138213,15.122073090940042,0.986435926132819,5.391989122512857,NORMAL
IVFluids,StandardMale.xml,498,72.4212414160854,120.36364107515313,76.22713474905888,90.93930352442362,5.036173658907655,69.90678344989927,5.190026323737018,15.035534769230363,0.9850245001585132,5.385061830211331,NORMAL
IVFluids,StandardMale.xml,499,72.1502096550534,119.53715436934485,75.60198310150741,90.24704019078656,5.022233113296421,69.54684168152673,5.19314961980591,14.982818814471127,0.9864298467093147,5.381647549721844,NORMAL
IVFluids,StandardMale.xml,500,72.43062286207123,119.34684876060459,75.50320640963308,90.11775385995692,5.022955311973586,69.59326010369134,5.189711631560711,15.128693206051757,0.9862539902298725,5.38739469192868,NORMAL
IVFluids,StandardMale.xml,501,72.64380475653104,119.3999472478423,75.78617368033785,90.32409820283934,4.992911973571652,69.38108565347237,5.186271337977398,15.162282028103311,0.9871910141590675,5.381068488163567,NORMAL
IVFluids,StandardMale.xml,502,72.36302964364275,118.98165278114199,76.35329349292803,90.56274658899935,4.959791578677752,68.85502601052869,5.184070073217283,15.152910177999466,0.9866422039916638,5.374738042371542,NORMAL
IVFluids,StandardMale.xml,503,72.48281160174632,118.93217030082847,76.78952942095624,90.83707638091366,4.932592583002354,68.6768310800928,5.186284065278628,15.226738892245727,0.986851834787549,5.370687519676215,NORMAL
IVFluids,StandardMale.xml,504,72.38148213548334,118.16602788883552,77.22768797821564,90.8738012817556,4.914765775506449,68.25811202909851,5.191278263572222,15.235472519367505,0.9856750815850931,5.374761461736364,NORMAL
IVFluids,StandardMale.xml,505,71.99333740484875,117.7342897650451,76.7114119472217,90.38570455316284,4.941888070788784,68.1227151127555,5.194195996159511,15.370696180472,0.9863110270587949,5.383951230227508,NORMAL
IVFluids,StandardMale.xml,506,71.80675694393435,117.45964384349065,76.31287678182152,90.0284658023779,4.9135948882980305,68.74998715560622,5.195377756762648,15.446897691866544,0.9872257666374091,5.3893201173681415,NORMAL
IVFluids,StandardMale.xml,507,71.56465791479366,117.32829785530616,76.18923993978298,89.90225924495738,4.9086612741574145,68.55477285169478,5.197367533186514,15.495372526882402,0.9873484507470578,5.391494661852832,NORMAL
IVFluids,StandardMale.xml,508,71.40331188734123,116.74325490767262,75.77200229073443,89.42908649638049,4.904165394459411,68.68474500358404,5.193397374558685,15.518555012430348,0.9881919862159033,5.395156027223111,NORMAL
IVFluids,StandardMale.xml,509,71.35815581226439,116.74738063659407,75.78570890232155,89.43959948041238,4.929806302805267,68.75712226048299,5.1898366601163355,15.62181473026346,0.9880691471771748,5.387850582681658,NORMAL
IVFluids,StandardMale.xml,510,71.22240740125012,117.43425706152614,75.65417076796565,89.58086619915248,4.934812656863686,69.10367288524445,5.188282235572884,15.621086541664644,0.9877189255864989,5.38129855181211,NORMAL
IVFluids,StandardMale.xml,511,71.14435485026378,117.17672039971984,75.16877401749859,89.17142281157234,4.9636693442609205,69.27210913017416,5.190893820878236,15.499853278172457,0.9862586542351709,5.37843827257378,NORMAL
IVFluids,StandardMale.xml,512,71.17449011142578,117.33148691120012,75.83129228970297,89.66469049686869,4.975683872840649,69.68504342612069,5.1921579298219855,15.545308339441664,0.9871804092983093,5.3832438215208125,NORMAL
IVFluids,StandardMale.xml,513,71.5788538391466,117.29612417470507,75.89373326259546,89.69453023329866,5.008272407854489,69.80696308508789,5.192533191014806,15.517992146040632,0.9881510350047682,5.385569894267173,NORMAL
IVFluids,StandardMale.xml,514,71.63620451143376,116.78936883405676,76.3895525749997,89.85615799468539,5.024315623477205,69.87869043478219,5.1931512188012245,15.52423364712539,0.9891004573408533,5.3862604081961365,NORMAL
IVFluids,StandardMale.xml,515,71.94250971505635,117.18017058568915,76.48810667805024,90.05212798059655,4.99070122659147,70.02689201688312,5.19627070466744,15.613675650823458,0.9877912397922974,5.387397634222097,NORMAL
IVFluids,StandardMale.xml,516,72.34042532791271,117.9375339108958,76.80090549709344,90.5131149683609,4.962033978728443,69.37784234665054,5.195802631651931,15.544699383755411,0.9890329043898052,5.393137765317551,NORMAL
IVFluids,StandardMale.xml,517,72.2270312815148,118.64105078733925,76.85946807512681,90.78666231253096,4.993816744712322,68.72130999308347,5.193717098295095,15.411025226030208,0.9899428646157692,5.392276469390435,NORMAL
IVFluids,StandardMale.xml,518,72.51721664160574,117.95954206849436,76.62419689778746,90.4026452880231,4.986428272191161,69.19137158359152,5.192480719432435,15.28685493315474,0.9888762574417291,5.388438902757475,NORMAL
IVFluids,StandardMale.xml,519,72.38998691538443,118.48714875548315,76.89471259549367,90.75885798215683,4.998079603388198,68.87595384814162,5.193307548016279,15.407140799847742,0.988325110511604,5.386163855823563,NORMAL
IVFluids,StandardMale.xml,520,72.25084819993843,117.93738690562263,76.89510205416425,90.57586367131705,5.019005441647088,69.11482337206601,5.198239146782074,15.314018546437637,0.9893340338545044,5.387685293864406,NORMAL
IVFluids,StandardMale.xml,521,72.2555241432257,117.38613075810636,76.53323621515571,90.1508677294726,5.019326075830525,69.4750944644328,5.196818628617639,15.411051172369852,0.9887201737525488,5.396759873663729,NORMAL
IVFluids,StandardMale.xml,522,72.11564025251442,117.43808100463777,76.60133389056377,90.21358292858844,4.979750601666196,69.47526032284004,5.194827138449146,15.508347540912617,0.9873542830943632,5.394145994057595,NORMAL
IVFluids,StandardMale.xml,523,72.18160244229576,117.7752339815233,75.97721433481982,89.90988755038765,5.013612181214328,69.10976463664832,5.193555678379829,15.499178354582124,0.986378782893174,5.390481475244972,NORMAL
IVFluids,StandardMale.xml,524,72.34528336021292,118.39081366095668,76.45632935563448,90.43449079074188,4.973418730149557,69.46488633795386,5.197244797140339,15.439671063022391,0.9856777063601955,5.388141875774572,NORMAL
IVFluids,StandardMale.xml,525,72.10697142808013,118.33315874398507,76.63812865651583,90.53647201900557,4.944814675841174,68.8540645338014,5.20115409124879,15.331021630943596,0.9845266765143619,5.394930181995596,NORMAL
IVFluids,StandardMale.xml,526,72.46695633755252,118.21436641829979,76.95413456096139,90.70754518007419,4.933714660576865,68.6964523886824,5.200229542484475,15.341197688072842,0.9850011858050087,5.4021236304148434,NORMAL
IVFluids,StandardMale.xml,527,72.132660066613,117.78512440311597,77.23078411580352,90.74889754490766,4.961814288090245,68.28379200390104,5.202806122233024,15.362164459966456,0.9861026579049258,5.400422378561524,NORMAL
IVFluids,StandardMale.xml,528,72.3654267901602,117.83175053496221,76.67693010111373,90.39520357906322,4.95178749772232,68.88078208887187,5.202649709839627,15.437925409738233,0.984921443709725,5.405163514174523,NORMAL
IVFluids,StandardMale.xml,529,72.58022242389248,118.38258599614643,76.03212650868336,90.14894633783771,4.933626723030348,68.57899668360511,5.205767150069103,15.429695926351474,0.9859386547567245,5.404875701476675,NORMAL
IVFluids,StandardMale.xml,530,72.27463815112564,118.27665909055078,76.52998882761325,90.44554558192576,4.9588331886786134,68.19536861020862,5.20304580919415,15.332473808685705,0.9868341229412569,5.410612068418814,NORMAL
IVFluids,StandardMale.xml,531,72.22895580024478,118.43372452318911,76.01636092944197,90.15548212735769,4.9267584564528635,68.73414175303319,5.201526947352458,15.351169841903413,0.9869696053482034,5.4056045594742095,NORMAL
IVFluids,StandardMale.xml,532,71.92952011008705,118.90143362897521,76.11869476766286,90.37960772143364,4.924489316686969,68.38457805087646,5.19803999552824,15.323447890342127,0.9879956001605752,5.4028097187661235,NORMAL
IVFluids,StandardMale.xml,533,72.14146485424267,119.05990313811856,75.84683101653718,90.25118839039764,4.925466711100178,68.59026936115391,5.194825782889095,15.240897522908757,0.9879728593792608,5.396393417666218,NORMAL
IVFluids,StandardMale.xml,534,72.48775571400998,119.43531689884294,76.04168471663581,90.50622877737152,4.949604358744327,68.43697579441192,5.192930326239722,15.212927752714137,0.9874636842568539,5.3904789808940645,NORMAL
IVFluids,StandardMale.xml,535,72.0153824890491,119.65908784742113,76.35787390741045,90.791611887414,4.917024971237322,68.45798720082483,5.197610740524128,15.146667456508755,0.9877088136024538,5.386991172287209,NORMAL
IVFluids,StandardMale.xml,536,72.09350767723902,118.77598910442572,76.01869114443835,90.27112379776747,4.952477626870138,68.43345725524763,5.195856372147969,15.107172022707022,0.9888933021553146,5.395603550328248,NORMAL
IVFluids,StandardMale.xml,537,72.1907498600366,118.57813750201856,75.86826541979781,90.10488944720473,4.946700640931807,68.79912234089468,5.193707665431216,15.263038403780982,0.988482104948953,5.392375356676874,NORMAL
IVFluids,StandardMale.xml,538,72.29792970166713,118.9642397048583,75.76032768897483,90.16163169426932,4.921980931790422,68.65380705394571,5.194325909899694,15.297959089040125,0.9886907575670162,5.388421545450022,NORMAL
IVFluids,StandardMale.xml,539,72.51855136907885,118.67486022131203,75.96530047196251,90.20182038841234,4.941091002381056,68.27379669659268,5.192764344357643,15.229812289422693,0.9872199744770417,5.389559170190221,NORMAL
IVFluids,StandardMale.xml,540,72.07562359603324,119.27926740713589,76.13809146872336,90.5184834481942,4.9778524198878475,68.33225503998393,5.190954344519334,15.280887589002916,0.9876757564449372,5.386685750880137,NORMAL
IVFluids,StandardMale.xml,541,72.3758144018755,118.84725708106143,75.70178044904671,90.08360599305162,5.0020387033321185,69.11835089488474,5.195674465645807,15.17421009512503,0.9883781042399734,5.383355190396703,NORMAL
IVFluids,StandardMale.xml,542,72.54958180382732,118.88774837133337,75.9294585584109,90.24888849605172,5.016227766893751,69.17337908253373,5.198233148253063,15.250459650054086,0.9885742076494105,5.392040632554274,NORMAL
IVFluids,StandardMale.xml,543,72.84793480378814,118.44663196977301,75.84002621959138,90.04222813631858,5.005129486162927,69.20731944388221,5.193727607967017,15.243312962404755,0.9889126366626931,5.396748835837506,NORMAL
IVFluids,StandardMale.xml,544,72.75186424769596,117.96003255449583,76.13068348619173,90.0737998422931,4.982235693709818,68.842418683118,5.194575471759131,15.321169734016014,0.989454490673873,5.388458241487378,NORMAL
IVFluids,StandardMale.xml,545,72.94079558613257,118.20534471948572,76.12410559851133,90.15118530550279,5.0122340550122155,68.64368364380617,5.198415580035953,15.407054229372328,0.9902278136175415,5.390018386179978,NORMAL
IVFluids,StandardMale.xml,546,72.51516696496996,117.61786036824604,75.66305577391492,89.64799063869197,4.991297579959235,68.85512777380357,5.201625701953076,15.36375678421835,0.9905985753745,5.397084526523303,NORMAL
IVFluids,StandardMale.xml,547,72.16823772280084,117.91436027562821,75.5054067199823,89.64172457186427,4.959600050153873,68.93583470360764,5.200048551962977,15.467447408275538,0.9908835677912184,5.402991436003559,NORMAL
IVFluids,StandardMale.xml,548,71.98340961455062,118.32774982003434,75.36110352671017,89.68331895781823,4.945822915159833,68.82636024005716,5.19798518117886,15.41511535829926,0.9914667853490378,5.400089339924714,NORMAL
IVFluids,StandardMale.xml,549,71.96284619536372,118.80218891857251,75.53646538494058,89.95837322948456,4.9885791611991745,68.80513425919004,5.193858434571162,15.342152359799407,0.9921180079254001,5.3962925543942415,NORMAL
IVFluids,StandardMale.xml,550,71.96996293714459,119.22242609250544,75.44893520173602,90.0400988319925,4.973967987552352,69.33623143704769,5.189890106736542,15.258414152814415,0.9926116027462616,5.388698974060233,NORMAL
IVFluids,StandardMale.xml,551,71.68529994024664,118.65920246738786,75.40471723851115,89.82287898147005,4.982985710760988,69.15464018201541,5.194764658515519,15.184242551945069,0.9918757268922599,5.381396898340915,NORMAL
IVFluids,StandardMale.xml,552,71.59545214920341,118.88367997419995,75.80939421974468,90.16748947122977,4.984257156338591,69.48825915934128,5.196493581031153,15.283651172870819,0.9903564469234307,5.3903665066170525,NORMAL
IVFluids,StandardMale.xml,553,71.77638340878336,118.08644374210108,75.56002442395175,89.73549753000152,5.007248339247902,69.57496112265065,5.193459996378191,15.244031031978501,0.9907216202825981,5.393547877624725,NORMAL
IVFluids,StandardMale.xml,554,71.80857989237647,118.44528316859973,75.11737252943539,89.56000940915683,5.015441804201903,69.70897038183699,5.1953177816031255,15.384742733069594,0.9899743252248281,5.387965812392199,NORMAL
IVFluids,StandardMale.xml,555,72.21554074323514,118.22960400513716,74.66635437326057,89.18743758388611,4.989339298893149,69.78225751222413,5.1944231651701545,15.321407796587536,0.9881188314958268,5.391384302231762,NORMAL
IVFluids,StandardMale.xml,556,72.03424034210634,118.66914495654775,74.45175391718544,89.19088426363955,5.004898325148797,69.14661364322598,5.196135933550207,15.359475035329087,0.9871159328665331,5.3897381285269805,NORMAL
IVFluids,StandardMale.xml,557,72.1828534188147,118.37260803522214,74.18839458799138,88.91646573706831,4.994930287921898,69.47636910572044,5.197331594126792,15.281896329693302,0.9859478127773893,5.392889774490223,NORMAL
IVFluids,StandardMale.xml,558,72.40878278102858,118.04630859185347,74.15025718536829,88.78227432086335,5.013831731557142,69.2394375070256,5.198508647266546,15.334234912607663,0.9853855353055752,5.395089896160782,NORMAL
IVFluids,StandardMale.xml,559,72.64506226922647,118.73452856263285,74.17888710261848,89.03076758928994,5.044101124493725,69.28889727816286,5.19722039811101,15.391826562225251,0.9844199877062094,5.397255778494687,NORMAL
IVFluids,StandardMale.xml,560,72.88659980043153,119.2337067537614,74.2769434822053,89.26253123939067,5.016503752964608,69.46587660805451,5.199714331088504,15.27035616372332,0.9833599802579331,5.394885285614283,NORMAL
IVFluids,StandardMale.xml,561,72.91314781773531,119.21431235761106,74.08218965033615,89.12623055276111,5.003634054819943,68.94803182868556,5.201242575714757,15.182251522221573,0.9821031992795073,5.399474343827091,NORMAL
IVFluids,StandardMale.xml,562,73.04885751056553,118.72973173785736,74.34921842770959,89.14272286442551,4.967037238736428,68.7740730277294,5.206090027182688,15.185674621127609,0.9828207244243302,5.402286449692234,NORMAL
IVFluids,StandardMale.xml,563,72.98158599421743,117.9716244714966,74.7708900736629,89.1711348729408,4.964767355960231,68.23376115856063,5.204405633123648,15.271202800324641,0.9831368168328537,5.411206190988745,NORMAL
IVFluids,StandardMale.xml,564,72.78317171091861,117.48933662136075,75.14954473213662,89.26280869521133,4.979882506745194,68.25835356875508,5.202064542695886,15.405008263202692,0.9837707824619079,5.408106756296636,NORMAL
IVFluids,StandardMale.xml,565,72.77119313738088,117.22730915943954,75.37623706463262,89.32659442956826,4.9535336715374205,68.59137962617638,5.205205998180822,15.490131769982504,0.9826838079804142,5.4037989419522265,NORMAL
IVFluids,StandardMale.xml,566,72.80641251774935,116.78293112236204,74.9863462048123,88.91854117732889,4.928220463437769,68.28615995715555,5.201776216165898,15.536379454690017,0.9819682486276102,5.409579499097671,NORMAL
IVFluids,StandardMale.xml,567,72.47062986043942,116.958345035882,74.74746149343237,88.81775600758225,4.954050846119592,67.95705965701481,5.199587709772615,15.61481190294952,0.9808288712061737,5.4032683955252185,NORMAL
IVFluids,StandardMale.xml,568,72.38240291075303,116.67151429858427,75.4143878611684,89.16676334030701,4.94661598328459,68.52449851594093,5.194648054669662,15.583851455879199,0.9816772756479362,5.399241349358176,NORMAL
IVFluids,StandardMale.xml,569,72.63858905851588,117.29694051474124,75.68602541796714,89.55633045022518,4.925654135122858,68.50382021631461,5.1909767993271805,15.63447690332546,0.9819780620594248,5.390151945182842,NORMAL
IVFluids,StandardMale.xml,570,72.70168339430485,116.82135885195657,75.4299889271665,89.22711223542986,4.914044035719533,68.05513577736635,5.196584913926469,15.524089563614714,0.9816077494125487,5.383396509237786,NORMAL
